[+    0.46] ==== host: device up
[+    2.79] ==== host: login
[+    2.92] ==== host: system
[+    3.22] [8D[J[00:00:38.287,000] [1;31m<err> eth_w5500: W5500 receive state inconsistent (header 65535, 65535 buffered): socket reopened[0m
[+    3.57] ==== host: burst sent over telnet
[+    4.17] [1;32muart:~$ [m[8D[J[1;32muart:~$ [m[8D[J[00:00:40.514,000] [0m<inf> coprocessor_service: burst 1099 of 1500 bbbbbbbbbbbbbbbbbbbbbbbbbbbbbbbbbbbbbbbbbbbbbbbbbbbbbbbbbbbbbbbbbbbbbbbbbbbbbbbbbbbbbbbbbbbbbbbbbbbbbbbbbbbbbbbbbbbbbbbb[0m
[+    4.27] [1;32muart:~$ [m[8D[J[1;32muart:~$ [m[8D[J[1;31m[1;31m--- 1098 messages dropped ---
[+    4.27] [0m[m[00:00:40.515,000] [0m<inf> coprocessor_service: burst 1100 of 1500 bbbbbbbbbbbbbbbbbbbbbbbbbbbbbbbbbbbbbbbbbbbbbbbbbbbbbbbbbbbbbbbbbbbbbbbbbbbbbbbbbbbbbbbbbbbbbbbbbbbbbbbbbbbbbbbbbbbbbbbb[0m
[+    4.38] [1;32muart:~$ [m[8D[J[1;32muart:~$ [m[8D[J[00:00:40.515,000] [0m<inf> coprocessor_service: burst 1101 of 1500 bbbbbbbbbbbbbbbbbbbbbbbbbbbbbbbbbbbbbbbbbbbbbbbbbbbbbbbbbbbbbbbbbbbbbbbbbbbbbbbbbbbbbbbbbbbbbbbbbbbbbbbbbbbbbbbbbbbbbbbb[0m
[+    4.38] [1;32muart:~$ [m[8D[J[1;32muart:~$ [m[8D[J[00:00:40.515,000] [0m<inf> coprocessor_service: burst 1102 of 1500 bbbbbbbbbbbbbbbbbbbbbbbbbbbbbbbbbbbbbbbbbbbbbbbbbbbbbbbbbbbbbbbbbbbbbbbbbbbbbbbbbbbbbbbbbbbbbbbbbbbbbbbbbbbbbbbbbbbbbbbb[0m
[+    4.38] [1;32muart:~$ [m[8D[J[1;32muart:~$ [m[8D[J[00:00:40.516,000] [0m<inf> coprocessor_service: burst 1103 of 1500 bbbbbbbbbbbbbbbbbbbbbbbbbbbbbbbbbbbbbbbbbbbbbbbbbbbbbbbbbbbbbbbbbbbbbbbbbbbbbbbbbbbbbbbbbbbbbbbbbbbbbbbbbbbbbbbbbbbbbbbb[0m
[+    4.49] [1;32muart:~$ [m[8D[J[1;32muart:~$ [m[8D[J[00:00:40.516,000] [0m<inf> coprocessor_service: burst 1104 of 1500 bbbbbbbbbbbbbbbbbbbbbbbbbbbbbbbbbbbbbbbbbbbbbbbbbbbbbbbbbbbbbbbbbbbbbbbbbbbbbbbbbbbbbbbbbbbbbbbbbbbbbbbbbbbbbbbbbbbbbbbb[0m
[+    4.59] [1;32muart:~$ [m[8D[J[1;32muart:~$ [m[8D[J[00:00:40.516,000] [0m<inf> coprocessor_service: burst 1105 of 1500 bbbbbbbbbbbbbbbbbbbbbbbbbbbbbbbbbbbbbbbbbbbbbbbbbbbbbbbbbbbbbbbbbbbbbbbbbbbbbbbbbbbbbbbbbbbbbbbbbbbbbbbbbbbbbbbbbbbbbbbb[0m
[+    4.69] [1;32muart:~$ [m[8D[J[1;32muart:~$ [m[8D[J[00:00:40.516,000] [0m<inf> coprocessor_service: burst 1106 of 1500 bbbbbbbbbbbbbbbbbbbbbbbbbbbbbbbbbbbbbbbbbbbbbbbbbbbbbbbbbbbbbbbbbbbbbbbbbbbbbbbbbbbbbbbbbbbbbbbbbbbbbbbbbbbbbbbbbbbbbbbb[0m
[+    4.69] [1;32muart:~$ [m[8D[J[1;32muart:~$ [m[8D[J[00:00:40.517,000] [0m<inf> coprocessor_service: burst 1107 of 1500 bbbbbbbbbbbbbbbbbbbbbbbbbbbbbbbbbbbbbbbbbbbbbbbbbbbbbbbbbbbbbbbbbbbbbbbbbbbbbbbbbbbbbbbbbbbbbbbbbbbbbbbbbbbbbbbbbbbbbbbb[0m
[+    4.69] [1;32muart:~$ [m[8D[J[1;32muart:~$ [m[8D[J[00:00:40.517,000] [0m<inf> coprocessor_service: burst 1108 of 1500 bbbbbbbbbbbbbbbbbbbbbbbbbbbbbbbbbbbbbbbbbbbbbbbbbbbbbbbbbbbbbbbbbbbbbbbbbbbbbbbbbbbbbbbbbbbbbbbbbbbbbbbbbbbbbbbbbbbbbbbb[0m
[+    5.02] [1;32muart:~$ [m[8D[J[1;32muart:~$ [m[8D[J[00:00:40.517,000] [0m<inf> coprocessor_service: burst 1109 of 1500 bbbbbbbbbbbbbbbbbbbbbbbbbbbbbbbbbbbbbbbbbbbbbbbbbbbbbbbbbbbbbbbbbbbbbbbbbbbbbbbbbbbbbbbbbbbbbbbbbbbbbbbbbbbbbbbbbbbbbbbb[0m
[+    5.12] [1;32muart:~$ [m[8D[J[1;32muart:~$ [m[8D[J[00:00:40.517,000] [0m<inf> coprocessor_service: burst 1110 of 1500 bbbbbbbbbbbbbbbbbbbbbbbbbbbbbbbbbbbbbbbbbbbbbbbbbbbbbbbbbbbbbbbbbbbbbbbbbbbbbbbbbbbbbbbbbbbbbbbbbbbbbbbbbbbbbbbbbbbbbbbb[0m
[+    5.22] [1;32muart:~$ [m[8D[J[1;32muart:~$ [m[8D[J[00:00:40.518,000] [0m<inf> coprocessor_service: burst 1111 of 1500 bbbbbbbbbbbbbbbbbbbbbbbbbbbbbbbbbbbbbbbbbbbbbbbbbbbbbbbbbbbbbbbbbbbbbbbbbbbbbbbbbbbbbbbbbbbbbbbbbbbbbbbbbbbbbbbbbbbbbbbb[0m
[+    5.22] [1;32muart:~$ [m[8D[J[1;32muart:~$ [m[8D[J[00:00:40.518,000] [0m<inf> coprocessor_service: burst 1112 of 1500 bbbbbbbbbbbbbbbbbbbbbbbbbbbbbbbbbbbbbbbbbbbbbbbbbbbbbbbbbbbbbbbbbbbbbbbbbbbbbbbbbbbbbbbbbbbbbbbbbbbbbbbbbbbbbbbbbbbbbbbb[0m
[+    5.33] [1;32muart:~$ [m[8D[J[1;32muart:~$ [m[8D[J[00:00:40.518,000] [0m<inf> coprocessor_service: burst 1113 of 1500 bbbbbbbbbbbbbbbbbbbbbbbbbbbbbbbbbbbbbbbbbbbbbbbbbbbbbbbbbbbbbbbbbbbbbbbbbbbbbbbbbbbbbbbbbbbbbbbbbbbbbbbbbbbbbbbbbbbbbbbb[0m
[+    5.43] [1;32muart:~$ [m[8D[J[1;32muart:~$ [m[8D[J[00:00:40.518,000] [0m<inf> coprocessor_service: burst 1114 of 1500 bbbbbbbbbbbbbbbbbbbbbbbbbbbbbbbbbbbbbbbbbbbbbbbbbbbbbbbbbbbbbbbbbbbbbbbbbbbbbbbbbbbbbbbbbbbbbbbbbbbbbbbbbbbbbbbbbbbbbbbb[0m
[+    5.53] [1;32muart:~$ [m[8D[J[1;32muart:~$ [m[8D[J[00:00:40.519,000] [0m<inf> coprocessor_service: burst 1115 of 1500 bbbbbbbbbbbbbbbbbbbbbbbbbbbbbbbbbbbbbbbbbbbbbbbbbbbbbbbbbbbbbbbbbbbbbbbbbbbbbbbbbbbbbbbbbbbbbbbbbbbbbbbbbbbbbbbbbbbbbbbb[0m
[+    5.53] [1;32muart:~$ [m[8D[J[1;32muart:~$ [m[8D[J[00:00:40.519,000] [0m<inf> coprocessor_service: burst 1116 of 1500 bbbbbbbbbbbbbbbbbbbbbbbbbbbbbbbbbbbbbbbbbbbbbbbbbbbbbbbbbbbbbbbbbbbbbbbbbbbbbbbbbbbbbbbbbbbbbbbbbbbbbbbbbbbbbbbbbbbbbbbb[0m
[+    6.26] [1;32muart:~$ [m[8D[J[1;32muart:~$ [m[8D[J[00:00:40.519,000] [0m<inf> coprocessor_service: burst 1117 of 1500 bbbbbbbbbbbbbbbbbbbbbbbbbbbbbbbbbbbbbbbbbbbbbbbbbbbbbbbbbbbbbbbbbbbbbbbbbbbbbbbbbbbbbbbbbbbbbbbbbbbbbbbbbbbbbbbbbbbbbbbb[0m
[+    6.36] [1;32muart:~$ [m[8D[J[1;32muart:~$ [m[8D[J[00:00:40.519,000] [0m<inf> coprocessor_service: burst 1118 of 1500 bbbbbbbbbbbbbbbbbbbbbbbbbbbbbbbbbbbbbbbbbbbbbbbbbbbbbbbbbbbbbbbbbbbbbbbbbbbbbbbbbbbbbbbbbbbbbbbbbbbbbbbbbbbbbbbbbbbbbbbb[0m
[+    6.36] [1;32muart:~$ [m[8D[J[1;32muart:~$ [m[8D[J[00:00:40.520,000] [0m<inf> coprocessor_service: burst 1119 of 1500 bbbbbbbbbbbbbbbbbbbbbbbbbbbbbbbbbbbbbbbbbbbbbbbbbbbbbbbbbbbbbbbbbbbbbbbbbbbbbbbbbbbbbbbbbbbbbbbbbbbbbbbbbbbbbbbbbbbbbbbb[0m
[+    6.47] [1;32muart:~$ [m[8D[J[1;32muart:~$ [m[8D[J[00:00:40.520,000] [0m<inf> coprocessor_service: burst 1120 of 1500 bbbbbbbbbbbbbbbbbbbbbbbbbbbbbbbbbbbbbbbbbbbbbbbbbbbbbbbbbbbbbbbbbbbbbbbbbbbbbbbbbbbbbbbbbbbbbbbbbbbbbbbbbbbbbbbbbbbbbbbb[0m
[+    6.57] [1;32muart:~$ [m[8D[J[1;32muart:~$ [m[8D[J[00:00:40.520,000] [0m<inf> coprocessor_service: burst 1121 of 1500 bbbbbbbbbbbbbbbbbbbbbbbbbbbbbbbbbbbbbbbbbbbbbbbbbbbbbbbbbbbbbbbbbbbbbbbbbbbbbbbbbbbbbbbbbbbbbbbbbbbbbbbbbbbbbbbbbbbbbbbb[0m
[+    6.67] [1;32muart:~$ [m[8D[J[1;32muart:~$ [m[8D[J[00:00:40.520,000] [0m<inf> coprocessor_service: burst 1122 of 1500 bbbbbbbbbbbbbbbbbbbbbbbbbbbbbbbbbbbbbbbbbbbbbbbbbbbbbbbbbbbbbbbbbbbbbbbbbbbbbbbbbbbbbbbbbbbbbbbbbbbbbbbbbbbbbbbbbbbbbbbb[0m
[+    6.78] [1;32muart:~$ [m[8D[J[1;32muart:~$ [m[8D[J[00:00:40.521,000] [0m<inf> coprocessor_service: burst 1123 of 1500 bbbbbbbbbbbbbbbbbbbbbbbbbbbbbbbbbbbbbbbbbbbbbbbbbbbbbbbbbbbbbbbbbbbbbbbbbbbbbbbbbbbbbbbbbbbbbbbbbbbbbbbbbbbbbbbbbbbbbbbb[0m
[+    6.78] [1;32muart:~$ [m[8D[J[1;32muart:~$ [m[8D[J[00:00:40.521,000] [0m<inf> coprocessor_service: burst 1124 of 1500 bbbbbbbbbbbbbbbbbbbbbbbbbbbbbbbbbbbbbbbbbbbbbbbbbbbbbbbbbbbbbbbbbbbbbbbbbbbbbbbbbbbbbbbbbbbbbbbbbbbbbbbbbbbbbbbbbbbbbbbb[0m
[+    6.88] [1;32muart:~$ [m[8D[J[1;32muart:~$ [m[8D[J[00:00:40.521,000] [0m<inf> coprocessor_service: burst 1125 of 1500 bbbbbbbbbbbbbbbbbbbbbbbbbbbbbbbbbbbbbbbbbbbbbbbbbbbbbbbbbbbbbbbbbbbbbbbbbbbbbbbbbbbbbbbbbbbbbbbbbbbbbbbbbbbbbbbbbbbbbbbb[0m
[+    6.98] [1;32muart:~$ [m[8D[J[1;32muart:~$ [m[8D[J[00:00:40.522,000] [0m<inf> coprocessor_service: burst 1126 of 1500 bbbbbbbbbbbbbbbbbbbbbbbbbbbbbbbbbbbbbbbbbbbbbbbbbbbbbbbbbbbbbbbbbbbbbbbbbbbbbbbbbbbbbbbbbbbbbbbbbbbbbbbbbbbbbbbbbbbbbbbb[0m
[+    7.08] [1;32muart:~$ [m[8D[J[1;32muart:~$ [m[8D[J[00:00:40.522,000] [0m<inf> coprocessor_service: burst 1127 of 1500 bbbbbbbbbbbbbbbbbbbbbbbbbbbbbbbbbbbbbbbbbbbbbbbbbbbbbbbbbbbbbbbbbbbbbbbbbbbbbbbbbbbbbbbbbbbbbbbbbbbbbbbbbbbbbbbbbbbbbbbb[0m
[+    7.08] [1;32muart:~$ [m[8D[J[1;32muart:~$ [m[8D[J[00:00:40.522,000] [0m<inf> coprocessor_service: burst 1128 of 1500 bbbbbbbbbbbbbbbbbbbbbbbbbbbbbbbbbbbbbbbbbbbbbbbbbbbbbbbbbbbbbbbbbbbbbbbbbbbbbbbbbbbbbbbbbbbbbbbbbbbbbbbbbbbbbbbbbbbbbbbb[0m
[+    7.18] [1;32muart:~$ [m[8D[J[1;32muart:~$ [m[8D[J[00:00:40.522,000] [0m<inf> coprocessor_service: burst 1129 of 1500 bbbbbbbbbbbbbbbbbbbbbbbbbbbbbbbbbbbbbbbbbbbbbbbbbbbbbbbbbbbbbbbbbbbbbbbbbbbbbbbbbbbbbbbbbbbbbbbbbbbbbbbbbbbbbbbbbbbbbbbb[0m
[+    7.29] [1;32muart:~$ [m[8D[J[1;32muart:~$ [m[8D[J[00:00:40.523,000] [0m<inf> coprocessor_service: burst 1130 of 1500 bbbbbbbbbbbbbbbbbbbbbbbbbbbbbbbbbbbbbbbbbbbbbbbbbbbbbbbbbbbbbbbbbbbbbbbbbbbbbbbbbbbbbbbbbbbbbbbbbbbbbbbbbbbbbbbbbbbbbbbb[0m
[+    7.39] [1;32muart:~$ [m[8D[J[1;32muart:~$ [m[8D[J[00:00:40.523,000] [0m<inf> coprocessor_service: burst 1131 of 1500 bbbbbbbbbbbbbbbbbbbbbbbbbbbbbbbbbbbbbbbbbbbbbbbbbbbbbbbbbbbbbbbbbbbbbbbbbbbbbbbbbbbbbbbbbbbbbbbbbbbbbbbbbbbbbbbbbbbbbbbb[0m
[+    7.49] [1;32muart:~$ [m[8D[J[1;32muart:~$ [m[8D[J[00:00:40.523,000] [0m<inf> coprocessor_service: burst 1132 of 1500 bbbbbbbbbbbbbbbbbbbbbbbbbbbbbbbbbbbbbbbbbbbbbbbbbbbbbbbbbbbbbbbbbbbbbbbbbbbbbbbbbbbbbbbbbbbbbbbbbbbbbbbbbbbbbbbbbbbbbbbb[0m
[+    7.49] [1;32muart:~$ [m[8D[J[1;32muart:~$ [m[8D[J[00:00:40.523,000] [0m<inf> coprocessor_service: burst 1133 of 1500 bbbbbbbbbbbbbbbbbbbbbbbbbbbbbbbbbbbbbbbbbbbbbbbbbbbbbbbbbbbbbbbbbbbbbbbbbbbbbbbbbbbbbbbbbbbbbbbbbbbbbbbbbbbbbbbbbbbbbbbb[0m
[+    7.60] [1;32muart:~$ [m[8D[J[1;32muart:~$ [m[8D[J[00:00:40.524,000] [0m<inf> coprocessor_service: burst 1134 of 1500 bbbbbbbbbbbbbbbbbbbbbbbbbbbbbbbbbbbbbbbbbbbbbbbbbbbbbbbbbbbbbbbbbbbbbbbbbbbbbbbbbbbbbbbbbbbbbbbbbbbbbbbbbbbbbbbbbbbbbbbb[0m
[+    7.70] [1;32muart:~$ [m[8D[J[1;32muart:~$ [m[8D[J[00:00:40.524,000] [0m<inf> coprocessor_service: burst 1135 of 1500 bbbbbbbbbbbbbbbbbbbbbbbbbbbbbbbbbbbbbbbbbbbbbbbbbbbbbbbbbbbbbbbbbbbbbbbbbbbbbbbbbbbbbbbbbbbbbbbbbbbbbbbbbbbbbbbbbbbbbbbb[0m
[+    7.80] [1;32muart:~$ [m[8D[J[1;32muart:~$ [m[8D[J[00:00:40.524,000] [0m<inf> coprocessor_service: burst 1136 of 1500 bbbbbbbbbbbbbbbbbbbbbbbbbbbbbbbbbbbbbbbbbbbbbbbbbbbbbbbbbbbbbbbbbbbbbbbbbbbbbbbbbbbbbbbbbbbbbbbbbbbbbbbbbbbbbbbbbbbbbbbb[0m
[+    7.90] [1;32muart:~$ [m[8D[J[1;32muart:~$ [m[8D[J[00:00:40.524,000] [0m<inf> coprocessor_service: burst 1137 of 1500 bbbbbbbbbbbbbbbbbbbbbbbbbbbbbbbbbbbbbbbbbbbbbbbbbbbbbbbbbbbbbbbbbbbbbbbbbbbbbbbbbbbbbbbbbbbbbbbbbbbbbbbbbbbbbbbbbbbbbbbb[0m
[+    7.90] [1;32muart:~$ [m[8D[J[1;32muart:~$ [m[8D[J[00:00:40.525,000] [0m<inf> coprocessor_service: burst 1138 of 1500 bbbbbbbbbbbbbbbbbbbbbbbbbbbbbbbbbbbbbbbbbbbbbbbbbbbbbbbbbbbbbbbbbbbbbbbbbbbbbbbbbbbbbbbbbbbbbbbbbbbbbbbbbbbbbbbbbbbbbbbb[0m
[+    8.00] [1;32muart:~$ [m[8D[J[1;32muart:~$ [m[8D[J[00:00:40.525,000] [0m<inf> coprocessor_service: burst 1139 of 1500 bbbbbbbbbbbbbbbbbbbbbbbbbbbbbbbbbbbbbbbbbbbbbbbbbbbbbbbbbbbbbbbbbbbbbbbbbbbbbbbbbbbbbbbbbbbbbbbbbbbbbbbbbbbbbbbbbbbbbbbb[0m
[+    8.11] [1;32muart:~$ [m[8D[J[1;32muart:~$ [m[8D[J[00:00:40.525,000] [0m<inf> coprocessor_service: burst 1140 of 1500 bbbbbbbbbbbbbbbbbbbbbbbbbbbbbbbbbbbbbbbbbbbbbbbbbbbbbbbbbbbbbbbbbbbbbbbbbbbbbbbbbbbbbbbbbbbbbbbbbbbbbbbbbbbbbbbbbbbbbbbb[0m
[+    9.17] [1;32muart:~$ [m[8D[J[1;32muart:~$ [m[8D[J[00:00:40.525,000] [0m<inf> coprocessor_service: burst 1141 of 1500 bbbbbbbbbbbbbbbbbbbbbbbbbbbbbbbbbbbbbbbbbbbbbbbbbbbbbbbbbbbbbbbbbbbbbbbbbbbbbbbbbbbbbbbbbbbbbbbbbbbbbbbbbbbbbbbbbbbbbbbb[0m
[+    9.17] [1;32muart:~$ [m[8D[J[1;32muart:~$ [m[8D[J[00:00:40.526,000] [0m<inf> coprocessor_service: burst 1142 of 1500 bbbbbbbbbbbbbbbbbbbbbbbbbbbbbbbbbbbbbbbbbbbbbbbbbbbbbbbbbbbbbbbbbbbbbbbbbbbbbbbbbbbbbbbbbbbbbbbbbbbbbbbbbbbbbbbbbbbbbbbb[0m
[+    9.28] [1;32muart:~$ [m[8D[J[1;32muart:~$ [m[8D[J[00:00:40.526,000] [0m<inf> coprocessor_service: burst 1143 of 1500 bbbbbbbbbbbbbbbbbbbbbbbbbbbbbbbbbbbbbbbbbbbbbbbbbbbbbbbbbbbbbbbbbbbbbbbbbbbbbbbbbbbbbbbbbbbbbbbbbbbbbbbbbbbbbbbbbbbbbbbb[0m
[+    9.38] [1;32muart:~$ [m[8D[J[1;32muart:~$ [m[8D[J[00:00:40.526,000] [0m<inf> coprocessor_service: burst 1144 of 1500 bbbbbbbbbbbbbbbbbbbbbbbbbbbbbbbbbbbbbbbbbbbbbbbbbbbbbbbbbbbbbbbbbbbbbbbbbbbbbbbbbbbbbbbbbbbbbbbbbbbbbbbbbbbbbbbbbbbbbbbb[0m
[+    9.48] [1;32muart:~$ [m[8D[J[1;32muart:~$ [m[8D[J[00:00:40.526,000] [0m<inf> coprocessor_service: burst 1145 of 1500 bbbbbbbbbbbbbbbbbbbbbbbbbbbbbbbbbbbbbbbbbbbbbbbbbbbbbbbbbbbbbbbbbbbbbbbbbbbbbbbbbbbbbbbbbbbbbbbbbbbbbbbbbbbbbbbbbbbbbbbb[0m
[+    9.48] [1;32muart:~$ [m[8D[J[1;32muart:~$ [m[8D[J[00:00:40.527,000] [0m<inf> coprocessor_service: burst 1146 of 1500 bbbbbbbbbbbbbbbbbbbbbbbbbbbbbbbbbbbbbbbbbbbbbbbbbbbbbbbbbbbbbbbbbbbbbbbbbbbbbbbbbbbbbbbbbbbbbbbbbbbbbbbbbbbbbbbbbbbbbbbb[0m
[+    9.58] [1;32muart:~$ [m[8D[J[1;32muart:~$ [m[8D[J[00:00:40.527,000] [0m<inf> coprocessor_service: burst 1147 of 1500 bbbbbbbbbbbbbbbbbbbbbbbbbbbbbbbbbbbbbbbbbbbbbbbbbbbbbbbbbbbbbbbbbbbbbbbbbbbbbbbbbbbbbbbbbbbbbbbbbbbbbbbbbbbbbbbbbbbbbbbb[0m
[+    9.69] [1;32muart:~$ [m[8D[J[1;32muart:~$ [m[8D[J[00:00:40.527,000] [0m<inf> coprocessor_service: burst 1148 of 1500 bbbbbbbbbbbbbbbbbbbbbbbbbbbbbbbbbbbbbbbbbbbbbbbbbbbbbbbbbbbbbbbbbbbbbbbbbbbbbbbbbbbbbbbbbbbbbbbbbbbbbbbbbbbbbbbbbbbbbbbb[0m
[+    9.79] [1;32muart:~$ [m[8D[J[1;32muart:~$ [m[8D[J[00:00:40.528,000] [0m<inf> coprocessor_service: burst 1149 of 1500 bbbbbbbbbbbbbbbbbbbbbbbbbbbbbbbbbbbbbbbbbbbbbbbbbbbbbbbbbbbbbbbbbbbbbbbbbbbbbbbbbbbbbbbbbbbbbbbbbbbbbbbbbbbbbbbbbbbbbbbb[0m
[+    9.89] [1;32muart:~$ [m[8D[J[1;32muart:~$ [m[8D[J[00:00:40.528,000] [0m<inf> coprocessor_service: burst 1150 of 1500 bbbbbbbbbbbbbbbbbbbbbbbbbbbbbbbbbbbbbbbbbbbbbbbbbbbbbbbbbbbbbbbbbbbbbbbbbbbbbbbbbbbbbbbbbbbbbbbbbbbbbbbbbbbbbbbbbbbbbbbb[0m
[+   10.00] [1;32muart:~$ [m[8D[J[1;32muart:~$ [m[8D[J[00:00:40.528,000] [0m<inf> coprocessor_service: burst 1151 of 1500 bbbbbbbbbbbbbbbbbbbbbbbbbbbbbbbbbbbbbbbbbbbbbbbbbbbbbbbbbbbbbbbbbbbbbbbbbbbbbbbbbbbbbbbbbbbbbbbbbbbbbbbbbbbbbbbbbbbbbbbb[0m
[+   10.10] [1;32muart:~$ [m[8D[J[1;32muart:~$ [m[8D[J[00:00:40.528,000] [0m<inf> coprocessor_service: burst 1152 of 1500 bbbbbbbbbbbbbbbbbbbbbbbbbbbbbbbbbbbbbbbbbbbbbbbbbbbbbbbbbbbbbbbbbbbbbbbbbbbbbbbbbbbbbbbbbbbbbbbbbbbbbbbbbbbbbbbbbbbbbbbb[0m
[+   10.10] [1;32muart:~$ [m[8D[J[1;32muart:~$ [m[8D[J[00:00:40.529,000] [0m<inf> coprocessor_service: burst 1153 of 1500 bbbbbbbbbbbbbbbbbbbbbbbbbbbbbbbbbbbbbbbbbbbbbbbbbbbbbbbbbbbbbbbbbbbbbbbbbbbbbbbbbbbbbbbbbbbbbbbbbbbbbbbbbbbbbbbbbbbbbbbb[0m
[+   10.20] [1;32muart:~$ [m[8D[J[1;32muart:~$ [m[8D[J[00:00:40.529,000] [0m<inf> coprocessor_service: burst 1154 of 1500 bbbbbbbbbbbbbbbbbbbbbbbbbbbbbbbbbbbbbbbbbbbbbbbbbbbbbbbbbbbbbbbbbbbbbbbbbbbbbbbbbbbbbbbbbbbbbbbbbbbbbbbbbbbbbbbbbbbbbbbb[0m
[+   10.20] [1;32muart:~$ [m[8D[J[1;32muart:~$ [m[8D[J[00:00:40.529,000] [0m<inf> coprocessor_service: burst 1155 of 1500 bbbbbbbbbbbbbbbbbbbbbbbbbbbbbbbbbbbbbbbbbbbbbbbbbbbbbbbbbbbbbbbbbbbbbbbbbbbbbbbbbbbbbbbbbbbbbbbbbbbbbbbbbbbbbbbbbbbbbbbb[0m
[+   10.31] [1;32muart:~$ [m[8D[J[1;32muart:~$ [m[8D[J[00:00:40.529,000] [0m<inf> coprocessor_service: burst 1156 of 1500 bbbbbbbbbbbbbbbbbbbbbbbbbbbbbbbbbbbbbbbbbbbbbbbbbbbbbbbbbbbbbbbbbbbbbbbbbbbbbbbbbbbbbbbbbbbbbbbbbbbbbbbbbbbbbbbbbbbbbbbb[0m
[+   10.41] [1;32muart:~$ [m[8D[J[1;32muart:~$ [m[8D[J[00:00:40.530,000] [0m<inf> coprocessor_service: burst 1157 of 1500 bbbbbbbbbbbbbbbbbbbbbbbbbbbbbbbbbbbbbbbbbbbbbbbbbbbbbbbbbbbbbbbbbbbbbbbbbbbbbbbbbbbbbbbbbbbbbbbbbbbbbbbbbbbbbbbbbbbbbbbb[0m
[+   10.52] [1;32muart:~$ [m[8D[J[1;32muart:~$ [m[8D[J[00:00:40.530,000] [0m<inf> coprocessor_service: burst 1158 of 1500 bbbbbbbbbbbbbbbbbbbbbbbbbbbbbbbbbbbbbbbbbbbbbbbbbbbbbbbbbbbbbbbbbbbbbbbbbbbbbbbbbbbbbbbbbbbbbbbbbbbbbbbbbbbbbbbbbbbbbbbb[0m
[+   10.52] [1;32muart:~$ [m[8D[J[1;32muart:~$ [m[8D[J[00:00:40.530,000] [0m<inf> coprocessor_service: burst 1159 of 1500 bbbbbbbbbbbbbbbbbbbbbbbbbbbbbbbbbbbbbbbbbbbbbbbbbbbbbbbbbbbbbbbbbbbbbbbbbbbbbbbbbbbbbbbbbbbbbbbbbbbbbbbbbbbbbbbbbbbbbbbb[0m
[+   10.52] [1;32muart:~$ [m[8D[J[1;32muart:~$ [m[8D[J[00:00:40.530,000] [0m<inf> coprocessor_service: burst 1160 of 1500 bbbbbbbbbbbbbbbbbbbbbbbbbbbbbbbbbbbbbbbbbbbbbbbbbbbbbbbbbbbbbbbbbbbbbbbbbbbbbbbbbbbbbbbbbbbbbbbbbbbbbbbbbbbbbbbbbbbbbbbb[0m
[+   10.73] [1;32muart:~$ [m[8D[J[1;32muart:~$ [m[8D[J[00:00:40.531,000] [0m<inf> coprocessor_service: burst 1161 of 1500 bbbbbbbbbbbbbbbbbbbbbbbbbbbbbbbbbbbbbbbbbbbbbbbbbbbbbbbbbbbbbbbbbbbbbbbbbbbbbbbbbbbbbbbbbbbbbbbbbbbbbbbbbbbbbbbbbbbbbbbb[0m
[+   10.84] [1;32muart:~$ [m[8D[J[1;32muart:~$ [m[8D[J[00:00:40.531,000] [0m<inf> coprocessor_service: burst 1162 of 1500 bbbbbbbbbbbbbbbbbbbbbbbbbbbbbbbbbbbbbbbbbbbbbbbbbbbbbbbbbbbbbbbbbbbbbbbbbbbbbbbbbbbbbbbbbbbbbbbbbbbbbbbbbbbbbbbbbbbbbbbb[0m
[+   10.95] [1;32muart:~$ [m[8D[J[1;32muart:~$ [m[8D[J[00:00:40.531,000] [0m<inf> coprocessor_service: burst 1163 of 1500 bbbbbbbbbbbbbbbbbbbbbbbbbbbbbbbbbbbbbbbbbbbbbbbbbbbbbbbbbbbbbbbbbbbbbbbbbbbbbbbbbbbbbbbbbbbbbbbbbbbbbbbbbbbbbbbbbbbbbbbb[0m
[+   11.06] [1;32muart:~$ [m[8D[J[1;32muart:~$ [m[8D[J[00:00:40.531,000] [0m<inf> coprocessor_service: burst 1164 of 1500 bbbbbbbbbbbbbbbbbbbbbbbbbbbbbbbbbbbbbbbbbbbbbbbbbbbbbbbbbbbbbbbbbbbbbbbbbbbbbbbbbbbbbbbbbbbbbbbbbbbbbbbbbbbbbbbbbbbbbbbb[0m
[+   12.34] [1;32muart:~$ [m[8D[J[1;32muart:~$ [m[8D[J[00:00:40.532,000] [0m<inf> coprocessor_service: burst 1165 of 1500 bbbbbbbbbbbbbbbbbbbbbbbbbbbbbbbbbbbbbbbbbbbbbbbbbbbbbbbbbbbbbbbbbbbbbbbbbbbbbbbbbbbbbbbbbbbbbbbbbbbbbbbbbbbbbbbbbbbbbbbb[0m
[+   12.45] [1;32muart:~$ [m[8D[J[1;32muart:~$ [m[8D[J[00:00:40.532,000] [0m<inf> coprocessor_service: burst 1166 of 1500 bbbbbbbbbbbbbbbbbbbbbbbbbbbbbbbbbbbbbbbbbbbbbbbbbbbbbbbbbbbbbbbbbbbbbbbbbbbbbbbbbbbbbbbbbbbbbbbbbbbbbbbbbbbbbbbbbbbbbbbb[0m
[+   12.55] [1;32muart:~$ [m[8D[J[1;32muart:~$ [m[8D[J[00:00:40.532,000] [0m<inf> coprocessor_service: burst 1167 of 1500 bbbbbbbbbbbbbbbbbbbbbbbbbbbbbbbbbbbbbbbbbbbbbbbbbbbbbbbbbbbbbbbbbbbbbbbbbbbbbbbbbbbbbbbbbbbbbbbbbbbbbbbbbbbbbbbbbbbbbbbb[0m
[+   12.66] [1;32muart:~$ [m[8D[J[1;32muart:~$ [m[8D[J[00:00:40.532,000] [0m<inf> coprocessor_service: burst 1168 of 1500 bbbbbbbbbbbbbbbbbbbbbbbbbbbbbbbbbbbbbbbbbbbbbbbbbbbbbbbbbbbbbbbbbbbbbbbbbbbbbbbbbbbbbbbbbbbbbbbbbbbbbbbbbbbbbbbbbbbbbbbb[0m
[+   12.66] [1;32muart:~$ [m[8D[J[1;32muart:~$ [m[8D[J[00:00:40.533,000] [0m<inf> coprocessor_service: burst 1169 of 1500 bbbbbbbbbbbbbbbbbbbbbbbbbbbbbbbbbbbbbbbbbbbbbbbbbbbbbbbbbbbbbbbbbbbbbbbbbbbbbbbbbbbbbbbbbbbbbbbbbbbbbbbbbbbbbbbbbbbbbbbb[0m
[+   12.77] [1;32muart:~$ [m[8D[J[1;32muart:~$ [m[8D[J[00:00:40.533,000] [0m<inf> coprocessor_service: burst 1170 of 1500 bbbbbbbbbbbbbbbbbbbbbbbbbbbbbbbbbbbbbbbbbbbbbbbbbbbbbbbbbbbbbbbbbbbbbbbbbbbbbbbbbbbbbbbbbbbbbbbbbbbbbbbbbbbbbbbbbbbbbbbb[0m
[+   12.87] [1;32muart:~$ [m[8D[J[1;32muart:~$ [m[8D[J[00:00:40.533,000] [0m<inf> coprocessor_service: burst 1171 of 1500 bbbbbbbbbbbbbbbbbbbbbbbbbbbbbbbbbbbbbbbbbbbbbbbbbbbbbbbbbbbbbbbbbbbbbbbbbbbbbbbbbbbbbbbbbbbbbbbbbbbbbbbbbbbbbbbbbbbbbbbb[0m
[+   12.97] [1;32muart:~$ [m[8D[J[1;32muart:~$ [m[8D[J[00:00:40.534,000] [0m<inf> coprocessor_service: burst 1172 of 1500 bbbbbbbbbbbbbbbbbbbbbbbbbbbbbbbbbbbbbbbbbbbbbbbbbbbbbbbbbbbbbbbbbbbbbbbbbbbbbbbbbbbbbbbbbbbbbbbbbbbbbbbbbbbbbbbbbbbbbbbb[0m
[+   12.97] [1;32muart:~$ [m[8D[J[1;32muart:~$ [m[8D[J[00:00:40.534,000] [0m<inf> coprocessor_service: burst 1173 of 1500 bbbbbbbbbbbbbbbbbbbbbbbbbbbbbbbbbbbbbbbbbbbbbbbbbbbbbbbbbbbbbbbbbbbbbbbbbbbbbbbbbbbbbbbbbbbbbbbbbbbbbbbbbbbbbbbbbbbbbbbb[0m
[+   13.08] [1;32muart:~$ [m[8D[J[1;32muart:~$ [m[8D[J[00:00:40.534,000] [0m<inf> coprocessor_service: burst 1174 of 1500 bbbbbbbbbbbbbbbbbbbbbbbbbbbbbbbbbbbbbbbbbbbbbbbbbbbbbbbbbbbbbbbbbbbbbbbbbbbbbbbbbbbbbbbbbbbbbbbbbbbbbbbbbbbbbbbbbbbbbbbb[0m
[+   13.18] [1;32muart:~$ [m[8D[J[1;32muart:~$ [m[8D[J[00:00:40.534,000] [0m<inf> coprocessor_service: burst 1175 of 1500 bbbbbbbbbbbbbbbbbbbbbbbbbbbbbbbbbbbbbbbbbbbbbbbbbbbbbbbbbbbbbbbbbbbbbbbbbbbbbbbbbbbbbbbbbbbbbbbbbbbbbbbbbbbbbbbbbbbbbbbb[0m
[+   13.28] [1;32muart:~$ [m[8D[J[1;32muart:~$ [m[8D[J[00:00:40.535,000] [0m<inf> coprocessor_service: burst 1176 of 1500 bbbbbbbbbbbbbbbbbbbbbbbbbbbbbbbbbbbbbbbbbbbbbbbbbbbbbbbbbbbbbbbbbbbbbbbbbbbbbbbbbbbbbbbbbbbbbbbbbbbbbbbbbbbbbbbbbbbbbbbb[0m
[+   13.28] [1;32muart:~$ [m[8D[J[1;32muart:~$ [m[8D[J[00:00:40.535,000] [0m<inf> coprocessor_service: burst 1177 of 1500 bbbbbbbbbbbbbbbbbbbbbbbbbbbbbbbbbbbbbbbbbbbbbbbbbbbbbbbbbbbbbbbbbbbbbbbbbbbbbbbbbbbbbbbbbbbbbbbbbbbbbbbbbbbbbbbbbbbbbbbb[0m
[+   13.39] [1;32muart:~$ [m[8D[J[1;32muart:~$ [m[8D[J[00:00:40.535,000] [0m<inf> coprocessor_service: burst 1178 of 1500 bbbbbbbbbbbbbbbbbbbbbbbbbbbbbbbbbbbbbbbbbbbbbbbbbbbbbbbbbbbbbbbbbbbbbbbbbbbbbbbbbbbbbbbbbbbbbbbbbbbbbbbbbbbbbbbbbbbbbbbb[0m
[+   13.49] [1;32muart:~$ [m[8D[J[1;32muart:~$ [m[8D[J[00:00:40.535,000] [0m<inf> coprocessor_service: burst 1179 of 1500 bbbbbbbbbbbbbbbbbbbbbbbbbbbbbbbbbbbbbbbbbbbbbbbbbbbbbbbbbbbbbbbbbbbbbbbbbbbbbbbbbbbbbbbbbbbbbbbbbbbbbbbbbbbbbbbbbbbbbbbb[0m
[+   13.59] [1;32muart:~$ [m[8D[J[1;32muart:~$ [m[8D[J[00:00:40.536,000] [0m<inf> coprocessor_service: burst 1180 of 1500 bbbbbbbbbbbbbbbbbbbbbbbbbbbbbbbbbbbbbbbbbbbbbbbbbbbbbbbbbbbbbbbbbbbbbbbbbbbbbbbbbbbbbbbbbbbbbbbbbbbbbbbbbbbbbbbbbbbbbbbb[0m
[+   13.69] [1;32muart:~$ [m[8D[J[1;32muart:~$ [m[8D[J[00:00:40.536,000] [0m<inf> coprocessor_service: burst 1181 of 1500 bbbbbbbbbbbbbbbbbbbbbbbbbbbbbbbbbbbbbbbbbbbbbbbbbbbbbbbbbbbbbbbbbbbbbbbbbbbbbbbbbbbbbbbbbbbbbbbbbbbbbbbbbbbbbbbbbbbbbbbb[0m
[+   13.69] [1;32muart:~$ [m[8D[J[1;32muart:~$ [m[8D[J[00:00:40.536,000] [0m<inf> coprocessor_service: burst 1182 of 1500 bbbbbbbbbbbbbbbbbbbbbbbbbbbbbbbbbbbbbbbbbbbbbbbbbbbbbbbbbbbbbbbbbbbbbbbbbbbbbbbbbbbbbbbbbbbbbbbbbbbbbbbbbbbbbbbbbbbbbbbb[0m
[+   13.80] [1;32muart:~$ [m[8D[J[1;32muart:~$ [m[8D[J[00:00:40.536,000] [0m<inf> coprocessor_service: burst 1183 of 1500 bbbbbbbbbbbbbbbbbbbbbbbbbbbbbbbbbbbbbbbbbbbbbbbbbbbbbbbbbbbbbbbbbbbbbbbbbbbbbbbbbbbbbbbbbbbbbbbbbbbbbbbbbbbbbbbbbbbbbbbb[0m
[+   13.90] [1;32muart:~$ [m[8D[J[1;32muart:~$ [m[8D[J[00:00:40.537,000] [0m<inf> coprocessor_service: burst 1184 of 1500 bbbbbbbbbbbbbbbbbbbbbbbbbbbbbbbbbbbbbbbbbbbbbbbbbbbbbbbbbbbbbbbbbbbbbbbbbbbbbbbbbbbbbbbbbbbbbbbbbbbbbbbbbbbbbbbbbbbbbbbb[0m
[+   14.00] [1;32muart:~$ [m[8D[J[1;32muart:~$ [m[8D[J[00:00:40.537,000] [0m<inf> coprocessor_service: burst 1185 of 1500 bbbbbbbbbbbbbbbbbbbbbbbbbbbbbbbbbbbbbbbbbbbbbbbbbbbbbbbbbbbbbbbbbbbbbbbbbbbbbbbbbbbbbbbbbbbbbbbbbbbbbbbbbbbbbbbbbbbbbbbb[0m
[+   14.00] [1;32muart:~$ [m[8D[J[1;32muart:~$ [m[8D[J[00:00:40.537,000] [0m<inf> coprocessor_service: burst 1186 of 1500 bbbbbbbbbbbbbbbbbbbbbbbbbbbbbbbbbbbbbbbbbbbbbbbbbbbbbbbbbbbbbbbbbbbbbbbbbbbbbbbbbbbbbbbbbbbbbbbbbbbbbbbbbbbbbbbbbbbbbbbb[0m
[+   14.10] [1;32muart:~$ [m[8D[J[1;32muart:~$ [m[8D[J[00:00:40.537,000] [0m<inf> coprocessor_service: burst 1187 of 1500 bbbbbbbbbbbbbbbbbbbbbbbbbbbbbbbbbbbbbbbbbbbbbbbbbbbbbbbbbbbbbbbbbbbbbbbbbbbbbbbbbbbbbbbbbbbbbbbbbbbbbbbbbbbbbbbbbbbbbbbb[0m
[+   14.21] [1;32muart:~$ [m[8D[J[1;32muart:~$ [m[8D[J[00:00:40.538,000] [0m<inf> coprocessor_service: burst 1188 of 1500 bbbbbbbbbbbbbbbbbbbbbbbbbbbbbbbbbbbbbbbbbbbbbbbbbbbbbbbbbbbbbbbbbbbbbbbbbbbbbbbbbbbbbbbbbbbbbbbbbbbbbbbbbbbbbbbbbbbbbbbb[0m
[+   15.90] [1;32muart:~$ [m[8D[J[1;32muart:~$ [m[8D[J[00:00:40.538,000] [0m<inf> coprocessor_service: burst 1189 of 1500 bbbbbbbbbbbbbbbbbbbbbbbbbbbbbbbbbbbbbbbbbbbbbbbbbbbbbbbbbbbbbbbbbbbbbbbbbbbbbbbbbbbbbbbbbbbbbbbbbbbbbbbbbbbbbbbbbbbbbbbb[0m
[+   15.90] [1;32muart:~$ [m[8D[J[1;32muart:~$ [m[8D[J[00:00:40.538,000] [0m<inf> coprocessor_service: burst 1190 of 1500 bbbbbbbbbbbbbbbbbbbbbbbbbbbbbbbbbbbbbbbbbbbbbbbbbbbbbbbbbbbbbbbbbbbbbbbbbbbbbbbbbbbbbbbbbbbbbbbbbbbbbbbbbbbbbbbbbbbbbbbb[0m
[+   16.01] [1;32muart:~$ [m[8D[J[1;32muart:~$ [m[8D[J[00:00:40.538,000] [0m<inf> coprocessor_service: burst 1191 of 1500 bbbbbbbbbbbbbbbbbbbbbbbbbbbbbbbbbbbbbbbbbbbbbbbbbbbbbbbbbbbbbbbbbbbbbbbbbbbbbbbbbbbbbbbbbbbbbbbbbbbbbbbbbbbbbbbbbbbbbbbb[0m
[+   16.11] [1;32muart:~$ [m[8D[J[1;32muart:~$ [m[8D[J[00:00:40.539,000] [0m<inf> coprocessor_service: burst 1192 of 1500 bbbbbbbbbbbbbbbbbbbbbbbbbbbbbbbbbbbbbbbbbbbbbbbbbbbbbbbbbbbbbbbbbbbbbbbbbbbbbbbbbbbbbbbbbbbbbbbbbbbbbbbbbbbbbbbbbbbbbbbb[0m
[+   16.21] [1;32muart:~$ [m[8D[J[1;32muart:~$ [m[8D[J[00:00:40.539,000] [0m<inf> coprocessor_service: burst 1193 of 1500 bbbbbbbbbbbbbbbbbbbbbbbbbbbbbbbbbbbbbbbbbbbbbbbbbbbbbbbbbbbbbbbbbbbbbbbbbbbbbbbbbbbbbbbbbbbbbbbbbbbbbbbbbbbbbbbbbbbbbbbb[0m
[+   16.31] [1;32muart:~$ [m[8D[J[1;32muart:~$ [m[8D[J[00:00:40.539,000] [0m<inf> coprocessor_service: burst 1194 of 1500 bbbbbbbbbbbbbbbbbbbbbbbbbbbbbbbbbbbbbbbbbbbbbbbbbbbbbbbbbbbbbbbbbbbbbbbbbbbbbbbbbbbbbbbbbbbbbbbbbbbbbbbbbbbbbbbbbbbbbbbb[0m
[+   16.31] [1;32muart:~$ [m[8D[J[1;32muart:~$ [m[8D[J[00:00:40.540,000] [0m<inf> coprocessor_service: burst 1195 of 1500 bbbbbbbbbbbbbbbbbbbbbbbbbbbbbbbbbbbbbbbbbbbbbbbbbbbbbbbbbbbbbbbbbbbbbbbbbbbbbbbbbbbbbbbbbbbbbbbbbbbbbbbbbbbbbbbbbbbbbbbb[0m
[+   16.42] [1;32muart:~$ [m[8D[J[1;32muart:~$ [m[8D[J[00:00:40.540,000] [0m<inf> coprocessor_service: burst 1196 of 1500 bbbbbbbbbbbbbbbbbbbbbbbbbbbbbbbbbbbbbbbbbbbbbbbbbbbbbbbbbbbbbbbbbbbbbbbbbbbbbbbbbbbbbbbbbbbbbbbbbbbbbbbbbbbbbbbbbbbbbbbb[0m
[+   16.52] [1;32muart:~$ [m[8D[J[1;32muart:~$ [m[8D[J[00:00:40.540,000] [0m<inf> coprocessor_service: burst 1197 of 1500 bbbbbbbbbbbbbbbbbbbbbbbbbbbbbbbbbbbbbbbbbbbbbbbbbbbbbbbbbbbbbbbbbbbbbbbbbbbbbbbbbbbbbbbbbbbbbbbbbbbbbbbbbbbbbbbbbbbbbbbb[0m
[+   16.62] [1;32muart:~$ [m[8D[J[1;32muart:~$ [m[8D[J[00:00:40.540,000] [0m<inf> coprocessor_service: burst 1198 of 1500 bbbbbbbbbbbbbbbbbbbbbbbbbbbbbbbbbbbbbbbbbbbbbbbbbbbbbbbbbbbbbbbbbbbbbbbbbbbbbbbbbbbbbbbbbbbbbbbbbbbbbbbbbbbbbbbbbbbbbbbb[0m
[+   16.62] [1;32muart:~$ [m[8D[J[1;32muart:~$ [m[8D[J[00:00:40.541,000] [0m<inf> coprocessor_service: burst 1199 of 1500 bbbbbbbbbbbbbbbbbbbbbbbbbbbbbbbbbbbbbbbbbbbbbbbbbbbbbbbbbbbbbbbbbbbbbbbbbbbbbbbbbbbbbbbbbbbbbbbbbbbbbbbbbbbbbbbbbbbbbbbb[0m
[+   16.73] [1;32muart:~$ [m[8D[J[1;32muart:~$ [m[8D[J[00:00:40.541,000] [0m<inf> coprocessor_service: burst 1200 of 1500 bbbbbbbbbbbbbbbbbbbbbbbbbbbbbbbbbbbbbbbbbbbbbbbbbbbbbbbbbbbbbbbbbbbbbbbbbbbbbbbbbbbbbbbbbbbbbbbbbbbbbbbbbbbbbbbbbbbbbbbb[0m
[+   16.83] [1;32muart:~$ [m[8D[J[1;32muart:~$ [m[8D[J[00:00:40.541,000] [0m<inf> coprocessor_service: burst 1201 of 1500 bbbbbbbbbbbbbbbbbbbbbbbbbbbbbbbbbbbbbbbbbbbbbbbbbbbbbbbbbbbbbbbbbbbbbbbbbbbbbbbbbbbbbbbbbbbbbbbbbbbbbbbbbbbbbbbbbbbbbbbb[0m
[+   16.93] [1;32muart:~$ [m[8D[J[1;32muart:~$ [m[8D[J[00:00:40.541,000] [0m<inf> coprocessor_service: burst 1202 of 1500 bbbbbbbbbbbbbbbbbbbbbbbbbbbbbbbbbbbbbbbbbbbbbbbbbbbbbbbbbbbbbbbbbbbbbbbbbbbbbbbbbbbbbbbbbbbbbbbbbbbbbbbbbbbbbbbbbbbbbbbb[0m
[+   17.03] [1;32muart:~$ [m[8D[J[1;32muart:~$ [m[8D[J[00:00:40.542,000] [0m<inf> coprocessor_service: burst 1203 of 1500 bbbbbbbbbbbbbbbbbbbbbbbbbbbbbbbbbbbbbbbbbbbbbbbbbbbbbbbbbbbbbbbbbbbbbbbbbbbbbbbbbbbbbbbbbbbbbbbbbbbbbbbbbbbbbbbbbbbbbbbb[0m
[+   17.03] [1;32muart:~$ [m[8D[J[1;32muart:~$ [m[8D[J[00:00:40.542,000] [0m<inf> coprocessor_service: burst 1204 of 1500 bbbbbbbbbbbbbbbbbbbbbbbbbbbbbbbbbbbbbbbbbbbbbbbbbbbbbbbbbbbbbbbbbbbbbbbbbbbbbbbbbbbbbbbbbbbbbbbbbbbbbbbbbbbbbbbbbbbbbbbb[0m
[+   17.14] [1;32muart:~$ [m[8D[J[1;32muart:~$ [m[8D[J[00:00:40.542,000] [0m<inf> coprocessor_service: burst 1205 of 1500 bbbbbbbbbbbbbbbbbbbbbbbbbbbbbbbbbbbbbbbbbbbbbbbbbbbbbbbbbbbbbbbbbbbbbbbbbbbbbbbbbbbbbbbbbbbbbbbbbbbbbbbbbbbbbbbbbbbbbbbb[0m
[+   17.25] [1;32muart:~$ [m[8D[J[1;32muart:~$ [m[8D[J[00:00:40.542,000] [0m<inf> coprocessor_service: burst 1206 of 1500 bbbbbbbbbbbbbbbbbbbbbbbbbbbbbbbbbbbbbbbbbbbbbbbbbbbbbbbbbbbbbbbbbbbbbbbbbbbbbbbbbbbbbbbbbbbbbbbbbbbbbbbbbbbbbbbbbbbbbbbb[0m
[+   17.35] [1;32muart:~$ [m[8D[J[1;32muart:~$ [m[8D[J[00:00:40.543,000] [0m<inf> coprocessor_service: burst 1207 of 1500 bbbbbbbbbbbbbbbbbbbbbbbbbbbbbbbbbbbbbbbbbbbbbbbbbbbbbbbbbbbbbbbbbbbbbbbbbbbbbbbbbbbbbbbbbbbbbbbbbbbbbbbbbbbbbbbbbbbbbbbb[0m
[+   17.45] [1;32muart:~$ [m[8D[J[1;32muart:~$ [m[8D[J[00:00:40.543,000] [0m<inf> coprocessor_service: burst 1208 of 1500 bbbbbbbbbbbbbbbbbbbbbbbbbbbbbbbbbbbbbbbbbbbbbbbbbbbbbbbbbbbbbbbbbbbbbbbbbbbbbbbbbbbbbbbbbbbbbbbbbbbbbbbbbbbbbbbbbbbbbbbb[0m
[+   17.45] [1;32muart:~$ [m[8D[J[1;32muart:~$ [m[8D[J[00:00:40.543,000] [0m<inf> coprocessor_service: burst 1209 of 1500 bbbbbbbbbbbbbbbbbbbbbbbbbbbbbbbbbbbbbbbbbbbbbbbbbbbbbbbbbbbbbbbbbbbbbbbbbbbbbbbbbbbbbbbbbbbbbbbbbbbbbbbbbbbbbbbbbbbbbbbb[0m
[+   17.55] [1;32muart:~$ [m[8D[J[1;32muart:~$ [m[8D[J[00:00:40.543,000] [0m<inf> coprocessor_service: burst 1210 of 1500 bbbbbbbbbbbbbbbbbbbbbbbbbbbbbbbbbbbbbbbbbbbbbbbbbbbbbbbbbbbbbbbbbbbbbbbbbbbbbbbbbbbbbbbbbbbbbbbbbbbbbbbbbbbbbbbbbbbbbbbb[0m
[+   17.66] [1;32muart:~$ [m[8D[J[1;32muart:~$ [m[8D[J[00:00:40.544,000] [0m<inf> coprocessor_service: burst 1211 of 1500 bbbbbbbbbbbbbbbbbbbbbbbbbbbbbbbbbbbbbbbbbbbbbbbbbbbbbbbbbbbbbbbbbbbbbbbbbbbbbbbbbbbbbbbbbbbbbbbbbbbbbbbbbbbbbbbbbbbbbbbb[0m
[+   19.68] [1;32muart:~$ [m[8D[J[1;32muart:~$ [m[8D[J[00:00:40.544,000] [0m<inf> coprocessor_service: burst 1212 of 1500 bbbbbbbbbbbbbbbbbbbbbbbbbbbbbbbbbbbbbbbbbbbbbbbbbbbbbbbbbbbbbbbbbbbbbbbbbbbbbbbbbbbbbbbbbbbbbbbbbbbbbbbbbbbbbbbbbbbbbbbb[0m
[+   19.79] [1;32muart:~$ [m[8D[J[1;32muart:~$ [m[8D[J[00:00:40.544,000] [0m<inf> coprocessor_service: burst 1213 of 1500 bbbbbbbbbbbbbbbbbbbbbbbbbbbbbbbbbbbbbbbbbbbbbbbbbbbbbbbbbbbbbbbbbbbbbbbbbbbbbbbbbbbbbbbbbbbbbbbbbbbbbbbbbbbbbbbbbbbbbbbb[0m
[+   19.89] [1;32muart:~$ [m[8D[J[1;32muart:~$ [m[8D[J[00:00:40.544,000] [0m<inf> coprocessor_service: burst 1214 of 1500 bbbbbbbbbbbbbbbbbbbbbbbbbbbbbbbbbbbbbbbbbbbbbbbbbbbbbbbbbbbbbbbbbbbbbbbbbbbbbbbbbbbbbbbbbbbbbbbbbbbbbbbbbbbbbbbbbbbbbbbb[0m
[+   19.99] [1;32muart:~$ [m[8D[J[1;32muart:~$ [m[8D[J[00:00:40.545,000] [0m<inf> coprocessor_service: burst 1215 of 1500 bbbbbbbbbbbbbbbbbbbbbbbbbbbbbbbbbbbbbbbbbbbbbbbbbbbbbbbbbbbbbbbbbbbbbbbbbbbbbbbbbbbbbbbbbbbbbbbbbbbbbbbbbbbbbbbbbbbbbbbb[0m
[+   19.99] [1;32muart:~$ [m[8D[J[1;32muart:~$ [m[8D[J[00:00:40.545,000] [0m<inf> coprocessor_service: burst 1216 of 1500 bbbbbbbbbbbbbbbbbbbbbbbbbbbbbbbbbbbbbbbbbbbbbbbbbbbbbbbbbbbbbbbbbbbbbbbbbbbbbbbbbbbbbbbbbbbbbbbbbbbbbbbbbbbbbbbbbbbbbbbb[0m
[+   20.10] [1;32muart:~$ [m[8D[J[1;32muart:~$ [m[8D[J[00:00:40.545,000] [0m<inf> coprocessor_service: burst 1217 of 1500 bbbbbbbbbbbbbbbbbbbbbbbbbbbbbbbbbbbbbbbbbbbbbbbbbbbbbbbbbbbbbbbbbbbbbbbbbbbbbbbbbbbbbbbbbbbbbbbbbbbbbbbbbbbbbbbbbbbbbbbb[0m
[+   20.20] [1;32muart:~$ [m[8D[J[1;32muart:~$ [m[8D[J[00:00:40.545,000] [0m<inf> coprocessor_service: burst 1218 of 1500 bbbbbbbbbbbbbbbbbbbbbbbbbbbbbbbbbbbbbbbbbbbbbbbbbbbbbbbbbbbbbbbbbbbbbbbbbbbbbbbbbbbbbbbbbbbbbbbbbbbbbbbbbbbbbbbbbbbbbbbb[0m
[+   20.30] [1;32muart:~$ [m[8D[J[1;32muart:~$ [m[8D[J[00:00:40.546,000] [0m<inf> coprocessor_service: burst 1219 of 1500 bbbbbbbbbbbbbbbbbbbbbbbbbbbbbbbbbbbbbbbbbbbbbbbbbbbbbbbbbbbbbbbbbbbbbbbbbbbbbbbbbbbbbbbbbbbbbbbbbbbbbbbbbbbbbbbbbbbbbbbb[0m
[+   20.30] [1;32muart:~$ [m[8D[J[1;32muart:~$ [m[8D[J[00:00:40.546,000] [0m<inf> coprocessor_service: burst 1220 of 1500 bbbbbbbbbbbbbbbbbbbbbbbbbbbbbbbbbbbbbbbbbbbbbbbbbbbbbbbbbbbbbbbbbbbbbbbbbbbbbbbbbbbbbbbbbbbbbbbbbbbbbbbbbbbbbbbbbbbbbbbb[0m
[+   20.41] [1;32muart:~$ [m[8D[J[1;32muart:~$ [m[8D[J[00:00:40.546,000] [0m<inf> coprocessor_service: burst 1221 of 1500 bbbbbbbbbbbbbbbbbbbbbbbbbbbbbbbbbbbbbbbbbbbbbbbbbbbbbbbbbbbbbbbbbbbbbbbbbbbbbbbbbbbbbbbbbbbbbbbbbbbbbbbbbbbbbbbbbbbbbbbb[0m
[+   20.51] [1;32muart:~$ [m[8D[J[1;32muart:~$ [m[8D[J[00:00:40.547,000] [0m<inf> coprocessor_service: burst 1222 of 1500 bbbbbbbbbbbbbbbbbbbbbbbbbbbbbbbbbbbbbbbbbbbbbbbbbbbbbbbbbbbbbbbbbbbbbbbbbbbbbbbbbbbbbbbbbbbbbbbbbbbbbbbbbbbbbbbbbbbbbbbb[0m
[+   20.61] [1;32muart:~$ [m[8D[J[1;32muart:~$ [m[8D[J[00:00:40.547,000] [0m<inf> coprocessor_service: burst 1223 of 1500 bbbbbbbbbbbbbbbbbbbbbbbbbbbbbbbbbbbbbbbbbbbbbbbbbbbbbbbbbbbbbbbbbbbbbbbbbbbbbbbbbbbbbbbbbbbbbbbbbbbbbbbbbbbbbbbbbbbbbbbb[0m
[+   20.72] [1;32muart:~$ [m[8D[J[1;32muart:~$ [m[8D[J[00:00:40.547,000] [0m<inf> coprocessor_service: burst 1224 of 1500 bbbbbbbbbbbbbbbbbbbbbbbbbbbbbbbbbbbbbbbbbbbbbbbbbbbbbbbbbbbbbbbbbbbbbbbbbbbbbbbbbbbbbbbbbbbbbbbbbbbbbbbbbbbbbbbbbbbbbbbb[0m
[+   20.72] [1;32muart:~$ [m[8D[J[1;32muart:~$ [m[8D[J[00:00:40.547,000] [0m<inf> coprocessor_service: burst 1225 of 1500 bbbbbbbbbbbbbbbbbbbbbbbbbbbbbbbbbbbbbbbbbbbbbbbbbbbbbbbbbbbbbbbbbbbbbbbbbbbbbbbbbbbbbbbbbbbbbbbbbbbbbbbbbbbbbbbbbbbbbbbb[0m
[+   20.82] [1;32muart:~$ [m[8D[J[1;32muart:~$ [m[8D[J[00:00:40.548,000] [0m<inf> coprocessor_service: burst 1226 of 1500 bbbbbbbbbbbbbbbbbbbbbbbbbbbbbbbbbbbbbbbbbbbbbbbbbbbbbbbbbbbbbbbbbbbbbbbbbbbbbbbbbbbbbbbbbbbbbbbbbbbbbbbbbbbbbbbbbbbbbbbb[0m
[+   20.93] [1;32muart:~$ [m[8D[J[1;32muart:~$ [m[8D[J[00:00:40.548,000] [0m<inf> coprocessor_service: burst 1227 of 1500 bbbbbbbbbbbbbbbbbbbbbbbbbbbbbbbbbbbbbbbbbbbbbbbbbbbbbbbbbbbbbbbbbbbbbbbbbbbbbbbbbbbbbbbbbbbbbbbbbbbbbbbbbbbbbbbbbbbbbbbb[0m
[+   21.03] [1;32muart:~$ [m[8D[J[1;32muart:~$ [m[8D[J[00:00:40.548,000] [0m<inf> coprocessor_service: burst 1228 of 1500 bbbbbbbbbbbbbbbbbbbbbbbbbbbbbbbbbbbbbbbbbbbbbbbbbbbbbbbbbbbbbbbbbbbbbbbbbbbbbbbbbbbbbbbbbbbbbbbbbbbbbbbbbbbbbbbbbbbbbbbb[0m
[+   21.14] [1;32muart:~$ [m[8D[J[1;32muart:~$ [m[8D[J[00:00:40.548,000] [0m<inf> coprocessor_service: burst 1229 of 1500 bbbbbbbbbbbbbbbbbbbbbbbbbbbbbbbbbbbbbbbbbbbbbbbbbbbbbbbbbbbbbbbbbbbbbbbbbbbbbbbbbbbbbbbbbbbbbbbbbbbbbbbbbbbbbbbbbbbbbbbb[0m
[+   21.14] [1;32muart:~$ [m[8D[J[1;32muart:~$ [m[8D[J[00:00:40.549,000] [0m<inf> coprocessor_service: burst 1230 of 1500 bbbbbbbbbbbbbbbbbbbbbbbbbbbbbbbbbbbbbbbbbbbbbbbbbbbbbbbbbbbbbbbbbbbbbbbbbbbbbbbbbbbbbbbbbbbbbbbbbbbbbbbbbbbbbbbbbbbbbbbb[0m
[+   21.24] [1;32muart:~$ [m[8D[J[1;32muart:~$ [m[8D[J[00:00:40.549,000] [0m<inf> coprocessor_service: burst 1231 of 1500 bbbbbbbbbbbbbbbbbbbbbbbbbbbbbbbbbbbbbbbbbbbbbbbbbbbbbbbbbbbbbbbbbbbbbbbbbbbbbbbbbbbbbbbbbbbbbbbbbbbbbbbbbbbbbbbbbbbbbbbb[0m
[+   21.34] [1;32muart:~$ [m[8D[J[1;32muart:~$ [m[8D[J[00:00:40.549,000] [0m<inf> coprocessor_service: burst 1232 of 1500 bbbbbbbbbbbbbbbbbbbbbbbbbbbbbbbbbbbbbbbbbbbbbbbbbbbbbbbbbbbbbbbbbbbbbbbbbbbbbbbbbbbbbbbbbbbbbbbbbbbbbbbbbbbbbbbbbbbbbbbb[0m
[+   21.44] [1;32muart:~$ [m[8D[J[1;32muart:~$ [m[8D[J[00:00:40.549,000] [0m<inf> coprocessor_service: burst 1233 of 1500 bbbbbbbbbbbbbbbbbbbbbbbbbbbbbbbbbbbbbbbbbbbbbbbbbbbbbbbbbbbbbbbbbbbbbbbbbbbbbbbbbbbbbbbbbbbbbbbbbbbbbbbbbbbbbbbbbbbbbbbb[0m
[+   21.54] [1;32muart:~$ [m[8D[J[1;32muart:~$ [m[8D[J[00:00:40.550,000] [0m<inf> coprocessor_service: burst 1234 of 1500 bbbbbbbbbbbbbbbbbbbbbbbbbbbbbbbbbbbbbbbbbbbbbbbbbbbbbbbbbbbbbbbbbbbbbbbbbbbbbbbbbbbbbbbbbbbbbbbbbbbbbbbbbbbbbbbbbbbbbbbb[0m
[+   21.54] [1;32muart:~$ [m[8D[J[1;32muart:~$ [m[8D[J[00:00:40.550,000] [0m<inf> coprocessor_service: burst 1235 of 1500 bbbbbbbbbbbbbbbbbbbbbbbbbbbbbbbbbbbbbbbbbbbbbbbbbbbbbbbbbbbbbbbbbbbbbbbbbbbbbbbbbbbbbbbbbbbbbbbbbbbbbbbbbbbbbbbbbbbbbbbb[0m
[+   24.00] [1;32muart:~$ [m[8D[J[1;32muart:~$ [m[8D[J[00:00:40.550,000] [0m<inf> coprocessor_service: burst 1236 of 1500 bbbbbbbbbbbbbbbbbbbbbbbbbbbbbbbbbbbbbbbbbbbbbbbbbbbbbbbbbbbbbbbbbbbbbbbbbbbbbbbbbbbbbbbbbbbbbbbbbbbbbbbbbbbbbbbbbbbbbbbb[0m
[+   24.10] [1;32muart:~$ [m[8D[J[1;32muart:~$ [m[8D[J[00:00:40.550,000] [0m<inf> coprocessor_service: burst 1237 of 1500 bbbbbbbbbbbbbbbbbbbbbbbbbbbbbbbbbbbbbbbbbbbbbbbbbbbbbbbbbbbbbbbbbbbbbbbbbbbbbbbbbbbbbbbbbbbbbbbbbbbbbbbbbbbbbbbbbbbbbbbb[0m
[+   24.10] [1;32muart:~$ [m[8D[J[1;32muart:~$ [m[8D[J[00:00:40.551,000] [0m<inf> coprocessor_service: burst 1238 of 1500 bbbbbbbbbbbbbbbbbbbbbbbbbbbbbbbbbbbbbbbbbbbbbbbbbbbbbbbbbbbbbbbbbbbbbbbbbbbbbbbbbbbbbbbbbbbbbbbbbbbbbbbbbbbbbbbbbbbbbbbb[0m
[+   24.21] [1;32muart:~$ [m[8D[J[1;32muart:~$ [m[8D[J[00:00:40.551,000] [0m<inf> coprocessor_service: burst 1239 of 1500 bbbbbbbbbbbbbbbbbbbbbbbbbbbbbbbbbbbbbbbbbbbbbbbbbbbbbbbbbbbbbbbbbbbbbbbbbbbbbbbbbbbbbbbbbbbbbbbbbbbbbbbbbbbbbbbbbbbbbbbb[0m
[+   24.31] [1;32muart:~$ [m[8D[J[1;32muart:~$ [m[8D[J[00:00:40.551,000] [0m<inf> coprocessor_service: burst 1240 of 1500 bbbbbbbbbbbbbbbbbbbbbbbbbbbbbbbbbbbbbbbbbbbbbbbbbbbbbbbbbbbbbbbbbbbbbbbbbbbbbbbbbbbbbbbbbbbbbbbbbbbbbbbbbbbbbbbbbbbbbbbb[0m
[+   24.41] [1;32muart:~$ [m[8D[J[1;32muart:~$ [m[8D[J[00:00:40.551,000] [0m<inf> coprocessor_service: burst 1241 of 1500 bbbbbbbbbbbbbbbbbbbbbbbbbbbbbbbbbbbbbbbbbbbbbbbbbbbbbbbbbbbbbbbbbbbbbbbbbbbbbbbbbbbbbbbbbbbbbbbbbbbbbbbbbbbbbbbbbbbbbbbb[0m
[+   24.41] [1;32muart:~$ [m[8D[J[1;32muart:~$ [m[8D[J[00:00:40.552,000] [0m<inf> coprocessor_service: burst 1242 of 1500 bbbbbbbbbbbbbbbbbbbbbbbbbbbbbbbbbbbbbbbbbbbbbbbbbbbbbbbbbbbbbbbbbbbbbbbbbbbbbbbbbbbbbbbbbbbbbbbbbbbbbbbbbbbbbbbbbbbbbbbb[0m
[+   24.51] [1;32muart:~$ [m[8D[J[1;32muart:~$ [m[8D[J[00:00:40.552,000] [0m<inf> coprocessor_service: burst 1243 of 1500 bbbbbbbbbbbbbbbbbbbbbbbbbbbbbbbbbbbbbbbbbbbbbbbbbbbbbbbbbbbbbbbbbbbbbbbbbbbbbbbbbbbbbbbbbbbbbbbbbbbbbbbbbbbbbbbbbbbbbbbb[0m
[+   24.62] [1;32muart:~$ [m[8D[J[1;32muart:~$ [m[8D[J[00:00:40.552,000] [0m<inf> coprocessor_service: burst 1244 of 1500 bbbbbbbbbbbbbbbbbbbbbbbbbbbbbbbbbbbbbbbbbbbbbbbbbbbbbbbbbbbbbbbbbbbbbbbbbbbbbbbbbbbbbbbbbbbbbbbbbbbbbbbbbbbbbbbbbbbbbbbb[0m
[+   24.72] [1;32muart:~$ [m[8D[J[1;32muart:~$ [m[8D[J[00:00:40.553,000] [0m<inf> coprocessor_service: burst 1245 of 1500 bbbbbbbbbbbbbbbbbbbbbbbbbbbbbbbbbbbbbbbbbbbbbbbbbbbbbbbbbbbbbbbbbbbbbbbbbbbbbbbbbbbbbbbbbbbbbbbbbbbbbbbbbbbbbbbbbbbbbbbb[0m
[+   24.82] [1;32muart:~$ [m[8D[J[1;32muart:~$ [m[8D[J[00:00:40.553,000] [0m<inf> coprocessor_service: burst 1246 of 1500 bbbbbbbbbbbbbbbbbbbbbbbbbbbbbbbbbbbbbbbbbbbbbbbbbbbbbbbbbbbbbbbbbbbbbbbbbbbbbbbbbbbbbbbbbbbbbbbbbbbbbbbbbbbbbbbbbbbbbbbb[0m
[+   24.82] [1;32muart:~$ [m[8D[J[1;32muart:~$ [m[8D[J[00:00:40.553,000] [0m<inf> coprocessor_service: burst 1247 of 1500 bbbbbbbbbbbbbbbbbbbbbbbbbbbbbbbbbbbbbbbbbbbbbbbbbbbbbbbbbbbbbbbbbbbbbbbbbbbbbbbbbbbbbbbbbbbbbbbbbbbbbbbbbbbbbbbbbbbbbbbb[0m
[+   24.93] [1;32muart:~$ [m[8D[J[1;32muart:~$ [m[8D[J[00:00:40.553,000] [0m<inf> coprocessor_service: burst 1248 of 1500 bbbbbbbbbbbbbbbbbbbbbbbbbbbbbbbbbbbbbbbbbbbbbbbbbbbbbbbbbbbbbbbbbbbbbbbbbbbbbbbbbbbbbbbbbbbbbbbbbbbbbbbbbbbbbbbbbbbbbbbb[0m
[+   25.03] [1;32muart:~$ [m[8D[J[1;32muart:~$ [m[8D[J[00:00:40.554,000] [0m<inf> coprocessor_service: burst 1249 of 1500 bbbbbbbbbbbbbbbbbbbbbbbbbbbbbbbbbbbbbbbbbbbbbbbbbbbbbbbbbbbbbbbbbbbbbbbbbbbbbbbbbbbbbbbbbbbbbbbbbbbbbbbbbbbbbbbbbbbbbbbb[0m
[+   25.13] [1;32muart:~$ [m[8D[J[1;32muart:~$ [m[8D[J[00:00:40.554,000] [0m<inf> coprocessor_service: burst 1250 of 1500 bbbbbbbbbbbbbbbbbbbbbbbbbbbbbbbbbbbbbbbbbbbbbbbbbbbbbbbbbbbbbbbbbbbbbbbbbbbbbbbbbbbbbbbbbbbbbbbbbbbbbbbbbbbbbbbbbbbbbbbb[0m
[+   25.13] [1;32muart:~$ [m[8D[J[1;32muart:~$ [m[8D[J[00:00:40.554,000] [0m<inf> coprocessor_service: burst 1251 of 1500 bbbbbbbbbbbbbbbbbbbbbbbbbbbbbbbbbbbbbbbbbbbbbbbbbbbbbbbbbbbbbbbbbbbbbbbbbbbbbbbbbbbbbbbbbbbbbbbbbbbbbbbbbbbbbbbbbbbbbbbb[0m
[+   25.24] [1;32muart:~$ [m[8D[J[1;32muart:~$ [m[8D[J[00:00:40.554,000] [0m<inf> coprocessor_service: burst 1252 of 1500 bbbbbbbbbbbbbbbbbbbbbbbbbbbbbbbbbbbbbbbbbbbbbbbbbbbbbbbbbbbbbbbbbbbbbbbbbbbbbbbbbbbbbbbbbbbbbbbbbbbbbbbbbbbbbbbbbbbbbbbb[0m
[+   25.34] [1;32muart:~$ [m[8D[J[1;32muart:~$ [m[8D[J[00:00:40.555,000] [0m<inf> coprocessor_service: burst 1253 of 1500 bbbbbbbbbbbbbbbbbbbbbbbbbbbbbbbbbbbbbbbbbbbbbbbbbbbbbbbbbbbbbbbbbbbbbbbbbbbbbbbbbbbbbbbbbbbbbbbbbbbbbbbbbbbbbbbbbbbbbbbb[0m
[+   25.44] [1;32muart:~$ [m[8D[J[1;32muart:~$ [m[8D[J[00:00:40.555,000] [0m<inf> coprocessor_service: burst 1254 of 1500 bbbbbbbbbbbbbbbbbbbbbbbbbbbbbbbbbbbbbbbbbbbbbbbbbbbbbbbbbbbbbbbbbbbbbbbbbbbbbbbbbbbbbbbbbbbbbbbbbbbbbbbbbbbbbbbbbbbbbbbb[0m
[+   25.55] [1;32muart:~$ [m[8D[J[1;32muart:~$ [m[8D[J[00:00:40.555,000] [0m<inf> coprocessor_service: burst 1255 of 1500 bbbbbbbbbbbbbbbbbbbbbbbbbbbbbbbbbbbbbbbbbbbbbbbbbbbbbbbbbbbbbbbbbbbbbbbbbbbbbbbbbbbbbbbbbbbbbbbbbbbbbbbbbbbbbbbbbbbbbbbb[0m
[+   25.55] [1;32muart:~$ [m[8D[J[1;32muart:~$ [m[8D[J[00:00:40.555,000] [0m<inf> coprocessor_service: burst 1256 of 1500 bbbbbbbbbbbbbbbbbbbbbbbbbbbbbbbbbbbbbbbbbbbbbbbbbbbbbbbbbbbbbbbbbbbbbbbbbbbbbbbbbbbbbbbbbbbbbbbbbbbbbbbbbbbbbbbbbbbbbbbb[0m
[+   25.65] [1;32muart:~$ [m[8D[J[1;32muart:~$ [m[8D[J[00:00:40.556,000] [0m<inf> coprocessor_service: burst 1257 of 1500 bbbbbbbbbbbbbbbbbbbbbbbbbbbbbbbbbbbbbbbbbbbbbbbbbbbbbbbbbbbbbbbbbbbbbbbbbbbbbbbbbbbbbbbbbbbbbbbbbbbbbbbbbbbbbbbbbbbbbbbb[0m
[+   25.75] [1;32muart:~$ [m[8D[J[1;32muart:~$ [m[8D[J[00:00:40.556,000] [0m<inf> coprocessor_service: burst 1258 of 1500 bbbbbbbbbbbbbbbbbbbbbbbbbbbbbbbbbbbbbbbbbbbbbbbbbbbbbbbbbbbbbbbbbbbbbbbbbbbbbbbbbbbbbbbbbbbbbbbbbbbbbbbbbbbbbbbbbbbbbbbb[0m
[+   25.86] [1;32muart:~$ [m[8D[J[1;32muart:~$ [m[8D[J[00:00:40.556,000] [0m<inf> coprocessor_service: burst 1259 of 1500 bbbbbbbbbbbbbbbbbbbbbbbbbbbbbbbbbbbbbbbbbbbbbbbbbbbbbbbbbbbbbbbbbbbbbbbbbbbbbbbbbbbbbbbbbbbbbbbbbbbbbbbbbbbbbbbbbbbbbbbb[0m
[+   28.44] [1;32muart:~$ [m[8D[J[1;32muart:~$ [m[8D[J[00:00:40.556,000] [0m<inf> coprocessor_service: burst 1260 of 1500 bbbbbbbbbbbbbbbbbbbbbbbbbbbbbbbbbbbbbbbbbbbbbbbbbbbbbbbbbbbbbbbbbbbbbbbbbbbbbbbbbbbbbbbbbbbbbbbbbbbbbbbbbbbbbbbbbbbbbbbb[0m
[+   28.55] [1;32muart:~$ [m[8D[J[1;32muart:~$ [m[8D[J[00:00:40.557,000] [0m<inf> coprocessor_service: burst 1261 of 1500 bbbbbbbbbbbbbbbbbbbbbbbbbbbbbbbbbbbbbbbbbbbbbbbbbbbbbbbbbbbbbbbbbbbbbbbbbbbbbbbbbbbbbbbbbbbbbbbbbbbbbbbbbbbbbbbbbbbbbbbb[0m
[+   28.55] [1;32muart:~$ [m[8D[J[1;32muart:~$ [m[8D[J[00:00:40.557,000] [0m<inf> coprocessor_service: burst 1262 of 1500 bbbbbbbbbbbbbbbbbbbbbbbbbbbbbbbbbbbbbbbbbbbbbbbbbbbbbbbbbbbbbbbbbbbbbbbbbbbbbbbbbbbbbbbbbbbbbbbbbbbbbbbbbbbbbbbbbbbbbbbb[0m
[+   28.65] [1;32muart:~$ [m[8D[J[1;32muart:~$ [m[8D[J[00:00:40.557,000] [0m<inf> coprocessor_service: burst 1263 of 1500 bbbbbbbbbbbbbbbbbbbbbbbbbbbbbbbbbbbbbbbbbbbbbbbbbbbbbbbbbbbbbbbbbbbbbbbbbbbbbbbbbbbbbbbbbbbbbbbbbbbbbbbbbbbbbbbbbbbbbbbb[0m
[+   28.75] [1;32muart:~$ [m[8D[J[1;32muart:~$ [m[8D[J[00:00:40.557,000] [0m<inf> coprocessor_service: burst 1264 of 1500 bbbbbbbbbbbbbbbbbbbbbbbbbbbbbbbbbbbbbbbbbbbbbbbbbbbbbbbbbbbbbbbbbbbbbbbbbbbbbbbbbbbbbbbbbbbbbbbbbbbbbbbbbbbbbbbbbbbbbbbb[0m
[+   28.85] [1;32muart:~$ [m[8D[J[1;32muart:~$ [m[8D[J[00:00:40.558,000] [0m<inf> coprocessor_service: burst 1265 of 1500 bbbbbbbbbbbbbbbbbbbbbbbbbbbbbbbbbbbbbbbbbbbbbbbbbbbbbbbbbbbbbbbbbbbbbbbbbbbbbbbbbbbbbbbbbbbbbbbbbbbbbbbbbbbbbbbbbbbbbbbb[0m
[+   28.96] [1;32muart:~$ [m[8D[J[1;32muart:~$ [m[8D[J[00:00:40.558,000] [0m<inf> coprocessor_service: burst 1266 of 1500 bbbbbbbbbbbbbbbbbbbbbbbbbbbbbbbbbbbbbbbbbbbbbbbbbbbbbbbbbbbbbbbbbbbbbbbbbbbbbbbbbbbbbbbbbbbbbbbbbbbbbbbbbbbbbbbbbbbbbbbb[0m
[+   28.96] [1;32muart:~$ [m[8D[J[1;32muart:~$ [m[8D[J[00:00:40.558,000] [0m<inf> coprocessor_service: burst 1267 of 1500 bbbbbbbbbbbbbbbbbbbbbbbbbbbbbbbbbbbbbbbbbbbbbbbbbbbbbbbbbbbbbbbbbbbbbbbbbbbbbbbbbbbbbbbbbbbbbbbbbbbbbbbbbbbbbbbbbbbbbbbb[0m
[+   29.06] [1;32muart:~$ [m[8D[J[1;32muart:~$ [m[8D[J[00:00:40.559,000] [0m<inf> coprocessor_service: burst 1268 of 1500 bbbbbbbbbbbbbbbbbbbbbbbbbbbbbbbbbbbbbbbbbbbbbbbbbbbbbbbbbbbbbbbbbbbbbbbbbbbbbbbbbbbbbbbbbbbbbbbbbbbbbbbbbbbbbbbbbbbbbbbb[0m
[+   29.16] [1;32muart:~$ [m[8D[J[1;32muart:~$ [m[8D[J[00:00:40.559,000] [0m<inf> coprocessor_service: burst 1269 of 1500 bbbbbbbbbbbbbbbbbbbbbbbbbbbbbbbbbbbbbbbbbbbbbbbbbbbbbbbbbbbbbbbbbbbbbbbbbbbbbbbbbbbbbbbbbbbbbbbbbbbbbbbbbbbbbbbbbbbbbbbb[0m
[+   29.26] [1;32muart:~$ [m[8D[J[1;32muart:~$ [m[8D[J[00:00:40.559,000] [0m<inf> coprocessor_service: burst 1270 of 1500 bbbbbbbbbbbbbbbbbbbbbbbbbbbbbbbbbbbbbbbbbbbbbbbbbbbbbbbbbbbbbbbbbbbbbbbbbbbbbbbbbbbbbbbbbbbbbbbbbbbbbbbbbbbbbbbbbbbbbbbb[0m
[+   29.26] [1;32muart:~$ [m[8D[J[1;32muart:~$ [m[8D[J[00:00:40.559,000] [0m<inf> coprocessor_service: burst 1271 of 1500 bbbbbbbbbbbbbbbbbbbbbbbbbbbbbbbbbbbbbbbbbbbbbbbbbbbbbbbbbbbbbbbbbbbbbbbbbbbbbbbbbbbbbbbbbbbbbbbbbbbbbbbbbbbbbbbbbbbbbbbb[0m
[+   29.36] [1;32muart:~$ [m[8D[J[1;32muart:~$ [m[8D[J[00:00:40.560,000] [0m<inf> coprocessor_service: burst 1272 of 1500 bbbbbbbbbbbbbbbbbbbbbbbbbbbbbbbbbbbbbbbbbbbbbbbbbbbbbbbbbbbbbbbbbbbbbbbbbbbbbbbbbbbbbbbbbbbbbbbbbbbbbbbbbbbbbbbbbbbbbbbb[0m
[+   29.47] [1;32muart:~$ [m[8D[J[1;32muart:~$ [m[8D[J[00:00:40.560,000] [0m<inf> coprocessor_service: burst 1273 of 1500 bbbbbbbbbbbbbbbbbbbbbbbbbbbbbbbbbbbbbbbbbbbbbbbbbbbbbbbbbbbbbbbbbbbbbbbbbbbbbbbbbbbbbbbbbbbbbbbbbbbbbbbbbbbbbbbbbbbbbbbb[0m
[+   29.57] [1;32muart:~$ [m[8D[J[1;32muart:~$ [m[8D[J[00:00:40.560,000] [0m<inf> coprocessor_service: burst 1274 of 1500 bbbbbbbbbbbbbbbbbbbbbbbbbbbbbbbbbbbbbbbbbbbbbbbbbbbbbbbbbbbbbbbbbbbbbbbbbbbbbbbbbbbbbbbbbbbbbbbbbbbbbbbbbbbbbbbbbbbbbbbb[0m
[+   29.67] [1;32muart:~$ [m[8D[J[1;32muart:~$ [m[8D[J[00:00:40.560,000] [0m<inf> coprocessor_service: burst 1275 of 1500 bbbbbbbbbbbbbbbbbbbbbbbbbbbbbbbbbbbbbbbbbbbbbbbbbbbbbbbbbbbbbbbbbbbbbbbbbbbbbbbbbbbbbbbbbbbbbbbbbbbbbbbbbbbbbbbbbbbbbbbb[0m
[+   29.67] [1;32muart:~$ [m[8D[J[1;32muart:~$ [m[8D[J[00:00:40.561,000] [0m<inf> coprocessor_service: burst 1276 of 1500 bbbbbbbbbbbbbbbbbbbbbbbbbbbbbbbbbbbbbbbbbbbbbbbbbbbbbbbbbbbbbbbbbbbbbbbbbbbbbbbbbbbbbbbbbbbbbbbbbbbbbbbbbbbbbbbbbbbbbbbb[0m
[+   29.78] [1;32muart:~$ [m[8D[J[1;32muart:~$ [m[8D[J[00:00:40.561,000] [0m<inf> coprocessor_service: burst 1277 of 1500 bbbbbbbbbbbbbbbbbbbbbbbbbbbbbbbbbbbbbbbbbbbbbbbbbbbbbbbbbbbbbbbbbbbbbbbbbbbbbbbbbbbbbbbbbbbbbbbbbbbbbbbbbbbbbbbbbbbbbbbb[0m
[+   29.88] [1;32muart:~$ [m[8D[J[1;32muart:~$ [m[8D[J[00:00:40.561,000] [0m<inf> coprocessor_service: burst 1278 of 1500 bbbbbbbbbbbbbbbbbbbbbbbbbbbbbbbbbbbbbbbbbbbbbbbbbbbbbbbbbbbbbbbbbbbbbbbbbbbbbbbbbbbbbbbbbbbbbbbbbbbbbbbbbbbbbbbbbbbbbbbb[0m
[+   29.98] [1;32muart:~$ [m[8D[J[1;32muart:~$ [m[8D[J[00:00:40.561,000] [0m<inf> coprocessor_service: burst 1279 of 1500 bbbbbbbbbbbbbbbbbbbbbbbbbbbbbbbbbbbbbbbbbbbbbbbbbbbbbbbbbbbbbbbbbbbbbbbbbbbbbbbbbbbbbbbbbbbbbbbbbbbbbbbbbbbbbbbbbbbbbbbb[0m
[+   29.98] [1;32muart:~$ [m[8D[J[1;32muart:~$ [m[8D[J[00:00:40.562,000] [0m<inf> coprocessor_service: burst 1280 of 1500 bbbbbbbbbbbbbbbbbbbbbbbbbbbbbbbbbbbbbbbbbbbbbbbbbbbbbbbbbbbbbbbbbbbbbbbbbbbbbbbbbbbbbbbbbbbbbbbbbbbbbbbbbbbbbbbbbbbbbbbb[0m
[+   30.09] [1;32muart:~$ [m[8D[J[1;32muart:~$ [m[8D[J[00:00:40.562,000] [0m<inf> coprocessor_service: burst 1281 of 1500 bbbbbbbbbbbbbbbbbbbbbbbbbbbbbbbbbbbbbbbbbbbbbbbbbbbbbbbbbbbbbbbbbbbbbbbbbbbbbbbbbbbbbbbbbbbbbbbbbbbbbbbbbbbbbbbbbbbbbbbb[0m
[+   30.19] [1;32muart:~$ [m[8D[J[1;32muart:~$ [m[8D[J[00:00:40.562,000] [0m<inf> coprocessor_service: burst 1282 of 1500 bbbbbbbbbbbbbbbbbbbbbbbbbbbbbbbbbbbbbbbbbbbbbbbbbbbbbbbbbbbbbbbbbbbbbbbbbbbbbbbbbbbbbbbbbbbbbbbbbbbbbbbbbbbbbbbbbbbbbbbb[0m
[+   30.30] [1;32muart:~$ [m[8D[J[1;32muart:~$ [m[8D[J[00:00:40.562,000] [0m<inf> coprocessor_service: burst 1283 of 1500 bbbbbbbbbbbbbbbbbbbbbbbbbbbbbbbbbbbbbbbbbbbbbbbbbbbbbbbbbbbbbbbbbbbbbbbbbbbbbbbbbbbbbbbbbbbbbbbbbbbbbbbbbbbbbbbbbbbbbbbb[0m
[+   30.94] [1;32muart:~$ [m[8D[J[1;32muart:~$ [m[8D[J[00:00:40.563,000] [0m<inf> coprocessor_service: burst 1284 of 1500 bbbbbbbbbbbbbbbbbbbbbbbbbbbbbbbbbbbbbbbbbbbbbbbbbbbbbbbbbbbbbbbbbbbbbbbbbbbbbbbbbbbbbbbbbbbbbbbbbbbbbbbbbbbbbbbbbbbbbbbb[0m
[+   31.04] [1;32muart:~$ [m[8D[J[1;32muart:~$ [m[8D[J[00:00:40.563,000] [0m<inf> coprocessor_service: burst 1285 of 1500 bbbbbbbbbbbbbbbbbbbbbbbbbbbbbbbbbbbbbbbbbbbbbbbbbbbbbbbbbbbbbbbbbbbbbbbbbbbbbbbbbbbbbbbbbbbbbbbbbbbbbbbbbbbbbbbbbbbbbbbb[0m
[+   31.04] [1;32muart:~$ [m[8D[J[1;32muart:~$ [m[8D[J[00:00:40.563,000] [0m<inf> coprocessor_service: burst 1286 of 1500 bbbbbbbbbbbbbbbbbbbbbbbbbbbbbbbbbbbbbbbbbbbbbbbbbbbbbbbbbbbbbbbbbbbbbbbbbbbbbbbbbbbbbbbbbbbbbbbbbbbbbbbbbbbbbbbbbbbbbbbb[0m
[+   31.04] [1;32muart:~$ [m[8D[J[1;32muart:~$ [m[8D[J[00:00:40.563,000] [0m<inf> coprocessor_service: burst 1287 of 1500 bbbbbbbbbbbbbbbbbbbbbbbbbbbbbbbbbbbbbbbbbbbbbbbbbbbbbbbbbbbbbbbbbbbbbbbbbbbbbbbbbbbbbbbbbbbbbbbbbbbbbbbbbbbbbbbbbbbbbbbb[0m
[+   31.14] [1;32muart:~$ [m[8D[J[1;32muart:~$ [m[8D[J[00:00:40.564,000] [0m<inf> coprocessor_service: burst 1288 of 1500 bbbbbbbbbbbbbbbbbbbbbbbbbbbbbbbbbbbbbbbbbbbbbbbbbbbbbbbbbbbbbbbbbbbbbbbbbbbbbbbbbbbbbbbbbbbbbbbbbbbbbbbbbbbbbbbbbbbbbbbb[0m
[+   31.24] [1;32muart:~$ [m[8D[J[1;32muart:~$ [m[8D[J[00:00:40.564,000] [0m<inf> coprocessor_service: burst 1289 of 1500 bbbbbbbbbbbbbbbbbbbbbbbbbbbbbbbbbbbbbbbbbbbbbbbbbbbbbbbbbbbbbbbbbbbbbbbbbbbbbbbbbbbbbbbbbbbbbbbbbbbbbbbbbbbbbbbbbbbbbbbb[0m
[+   31.24] [1;32muart:~$ [m[8D[J[1;32muart:~$ [m[8D[J[00:00:40.564,000] [0m<inf> coprocessor_service: burst 1290 of 1500 bbbbbbbbbbbbbbbbbbbbbbbbbbbbbbbbbbbbbbbbbbbbbbbbbbbbbbbbbbbbbbbbbbbbbbbbbbbbbbbbbbbbbbbbbbbbbbbbbbbbbbbbbbbbbbbbbbbbbbbb[0m
[+   34.44] [1;32muart:~$ [m[8D[J[1;32muart:~$ [m[8D[J[00:00:40.564,000] [0m<inf> coprocessor_service: burst 1291 of 1500 bbbbbbbbbbbbbbbbbbbbbbbbbbbbbbbbbbbbbbbbbbbbbbbbbbbbbbbbbbbbbbbbbbbbbbbbbbbbbbbbbbbbbbbbbbbbbbbbbbbbbbbbbbbbbbbbbbbbbbbb[0m
[+   34.54] [1;32muart:~$ [m[8D[J[1;32muart:~$ [m[8D[J[00:00:40.565,000] [0m<inf> coprocessor_service: burst 1292 of 1500 bbbbbbbbbbbbbbbbbbbbbbbbbbbbbbbbbbbbbbbbbbbbbbbbbbbbbbbbbbbbbbbbbbbbbbbbbbbbbbbbbbbbbbbbbbbbbbbbbbbbbbbbbbbbbbbbbbbbbbbb[0m
[+   34.65] [1;32muart:~$ [m[8D[J[1;32muart:~$ [m[8D[J[00:00:40.565,000] [0m<inf> coprocessor_service: burst 1293 of 1500 bbbbbbbbbbbbbbbbbbbbbbbbbbbbbbbbbbbbbbbbbbbbbbbbbbbbbbbbbbbbbbbbbbbbbbbbbbbbbbbbbbbbbbbbbbbbbbbbbbbbbbbbbbbbbbbbbbbbbbbb[0m
[+   34.75] [1;32muart:~$ [m[8D[J[1;32muart:~$ [m[8D[J[00:00:40.565,000] [0m<inf> coprocessor_service: burst 1294 of 1500 bbbbbbbbbbbbbbbbbbbbbbbbbbbbbbbbbbbbbbbbbbbbbbbbbbbbbbbbbbbbbbbbbbbbbbbbbbbbbbbbbbbbbbbbbbbbbbbbbbbbbbbbbbbbbbbbbbbbbbbb[0m
[+   34.85] [1;32muart:~$ [m[8D[J[1;32muart:~$ [m[8D[J[00:00:40.566,000] [0m<inf> coprocessor_service: burst 1295 of 1500 bbbbbbbbbbbbbbbbbbbbbbbbbbbbbbbbbbbbbbbbbbbbbbbbbbbbbbbbbbbbbbbbbbbbbbbbbbbbbbbbbbbbbbbbbbbbbbbbbbbbbbbbbbbbbbbbbbbbbbbb[0m
[+   34.96] [1;32muart:~$ [m[8D[J[1;32muart:~$ [m[8D[J[00:00:40.566,000] [0m<inf> coprocessor_service: burst 1296 of 1500 bbbbbbbbbbbbbbbbbbbbbbbbbbbbbbbbbbbbbbbbbbbbbbbbbbbbbbbbbbbbbbbbbbbbbbbbbbbbbbbbbbbbbbbbbbbbbbbbbbbbbbbbbbbbbbbbbbbbbbbb[0m
[+   34.96] [1;32muart:~$ [m[8D[J[1;32muart:~$ [m[8D[J[00:00:40.566,000] [0m<inf> coprocessor_service: burst 1297 of 1500 bbbbbbbbbbbbbbbbbbbbbbbbbbbbbbbbbbbbbbbbbbbbbbbbbbbbbbbbbbbbbbbbbbbbbbbbbbbbbbbbbbbbbbbbbbbbbbbbbbbbbbbbbbbbbbbbbbbbbbbb[0m
[+   35.07] [1;32muart:~$ [m[8D[J[1;32muart:~$ [m[8D[J[00:00:40.566,000] [0m<inf> coprocessor_service: burst 1298 of 1500 bbbbbbbbbbbbbbbbbbbbbbbbbbbbbbbbbbbbbbbbbbbbbbbbbbbbbbbbbbbbbbbbbbbbbbbbbbbbbbbbbbbbbbbbbbbbbbbbbbbbbbbbbbbbbbbbbbbbbbbb[0m
[+   35.17] [1;32muart:~$ [m[8D[J[1;32muart:~$ [m[8D[J[00:00:40.567,000] [0m<inf> coprocessor_service: burst 1299 of 1500 bbbbbbbbbbbbbbbbbbbbbbbbbbbbbbbbbbbbbbbbbbbbbbbbbbbbbbbbbbbbbbbbbbbbbbbbbbbbbbbbbbbbbbbbbbbbbbbbbbbbbbbbbbbbbbbbbbbbbbbb[0m
[+   35.27] [1;32muart:~$ [m[8D[J[1;32muart:~$ [m[8D[J[00:00:40.567,000] [0m<inf> coprocessor_service: burst 1300 of 1500 bbbbbbbbbbbbbbbbbbbbbbbbbbbbbbbbbbbbbbbbbbbbbbbbbbbbbbbbbbbbbbbbbbbbbbbbbbbbbbbbbbbbbbbbbbbbbbbbbbbbbbbbbbbbbbbbbbbbbbbb[0m
[+   35.27] [1;32muart:~$ [m[8D[J[1;32muart:~$ [m[8D[J[00:00:40.567,000] [0m<inf> coprocessor_service: burst 1301 of 1500 bbbbbbbbbbbbbbbbbbbbbbbbbbbbbbbbbbbbbbbbbbbbbbbbbbbbbbbbbbbbbbbbbbbbbbbbbbbbbbbbbbbbbbbbbbbbbbbbbbbbbbbbbbbbbbbbbbbbbbbb[0m
[+   35.38] [1;32muart:~$ [m[8D[J[1;32muart:~$ [m[8D[J[00:00:40.567,000] [0m<inf> coprocessor_service: burst 1302 of 1500 bbbbbbbbbbbbbbbbbbbbbbbbbbbbbbbbbbbbbbbbbbbbbbbbbbbbbbbbbbbbbbbbbbbbbbbbbbbbbbbbbbbbbbbbbbbbbbbbbbbbbbbbbbbbbbbbbbbbbbbb[0m
[+   35.49] [1;32muart:~$ [m[8D[J[1;32muart:~$ [m[8D[J[00:00:40.568,000] [0m<inf> coprocessor_service: burst 1303 of 1500 bbbbbbbbbbbbbbbbbbbbbbbbbbbbbbbbbbbbbbbbbbbbbbbbbbbbbbbbbbbbbbbbbbbbbbbbbbbbbbbbbbbbbbbbbbbbbbbbbbbbbbbbbbbbbbbbbbbbbbbb[0m
[+   35.59] [1;32muart:~$ [m[8D[J[1;32muart:~$ [m[8D[J[00:00:40.568,000] [0m<inf> coprocessor_service: burst 1304 of 1500 bbbbbbbbbbbbbbbbbbbbbbbbbbbbbbbbbbbbbbbbbbbbbbbbbbbbbbbbbbbbbbbbbbbbbbbbbbbbbbbbbbbbbbbbbbbbbbbbbbbbbbbbbbbbbbbbbbbbbbbb[0m
[+   35.69] [1;32muart:~$ [m[8D[J[1;32muart:~$ [m[8D[J[00:00:40.568,000] [0m<inf> coprocessor_service: burst 1305 of 1500 bbbbbbbbbbbbbbbbbbbbbbbbbbbbbbbbbbbbbbbbbbbbbbbbbbbbbbbbbbbbbbbbbbbbbbbbbbbbbbbbbbbbbbbbbbbbbbbbbbbbbbbbbbbbbbbbbbbbbbbb[0m
[+   35.79] [1;32muart:~$ [m[8D[J[1;32muart:~$ [m[8D[J[00:00:40.568,000] [0m<inf> coprocessor_service: burst 1306 of 1500 bbbbbbbbbbbbbbbbbbbbbbbbbbbbbbbbbbbbbbbbbbbbbbbbbbbbbbbbbbbbbbbbbbbbbbbbbbbbbbbbbbbbbbbbbbbbbbbbbbbbbbbbbbbbbbbbbbbbbbbb[0m
[+   35.89] [1;32muart:~$ [m[8D[J[1;32muart:~$ [m[8D[J[00:00:40.569,000] [0m<inf> coprocessor_service: burst 1307 of 1500 bbbbbbbbbbbbbbbbbbbbbbbbbbbbbbbbbbbbbbbbbbbbbbbbbbbbbbbbbbbbbbbbbbbbbbbbbbbbbbbbbbbbbbbbbbbbbbbbbbbbbbbbbbbbbbbbbbbbbbbb[0m
[+   35.99] [1;32muart:~$ [m[8D[J[1;32muart:~$ [m[8D[J[00:00:40.569,000] [0m<inf> coprocessor_service: burst 1308 of 1500 bbbbbbbbbbbbbbbbbbbbbbbbbbbbbbbbbbbbbbbbbbbbbbbbbbbbbbbbbbbbbbbbbbbbbbbbbbbbbbbbbbbbbbbbbbbbbbbbbbbbbbbbbbbbbbbbbbbbbbbb[0m
[+   35.99] [1;32muart:~$ [m[8D[J[1;32muart:~$ [m[8D[J[00:00:40.569,000] [0m<inf> coprocessor_service: burst 1309 of 1500 bbbbbbbbbbbbbbbbbbbbbbbbbbbbbbbbbbbbbbbbbbbbbbbbbbbbbbbbbbbbbbbbbbbbbbbbbbbbbbbbbbbbbbbbbbbbbbbbbbbbbbbbbbbbbbbbbbbbbbbb[0m
[+   36.10] [1;32muart:~$ [m[8D[J[1;32muart:~$ [m[8D[J[00:00:40.569,000] [0m<inf> coprocessor_service: burst 1310 of 1500 bbbbbbbbbbbbbbbbbbbbbbbbbbbbbbbbbbbbbbbbbbbbbbbbbbbbbbbbbbbbbbbbbbbbbbbbbbbbbbbbbbbbbbbbbbbbbbbbbbbbbbbbbbbbbbbbbbbbbbbb[0m
[+   36.20] [1;32muart:~$ [m[8D[J[1;32muart:~$ [m[8D[J[00:00:40.570,000] [0m<inf> coprocessor_service: burst 1311 of 1500 bbbbbbbbbbbbbbbbbbbbbbbbbbbbbbbbbbbbbbbbbbbbbbbbbbbbbbbbbbbbbbbbbbbbbbbbbbbbbbbbbbbbbbbbbbbbbbbbbbbbbbbbbbbbbbbbbbbbbbbb[0m
[+   36.30] [1;32muart:~$ [m[8D[J[1;32muart:~$ [m[8D[J[00:00:40.570,000] [0m<inf> coprocessor_service: burst 1312 of 1500 bbbbbbbbbbbbbbbbbbbbbbbbbbbbbbbbbbbbbbbbbbbbbbbbbbbbbbbbbbbbbbbbbbbbbbbbbbbbbbbbbbbbbbbbbbbbbbbbbbbbbbbbbbbbbbbbbbbbbbbb[0m
[+   36.40] [1;32muart:~$ [m[8D[J[1;32muart:~$ [m[8D[J[00:00:40.570,000] [0m<inf> coprocessor_service: burst 1313 of 1500 bbbbbbbbbbbbbbbbbbbbbbbbbbbbbbbbbbbbbbbbbbbbbbbbbbbbbbbbbbbbbbbbbbbbbbbbbbbbbbbbbbbbbbbbbbbbbbbbbbbbbbbbbbbbbbbbbbbbbbbb[0m
[+   36.40] [1;32muart:~$ [m[8D[J[1;32muart:~$ [m[8D[J[00:00:40.570,000] [0m<inf> coprocessor_service: burst 1314 of 1500 bbbbbbbbbbbbbbbbbbbbbbbbbbbbbbbbbbbbbbbbbbbbbbbbbbbbbbbbbbbbbbbbbbbbbbbbbbbbbbbbbbbbbbbbbbbbbbbbbbbbbbbbbbbbbbbbbbbbbbbb[0m
[+   36.51] [1;32muart:~$ [m[8D[J[1;32muart:~$ [m[8D[J[00:00:40.571,000] [0m<inf> coprocessor_service: burst 1315 of 1500 bbbbbbbbbbbbbbbbbbbbbbbbbbbbbbbbbbbbbbbbbbbbbbbbbbbbbbbbbbbbbbbbbbbbbbbbbbbbbbbbbbbbbbbbbbbbbbbbbbbbbbbbbbbbbbbbbbbbbbbb[0m
[+   36.72] [1;32muart:~$ [m[8D[J[1;32muart:~$ [m[8D[J[00:00:40.571,000] [0m<inf> coprocessor_service: burst 1316 of 1500 bbbbbbbbbbbbbbbbbbbbbbbbbbbbbbbbbbbbbbbbbbbbbbbbbbbbbbbbbbbbbbbbbbbbbbbbbbbbbbbbbbbbbbbbbbbbbbbbbbbbbbbbbbbbbbbbbbbbbbbb[0m
[+   36.72] [1;32muart:~$ [m[8D[J[1;32muart:~$ [m[8D[J[00:00:40.571,000] [0m<inf> coprocessor_service: burst 1317 of 1500 bbbbbbbbbbbbbbbbbbbbbbbbbbbbbbbbbbbbbbbbbbbbbbbbbbbbbbbbbbbbbbbbbbbbbbbbbbbbbbbbbbbbbbbbbbbbbbbbbbbbbbbbbbbbbbbbbbbbbbbb[0m
[+   37.25] [1;32muart:~$ [m[8D[J[1;32muart:~$ [m[8D[J[00:00:40.572,000] [0m<inf> coprocessor_service: burst 1318 of 1500 bbbbbbbbbbbbbbbbbbbbbbbbbbbbbbbbbbbbbbbbbbbbbbbbbbbbbbbbbbbbbbbbbbbbbbbbbbbbbbbbbbbbbbbbbbbbbbbbbbbbbbbbbbbbbbbbbbbbbbbb[0m
[+   37.25] [1;32muart:~$ [m[8D[J[1;32muart:~$ [m[8D[J[00:00:40.572,000] [0m<inf> coprocessor_service: burst 1319 of 1500 bbbbbbbbbbbbbbbbbbbbbbbbbbbbbbbbbbbbbbbbbbbbbbbbbbbbbbbbbbbbbbbbbbbbbbbbbbbbbbbbbbbbbbbbbbbbbbbbbbbbbbbbbbbbbbbbbbbbbbbb[0m
[+   37.35] [1;32muart:~$ [m[8D[J[1;32muart:~$ [m[8D[J[00:00:40.572,000] [0m<inf> coprocessor_service: burst 1320 of 1500 bbbbbbbbbbbbbbbbbbbbbbbbbbbbbbbbbbbbbbbbbbbbbbbbbbbbbbbbbbbbbbbbbbbbbbbbbbbbbbbbbbbbbbbbbbbbbbbbbbbbbbbbbbbbbbbbbbbbbbbb[0m
[+   37.35] [1;32muart:~$ [m[8D[J[1;32muart:~$ [m[8D[J[00:00:40.572,000] [0m<inf> coprocessor_service: burst 1321 of 1500 bbbbbbbbbbbbbbbbbbbbbbbbbbbbbbbbbbbbbbbbbbbbbbbbbbbbbbbbbbbbbbbbbbbbbbbbbbbbbbbbbbbbbbbbbbbbbbbbbbbbbbbbbbbbbbbbbbbbbbbb[0m
[+   37.45] [1;32muart:~$ [m[8D[J[1;32muart:~$ [m[8D[J[00:00:40.573,000] [0m<inf> coprocessor_service: burst 1322 of 1500 bbbbbbbbbbbbbbbbbbbbbbbbbbbbbbbbbbbbbbbbbbbbbbbbbbbbbbbbbbbbbbbbbbbbbbbbbbbbbbbbbbbbbbbbbbbbbbbbbbbbbbbbbbbbbbbbbbbbbbbb[0m
[+   37.45] [1;32muart:~$ [m[8D[J[1;32muart:~$ [m[8D[J[00:00:40.573,000] [0m<inf> coprocessor_service: burst 1323 of 1500 bbbbbbbbbbbbbbbbbbbbbbbbbbbbbbbbbbbbbbbbbbbbbbbbbbbbbbbbbbbbbbbbbbbbbbbbbbbbbbbbbbbbbbbbbbbbbbbbbbbbbbbbbbbbbbbbbbbbbbbb[0m
[+   37.55] [1;32muart:~$ [m[8D[J[1;32muart:~$ [m[8D[J[00:00:40.573,000] [0m<inf> coprocessor_service: burst 1324 of 1500 bbbbbbbbbbbbbbbbbbbbbbbbbbbbbbbbbbbbbbbbbbbbbbbbbbbbbbbbbbbbbbbbbbbbbbbbbbbbbbbbbbbbbbbbbbbbbbbbbbbbbbbbbbbbbbbbbbbbbbbb[0m
[+   37.55] [1;32muart:~$ [m[8D[J[1;32muart:~$ [m[8D[J[00:00:40.573,000] [0m<inf> coprocessor_service: burst 1325 of 1500 bbbbbbbbbbbbbbbbbbbbbbbbbbbbbbbbbbbbbbbbbbbbbbbbbbbbbbbbbbbbbbbbbbbbbbbbbbbbbbbbbbbbbbbbbbbbbbbbbbbbbbbbbbbbbbbbbbbbbbbb[0m
[+   37.55] [1;32muart:~$ [m[8D[J[1;32muart:~$ [m[8D[J[00:00:40.574,000] [0m<inf> coprocessor_service: burst 1326 of 1500 bbbbbbbbbbbbbbbbbbbbbbbbbbbbbbbbbbbbbbbbbbbbbbbbbbbbbbbbbbbbbbbbbbbbbbbbbbbbbbbbbbbbbbbbbbbbbbbbbbbbbbbbbbbbbbbbbbbbbbbb[0m
[+   37.77] [1;32muart:~$ [m[8D[J[1;32muart:~$ [m[8D[J[00:00:40.574,000] [0m<inf> coprocessor_service: burst 1327 of 1500 bbbbbbbbbbbbbbbbbbbbbbbbbbbbbbbbbbbbbbbbbbbbbbbbbbbbbbbbbbbbbbbbbbbbbbbbbbbbbbbbbbbbbbbbbbbbbbbbbbbbbbbbbbbbbbbbbbbbbbbb[0m
[+   40.93] [1;32muart:~$ [m[8D[J[1;32muart:~$ [m[8D[J[00:00:40.574,000] [0m<inf> coprocessor_service: burst 1328 of 1500 bbbbbbbbbbbbbbbbbbbbbbbbbbbbbbbbbbbbbbbbbbbbbbbbbbbbbbbbbbbbbbbbbbbbbbbbbbbbbbbbbbbbbbbbbbbbbbbbbbbbbbbbbbbbbbbbbbbbbbbb[0m
[+   41.04] [1;32muart:~$ [m[8D[J[1;32muart:~$ [m[8D[J[00:00:40.574,000] [0m<inf> coprocessor_service: burst 1329 of 1500 bbbbbbbbbbbbbbbbbbbbbbbbbbbbbbbbbbbbbbbbbbbbbbbbbbbbbbbbbbbbbbbbbbbbbbbbbbbbbbbbbbbbbbbbbbbbbbbbbbbbbbbbbbbbbbbbbbbbbbbb[0m
[+   41.04] [1;32muart:~$ [m[8D[J[1;32muart:~$ [m[8D[J[00:00:40.575,000] [0m<inf> coprocessor_service: burst 1330 of 1500 bbbbbbbbbbbbbbbbbbbbbbbbbbbbbbbbbbbbbbbbbbbbbbbbbbbbbbbbbbbbbbbbbbbbbbbbbbbbbbbbbbbbbbbbbbbbbbbbbbbbbbbbbbbbbbbbbbbbbbbb[0m
[+   41.14] [1;32muart:~$ [m[8D[J[1;32muart:~$ [m[8D[J[00:00:40.575,000] [0m<inf> coprocessor_service: burst 1331 of 1500 bbbbbbbbbbbbbbbbbbbbbbbbbbbbbbbbbbbbbbbbbbbbbbbbbbbbbbbbbbbbbbbbbbbbbbbbbbbbbbbbbbbbbbbbbbbbbbbbbbbbbbbbbbbbbbbbbbbbbbbb[0m
[+   41.24] [1;32muart:~$ [m[8D[J[1;32muart:~$ [m[8D[J[00:00:40.575,000] [0m<inf> coprocessor_service: burst 1332 of 1500 bbbbbbbbbbbbbbbbbbbbbbbbbbbbbbbbbbbbbbbbbbbbbbbbbbbbbbbbbbbbbbbbbbbbbbbbbbbbbbbbbbbbbbbbbbbbbbbbbbbbbbbbbbbbbbbbbbbbbbbb[0m
[+   41.35] [1;32muart:~$ [m[8D[J[1;32muart:~$ [m[8D[J[00:00:40.575,000] [0m<inf> coprocessor_service: burst 1333 of 1500 bbbbbbbbbbbbbbbbbbbbbbbbbbbbbbbbbbbbbbbbbbbbbbbbbbbbbbbbbbbbbbbbbbbbbbbbbbbbbbbbbbbbbbbbbbbbbbbbbbbbbbbbbbbbbbbbbbbbbbbb[0m
[+   41.35] [1;32muart:~$ [m[8D[J[1;32muart:~$ [m[8D[J[00:00:40.576,000] [0m<inf> coprocessor_service: burst 1334 of 1500 bbbbbbbbbbbbbbbbbbbbbbbbbbbbbbbbbbbbbbbbbbbbbbbbbbbbbbbbbbbbbbbbbbbbbbbbbbbbbbbbbbbbbbbbbbbbbbbbbbbbbbbbbbbbbbbbbbbbbbbb[0m
[+   41.45] [1;32muart:~$ [m[8D[J[1;32muart:~$ [m[8D[J[00:00:40.576,000] [0m<inf> coprocessor_service: burst 1335 of 1500 bbbbbbbbbbbbbbbbbbbbbbbbbbbbbbbbbbbbbbbbbbbbbbbbbbbbbbbbbbbbbbbbbbbbbbbbbbbbbbbbbbbbbbbbbbbbbbbbbbbbbbbbbbbbbbbbbbbbbbbb[0m
[+   41.56] [1;32muart:~$ [m[8D[J[1;32muart:~$ [m[8D[J[00:00:40.576,000] [0m<inf> coprocessor_service: burst 1336 of 1500 bbbbbbbbbbbbbbbbbbbbbbbbbbbbbbbbbbbbbbbbbbbbbbbbbbbbbbbbbbbbbbbbbbbbbbbbbbbbbbbbbbbbbbbbbbbbbbbbbbbbbbbbbbbbbbbbbbbbbbbb[0m
[+   41.67] [1;32muart:~$ [m[8D[J[1;32muart:~$ [m[8D[J[00:00:40.576,000] [0m<inf> coprocessor_service: burst 1337 of 1500 bbbbbbbbbbbbbbbbbbbbbbbbbbbbbbbbbbbbbbbbbbbbbbbbbbbbbbbbbbbbbbbbbbbbbbbbbbbbbbbbbbbbbbbbbbbbbbbbbbbbbbbbbbbbbbbbbbbbbbbb[0m
[+   41.77] [1;32muart:~$ [m[8D[J[1;32muart:~$ [m[8D[J[00:00:40.577,000] [0m<inf> coprocessor_service: burst 1338 of 1500 bbbbbbbbbbbbbbbbbbbbbbbbbbbbbbbbbbbbbbbbbbbbbbbbbbbbbbbbbbbbbbbbbbbbbbbbbbbbbbbbbbbbbbbbbbbbbbbbbbbbbbbbbbbbbbbbbbbbbbbb[0m
[+   41.87] [1;32muart:~$ [m[8D[J[1;32muart:~$ [m[8D[J[00:00:40.577,000] [0m<inf> coprocessor_service: burst 1339 of 1500 bbbbbbbbbbbbbbbbbbbbbbbbbbbbbbbbbbbbbbbbbbbbbbbbbbbbbbbbbbbbbbbbbbbbbbbbbbbbbbbbbbbbbbbbbbbbbbbbbbbbbbbbbbbbbbbbbbbbbbbb[0m
[+   41.98] [1;32muart:~$ [m[8D[J[1;32muart:~$ [m[8D[J[00:00:40.577,000] [0m<inf> coprocessor_service: burst 1340 of 1500 bbbbbbbbbbbbbbbbbbbbbbbbbbbbbbbbbbbbbbbbbbbbbbbbbbbbbbbbbbbbbbbbbbbbbbbbbbbbbbbbbbbbbbbbbbbbbbbbbbbbbbbbbbbbbbbbbbbbbbbb[0m
[+   42.60] [1;32muart:~$ [m[8D[J[1;32muart:~$ [m[8D[J[00:00:40.578,000] [0m<inf> coprocessor_service: burst 1341 of 1500 bbbbbbbbbbbbbbbbbbbbbbbbbbbbbbbbbbbbbbbbbbbbbbbbbbbbbbbbbbbbbbbbbbbbbbbbbbbbbbbbbbbbbbbbbbbbbbbbbbbbbbbbbbbbbbbbbbbbbbbb[0m
[+   42.60] [1;32muart:~$ [m[8D[J[1;32muart:~$ [m[8D[J[00:00:40.578,000] [0m<inf> coprocessor_service: burst 1342 of 1500 bbbbbbbbbbbbbbbbbbbbbbbbbbbbbbbbbbbbbbbbbbbbbbbbbbbbbbbbbbbbbbbbbbbbbbbbbbbbbbbbbbbbbbbbbbbbbbbbbbbbbbbbbbbbbbbbbbbbbbbb[0m
[+   46.35] [1;32muart:~$ [m[8D[J[1;32muart:~$ [m[8D[J[00:00:40.578,000] [0m<inf> coprocessor_service: burst 1343 of 1500 bbbbbbbbbbbbbbbbbbbbbbbbbbbbbbbbbbbbbbbbbbbbbbbbbbbbbbbbbbbbbbbbbbbbbbbbbbbbbbbbbbbbbbbbbbbbbbbbbbbbbbbbbbbbbbbbbbbbbbbb[0m
[+   46.46] [1;32muart:~$ [m[8D[J[1;32muart:~$ [m[8D[J[00:00:40.578,000] [0m<inf> coprocessor_service: burst 1344 of 1500 bbbbbbbbbbbbbbbbbbbbbbbbbbbbbbbbbbbbbbbbbbbbbbbbbbbbbbbbbbbbbbbbbbbbbbbbbbbbbbbbbbbbbbbbbbbbbbbbbbbbbbbbbbbbbbbbbbbbbbbb[0m
[+   46.56] [1;32muart:~$ [m[8D[J[1;32muart:~$ [m[8D[J[00:00:40.579,000] [0m<inf> coprocessor_service: burst 1345 of 1500 bbbbbbbbbbbbbbbbbbbbbbbbbbbbbbbbbbbbbbbbbbbbbbbbbbbbbbbbbbbbbbbbbbbbbbbbbbbbbbbbbbbbbbbbbbbbbbbbbbbbbbbbbbbbbbbbbbbbbbbb[0m
[+   46.66] [1;32muart:~$ [m[8D[J[1;32muart:~$ [m[8D[J[00:00:40.579,000] [0m<inf> coprocessor_service: burst 1346 of 1500 bbbbbbbbbbbbbbbbbbbbbbbbbbbbbbbbbbbbbbbbbbbbbbbbbbbbbbbbbbbbbbbbbbbbbbbbbbbbbbbbbbbbbbbbbbbbbbbbbbbbbbbbbbbbbbbbbbbbbbbb[0m
[+   46.66] [1;32muart:~$ [m[8D[J[1;32muart:~$ [m[8D[J[00:00:40.579,000] [0m<inf> coprocessor_service: burst 1347 of 1500 bbbbbbbbbbbbbbbbbbbbbbbbbbbbbbbbbbbbbbbbbbbbbbbbbbbbbbbbbbbbbbbbbbbbbbbbbbbbbbbbbbbbbbbbbbbbbbbbbbbbbbbbbbbbbbbbbbbbbbbb[0m
[+   46.76] [1;32muart:~$ [m[8D[J[1;32muart:~$ [m[8D[J[00:00:40.579,000] [0m<inf> coprocessor_service: burst 1348 of 1500 bbbbbbbbbbbbbbbbbbbbbbbbbbbbbbbbbbbbbbbbbbbbbbbbbbbbbbbbbbbbbbbbbbbbbbbbbbbbbbbbbbbbbbbbbbbbbbbbbbbbbbbbbbbbbbbbbbbbbbbb[0m
[+   46.87] [1;32muart:~$ [m[8D[J[1;32muart:~$ [m[8D[J[00:00:40.580,000] [0m<inf> coprocessor_service: burst 1349 of 1500 bbbbbbbbbbbbbbbbbbbbbbbbbbbbbbbbbbbbbbbbbbbbbbbbbbbbbbbbbbbbbbbbbbbbbbbbbbbbbbbbbbbbbbbbbbbbbbbbbbbbbbbbbbbbbbbbbbbbbbbb[0m
[+   46.97] [1;32muart:~$ [m[8D[J[1;32muart:~$ [m[8D[J[00:00:40.580,000] [0m<inf> coprocessor_service: burst 1350 of 1500 bbbbbbbbbbbbbbbbbbbbbbbbbbbbbbbbbbbbbbbbbbbbbbbbbbbbbbbbbbbbbbbbbbbbbbbbbbbbbbbbbbbbbbbbbbbbbbbbbbbbbbbbbbbbbbbbbbbbbbbb[0m
[+   47.07] [1;32muart:~$ [m[8D[J[1;32muart:~$ [m[8D[J[00:00:40.580,000] [0m<inf> coprocessor_service: burst 1351 of 1500 bbbbbbbbbbbbbbbbbbbbbbbbbbbbbbbbbbbbbbbbbbbbbbbbbbbbbbbbbbbbbbbbbbbbbbbbbbbbbbbbbbbbbbbbbbbbbbbbbbbbbbbbbbbbbbbbbbbbbbbb[0m
[+   47.17] [1;32muart:~$ [m[8D[J[1;32muart:~$ [m[8D[J[00:00:40.580,000] [0m<inf> coprocessor_service: burst 1352 of 1500 bbbbbbbbbbbbbbbbbbbbbbbbbbbbbbbbbbbbbbbbbbbbbbbbbbbbbbbbbbbbbbbbbbbbbbbbbbbbbbbbbbbbbbbbbbbbbbbbbbbbbbbbbbbbbbbbbbbbbbbb[0m
[+   47.17] [1;32muart:~$ [m[8D[J[1;32muart:~$ [m[8D[J[00:00:40.581,000] [0m<inf> coprocessor_service: burst 1353 of 1500 bbbbbbbbbbbbbbbbbbbbbbbbbbbbbbbbbbbbbbbbbbbbbbbbbbbbbbbbbbbbbbbbbbbbbbbbbbbbbbbbbbbbbbbbbbbbbbbbbbbbbbbbbbbbbbbbbbbbbbbb[0m
[+   47.28] [1;32muart:~$ [m[8D[J[1;32muart:~$ [m[8D[J[00:00:40.581,000] [0m<inf> coprocessor_service: burst 1354 of 1500 bbbbbbbbbbbbbbbbbbbbbbbbbbbbbbbbbbbbbbbbbbbbbbbbbbbbbbbbbbbbbbbbbbbbbbbbbbbbbbbbbbbbbbbbbbbbbbbbbbbbbbbbbbbbbbbbbbbbbbbb[0m
[+   47.38] [1;32muart:~$ [m[8D[J[1;32muart:~$ [m[8D[J[00:00:40.581,000] [0m<inf> coprocessor_service: burst 1355 of 1500 bbbbbbbbbbbbbbbbbbbbbbbbbbbbbbbbbbbbbbbbbbbbbbbbbbbbbbbbbbbbbbbbbbbbbbbbbbbbbbbbbbbbbbbbbbbbbbbbbbbbbbbbbbbbbbbbbbbbbbbb[0m
[+   47.48] [1;32muart:~$ [m[8D[J[1;32muart:~$ [m[8D[J[00:00:40.581,000] [0m<inf> coprocessor_service: burst 1356 of 1500 bbbbbbbbbbbbbbbbbbbbbbbbbbbbbbbbbbbbbbbbbbbbbbbbbbbbbbbbbbbbbbbbbbbbbbbbbbbbbbbbbbbbbbbbbbbbbbbbbbbbbbbbbbbbbbbbbbbbbbbb[0m
[+   47.48] [1;32muart:~$ [m[8D[J[1;32muart:~$ [m[8D[J[00:00:40.582,000] [0m<inf> coprocessor_service: burst 1357 of 1500 bbbbbbbbbbbbbbbbbbbbbbbbbbbbbbbbbbbbbbbbbbbbbbbbbbbbbbbbbbbbbbbbbbbbbbbbbbbbbbbbbbbbbbbbbbbbbbbbbbbbbbbbbbbbbbbbbbbbbbbb[0m
[+   47.58] [1;32muart:~$ [m[8D[J[1;32muart:~$ [m[8D[J[00:00:40.582,000] [0m<inf> coprocessor_service: burst 1358 of 1500 bbbbbbbbbbbbbbbbbbbbbbbbbbbbbbbbbbbbbbbbbbbbbbbbbbbbbbbbbbbbbbbbbbbbbbbbbbbbbbbbbbbbbbbbbbbbbbbbbbbbbbbbbbbbbbbbbbbbbbbb[0m
[+   47.68] [1;32muart:~$ [m[8D[J[1;32muart:~$ [m[8D[J[00:00:40.582,000] [0m<inf> coprocessor_service: burst 1359 of 1500 bbbbbbbbbbbbbbbbbbbbbbbbbbbbbbbbbbbbbbbbbbbbbbbbbbbbbbbbbbbbbbbbbbbbbbbbbbbbbbbbbbbbbbbbbbbbbbbbbbbbbbbbbbbbbbbbbbbbbbbb[0m
[+   47.78] [1;32muart:~$ [m[8D[J[1;32muart:~$ [m[8D[J[00:00:40.582,000] [0m<inf> coprocessor_service: burst 1360 of 1500 bbbbbbbbbbbbbbbbbbbbbbbbbbbbbbbbbbbbbbbbbbbbbbbbbbbbbbbbbbbbbbbbbbbbbbbbbbbbbbbbbbbbbbbbbbbbbbbbbbbbbbbbbbbbbbbbbbbbbbbb[0m
[+   47.89] [1;32muart:~$ [m[8D[J[1;32muart:~$ [m[8D[J[00:00:40.583,000] [0m<inf> coprocessor_service: burst 1361 of 1500 bbbbbbbbbbbbbbbbbbbbbbbbbbbbbbbbbbbbbbbbbbbbbbbbbbbbbbbbbbbbbbbbbbbbbbbbbbbbbbbbbbbbbbbbbbbbbbbbbbbbbbbbbbbbbbbbbbbbbbbb[0m
[+   47.89] [1;32muart:~$ [m[8D[J[1;32muart:~$ [m[8D[J[00:00:40.583,000] [0m<inf> coprocessor_service: burst 1362 of 1500 bbbbbbbbbbbbbbbbbbbbbbbbbbbbbbbbbbbbbbbbbbbbbbbbbbbbbbbbbbbbbbbbbbbbbbbbbbbbbbbbbbbbbbbbbbbbbbbbbbbbbbbbbbbbbbbbbbbbbbbb[0m
[+   47.99] [1;32muart:~$ [m[8D[J[1;32muart:~$ [m[8D[J[00:00:40.583,000] [0m<inf> coprocessor_service: burst 1363 of 1500 bbbbbbbbbbbbbbbbbbbbbbbbbbbbbbbbbbbbbbbbbbbbbbbbbbbbbbbbbbbbbbbbbbbbbbbbbbbbbbbbbbbbbbbbbbbbbbbbbbbbbbbbbbbbbbbbbbbbbbbb[0m
[+   48.09] [1;32muart:~$ [m[8D[J[1;32muart:~$ [m[8D[J[00:00:40.584,000] [0m<inf> coprocessor_service: burst 1364 of 1500 bbbbbbbbbbbbbbbbbbbbbbbbbbbbbbbbbbbbbbbbbbbbbbbbbbbbbbbbbbbbbbbbbbbbbbbbbbbbbbbbbbbbbbbbbbbbbbbbbbbbbbbbbbbbbbbbbbbbbbbb[0m
[+   48.20] [1;32muart:~$ [m[8D[J[1;32muart:~$ [m[8D[J[00:00:40.584,000] [0m<inf> coprocessor_service: burst 1365 of 1500 bbbbbbbbbbbbbbbbbbbbbbbbbbbbbbbbbbbbbbbbbbbbbbbbbbbbbbbbbbbbbbbbbbbbbbbbbbbbbbbbbbbbbbbbbbbbbbbbbbbbbbbbbbbbbbbbbbbbbbbb[0m
[+   48.20] [1;32muart:~$ [m[8D[J[1;32muart:~$ [m[8D[J[00:00:40.584,000] [0m<inf> coprocessor_service: burst 1366 of 1500 bbbbbbbbbbbbbbbbbbbbbbbbbbbbbbbbbbbbbbbbbbbbbbbbbbbbbbbbbbbbbbbbbbbbbbbbbbbbbbbbbbbbbbbbbbbbbbbbbbbbbbbbbbbbbbbbbbbbbbbb[0m
[+   48.31] [1;32muart:~$ [m[8D[J[1;32muart:~$ [m[8D[J[00:00:40.584,000] [0m<inf> coprocessor_service: burst 1367 of 1500 bbbbbbbbbbbbbbbbbbbbbbbbbbbbbbbbbbbbbbbbbbbbbbbbbbbbbbbbbbbbbbbbbbbbbbbbbbbbbbbbbbbbbbbbbbbbbbbbbbbbbbbbbbbbbbbbbbbbbbbb[0m
[+   52.54] [1;32muart:~$ [m[8D[J[1;32muart:~$ [m[8D[J[00:00:40.585,000] [0m<inf> coprocessor_service: burst 1368 of 1500 bbbbbbbbbbbbbbbbbbbbbbbbbbbbbbbbbbbbbbbbbbbbbbbbbbbbbbbbbbbbbbbbbbbbbbbbbbbbbbbbbbbbbbbbbbbbbbbbbbbbbbbbbbbbbbbbbbbbbbbb[0m
[+   52.64] [1;32muart:~$ [m[8D[J[1;32muart:~$ [m[8D[J[00:00:40.585,000] [0m<inf> coprocessor_service: burst 1369 of 1500 bbbbbbbbbbbbbbbbbbbbbbbbbbbbbbbbbbbbbbbbbbbbbbbbbbbbbbbbbbbbbbbbbbbbbbbbbbbbbbbbbbbbbbbbbbbbbbbbbbbbbbbbbbbbbbbbbbbbbbbb[0m
[+   52.74] [1;32muart:~$ [m[8D[J[1;32muart:~$ [m[8D[J[00:00:40.585,000] [0m<inf> coprocessor_service: burst 1370 of 1500 bbbbbbbbbbbbbbbbbbbbbbbbbbbbbbbbbbbbbbbbbbbbbbbbbbbbbbbbbbbbbbbbbbbbbbbbbbbbbbbbbbbbbbbbbbbbbbbbbbbbbbbbbbbbbbbbbbbbbbbb[0m
[+   52.74] [1;32muart:~$ [m[8D[J[1;32muart:~$ [m[8D[J[00:00:40.585,000] [0m<inf> coprocessor_service: burst 1371 of 1500 bbbbbbbbbbbbbbbbbbbbbbbbbbbbbbbbbbbbbbbbbbbbbbbbbbbbbbbbbbbbbbbbbbbbbbbbbbbbbbbbbbbbbbbbbbbbbbbbbbbbbbbbbbbbbbbbbbbbbbbb[0m
[+   52.84] [1;32muart:~$ [m[8D[J[1;32muart:~$ [m[8D[J[00:00:40.586,000] [0m<inf> coprocessor_service: burst 1372 of 1500 bbbbbbbbbbbbbbbbbbbbbbbbbbbbbbbbbbbbbbbbbbbbbbbbbbbbbbbbbbbbbbbbbbbbbbbbbbbbbbbbbbbbbbbbbbbbbbbbbbbbbbbbbbbbbbbbbbbbbbbb[0m
[+   52.94] [1;32muart:~$ [m[8D[J[1;32muart:~$ [m[8D[J[00:00:40.586,000] [0m<inf> coprocessor_service: burst 1373 of 1500 bbbbbbbbbbbbbbbbbbbbbbbbbbbbbbbbbbbbbbbbbbbbbbbbbbbbbbbbbbbbbbbbbbbbbbbbbbbbbbbbbbbbbbbbbbbbbbbbbbbbbbbbbbbbbbbbbbbbbbbb[0m
[+   53.04] [1;32muart:~$ [m[8D[J[1;32muart:~$ [m[8D[J[00:00:40.586,000] [0m<inf> coprocessor_service: burst 1374 of 1500 bbbbbbbbbbbbbbbbbbbbbbbbbbbbbbbbbbbbbbbbbbbbbbbbbbbbbbbbbbbbbbbbbbbbbbbbbbbbbbbbbbbbbbbbbbbbbbbbbbbbbbbbbbbbbbbbbbbbbbbb[0m
[+   53.15] [1;32muart:~$ [m[8D[J[1;32muart:~$ [m[8D[J[00:00:40.586,000] [0m<inf> coprocessor_service: burst 1375 of 1500 bbbbbbbbbbbbbbbbbbbbbbbbbbbbbbbbbbbbbbbbbbbbbbbbbbbbbbbbbbbbbbbbbbbbbbbbbbbbbbbbbbbbbbbbbbbbbbbbbbbbbbbbbbbbbbbbbbbbbbbb[0m
[+   53.15] [1;32muart:~$ [m[8D[J[1;32muart:~$ [m[8D[J[00:00:40.587,000] [0m<inf> coprocessor_service: burst 1376 of 1500 bbbbbbbbbbbbbbbbbbbbbbbbbbbbbbbbbbbbbbbbbbbbbbbbbbbbbbbbbbbbbbbbbbbbbbbbbbbbbbbbbbbbbbbbbbbbbbbbbbbbbbbbbbbbbbbbbbbbbbbb[0m
[+   53.26] [1;32muart:~$ [m[8D[J[1;32muart:~$ [m[8D[J[00:00:40.587,000] [0m<inf> coprocessor_service: burst 1377 of 1500 bbbbbbbbbbbbbbbbbbbbbbbbbbbbbbbbbbbbbbbbbbbbbbbbbbbbbbbbbbbbbbbbbbbbbbbbbbbbbbbbbbbbbbbbbbbbbbbbbbbbbbbbbbbbbbbbbbbbbbbb[0m
[+   53.36] [1;32muart:~$ [m[8D[J[1;32muart:~$ [m[8D[J[00:00:40.587,000] [0m<inf> coprocessor_service: burst 1378 of 1500 bbbbbbbbbbbbbbbbbbbbbbbbbbbbbbbbbbbbbbbbbbbbbbbbbbbbbbbbbbbbbbbbbbbbbbbbbbbbbbbbbbbbbbbbbbbbbbbbbbbbbbbbbbbbbbbbbbbbbbbb[0m
[+   53.46] [1;32muart:~$ [m[8D[J[1;32muart:~$ [m[8D[J[00:00:40.587,000] [0m<inf> coprocessor_service: burst 1379 of 1500 bbbbbbbbbbbbbbbbbbbbbbbbbbbbbbbbbbbbbbbbbbbbbbbbbbbbbbbbbbbbbbbbbbbbbbbbbbbbbbbbbbbbbbbbbbbbbbbbbbbbbbbbbbbbbbbbbbbbbbbb[0m
[+   53.46] [1;32muart:~$ [m[8D[J[1;32muart:~$ [m[8D[J[00:00:40.588,000] [0m<inf> coprocessor_service: burst 1380 of 1500 bbbbbbbbbbbbbbbbbbbbbbbbbbbbbbbbbbbbbbbbbbbbbbbbbbbbbbbbbbbbbbbbbbbbbbbbbbbbbbbbbbbbbbbbbbbbbbbbbbbbbbbbbbbbbbbbbbbbbbbb[0m
[+   53.57] [1;32muart:~$ [m[8D[J[1;32muart:~$ [m[8D[J[00:00:40.588,000] [0m<inf> coprocessor_service: burst 1381 of 1500 bbbbbbbbbbbbbbbbbbbbbbbbbbbbbbbbbbbbbbbbbbbbbbbbbbbbbbbbbbbbbbbbbbbbbbbbbbbbbbbbbbbbbbbbbbbbbbbbbbbbbbbbbbbbbbbbbbbbbbbb[0m
[+   53.67] [1;32muart:~$ [m[8D[J[1;32muart:~$ [m[8D[J[00:00:40.588,000] [0m<inf> coprocessor_service: burst 1382 of 1500 bbbbbbbbbbbbbbbbbbbbbbbbbbbbbbbbbbbbbbbbbbbbbbbbbbbbbbbbbbbbbbbbbbbbbbbbbbbbbbbbbbbbbbbbbbbbbbbbbbbbbbbbbbbbbbbbbbbbbbbb[0m
[+   53.77] [1;32muart:~$ [m[8D[J[1;32muart:~$ [m[8D[J[00:00:40.588,000] [0m<inf> coprocessor_service: burst 1383 of 1500 bbbbbbbbbbbbbbbbbbbbbbbbbbbbbbbbbbbbbbbbbbbbbbbbbbbbbbbbbbbbbbbbbbbbbbbbbbbbbbbbbbbbbbbbbbbbbbbbbbbbbbbbbbbbbbbbbbbbbbbb[0m
[+   53.77] [1;32muart:~$ [m[8D[J[1;32muart:~$ [m[8D[J[00:00:40.589,000] [0m<inf> coprocessor_service: burst 1384 of 1500 bbbbbbbbbbbbbbbbbbbbbbbbbbbbbbbbbbbbbbbbbbbbbbbbbbbbbbbbbbbbbbbbbbbbbbbbbbbbbbbbbbbbbbbbbbbbbbbbbbbbbbbbbbbbbbbbbbbbbbbb[0m
[+   53.88] [1;32muart:~$ [m[8D[J[1;32muart:~$ [m[8D[J[00:00:40.589,000] [0m<inf> coprocessor_service: burst 1385 of 1500 bbbbbbbbbbbbbbbbbbbbbbbbbbbbbbbbbbbbbbbbbbbbbbbbbbbbbbbbbbbbbbbbbbbbbbbbbbbbbbbbbbbbbbbbbbbbbbbbbbbbbbbbbbbbbbbbbbbbbbbb[0m
[+   53.98] [1;32muart:~$ [m[8D[J[1;32muart:~$ [m[8D[J[00:00:40.589,000] [0m<inf> coprocessor_service: burst 1386 of 1500 bbbbbbbbbbbbbbbbbbbbbbbbbbbbbbbbbbbbbbbbbbbbbbbbbbbbbbbbbbbbbbbbbbbbbbbbbbbbbbbbbbbbbbbbbbbbbbbbbbbbbbbbbbbbbbbbbbbbbbbb[0m
[+   54.08] [1;32muart:~$ [m[8D[J[1;32muart:~$ [m[8D[J[00:00:40.589,000] [0m<inf> coprocessor_service: burst 1387 of 1500 bbbbbbbbbbbbbbbbbbbbbbbbbbbbbbbbbbbbbbbbbbbbbbbbbbbbbbbbbbbbbbbbbbbbbbbbbbbbbbbbbbbbbbbbbbbbbbbbbbbbbbbbbbbbbbbbbbbbbbbb[0m
[+   54.19] [1;32muart:~$ [m[8D[J[1;32muart:~$ [m[8D[J[00:00:40.590,000] [0m<inf> coprocessor_service: burst 1388 of 1500 bbbbbbbbbbbbbbbbbbbbbbbbbbbbbbbbbbbbbbbbbbbbbbbbbbbbbbbbbbbbbbbbbbbbbbbbbbbbbbbbbbbbbbbbbbbbbbbbbbbbbbbbbbbbbbbbbbbbbbbb[0m
[+   54.19] [1;32muart:~$ [m[8D[J[1;32muart:~$ [m[8D[J[00:00:40.590,000] [0m<inf> coprocessor_service: burst 1389 of 1500 bbbbbbbbbbbbbbbbbbbbbbbbbbbbbbbbbbbbbbbbbbbbbbbbbbbbbbbbbbbbbbbbbbbbbbbbbbbbbbbbbbbbbbbbbbbbbbbbbbbbbbbbbbbbbbbbbbbbbbbb[0m
[+   54.30] [1;32muart:~$ [m[8D[J[1;32muart:~$ [m[8D[J[00:00:40.590,000] [0m<inf> coprocessor_service: burst 1390 of 1500 bbbbbbbbbbbbbbbbbbbbbbbbbbbbbbbbbbbbbbbbbbbbbbbbbbbbbbbbbbbbbbbbbbbbbbbbbbbbbbbbbbbbbbbbbbbbbbbbbbbbbbbbbbbbbbbbbbbbbbbb[0m
[+   54.41] [1;32muart:~$ [m[8D[J[1;32muart:~$ [m[8D[J[00:00:40.591,000] [0m<inf> coprocessor_service: burst 1391 of 1500 bbbbbbbbbbbbbbbbbbbbbbbbbbbbbbbbbbbbbbbbbbbbbbbbbbbbbbbbbbbbbbbbbbbbbbbbbbbbbbbbbbbbbbbbbbbbbbbbbbbbbbbbbbbbbbbbbbbbbbbb[0m
[+   58.78] [1;32muart:~$ [m[8D[J[1;32muart:~$ [m[8D[J[00:00:40.591,000] [0m<inf> coprocessor_service: burst 1392 of 1500 bbbbbbbbbbbbbbbbbbbbbbbbbbbbbbbbbbbbbbbbbbbbbbbbbbbbbbbbbbbbbbbbbbbbbbbbbbbbbbbbbbbbbbbbbbbbbbbbbbbbbbbbbbbbbbbbbbbbbbbb[0m
[+   58.88] [1;32muart:~$ [m[8D[J[1;32muart:~$ [m[8D[J[00:00:40.591,000] [0m<inf> coprocessor_service: burst 1393 of 1500 bbbbbbbbbbbbbbbbbbbbbbbbbbbbbbbbbbbbbbbbbbbbbbbbbbbbbbbbbbbbbbbbbbbbbbbbbbbbbbbbbbbbbbbbbbbbbbbbbbbbbbbbbbbbbbbbbbbbbbbb[0m
[+   58.88] [1;32muart:~$ [m[8D[J[1;32muart:~$ [m[8D[J[00:00:40.591,000] [0m<inf> coprocessor_service: burst 1394 of 1500 bbbbbbbbbbbbbbbbbbbbbbbbbbbbbbbbbbbbbbbbbbbbbbbbbbbbbbbbbbbbbbbbbbbbbbbbbbbbbbbbbbbbbbbbbbbbbbbbbbbbbbbbbbbbbbbbbbbbbbbb[0m
[+   58.99] [1;32muart:~$ [m[8D[J[1;32muart:~$ [m[8D[J[00:00:40.592,000] [0m<inf> coprocessor_service: burst 1395 of 1500 bbbbbbbbbbbbbbbbbbbbbbbbbbbbbbbbbbbbbbbbbbbbbbbbbbbbbbbbbbbbbbbbbbbbbbbbbbbbbbbbbbbbbbbbbbbbbbbbbbbbbbbbbbbbbbbbbbbbbbbb[0m
[+   59.10] [1;32muart:~$ [m[8D[J[1;32muart:~$ [m[8D[J[00:00:40.592,000] [0m<inf> coprocessor_service: burst 1396 of 1500 bbbbbbbbbbbbbbbbbbbbbbbbbbbbbbbbbbbbbbbbbbbbbbbbbbbbbbbbbbbbbbbbbbbbbbbbbbbbbbbbbbbbbbbbbbbbbbbbbbbbbbbbbbbbbbbbbbbbbbbb[0m
[+   59.20] [1;32muart:~$ [m[8D[J[1;32muart:~$ [m[8D[J[00:00:40.592,000] [0m<inf> coprocessor_service: burst 1397 of 1500 bbbbbbbbbbbbbbbbbbbbbbbbbbbbbbbbbbbbbbbbbbbbbbbbbbbbbbbbbbbbbbbbbbbbbbbbbbbbbbbbbbbbbbbbbbbbbbbbbbbbbbbbbbbbbbbbbbbbbbbb[0m
[+   59.30] [1;32muart:~$ [m[8D[J[1;32muart:~$ [m[8D[J[00:00:40.592,000] [0m<inf> coprocessor_service: burst 1398 of 1500 bbbbbbbbbbbbbbbbbbbbbbbbbbbbbbbbbbbbbbbbbbbbbbbbbbbbbbbbbbbbbbbbbbbbbbbbbbbbbbbbbbbbbbbbbbbbbbbbbbbbbbbbbbbbbbbbbbbbbbbb[0m
[+   59.30] [1;32muart:~$ [m[8D[J[1;32muart:~$ [m[8D[J[00:00:40.593,000] [0m<inf> coprocessor_service: burst 1399 of 1500 bbbbbbbbbbbbbbbbbbbbbbbbbbbbbbbbbbbbbbbbbbbbbbbbbbbbbbbbbbbbbbbbbbbbbbbbbbbbbbbbbbbbbbbbbbbbbbbbbbbbbbbbbbbbbbbbbbbbbbbb[0m
[+   59.41] [1;32muart:~$ [m[8D[J[1;32muart:~$ [m[8D[J[00:00:40.593,000] [0m<inf> coprocessor_service: burst 1400 of 1500 bbbbbbbbbbbbbbbbbbbbbbbbbbbbbbbbbbbbbbbbbbbbbbbbbbbbbbbbbbbbbbbbbbbbbbbbbbbbbbbbbbbbbbbbbbbbbbbbbbbbbbbbbbbbbbbbbbbbbbbb[0m
[+   59.51] [1;32muart:~$ [m[8D[J[1;32muart:~$ [m[8D[J[00:00:40.593,000] [0m<inf> coprocessor_service: burst 1401 of 1500 bbbbbbbbbbbbbbbbbbbbbbbbbbbbbbbbbbbbbbbbbbbbbbbbbbbbbbbbbbbbbbbbbbbbbbbbbbbbbbbbbbbbbbbbbbbbbbbbbbbbbbbbbbbbbbbbbbbbbbbb[0m
[+   59.62] [1;32muart:~$ [m[8D[J[1;32muart:~$ [m[8D[J[00:00:40.593,000] [0m<inf> coprocessor_service: burst 1402 of 1500 bbbbbbbbbbbbbbbbbbbbbbbbbbbbbbbbbbbbbbbbbbbbbbbbbbbbbbbbbbbbbbbbbbbbbbbbbbbbbbbbbbbbbbbbbbbbbbbbbbbbbbbbbbbbbbbbbbbbbbbb[0m
[+   59.62] [1;32muart:~$ [m[8D[J[1;32muart:~$ [m[8D[J[00:00:40.594,000] [0m<inf> coprocessor_service: burst 1403 of 1500 bbbbbbbbbbbbbbbbbbbbbbbbbbbbbbbbbbbbbbbbbbbbbbbbbbbbbbbbbbbbbbbbbbbbbbbbbbbbbbbbbbbbbbbbbbbbbbbbbbbbbbbbbbbbbbbbbbbbbbbb[0m
[+   59.72] [1;32muart:~$ [m[8D[J[1;32muart:~$ [m[8D[J[00:00:40.594,000] [0m<inf> coprocessor_service: burst 1404 of 1500 bbbbbbbbbbbbbbbbbbbbbbbbbbbbbbbbbbbbbbbbbbbbbbbbbbbbbbbbbbbbbbbbbbbbbbbbbbbbbbbbbbbbbbbbbbbbbbbbbbbbbbbbbbbbbbbbbbbbbbbb[0m
[+   59.82] [1;32muart:~$ [m[8D[J[1;32muart:~$ [m[8D[J[00:00:40.594,000] [0m<inf> coprocessor_service: burst 1405 of 1500 bbbbbbbbbbbbbbbbbbbbbbbbbbbbbbbbbbbbbbbbbbbbbbbbbbbbbbbbbbbbbbbbbbbbbbbbbbbbbbbbbbbbbbbbbbbbbbbbbbbbbbbbbbbbbbbbbbbbbbbb[0m
[+   59.92] [1;32muart:~$ [m[8D[J[1;32muart:~$ [m[8D[J[00:00:40.594,000] [0m<inf> coprocessor_service: burst 1406 of 1500 bbbbbbbbbbbbbbbbbbbbbbbbbbbbbbbbbbbbbbbbbbbbbbbbbbbbbbbbbbbbbbbbbbbbbbbbbbbbbbbbbbbbbbbbbbbbbbbbbbbbbbbbbbbbbbbbbbbbbbbb[0m
[+   60.03] [1;32muart:~$ [m[8D[J[1;32muart:~$ [m[8D[J[00:00:40.595,000] [0m<inf> coprocessor_service: burst 1407 of 1500 bbbbbbbbbbbbbbbbbbbbbbbbbbbbbbbbbbbbbbbbbbbbbbbbbbbbbbbbbbbbbbbbbbbbbbbbbbbbbbbbbbbbbbbbbbbbbbbbbbbbbbbbbbbbbbbbbbbbbbbb[0m
[+   60.03] [1;32muart:~$ [m[8D[J[1;32muart:~$ [m[8D[J[00:00:40.595,000] [0m<inf> coprocessor_service: burst 1408 of 1500 bbbbbbbbbbbbbbbbbbbbbbbbbbbbbbbbbbbbbbbbbbbbbbbbbbbbbbbbbbbbbbbbbbbbbbbbbbbbbbbbbbbbbbbbbbbbbbbbbbbbbbbbbbbbbbbbbbbbbbbb[0m
[+   60.14] [1;32muart:~$ [m[8D[J[1;32muart:~$ [m[8D[J[00:00:40.595,000] [0m<inf> coprocessor_service: burst 1409 of 1500 bbbbbbbbbbbbbbbbbbbbbbbbbbbbbbbbbbbbbbbbbbbbbbbbbbbbbbbbbbbbbbbbbbbbbbbbbbbbbbbbbbbbbbbbbbbbbbbbbbbbbbbbbbbbbbbbbbbbbbbb[0m
[+   60.24] [1;32muart:~$ [m[8D[J[1;32muart:~$ [m[8D[J[00:00:40.595,000] [0m<inf> coprocessor_service: burst 1410 of 1500 bbbbbbbbbbbbbbbbbbbbbbbbbbbbbbbbbbbbbbbbbbbbbbbbbbbbbbbbbbbbbbbbbbbbbbbbbbbbbbbbbbbbbbbbbbbbbbbbbbbbbbbbbbbbbbbbbbbbbbbb[0m
[+   60.34] [1;32muart:~$ [m[8D[J[1;32muart:~$ [m[8D[J[00:00:40.596,000] [0m<inf> coprocessor_service: burst 1411 of 1500 bbbbbbbbbbbbbbbbbbbbbbbbbbbbbbbbbbbbbbbbbbbbbbbbbbbbbbbbbbbbbbbbbbbbbbbbbbbbbbbbbbbbbbbbbbbbbbbbbbbbbbbbbbbbbbbbbbbbbbbb[0m
[+   60.34] [1;32muart:~$ [m[8D[J[1;32muart:~$ [m[8D[J[00:00:40.596,000] [0m<inf> coprocessor_service: burst 1412 of 1500 bbbbbbbbbbbbbbbbbbbbbbbbbbbbbbbbbbbbbbbbbbbbbbbbbbbbbbbbbbbbbbbbbbbbbbbbbbbbbbbbbbbbbbbbbbbbbbbbbbbbbbbbbbbbbbbbbbbbbbbb[0m
[+   60.44] [1;32muart:~$ [m[8D[J[1;32muart:~$ [m[8D[J[00:00:40.596,000] [0m<inf> coprocessor_service: burst 1413 of 1500 bbbbbbbbbbbbbbbbbbbbbbbbbbbbbbbbbbbbbbbbbbbbbbbbbbbbbbbbbbbbbbbbbbbbbbbbbbbbbbbbbbbbbbbbbbbbbbbbbbbbbbbbbbbbbbbbbbbbbbbb[0m
[+   60.54] [1;32muart:~$ [m[8D[J[1;32muart:~$ [m[8D[J[00:00:40.597,000] [0m<inf> coprocessor_service: burst 1414 of 1500 bbbbbbbbbbbbbbbbbbbbbbbbbbbbbbbbbbbbbbbbbbbbbbbbbbbbbbbbbbbbbbbbbbbbbbbbbbbbbbbbbbbbbbbbbbbbbbbbbbbbbbbbbbbbbbbbbbbbbbbb[0m
[+   60.65] [1;32muart:~$ [m[8D[J[1;32muart:~$ [m[8D[J[00:00:40.597,000] [0m<inf> coprocessor_service: burst 1415 of 1500 bbbbbbbbbbbbbbbbbbbbbbbbbbbbbbbbbbbbbbbbbbbbbbbbbbbbbbbbbbbbbbbbbbbbbbbbbbbbbbbbbbbbbbbbbbbbbbbbbbbbbbbbbbbbbbbbbbbbbbbb[0m
[+   61.27] [1;32muart:~$ [m[8D[J[1;32muart:~$ [m[8D[J[00:00:40.597,000] [0m<inf> coprocessor_service: burst 1416 of 1500 bbbbbbbbbbbbbbbbbbbbbbbbbbbbbbbbbbbbbbbbbbbbbbbbbbbbbbbbbbbbbbbbbbbbbbbbbbbbbbbbbbbbbbbbbbbbbbbbbbbbbbbbbbbbbbbbbbbbbbbb[0m
[+   64.11] [1;32muart:~$ [m[8D[J[1;32muart:~$ [m[8D[J[00:00:40.597,000] [0m<inf> coprocessor_service: burst 1417 of 1500 bbbbbbbbbbbbbbbbbbbbbbbbbbbbbbbbbbbbbbbbbbbbbbbbbbbbbbbbbbbbbbbbbbbbbbbbbbbbbbbbbbbbbbbbbbbbbbbbbbbbbbbbbbbbbbbbbbbbbbbb[0m
[+   64.11] [1;32muart:~$ [m[8D[J[1;32muart:~$ [m[8D[J[00:00:40.598,000] [0m<inf> coprocessor_service: burst 1418 of 1500 bbbbbbbbbbbbbbbbbbbbbbbbbbbbbbbbbbbbbbbbbbbbbbbbbbbbbbbbbbbbbbbbbbbbbbbbbbbbbbbbbbbbbbbbbbbbbbbbbbbbbbbbbbbbbbbbbbbbbbbb[0m
[+   65.90] [1;32muart:~$ [m[8D[J[1;32muart:~$ [m[8D[J[00:00:40.598,000] [0m<inf> coprocessor_service: burst 1419 of 1500 bbbbbbbbbbbbbbbbbbbbbbbbbbbbbbbbbbbbbbbbbbbbbbbbbbbbbbbbbbbbbbbbbbbbbbbbbbbbbbbbbbbbbbbbbbbbbbbbbbbbbbbbbbbbbbbbbbbbbbbb[0m
[+   66.00] [1;32muart:~$ [m[8D[J[1;32muart:~$ [m[8D[J[00:00:40.598,000] [0m<inf> coprocessor_service: burst 1420 of 1500 bbbbbbbbbbbbbbbbbbbbbbbbbbbbbbbbbbbbbbbbbbbbbbbbbbbbbbbbbbbbbbbbbbbbbbbbbbbbbbbbbbbbbbbbbbbbbbbbbbbbbbbbbbbbbbbbbbbbbbbb[0m
[+   66.00] [1;32muart:~$ [m[8D[J[1;32muart:~$ [m[8D[J[00:00:40.598,000] [0m<inf> coprocessor_service: burst 1421 of 1500 bbbbbbbbbbbbbbbbbbbbbbbbbbbbbbbbbbbbbbbbbbbbbbbbbbbbbbbbbbbbbbbbbbbbbbbbbbbbbbbbbbbbbbbbbbbbbbbbbbbbbbbbbbbbbbbbbbbbbbbb[0m
[+   66.10] [1;32muart:~$ [m[8D[J[1;32muart:~$ [m[8D[J[00:00:40.599,000] [0m<inf> coprocessor_service: burst 1422 of 1500 bbbbbbbbbbbbbbbbbbbbbbbbbbbbbbbbbbbbbbbbbbbbbbbbbbbbbbbbbbbbbbbbbbbbbbbbbbbbbbbbbbbbbbbbbbbbbbbbbbbbbbbbbbbbbbbbbbbbbbbb[0m
[+   66.21] [1;32muart:~$ [m[8D[J[1;32muart:~$ [m[8D[J[00:00:40.599,000] [0m<inf> coprocessor_service: burst 1423 of 1500 bbbbbbbbbbbbbbbbbbbbbbbbbbbbbbbbbbbbbbbbbbbbbbbbbbbbbbbbbbbbbbbbbbbbbbbbbbbbbbbbbbbbbbbbbbbbbbbbbbbbbbbbbbbbbbbbbbbbbbbb[0m
[+   66.31] [1;32muart:~$ [m[8D[J[1;32muart:~$ [m[8D[J[00:00:40.599,000] [0m<inf> coprocessor_service: burst 1424 of 1500 bbbbbbbbbbbbbbbbbbbbbbbbbbbbbbbbbbbbbbbbbbbbbbbbbbbbbbbbbbbbbbbbbbbbbbbbbbbbbbbbbbbbbbbbbbbbbbbbbbbbbbbbbbbbbbbbbbbbbbbb[0m
[+   66.41] [1;32muart:~$ [m[8D[J[1;32muart:~$ [m[8D[J[00:00:40.599,000] [0m<inf> coprocessor_service: burst 1425 of 1500 bbbbbbbbbbbbbbbbbbbbbbbbbbbbbbbbbbbbbbbbbbbbbbbbbbbbbbbbbbbbbbbbbbbbbbbbbbbbbbbbbbbbbbbbbbbbbbbbbbbbbbbbbbbbbbbbbbbbbbbb[0m
[+   66.41] [1;32muart:~$ [m[8D[J[1;32muart:~$ [m[8D[J[00:00:40.600,000] [0m<inf> coprocessor_service: burst 1426 of 1500 bbbbbbbbbbbbbbbbbbbbbbbbbbbbbbbbbbbbbbbbbbbbbbbbbbbbbbbbbbbbbbbbbbbbbbbbbbbbbbbbbbbbbbbbbbbbbbbbbbbbbbbbbbbbbbbbbbbbbbbb[0m
[+   66.52] [1;32muart:~$ [m[8D[J[1;32muart:~$ [m[8D[J[00:00:40.600,000] [0m<inf> coprocessor_service: burst 1427 of 1500 bbbbbbbbbbbbbbbbbbbbbbbbbbbbbbbbbbbbbbbbbbbbbbbbbbbbbbbbbbbbbbbbbbbbbbbbbbbbbbbbbbbbbbbbbbbbbbbbbbbbbbbbbbbbbbbbbbbbbbbb[0m
[+   66.62] [1;32muart:~$ [m[8D[J[1;32muart:~$ [m[8D[J[00:00:40.600,000] [0m<inf> coprocessor_service: burst 1428 of 1500 bbbbbbbbbbbbbbbbbbbbbbbbbbbbbbbbbbbbbbbbbbbbbbbbbbbbbbbbbbbbbbbbbbbbbbbbbbbbbbbbbbbbbbbbbbbbbbbbbbbbbbbbbbbbbbbbbbbbbbbb[0m
[+   66.72] [1;32muart:~$ [m[8D[J[1;32muart:~$ [m[8D[J[00:00:40.600,000] [0m<inf> coprocessor_service: burst 1429 of 1500 bbbbbbbbbbbbbbbbbbbbbbbbbbbbbbbbbbbbbbbbbbbbbbbbbbbbbbbbbbbbbbbbbbbbbbbbbbbbbbbbbbbbbbbbbbbbbbbbbbbbbbbbbbbbbbbbbbbbbbbb[0m
[+   66.72] [1;32muart:~$ [m[8D[J[1;32muart:~$ [m[8D[J[00:00:40.601,000] [0m<inf> coprocessor_service: burst 1430 of 1500 bbbbbbbbbbbbbbbbbbbbbbbbbbbbbbbbbbbbbbbbbbbbbbbbbbbbbbbbbbbbbbbbbbbbbbbbbbbbbbbbbbbbbbbbbbbbbbbbbbbbbbbbbbbbbbbbbbbbbbbb[0m
[+   66.82] [1;32muart:~$ [m[8D[J[1;32muart:~$ [m[8D[J[00:00:40.601,000] [0m<inf> coprocessor_service: burst 1431 of 1500 bbbbbbbbbbbbbbbbbbbbbbbbbbbbbbbbbbbbbbbbbbbbbbbbbbbbbbbbbbbbbbbbbbbbbbbbbbbbbbbbbbbbbbbbbbbbbbbbbbbbbbbbbbbbbbbbbbbbbbbb[0m
[+   66.93] [1;32muart:~$ [m[8D[J[1;32muart:~$ [m[8D[J[00:00:40.601,000] [0m<inf> coprocessor_service: burst 1432 of 1500 bbbbbbbbbbbbbbbbbbbbbbbbbbbbbbbbbbbbbbbbbbbbbbbbbbbbbbbbbbbbbbbbbbbbbbbbbbbbbbbbbbbbbbbbbbbbbbbbbbbbbbbbbbbbbbbbbbbbbbbb[0m
[+   67.03] [1;32muart:~$ [m[8D[J[1;32muart:~$ [m[8D[J[00:00:40.601,000] [0m<inf> coprocessor_service: burst 1433 of 1500 bbbbbbbbbbbbbbbbbbbbbbbbbbbbbbbbbbbbbbbbbbbbbbbbbbbbbbbbbbbbbbbbbbbbbbbbbbbbbbbbbbbbbbbbbbbbbbbbbbbbbbbbbbbbbbbbbbbbbbbb[0m
[+   67.13] [1;32muart:~$ [m[8D[J[1;32muart:~$ [m[8D[J[00:00:40.602,000] [0m<inf> coprocessor_service: burst 1434 of 1500 bbbbbbbbbbbbbbbbbbbbbbbbbbbbbbbbbbbbbbbbbbbbbbbbbbbbbbbbbbbbbbbbbbbbbbbbbbbbbbbbbbbbbbbbbbbbbbbbbbbbbbbbbbbbbbbbbbbbbbbb[0m
[+   67.13] [1;32muart:~$ [m[8D[J[1;32muart:~$ [m[8D[J[00:00:40.602,000] [0m<inf> coprocessor_service: burst 1435 of 1500 bbbbbbbbbbbbbbbbbbbbbbbbbbbbbbbbbbbbbbbbbbbbbbbbbbbbbbbbbbbbbbbbbbbbbbbbbbbbbbbbbbbbbbbbbbbbbbbbbbbbbbbbbbbbbbbbbbbbbbbb[0m
[+   67.23] [1;32muart:~$ [m[8D[J[1;32muart:~$ [m[8D[J[00:00:40.602,000] [0m<inf> coprocessor_service: burst 1436 of 1500 bbbbbbbbbbbbbbbbbbbbbbbbbbbbbbbbbbbbbbbbbbbbbbbbbbbbbbbbbbbbbbbbbbbbbbbbbbbbbbbbbbbbbbbbbbbbbbbbbbbbbbbbbbbbbbbbbbbbbbbb[0m
[+   67.33] [1;32muart:~$ [m[8D[J[1;32muart:~$ [m[8D[J[00:00:40.603,000] [0m<inf> coprocessor_service: burst 1437 of 1500 bbbbbbbbbbbbbbbbbbbbbbbbbbbbbbbbbbbbbbbbbbbbbbbbbbbbbbbbbbbbbbbbbbbbbbbbbbbbbbbbbbbbbbbbbbbbbbbbbbbbbbbbbbbbbbbbbbbbbbbb[0m
[+   67.43] [1;32muart:~$ [m[8D[J[1;32muart:~$ [m[8D[J[00:00:40.603,000] [0m<inf> coprocessor_service: burst 1438 of 1500 bbbbbbbbbbbbbbbbbbbbbbbbbbbbbbbbbbbbbbbbbbbbbbbbbbbbbbbbbbbbbbbbbbbbbbbbbbbbbbbbbbbbbbbbbbbbbbbbbbbbbbbbbbbbbbbbbbbbbbbb[0m
[+   67.43] [1;32muart:~$ [m[8D[J[1;32muart:~$ [m[8D[J[00:00:40.603,000] [0m<inf> coprocessor_service: burst 1439 of 1500 bbbbbbbbbbbbbbbbbbbbbbbbbbbbbbbbbbbbbbbbbbbbbbbbbbbbbbbbbbbbbbbbbbbbbbbbbbbbbbbbbbbbbbbbbbbbbbbbbbbbbbbbbbbbbbbbbbbbbbbb[0m
[+   67.54] [1;32muart:~$ [m[8D[J[1;32muart:~$ [m[8D[J[00:00:40.603,000] [0m<inf> coprocessor_service: burst 1440 of 1500 bbbbbbbbbbbbbbbbbbbbbbbbbbbbbbbbbbbbbbbbbbbbbbbbbbbbbbbbbbbbbbbbbbbbbbbbbbbbbbbbbbbbbbbbbbbbbbbbbbbbbbbbbbbbbbbbbbbbbbbb[0m
[+   67.64] [1;32muart:~$ [m[8D[J[1;32muart:~$ [m[8D[J[00:00:40.604,000] [0m<inf> coprocessor_service: burst 1441 of 1500 bbbbbbbbbbbbbbbbbbbbbbbbbbbbbbbbbbbbbbbbbbbbbbbbbbbbbbbbbbbbbbbbbbbbbbbbbbbbbbbbbbbbbbbbbbbbbbbbbbbbbbbbbbbbbbbbbbbbbbbb[0m
[+   67.74] [1;32muart:~$ [m[8D[J[1;32muart:~$ [m[8D[J[00:00:40.604,000] [0m<inf> coprocessor_service: burst 1442 of 1500 bbbbbbbbbbbbbbbbbbbbbbbbbbbbbbbbbbbbbbbbbbbbbbbbbbbbbbbbbbbbbbbbbbbbbbbbbbbbbbbbbbbbbbbbbbbbbbbbbbbbbbbbbbbbbbbbbbbbbbbb[0m
[+   73.40] [1;32muart:~$ [m[8D[J[1;32muart:~$ [m[8D[J[00:00:40.604,000] [0m<inf> coprocessor_service: burst 1443 of 1500 bbbbbbbbbbbbbbbbbbbbbbbbbbbbbbbbbbbbbbbbbbbbbbbbbbbbbbbbbbbbbbbbbbbbbbbbbbbbbbbbbbbbbbbbbbbbbbbbbbbbbbbbbbbbbbbbbbbbbbbb[0m
[+   73.40] [1;32muart:~$ [m[8D[J[1;32muart:~$ [m[8D[J[00:00:40.604,000] [0m<inf> coprocessor_service: burst 1444 of 1500 bbbbbbbbbbbbbbbbbbbbbbbbbbbbbbbbbbbbbbbbbbbbbbbbbbbbbbbbbbbbbbbbbbbbbbbbbbbbbbbbbbbbbbbbbbbbbbbbbbbbbbbbbbbbbbbbbbbbbbbb[0m
[+   73.51] [1;32muart:~$ [m[8D[J[1;32muart:~$ [m[8D[J[00:00:40.605,000] [0m<inf> coprocessor_service: burst 1445 of 1500 bbbbbbbbbbbbbbbbbbbbbbbbbbbbbbbbbbbbbbbbbbbbbbbbbbbbbbbbbbbbbbbbbbbbbbbbbbbbbbbbbbbbbbbbbbbbbbbbbbbbbbbbbbbbbbbbbbbbbbbb[0m
[+   73.61] [1;32muart:~$ [m[8D[J[1;32muart:~$ [m[8D[J[00:00:40.605,000] [0m<inf> coprocessor_service: burst 1446 of 1500 bbbbbbbbbbbbbbbbbbbbbbbbbbbbbbbbbbbbbbbbbbbbbbbbbbbbbbbbbbbbbbbbbbbbbbbbbbbbbbbbbbbbbbbbbbbbbbbbbbbbbbbbbbbbbbbbbbbbbbbb[0m
[+   73.72] [1;32muart:~$ [m[8D[J[1;32muart:~$ [m[8D[J[00:00:40.605,000] [0m<inf> coprocessor_service: burst 1447 of 1500 bbbbbbbbbbbbbbbbbbbbbbbbbbbbbbbbbbbbbbbbbbbbbbbbbbbbbbbbbbbbbbbbbbbbbbbbbbbbbbbbbbbbbbbbbbbbbbbbbbbbbbbbbbbbbbbbbbbbbbbb[0m
[+   73.72] [1;32muart:~$ [m[8D[J[1;32muart:~$ [m[8D[J[00:00:40.605,000] [0m<inf> coprocessor_service: burst 1448 of 1500 bbbbbbbbbbbbbbbbbbbbbbbbbbbbbbbbbbbbbbbbbbbbbbbbbbbbbbbbbbbbbbbbbbbbbbbbbbbbbbbbbbbbbbbbbbbbbbbbbbbbbbbbbbbbbbbbbbbbbbbb[0m
[+   73.82] [1;32muart:~$ [m[8D[J[1;32muart:~$ [m[8D[J[00:00:40.606,000] [0m<inf> coprocessor_service: burst 1449 of 1500 bbbbbbbbbbbbbbbbbbbbbbbbbbbbbbbbbbbbbbbbbbbbbbbbbbbbbbbbbbbbbbbbbbbbbbbbbbbbbbbbbbbbbbbbbbbbbbbbbbbbbbbbbbbbbbbbbbbbbbbb[0m
[+   73.92] [1;32muart:~$ [m[8D[J[1;32muart:~$ [m[8D[J[00:00:40.606,000] [0m<inf> coprocessor_service: burst 1450 of 1500 bbbbbbbbbbbbbbbbbbbbbbbbbbbbbbbbbbbbbbbbbbbbbbbbbbbbbbbbbbbbbbbbbbbbbbbbbbbbbbbbbbbbbbbbbbbbbbbbbbbbbbbbbbbbbbbbbbbbbbbb[0m
[+   74.03] [1;32muart:~$ [m[8D[J[1;32muart:~$ [m[8D[J[00:00:40.606,000] [0m<inf> coprocessor_service: burst 1451 of 1500 bbbbbbbbbbbbbbbbbbbbbbbbbbbbbbbbbbbbbbbbbbbbbbbbbbbbbbbbbbbbbbbbbbbbbbbbbbbbbbbbbbbbbbbbbbbbbbbbbbbbbbbbbbbbbbbbbbbbbbbb[0m
[+   74.03] [1;32muart:~$ [m[8D[J[1;32muart:~$ [m[8D[J[00:00:40.606,000] [0m<inf> coprocessor_service: burst 1452 of 1500 bbbbbbbbbbbbbbbbbbbbbbbbbbbbbbbbbbbbbbbbbbbbbbbbbbbbbbbbbbbbbbbbbbbbbbbbbbbbbbbbbbbbbbbbbbbbbbbbbbbbbbbbbbbbbbbbbbbbbbbb[0m
[+   74.13] [1;32muart:~$ [m[8D[J[1;32muart:~$ [m[8D[J[00:00:40.607,000] [0m<inf> coprocessor_service: burst 1453 of 1500 bbbbbbbbbbbbbbbbbbbbbbbbbbbbbbbbbbbbbbbbbbbbbbbbbbbbbbbbbbbbbbbbbbbbbbbbbbbbbbbbbbbbbbbbbbbbbbbbbbbbbbbbbbbbbbbbbbbbbbbb[0m
[+   74.24] [1;32muart:~$ [m[8D[J[1;32muart:~$ [m[8D[J[00:00:40.607,000] [0m<inf> coprocessor_service: burst 1454 of 1500 bbbbbbbbbbbbbbbbbbbbbbbbbbbbbbbbbbbbbbbbbbbbbbbbbbbbbbbbbbbbbbbbbbbbbbbbbbbbbbbbbbbbbbbbbbbbbbbbbbbbbbbbbbbbbbbbbbbbbbbb[0m
[+   74.34] [1;32muart:~$ [m[8D[J[1;32muart:~$ [m[8D[J[00:00:40.607,000] [0m<inf> coprocessor_service: burst 1455 of 1500 bbbbbbbbbbbbbbbbbbbbbbbbbbbbbbbbbbbbbbbbbbbbbbbbbbbbbbbbbbbbbbbbbbbbbbbbbbbbbbbbbbbbbbbbbbbbbbbbbbbbbbbbbbbbbbbbbbbbbbbb[0m
[+   74.44] [1;32muart:~$ [m[8D[J[1;32muart:~$ [m[8D[J[00:00:40.607,000] [0m<inf> coprocessor_service: burst 1456 of 1500 bbbbbbbbbbbbbbbbbbbbbbbbbbbbbbbbbbbbbbbbbbbbbbbbbbbbbbbbbbbbbbbbbbbbbbbbbbbbbbbbbbbbbbbbbbbbbbbbbbbbbbbbbbbbbbbbbbbbbbbb[0m
[+   74.44] [1;32muart:~$ [m[8D[J[1;32muart:~$ [m[8D[J[00:00:40.608,000] [0m<inf> coprocessor_service: burst 1457 of 1500 bbbbbbbbbbbbbbbbbbbbbbbbbbbbbbbbbbbbbbbbbbbbbbbbbbbbbbbbbbbbbbbbbbbbbbbbbbbbbbbbbbbbbbbbbbbbbbbbbbbbbbbbbbbbbbbbbbbbbbbb[0m
[+   74.55] [1;32muart:~$ [m[8D[J[1;32muart:~$ [m[8D[J[00:00:40.608,000] [0m<inf> coprocessor_service: burst 1458 of 1500 bbbbbbbbbbbbbbbbbbbbbbbbbbbbbbbbbbbbbbbbbbbbbbbbbbbbbbbbbbbbbbbbbbbbbbbbbbbbbbbbbbbbbbbbbbbbbbbbbbbbbbbbbbbbbbbbbbbbbbbb[0m
[+   74.65] [1;32muart:~$ [m[8D[J[1;32muart:~$ [m[8D[J[00:00:40.608,000] [0m<inf> coprocessor_service: burst 1459 of 1500 bbbbbbbbbbbbbbbbbbbbbbbbbbbbbbbbbbbbbbbbbbbbbbbbbbbbbbbbbbbbbbbbbbbbbbbbbbbbbbbbbbbbbbbbbbbbbbbbbbbbbbbbbbbbbbbbbbbbbbbb[0m
[+   74.75] [1;32muart:~$ [m[8D[J[1;32muart:~$ [m[8D[J[00:00:40.609,000] [0m<inf> coprocessor_service: burst 1460 of 1500 bbbbbbbbbbbbbbbbbbbbbbbbbbbbbbbbbbbbbbbbbbbbbbbbbbbbbbbbbbbbbbbbbbbbbbbbbbbbbbbbbbbbbbbbbbbbbbbbbbbbbbbbbbbbbbbbbbbbbbbb[0m
[+   74.75] [1;32muart:~$ [m[8D[J[1;32muart:~$ [m[8D[J[00:00:40.609,000] [0m<inf> coprocessor_service: burst 1461 of 1500 bbbbbbbbbbbbbbbbbbbbbbbbbbbbbbbbbbbbbbbbbbbbbbbbbbbbbbbbbbbbbbbbbbbbbbbbbbbbbbbbbbbbbbbbbbbbbbbbbbbbbbbbbbbbbbbbbbbbbbbb[0m
[+   74.86] [1;32muart:~$ [m[8D[J[1;32muart:~$ [m[8D[J[00:00:40.609,000] [0m<inf> coprocessor_service: burst 1462 of 1500 bbbbbbbbbbbbbbbbbbbbbbbbbbbbbbbbbbbbbbbbbbbbbbbbbbbbbbbbbbbbbbbbbbbbbbbbbbbbbbbbbbbbbbbbbbbbbbbbbbbbbbbbbbbbbbbbbbbbbbbb[0m
[+   74.96] [1;32muart:~$ [m[8D[J[1;32muart:~$ [m[8D[J[00:00:40.609,000] [0m<inf> coprocessor_service: burst 1463 of 1500 bbbbbbbbbbbbbbbbbbbbbbbbbbbbbbbbbbbbbbbbbbbbbbbbbbbbbbbbbbbbbbbbbbbbbbbbbbbbbbbbbbbbbbbbbbbbbbbbbbbbbbbbbbbbbbbbbbbbbbbb[0m
[+   75.06] [1;32muart:~$ [m[8D[J[1;32muart:~$ [m[8D[J[00:00:40.610,000] [0m<inf> coprocessor_service: burst 1464 of 1500 bbbbbbbbbbbbbbbbbbbbbbbbbbbbbbbbbbbbbbbbbbbbbbbbbbbbbbbbbbbbbbbbbbbbbbbbbbbbbbbbbbbbbbbbbbbbbbbbbbbbbbbbbbbbbbbbbbbbbbbb[0m
[+   75.06] [1;32muart:~$ [m[8D[J[1;32muart:~$ [m[8D[J[00:00:40.610,000] [0m<inf> coprocessor_service: burst 1465 of 1500 bbbbbbbbbbbbbbbbbbbbbbbbbbbbbbbbbbbbbbbbbbbbbbbbbbbbbbbbbbbbbbbbbbbbbbbbbbbbbbbbbbbbbbbbbbbbbbbbbbbbbbbbbbbbbbbbbbbbbbbb[0m
[+   75.17] [1;32muart:~$ [m[8D[J[1;32muart:~$ [m[8D[J[00:00:40.610,000] [0m<inf> coprocessor_service: burst 1466 of 1500 bbbbbbbbbbbbbbbbbbbbbbbbbbbbbbbbbbbbbbbbbbbbbbbbbbbbbbbbbbbbbbbbbbbbbbbbbbbbbbbbbbbbbbbbbbbbbbbbbbbbbbbbbbbbbbbbbbbbbbbb[0m
[+   75.28] [1;32muart:~$ [m[8D[J[1;32muart:~$ [m[8D[J[00:00:40.610,000] [0m<inf> coprocessor_service: burst 1467 of 1500 bbbbbbbbbbbbbbbbbbbbbbbbbbbbbbbbbbbbbbbbbbbbbbbbbbbbbbbbbbbbbbbbbbbbbbbbbbbbbbbbbbbbbbbbbbbbbbbbbbbbbbbbbbbbbbbbbbbbbbbb[0m
[+   79.24] [1;32muart:~$ [m[8D[J[1;32muart:~$ [m[8D[J[00:00:40.611,000] [0m<inf> coprocessor_service: burst 1468 of 1500 bbbbbbbbbbbbbbbbbbbbbbbbbbbbbbbbbbbbbbbbbbbbbbbbbbbbbbbbbbbbbbbbbbbbbbbbbbbbbbbbbbbbbbbbbbbbbbbbbbbbbbbbbbbbbbbbbbbbbbbb[0m
[+   79.45] [1;32muart:~$ [m[8D[J[1;32muart:~$ [m[8D[J[00:00:40.611,000] [0m<inf> coprocessor_service: burst 1469 of 1500 bbbbbbbbbbbbbbbbbbbbbbbbbbbbbbbbbbbbbbbbbbbbbbbbbbbbbbbbbbbbbbbbbbbbbbbbbbbbbbbbbbbbbbbbbbbbbbbbbbbbbbbbbbbbbbbbbbbbbbbb[0m
[+   81.36] [1;32muart:~$ [m[8D[J[1;32muart:~$ [m[8D[J[00:00:40.611,000] [0m<inf> coprocessor_service: burst 1470 of 1500 bbbbbbbbbbbbbbbbbbbbbbbbbbbbbbbbbbbbbbbbbbbbbbbbbbbbbbbbbbbbbbbbbbbbbbbbbbbbbbbbbbbbbbbbbbbbbbbbbbbbbbbbbbbbbbbbbbbbbbbb[0m
[+   81.46] [1;32muart:~$ [m[8D[J[1;32muart:~$ [m[8D[J[00:00:40.611,000] [0m<inf> coprocessor_service: burst 1471 of 1500 bbbbbbbbbbbbbbbbbbbbbbbbbbbbbbbbbbbbbbbbbbbbbbbbbbbbbbbbbbbbbbbbbbbbbbbbbbbbbbbbbbbbbbbbbbbbbbbbbbbbbbbbbbbbbbbbbbbbbbbb[0m
[+   81.56] [1;32muart:~$ [m[8D[J[1;32muart:~$ [m[8D[J[00:00:40.612,000] [0m<inf> coprocessor_service: burst 1472 of 1500 bbbbbbbbbbbbbbbbbbbbbbbbbbbbbbbbbbbbbbbbbbbbbbbbbbbbbbbbbbbbbbbbbbbbbbbbbbbbbbbbbbbbbbbbbbbbbbbbbbbbbbbbbbbbbbbbbbbbbbbb[0m
[+   81.66] [1;32muart:~$ [m[8D[J[1;32muart:~$ [m[8D[J[00:00:40.612,000] [0m<inf> coprocessor_service: burst 1473 of 1500 bbbbbbbbbbbbbbbbbbbbbbbbbbbbbbbbbbbbbbbbbbbbbbbbbbbbbbbbbbbbbbbbbbbbbbbbbbbbbbbbbbbbbbbbbbbbbbbbbbbbbbbbbbbbbbbbbbbbbbbb[0m
[+   81.66] [1;32muart:~$ [m[8D[J[1;32muart:~$ [m[8D[J[00:00:40.612,000] [0m<inf> coprocessor_service: burst 1474 of 1500 bbbbbbbbbbbbbbbbbbbbbbbbbbbbbbbbbbbbbbbbbbbbbbbbbbbbbbbbbbbbbbbbbbbbbbbbbbbbbbbbbbbbbbbbbbbbbbbbbbbbbbbbbbbbbbbbbbbbbbbb[0m
[+   81.77] [1;32muart:~$ [m[8D[J[1;32muart:~$ [m[8D[J[00:00:40.612,000] [0m<inf> coprocessor_service: burst 1475 of 1500 bbbbbbbbbbbbbbbbbbbbbbbbbbbbbbbbbbbbbbbbbbbbbbbbbbbbbbbbbbbbbbbbbbbbbbbbbbbbbbbbbbbbbbbbbbbbbbbbbbbbbbbbbbbbbbbbbbbbbbbb[0m
[+   81.77] [1;32muart:~$ [m[8D[J[1;32muart:~$ [m[8D[J[00:00:40.613,000] [0m<inf> coprocessor_service: burst 1476 of 1500 bbbbbbbbbbbbbbbbbbbbbbbbbbbbbbbbbbbbbbbbbbbbbbbbbbbbbbbbbbbbbbbbbbbbbbbbbbbbbbbbbbbbbbbbbbbbbbbbbbbbbbbbbbbbbbbbbbbbbbbb[0m
[+   81.87] [1;32muart:~$ [m[8D[J[1;32muart:~$ [m[8D[J[00:00:40.613,000] [0m<inf> coprocessor_service: burst 1477 of 1500 bbbbbbbbbbbbbbbbbbbbbbbbbbbbbbbbbbbbbbbbbbbbbbbbbbbbbbbbbbbbbbbbbbbbbbbbbbbbbbbbbbbbbbbbbbbbbbbbbbbbbbbbbbbbbbbbbbbbbbbb[0m
[+   81.97] [1;32muart:~$ [m[8D[J[1;32muart:~$ [m[8D[J[00:00:40.613,000] [0m<inf> coprocessor_service: burst 1478 of 1500 bbbbbbbbbbbbbbbbbbbbbbbbbbbbbbbbbbbbbbbbbbbbbbbbbbbbbbbbbbbbbbbbbbbbbbbbbbbbbbbbbbbbbbbbbbbbbbbbbbbbbbbbbbbbbbbbbbbbbbbb[0m
[+   81.97] [1;32muart:~$ [m[8D[J[1;32muart:~$ [m[8D[J[00:00:40.613,000] [0m<inf> coprocessor_service: burst 1479 of 1500 bbbbbbbbbbbbbbbbbbbbbbbbbbbbbbbbbbbbbbbbbbbbbbbbbbbbbbbbbbbbbbbbbbbbbbbbbbbbbbbbbbbbbbbbbbbbbbbbbbbbbbbbbbbbbbbbbbbbbbbb[0m
[+   81.97] [1;32muart:~$ [m[8D[J[1;32muart:~$ [m[8D[J[00:00:40.614,000] [0m<inf> coprocessor_service: burst 1480 of 1500 bbbbbbbbbbbbbbbbbbbbbbbbbbbbbbbbbbbbbbbbbbbbbbbbbbbbbbbbbbbbbbbbbbbbbbbbbbbbbbbbbbbbbbbbbbbbbbbbbbbbbbbbbbbbbbbbbbbbbbbb[0m
[+   82.07] [1;32muart:~$ [m[8D[J[1;32muart:~$ [m[8D[J[00:00:40.614,000] [0m<inf> coprocessor_service: burst 1481 of 1500 bbbbbbbbbbbbbbbbbbbbbbbbbbbbbbbbbbbbbbbbbbbbbbbbbbbbbbbbbbbbbbbbbbbbbbbbbbbbbbbbbbbbbbbbbbbbbbbbbbbbbbbbbbbbbbbbbbbbbbbb[0m
[+   82.07] [1;32muart:~$ [m[8D[J[1;32muart:~$ [m[8D[J[00:00:40.614,000] [0m<inf> coprocessor_service: burst 1482 of 1500 bbbbbbbbbbbbbbbbbbbbbbbbbbbbbbbbbbbbbbbbbbbbbbbbbbbbbbbbbbbbbbbbbbbbbbbbbbbbbbbbbbbbbbbbbbbbbbbbbbbbbbbbbbbbbbbbbbbbbbbb[0m
[+   82.17] [1;32muart:~$ [m[8D[J[1;32muart:~$ [m[8D[J[00:00:40.614,000] [0m<inf> coprocessor_service: burst 1483 of 1500 bbbbbbbbbbbbbbbbbbbbbbbbbbbbbbbbbbbbbbbbbbbbbbbbbbbbbbbbbbbbbbbbbbbbbbbbbbbbbbbbbbbbbbbbbbbbbbbbbbbbbbbbbbbbbbbbbbbbbbbb[0m
[+   82.27] [1;32muart:~$ [m[8D[J[1;32muart:~$ [m[8D[J[00:00:40.615,000] [0m<inf> coprocessor_service: burst 1484 of 1500 bbbbbbbbbbbbbbbbbbbbbbbbbbbbbbbbbbbbbbbbbbbbbbbbbbbbbbbbbbbbbbbbbbbbbbbbbbbbbbbbbbbbbbbbbbbbbbbbbbbbbbbbbbbbbbbbbbbbbbbb[0m
[+   82.27] [1;32muart:~$ [m[8D[J[1;32muart:~$ [m[8D[J[00:00:40.615,000] [0m<inf> coprocessor_service: burst 1485 of 1500 bbbbbbbbbbbbbbbbbbbbbbbbbbbbbbbbbbbbbbbbbbbbbbbbbbbbbbbbbbbbbbbbbbbbbbbbbbbbbbbbbbbbbbbbbbbbbbbbbbbbbbbbbbbbbbbbbbbbbbbb[0m
[+   82.27] [1;32muart:~$ [m[8D[J[1;32muart:~$ [m[8D[J[00:00:40.615,000] [0m<inf> coprocessor_service: burst 1486 of 1500 bbbbbbbbbbbbbbbbbbbbbbbbbbbbbbbbbbbbbbbbbbbbbbbbbbbbbbbbbbbbbbbbbbbbbbbbbbbbbbbbbbbbbbbbbbbbbbbbbbbbbbbbbbbbbbbbbbbbbbbb[0m
[+   82.37] [1;32muart:~$ [m[8D[J[1;32muart:~$ [m[8D[J[00:00:40.616,000] [0m<inf> coprocessor_service: burst 1487 of 1500 bbbbbbbbbbbbbbbbbbbbbbbbbbbbbbbbbbbbbbbbbbbbbbbbbbbbbbbbbbbbbbbbbbbbbbbbbbbbbbbbbbbbbbbbbbbbbbbbbbbbbbbbbbbbbbbbbbbbbbbb[0m
[+   82.48] [1;32muart:~$ [m[8D[J[1;32muart:~$ [m[8D[J[00:00:40.616,000] [0m<inf> coprocessor_service: burst 1488 of 1500 bbbbbbbbbbbbbbbbbbbbbbbbbbbbbbbbbbbbbbbbbbbbbbbbbbbbbbbbbbbbbbbbbbbbbbbbbbbbbbbbbbbbbbbbbbbbbbbbbbbbbbbbbbbbbbbbbbbbbbbb[0m
[+   82.48] [1;32muart:~$ [m[8D[J[1;32muart:~$ [m[8D[J[00:00:40.616,000] [0m<inf> coprocessor_service: burst 1489 of 1500 bbbbbbbbbbbbbbbbbbbbbbbbbbbbbbbbbbbbbbbbbbbbbbbbbbbbbbbbbbbbbbbbbbbbbbbbbbbbbbbbbbbbbbbbbbbbbbbbbbbbbbbbbbbbbbbbbbbbbbbb[0m
[+   82.58] [1;32muart:~$ [m[8D[J[1;32muart:~$ [m[8D[J[00:00:40.616,000] [0m<inf> coprocessor_service: burst 1490 of 1500 bbbbbbbbbbbbbbbbbbbbbbbbbbbbbbbbbbbbbbbbbbbbbbbbbbbbbbbbbbbbbbbbbbbbbbbbbbbbbbbbbbbbbbbbbbbbbbbbbbbbbbbbbbbbbbbbbbbbbbbb[0m
[+   82.58] [1;32muart:~$ [m[8D[J[1;32muart:~$ [m[8D[J[00:00:40.617,000] [0m<inf> coprocessor_service: burst 1491 of 1500 bbbbbbbbbbbbbbbbbbbbbbbbbbbbbbbbbbbbbbbbbbbbbbbbbbbbbbbbbbbbbbbbbbbbbbbbbbbbbbbbbbbbbbbbbbbbbbbbbbbbbbbbbbbbbbbbbbbbbbbb[0m
[+   82.68] [1;32muart:~$ [m[8D[J[1;32muart:~$ [m[8D[J[00:00:40.617,000] [0m<inf> coprocessor_service: burst 1492 of 1500 bbbbbbbbbbbbbbbbbbbbbbbbbbbbbbbbbbbbbbbbbbbbbbbbbbbbbbbbbbbbbbbbbbbbbbbbbbbbbbbbbbbbbbbbbbbbbbbbbbbbbbbbbbbbbbbbbbbbbbbb[0m
[+   82.68] [1;32muart:~$ [m[8D[J[1;32muart:~$ [m[8D[J[00:00:40.617,000] [0m<inf> coprocessor_service: burst 1493 of 1500 bbbbbbbbbbbbbbbbbbbbbbbbbbbbbbbbbbbbbbbbbbbbbbbbbbbbbbbbbbbbbbbbbbbbbbbbbbbbbbbbbbbbbbbbbbbbbbbbbbbbbbbbbbbbbbbbbbbbbbbb[0m
[+   82.78] [1;32muart:~$ [m[8D[J[1;32muart:~$ [m[8D[J[00:00:40.617,000] [0m<inf> coprocessor_service: burst 1494 of 1500 bbbbbbbbbbbbbbbbbbbbbbbbbbbbbbbbbbbbbbbbbbbbbbbbbbbbbbbbbbbbbbbbbbbbbbbbbbbbbbbbbbbbbbbbbbbbbbbbbbbbbbbbbbbbbbbbbbbbbbbb[0m
[+   82.78] [1;32muart:~$ [m[8D[J[1;32muart:~$ [m[8D[J[00:00:40.618,000] [0m<inf> coprocessor_service: burst 1495 of 1500 bbbbbbbbbbbbbbbbbbbbbbbbbbbbbbbbbbbbbbbbbbbbbbbbbbbbbbbbbbbbbbbbbbbbbbbbbbbbbbbbbbbbbbbbbbbbbbbbbbbbbbbbbbbbbbbbbbbbbbbb[0m
[+   82.89] [1;32muart:~$ [m[8D[J[1;32muart:~$ [m[8D[J[00:00:40.618,000] [0m<inf> coprocessor_service: burst 1496 of 1500 bbbbbbbbbbbbbbbbbbbbbbbbbbbbbbbbbbbbbbbbbbbbbbbbbbbbbbbbbbbbbbbbbbbbbbbbbbbbbbbbbbbbbbbbbbbbbbbbbbbbbbbbbbbbbbbbbbbbbbbb[0m
[+   82.89] [1;32muart:~$ [m[8D[J[1;32muart:~$ [m[8D[J[00:00:40.618,000] [0m<inf> coprocessor_service: burst 1497 of 1500 bbbbbbbbbbbbbbbbbbbbbbbbbbbbbbbbbbbbbbbbbbbbbbbbbbbbbbbbbbbbbbbbbbbbbbbbbbbbbbbbbbbbbbbbbbbbbbbbbbbbbbbbbbbbbbbbbbbbbbbb[0m
[+   82.99] [1;32muart:~$ [m[8D[J[1;32muart:~$ [m[8D[J[00:00:40.618,000] [0m<inf> coprocessor_service: burst 1498 of 1500 bbbbbbbbbbbbbbbbbbbbbbbbbbbbbbbbbbbbbbbbbbbbbbbbbbbbbbbbbbbbbbbbbbbbbbbbbbbbbbbbbbbbbbbbbbbbbbbbbbbbbbbbbbbbbbbbbbbbbbbb[0m
[+   82.99] [1;32muart:~$ [m[8D[J[1;32muart:~$ [m[8D[J[00:00:40.619,000] [0m<inf> coprocessor_service: burst 1499 of 1500 bbbbbbbbbbbbbbbbbbbbbbbbbbbbbbbbbbbbbbbbbbbbbbbbbbbbbbbbbbbbbbbbbbbbbbbbbbbbbbbbbbbbbbbbbbbbbbbbbbbbbbbbbbbbbbbbbbbbbbbb[0m
[+   83.10] [1;32muart:~$ [m[8D[J[1;32muart:~$ [m[8D[J[00:00:40.619,000] [0m<inf> coprocessor_service: burst 1500 of 1500 bbbbbbbbbbbbbbbbbbbbbbbbbbbbbbbbbbbbbbbbbbbbbbbbbbbbbbbbbbbbbbbbbbbbbbbbbbbbbbbbbbbbbbbbbbbbbbbbbbbbbbbbbbbbbbbbbbbbbbbb[0m
[+   83.10] [1;32muart:~$ [m[8D[J[1;32muart:~$ [m[8D[J[00:00:40.883,000] [1;33m<wrn> net_if: Skipped 2 messages[0m
[+   83.10] [1;32muart:~$ [m[8D[J[1;32muart:~$ [m[8D[J[00:00:40.883,000] [1;33m<wrn> net_if: iface 1 pkt 0x7017b764 send failure status -5[0m
[+   83.20] [1;32muart:~$ [m[8D[J[1;32muart:~$ [m[8D[J[00:00:46.696,000] [1;33m<wrn> net_if: Skipped 1 messages[0m
[+   83.20] [1;32muart:~$ [m[8D[J[1;32muart:~$ [m[8D[J[00:00:46.696,000] [1;33m<wrn> net_if: iface 1 pkt 0x7017b680 send failure status -5[0m
[+   83.20] [1;32muart:~$ [m[8D[J[1;32muart:~$ [m[8D[J[00:01:07.032,000] [1;31m<err> eth_w5500: W5500 receive state inconsistent (header 65535, 65535 buffered): socket reopened[0m
[+   83.30] [1;32muart:~$ [m[8D[J[1;32muart:~$ [m[8D[J[00:01:07.233,000] [1;31m<err> eth_w5500: W5500 receive state inconsistent (header 65535, 65535 buffered): socket reopened[0m
[+   83.30] [1;32muart:~$ [m[8D[J[1;32muart:~$ [m[8D[J[00:01:07.434,000] [1;31m<err> eth_w5500: W5500 receive state inconsistent (header 65535, 65535 buffered): socket reopened[0m
[+   83.30] [1;32muart:~$ [m[8D[J[1;32muart:~$ [m[8D[J[00:01:13.283,000] [1;33m<wrn> net_if: Skipped 1 messages[0m
[+   83.40] [1;32muart:~$ [m[8D[J[1;32muart:~$ [m[8D[J[00:01:13.284,000] [1;33m<wrn> net_if: iface 1 pkt 0x7017b764 send failure status -5[0m
[+   83.40] [1;32muart:~$ [m[8D[J[1;32muart:~$ [m[8D[J[00:01:18.666,000] [1;31m<err> eth_w5500: W5500 receive state inconsistent (header 65535, 65535 buffered): socket reopened[0m
[+   83.40] [1;32muart:~$ [m[8D[J[1;32muart:~$ [m[8D[J[00:01:18.867,000] [1;31m<err> eth_w5500: W5500 receive state inconsistent (header 65535, 65535 buffered): socket reopened[0m
[+   83.50] [1;32muart:~$ [m[8D[J[1;32muart:~$ [m[8D[J[00:01:19.068,000] [1;31m<err> eth_w5500: W5500 receive state inconsistent (header 65535, 65535 buffered): socket reopened[0m
[+   83.50] [1;32muart:~$ [m[8D[J[1;32muart:~$ [m[8D[J[00:01:37.883,000] [1;33m<wrn> net_if: Skipped 2 messages[0m
[+   83.50] [1;32muart:~$ [m[8D[J[1;32muart:~$ [m[8D[J[00:01:37.883,000] [1;33m<wrn> net_if: iface 1 pkt 0x7017b680 send failure status -5[0m
[+   83.50] [1;32muart:~$ [m[8D[J[1;32muart:~$ [m[8D[J[00:01:46.178,000] [1;33m<wrn> net_if: Skipped 3 messages[0m
[+   83.61] [1;32muart:~$ [m[8D[J[1;32muart:~$ [m[8D[J[00:01:46.178,000] [1;33m<wrn> net_if: iface 1 pkt 0x7017b764 send failure status -5[0m
[+   83.61] [1;32muart:~$ [m[8D[J[1;32muart:~$ [m[8D[J[00:01:54.927,000] [1;33m<wrn> net_if: Skipped 10 messages[0m
[+   83.61] [1;32muart:~$ [m[8D[J[1;32muart:~$ [m[8D[J[00:01:54.927,000] [1;33m<wrn> net_if: iface 1 pkt 0x7017b718 send failure status -5[0m
[+   87.03] [1;32muart:~$ [m[8D[J[1;32muart:~$ [m[8D[J[00:02:01.935,000] [1;33m<wrn> net_if: Skipped 12 messages[0m
[+   87.14] [1;32muart:~$ [m[8D[J[1;32muart:~$ [m[8D[J[00:02:01.935,000] [1;33m<wrn> net_if: iface 1 pkt 0x7017b764 send failure status -5[0m
[+   97.96] [1;32muart:~$ [m[8D[J[1;32muart:~$ [m[8D[J[00:02:08.012,000] [1;31m<err> eth_w5500: W5500 receive state inconsistent (header 65535, 65535 buffered): socket reopened[0m
[+   98.06] [1;32muart:~$ [m[8D[J[1;32muart:~$ [m[8D[J[00:02:08.213,000] [1;31m<err> eth_w5500: W5500 receive state inconsistent (header 65535, 65535 buffered): socket reopened[0m
[+   98.06] [1;32muart:~$ [m[8D[J[1;32muart:~$ [m[8D[J[00:02:08.414,000] [1;31m<err> eth_w5500: W5500 receive state inconsistent (header 65535, 65535 buffered): socket reopened[0m
[+  107.57] [1;32muart:~$ [m[8D[J[1;32muart:~$ [m[8D[J[00:02:23.116,000] [1;31m<err> eth_w5500: W5500 receive state inconsistent (header 65535, 65535 buffered): socket reopened[0m
[+  119.50] [1;32muart:~$ [m[8D[J[1;32muart:~$ [mcoproc logs
[+  119.50] stm32: records 527, used 88212 of 262144 B, appended 527, overwritten 0, lost backend 1098, lost uart 0
[+  119.50] esp32: records 4380, used 262116 of 262144 B, appended 39483, overwritten 35103, lost backend 0, lost uart 33
[+  119.50] lock: append hold max 29271 us, append wait max 168443 us, read hold max 429 us
[+  119.50] next seq 40011
[+  119.51] ==== host: burst accounted
[+  119.60] [1;32muart:~$ [mcoproc logs
[+  119.60] stm32: records 527, used 88212 of 262144 B, appended 527, overwritten 0, lost backend 1098, lost uart 0
[+  119.60] esp32: records 4379, used 262124 of 262144 B, appended 39800, overwritten 35421, lost backend 0, lost uart 35
[+  119.60] lock: append hold max 29271 us, append wait max 168443 us, read hold max 429 us
[+  119.60] next seq 40328
