[8D[J[02:05:59.510,000] [1;33m<wrn> net_dhcpv4: DHCP server provided more DNS servers than can be saved[0m
[1;32muart:~$ [m[8D[J[1;32muart:~$ [m[8D[J[02:07:43.563,000] [1;33m<wrn> net_dhcpv4: DHCP server provided more DNS servers than can be saved[0m
[1;32muart:~$ [m[8D[J[1;32muart:~$ [m[8D[J[02:11:04.144,000] [1;33m<wrn> net_dhcpv4: DHCP server provided more DNS servers than can be saved[0m
[1;32muart:~$ [m[8D[J[1;32muart:~$ [m[8D[J[02:12:44.199,000] [1;33m<wrn> net_dhcpv4: DHCP server provided more DNS servers than can be saved[0m
[1;32muart:~$ [m[8D[J[1;32muart:~$ [m[8D[J[02:16:04.213,000] [1;33m<wrn> net_dhcpv4: DHCP server provided more DNS servers than can be saved[0m
[1;32muart:~$ [m[8D[J[1;32muart:~$ [m[8D[J[02:17:44.278,000] [1;33m<wrn> net_dhcpv4: DHCP server provided more DNS servers than can be saved[0m
[1;32muart:~$ [m[8D[J[1;32muart:~$ [m[8D[J[02:21:04.290,000] [1;33m<wrn> net_dhcpv4: DHCP server provided more DNS servers than can be saved[0m
[1;32muart:~$ [m[8D[J[1;32muart:~$ [m[8D[J[02:22:44.346,000] [1;33m<wrn> net_dhcpv4: DHCP server provided more DNS servers than can be saved[0m
[1;32muart:~$ [m[8D[J[1;32muart:~$ [m[8D[J[02:26:04.358,000] [1;33m<wrn> net_dhcpv4: DHCP server provided more DNS servers than can be saved[0m
[1;32muart:~$ [m[8D[J[1;32muart:~$ [m[8D[J[02:27:44.412,000] [1;33m<wrn> net_dhcpv4: DHCP server provided more DNS servers than can be saved[0m
[1;32muart:~$ [m[8D[J[1;32muart:~$ [mI: Detected ESP-PSRAM64H (ID D 5D 46 A0 2F)
I: PSRAM initialised in QPI mode, 8192 KB
*** Using Zephyr OS build v4.4.0-12983-gb6a5e6e8aa90 ***
I: Starting bootloader
I: ICACHE alias: 0x02000000 -> 0x90000000 (4MB)
I: 0x90000000..0x9000001F:
I: 3d b8 f3 96 0 0 0 0 0 4 0 0 38 53 11 0
I: 0 0 0 0 0 0 0 0 0 0 0 0 0 0 0 0
I: Alias[0x02000000..0x0200001F]:
I: 3d b8 f3 96 0 0 0 0 0 4 0 0 38 53 11 0
I: 0 0 0 0 0 0 0 0 0 0 0 0 0 0 0 0
I: PSRAM 0x70000000..0x7000001F:
I: aa a8 aa aa aa aa aa aa aa aa aa aa aa aa aa aa
I: ae aa aa 2a aa aa aa aa aa aa aa aa aa aa aa aa
I: PSRAM write/read: PASS
I: Primary image: magic=good, swap_type=0x4, copy_done=0x1, image_ok=0x1
I: Scratch: magic=bad, swap_type=0x1, copy_done=0x2, image_ok=0x2
I: Boot source: none
I: Image index: 0, Swap type: none
I: Bootloader chainload address offset: 0x0
I: Image version: v0.0.0
I: Jumping to the first image slot
[m
[1;32muart:~$ [m[8D[J[00:00:00.842,000] [0m<inf> esp_hosted_mcu_core: coprocessor priv event 34[0m
[1;32muart:~$ [m[8D[J[00:00:00.846,000] [0m<inf> esp_hosted_mcu_core: coprocessor firmware v3.0.6[0m
[1;32muart:~$ [m[8D[J[00:00:00.846,000] [1;31m<err> mb85rsxx: invalid device ID: 04 7F 03 02[0m
[1;32muart:~$ [m[8D[J[00:00:00.846,000] [1;31m<err> mb85rsxx: Failed to initialize device, RDID check failed (err -5)[0m
[1;32muart:~$ [m[8D[J[00:00:00.846,000] [0m<inf> eth_w5500: ETH_W5500: interrupt mode[0m
[1;32muart:~$ [m[8D[J[00:00:00.854,000] [0m<inf> eth_w5500: W5500 Initialized[0m
[1;32muart:~$ [m[8D[J[00:00:00.855,000] [0m<inf> spi_nor: SPI_FLASH: SFDP v 1.0 AP ff with 1 PH[0m
[1;32muart:~$ [m[8D[J[00:00:00.855,000] [0m<inf> spi_nor: PH0: ff00 rev 1.0: 9 DW @ 80[0m
[1;32muart:~$ [m[8D[J[00:00:00.855,000] [0m<inf> spi_nor: SPI_FLASH: 16 MiBy flash[0m
[1;32muart:~$ [m[8D[J[00:00:01.352,000] [1;31m<err> net_ethernet: Invalid MAC address for iface 1 (0x20002c90)[0m
[1;32muart:~$ [m[8D[J[00:00:01.353,000] [0m<inf> littlefs: LittleFS version 2.11, disk version 2.1[0m
[1;32muart:~$ [m[8D[J[00:00:01.354,000] [0m<inf> littlefs: FS at SPI_FLASH:0xa00000 is 1280 0x1000-byte blocks with 1024 cycle[0m
[1;32muart:~$ [m[8D[J[00:00:01.354,000] [0m<inf> littlefs: partition sizes: rd 256 ; pr 256 ; ca 2048 ; la 256[0m
[1;32muart:~$ [m[8D[J*** Booting Zephyr OS build v4.4.0-12983-gb6a5e6e8aa90 ***
[1;32muart:~$ [m[8D[J[00:00:01.426,000] [0m<inf> shell_telnet: Telnet shell backend initialized[0m
[1;32muart:~$ [m[8D[J[00:00:01.427,000] [0m<inf> main_app: Start main app (build: Sep 12 2026 21:56:16) version 8[0m
[1;32muart:~$ [m[8D[J[00:00:01.427,000] [0m<inf> main_app: PSRAM @0x701aa890: write/read 1024 words OK[0m
[1;32muart:~$ [m[8D[J[00:00:01.471,000] [0m<inf> settings_registry: 0 keys registered, 0 rejected[0m
[1;32muart:~$ [m[8D[J[00:00:01.472,000] [0m<inf> io: Start io init[0m
[1;32muart:~$ [m[8D[J[00:00:01.695,000] [0m<inf> net_init: EEPROM MAC: 80:34:28:10:12:73[0m
[1;32muart:~$ [m[8D[J[00:00:01.696,000] [0m<inf> eth_w5500: ETH_W5500 MAC set to 80:34:28:10:12:73[0m
[1;32muart:~$ [m[8D[J[00:00:01.696,000] [0m<inf> net_init: Network interface up with MAC 80:34:28:10:12:73[0m
[1;32muart:~$ [m[8D[J[00:00:01.702,000] [0m<inf> io: Start io outputs task[0m
[1;32muart:~$ [m[8D[J[1;32muart:~$ [m[8D[J[1;32muart:~$ [m[8D[J[00:00:02.852,000] [0m<inf> eth_w5500: ETH_W5500: Link speed 100 Mb, full duplex[0m
[1;32muart:~$ [m[8D[J[00:00:02.870,000] [0m<inf> matter: Net callback IPv6 got, start matter after 5 sec[0m
[1;32muart:~$ [m[8D[J[00:00:02.879,000] [1;33m<wrn> net_dhcpv4: DHCP server provided more DNS servers than can be saved[0m
[1;32muart:~$ [m[8D[J[00:00:02.893,000] [1;33m<wrn> net_dhcpv4: DHCP server provided more DNS servers than can be saved[0m
[1;32muart:~$ [m[8D[J[00:00:02.894,000] [0m<inf> net_dhcpv4: Received: 192.168.88.14[0m
[1;32muart:~$ [m[8D[J[1;32muart:~$ [m[8D[J[1;32muart:~$ [m[8D[J[00:00:04.043,000] [0m<inf> REST_API_relays_state: GET /api/relays/state[0m
[1;32muart:~$ [m[8D[J[00:00:04.044,000] [0m<dbg> REST_API_relays_state.relays_state_handler: GET /api/relays/state: {"relay1": false, "relay2": false, "relay3": false, "relay4": false }[0m
[1;32muart:~$ [m[8D[J[00:00:04.051,000] [0m<inf> REST_API_relays_state: GET /api/relays/state[0m
[1;32muart:~$ [m[8D[J[00:00:04.052,000] [0m<dbg> REST_API_relays_state.relays_state_handler: GET /api/relays/state: {"relay1": false, "relay2": false, "relay3": false, "relay4": false }[0m
[1;32muart:~$ [m[8D[J[1;32muart:~$ [m[8D[J[1;32muart:~$ [m[8D[J[00:00:07.875,000] [0m<inf> matter: Net callback IPv6 got, start matter after 5 sec[0m
[1;32muart:~$ [m[8D[J[00:00:07.875,000] [0m<inf> matter: Init CHIP stack[0m
[1;32muart:~$ [m[8D[J[00:00:08.276,000] [0m<inf> chip: [SVR]Initializing session resumption storage...[0m
[1;32muart:~$ [m[8D[J[00:00:08.278,000] [0m<inf> chip: [SVR]Server initializing...[0m
[1;32muart:~$ [m[8D[J[00:00:08.282,000] [0m<dbg> chip.LogV: [FP]Initializing FabricTable from persistent storage[0m
[1;32muart:~$ [m[8D[J[00:00:08.437,000] [0m<inf> chip: [TS]Last Known Good Time: 2023-10-14T01:16:48[0m
[1;32muart:~$ [m[8D[J[00:00:08.725,000] [0m<inf> chip: [DMG]AccessControl: initializing[0m
[1;32muart:~$ [m[8D[J[00:00:08.725,000] [0m<inf> chip: [DMG]Examples::AccessControlDelegate::Init[0m
[1;32muart:~$ [m[8D[J[00:00:08.726,000] [0m<inf> chip: [DMG]AccessControl: setting[0m
[1;32muart:~$ [m[8D[J[00:00:08.726,000] [0m<inf> chip: [DMG]DefaultAclStorage: initializing[0m
[1;32muart:~$ [m[8D[J[00:00:08.759,000] [0m<inf> chip: [DMG]DefaultAclStorage: 0 entries loaded[0m
[1;32muart:~$ [m[8D[J[00:00:08.769,000] [0m<inf> chip: [SVR]WARNING: mTestEventTriggerDelegate is null[0m
[1;32muart:~$ [m[8D[J[00:00:08.781,000] [0m<dbg> chip.LogV: [IN]UDP::Init bind&listen port=5540[0m
[1;32muart:~$ [m[8D[J[1;32muart:~$ [m[8D[J[1;32muart:~$ [m[8D[J[00:00:08.814,000] [0m<dbg> chip.LogV: [IN]UDP::Init bound to port=5540[0m
[1;32muart:~$ [m[8D[J[00:00:08.819,000] [0m<dbg> chip.LogV: [IN]TransportMgr initialized[0m
[1;32muart:~$ [m[8D[J[1;32muart:~$ [m[8D[J[1;32muart:~$ [m[8D[J[00:00:09.892,000] [0m<inf> chip: [ZCL]Using ZAP configuration...[0m
[1;32muart:~$ [m[8D[J[00:00:10.062,000] [0m<dbg> chip.LogV: [DMG]Failed to read stored attribute (1, 0x0000_0006, 0x0000_0000: a0[0m
[1;32muart:~$ [m[8D[J[00:00:10.231,000] [0m<dbg> chip.LogV: [DMG]Failed to read stored attribute (1, 0x0000_0006, 0x0000_4003: a0[0m
[1;32muart:~$ [m[8D[J[00:00:10.400,000] [0m<dbg> chip.LogV: [DMG]Failed to read stored attribute (2, 0x0000_0006, 0x0000_0000: a0[0m
[1;32muart:~$ [m[8D[J[00:00:10.568,000] [0m<dbg> chip.LogV: [DMG]Failed to read stored attribute (2, 0x0000_0006, 0x0000_4003: a0[0m
[1;32muart:~$ [m[8D[J[00:00:10.737,000] [0m<dbg> chip.LogV: [DMG]Failed to read stored attribute (3, 0x0000_0006, 0x0000_0000: a0[0m
[1;32muart:~$ [m[8D[J[1;32muart:~$ [m[8D[J[1;32muart:~$ [m[8D[J[00:00:10.987,000] [0m<dbg> chip.LogV: [DMG]Failed to read stored attribute (3, 0x0000_0006, 0x0000_4003: a0[0m
[1;32muart:~$ [m[8D[J[00:00:11.156,000] [0m<dbg> chip.LogV: [DMG]Failed to read stored attribute (4, 0x0000_0006, 0x0000_0000: a0[0m
[1;32muart:~$ [m[8D[J[00:00:11.325,000] [0m<dbg> chip.LogV: [DMG]Failed to read stored attribute (4, 0x0000_0006, 0x0000_4003: a0[0m
[1;32muart:~$ [m[8D[J[00:00:11.330,000] [0m<dbg> chip.LogV: [DL]Boot reason: 1[0m
[1;32muart:~$ [m[8D[J[00:00:11.334,000] [0m<inf> chip: [ZCL]Boot reason: 1[0m
[1;32muart:~$ [m[8D[J[00:00:11.334,000] [0m<inf> chip: [ZCL]Endpoint 1 On/off already set to new value[0m
[1;32muart:~$ [m[8D[J[00:00:11.336,000] [0m<inf> chip: [ZCL]Boot reason: 1[0m
[1;32muart:~$ [m[8D[J[00:00:11.337,000] [0m<inf> chip: [ZCL]Endpoint 2 On/off already set to new value[0m
[1;32muart:~$ [m[8D[J[00:00:11.339,000] [0m<inf> chip: [ZCL]Boot reason: 1[0m
[1;32muart:~$ [m[8D[J[00:00:11.339,000] [0m<inf> chip: [ZCL]Endpoint 3 On/off already set to new value[0m
[1;32muart:~$ [m[8D[J[1;32muart:~$ [m[8D[J[1;32muart:~$ [m[8D[J[00:00:11.397,000] [0m<inf> chip: [ZCL]Boot reason: 1[0m
[1;32muart:~$ [m[8D[J[00:00:11.402,000] [0m<inf> chip: [ZCL]Endpoint 4 On/off already set to new value[0m
[1;32muart:~$ [m[8D[J[00:00:11.473,000] [0m<dbg> chip.LogV: [EVL]LogEvent event number: 0x0000000000200000 priority: 2, endpoint id:  0x0 cluster id: 0x0000_0033 event id: 0x3 Sys timestamp: 0x0000000000000C78[0m
[1;32muart:~$ [m[8D[J[00:00:11.810,000] [0m<inf> chip: [DMG]AccessControlCluster: initializing[0m
[1;32muart:~$ [m[8D[J[00:00:11.812,000] [0m<inf> chip: [DIS]Updating services using commissioning mode 0[0m
[1;32muart:~$ [m[8D[J[00:00:11.812,000] [1;31m<err> chip: [DIS]DNS-SD advertising not available. DNS-SD init disabled.[0m
[1;32muart:~$ [m[8D[J[00:00:11.813,000] [1;31m<err> chip: [DIS]Failed to initialize advertiser: 2d[0m
[1;32muart:~$ [m[8D[J[00:00:11.814,000] [1;31m<err> chip: [DIS]DNS-SD advertising not available. Removing services failed.[0m
[1;32muart:~$ [m[8D[J[00:00:11.814,000] [1;31m<err> chip: [DIS]Failed to remove advertised services: 2d[0m
[1;32muart:~$ [m[8D[J[00:00:11.815,000] [1;31m<err> chip: [DIS]DNS-SD advertising not available. Finalizing service update failed.[0m
[1;32muart:~$ [m[8D[J[00:00:11.834,000] [1;31m<err> chip: [DIS]Failed to finalize service update: 2d[0m
[1;32muart:~$ [m[8D[J[00:00:11.849,000] [0m<inf> chip: [IN]CASE Server enabling CASE session setups[0m
[1;32muart:~$ [m[8D[J[00:00:11.859,000] [0m<dbg> chip.LogV: [IN]SecureSession[0x70001540]: Allocated Type:2 LSID:54820[0m
[1;32muart:~$ [m[8D[J[00:00:11.875,000] [0m<dbg> chip.LogV: [SC]Allocated SecureSession (0x70001540) - waiting for Sigma1 msg[0m
[1;32muart:~$ [m[8D[J[00:00:11.879,000] [0m<inf> chip: [SVR]Joining Multicast groups[0m
[1;32muart:~$ [m[8D[J[00:00:11.889,000] [0m<dbg> chip.LogV: [ZCL]Emitting StartUp event[0m
[1;32muart:~$ [m[8D[J[00:00:11.929,000] [0m<dbg> chip.LogV: [EVL]LogEvent event number: 0x0000000000200001 priority: 2, endpoint id:  0x0 cluster id: 0x0000_0028 event id: 0x0 Sys timestamp: 0x0000000000000E1C[0m
[1;32muart:~$ [m[8D[J[00:00:11.932,000] [0m<inf> chip: [SVR]Server initialization complete[0m
[1;32muart:~$ [m[8D[J[00:00:11.939,000] [0m<inf> chip: [SVR]Server Listening...[0m
[1;32muart:~$ [m[8D[J[00:00:11.940,000] [0m<inf> matter: Matter stack initialized[0m
[1;32muart:~$ [m[8D[J[00:00:11.946,000] [0m<inf> matter: Matter event loop started[0m
[1;32muart:~$ [m[8D[J[00:00:11.947,000] [0m<inf> matter_event_loop: Init io_to_matter_stream[0m
[1;32muart:~$ [m[8D[J[00:00:11.949,000] [0m<inf> matter_event_loop: Start io_to_matter_stream[0m
[1;32muart:~$ [m[8D[J[00:00:11.966,000] [0m<inf> chip: [DL]CHIP task running[0m
[1;32muart:~$ [m[8D[J[1;32muart:~$ [m[8D[J[1;32muart:~$ [m[8D[J[00:00:12.875,000] [0m<inf> matter: Matter start work already submitted[0m
[1;32muart:~$ [m[8D[J[1;32muart:~$ [mkernel uptime
Uptime: 39350 ms
[1;32muart:~$ [mnet iface
Hostname: zephyr000000000000
Default interface: 1


Interface eth0 (0x20002c90) (Ethernet) [1]
===================================
Link addr : 80:34:28:10:12:73
MTU       : 1500
Flags     : AUTO_START,IPv4,IPv6
Device    : ETH_W5500 (0x20de594)
Status    : oper=UP, admin=UP, carrier=ON
Ethernet capabilities supported:
	10 Mbits
	100 Mbits
Ethernet PHY device: ETH_W5500_phy (0x20de5b4)
Ethernet link speed: 100 Mbits full-duplex
IPv6 unicast addresses (max 2):
	fe80::8234:28ff:fe10:1273 autoconf preferred infinite
	fd27:e0cb:e5e8:8374:8234:28ff:fe10:1273 autoconf preferred
IPv6 multicast addresses (max 3):
	ff02::1
	ff02::1:ff10:1273
IPv6 prefixes (max 2):
	fd27:e0cb:e5e8:8374::/64
IPv6 hop limit           : 64
IPv6 base reachable time : 30000
IPv6 reachable time      : 24165
IPv6 retransmit timer    : 0
DHCPv6 state             : disabled
IPv4 unicast addresses (max 1):
	192.168.88.14/255.255.255.0 DHCP preferred
IPv4 multicast addresses (max 1):
	<none>
IPv4 gateway : 192.168.88.1
DHCPv4 lease time : 600
DHCPv4 renew time : 300
DHCPv4 server     : 192.168.88.1
DHCPv4 requested  : 192.168.88.14
DHCPv4 state      : bound
DHCPv4 attempts   : 1
DHCPv4 state      : bound

Interface wlan0 (0x20002dc8) (WiFi) [2]
===============================
[1;32mInterface is down.
[m[1;32muart:~$ [mwifi scan

Num  | SSID                             (len) | Chan (Band)   | RSSI | Security             | BSSID             | MFP     
1    | k2                               3     | 2    (2.4GHz) | -55  | WPA3-SAE-HNP         | D4:01:C3:A0:60:28 | Disable 
2    | Vivacom_FiberNet-769F            22    | 11   (2.4GHz) | -57  | WPA2-PSK             | 4E:D6:29:45:76:A8 | Disable 
3    | A1_50C7                          8     | 1    (2.4GHz) | -61  | WPA2-PSK             | 58:F9:87:21:50:D0 | Disable 
4    | Vivacom_FiberNet-A36C            22    | 11   (2.4GHz) | -65  | WPA2-PSK             | E6:90:2A:DB:A3:74 | Disable 
Scan request done
Scan requested
[1;32muart:~$ [mdevmem 0x42020014
Using data width 32
Read value 0x120
[1;32muart:~$ [mdevmem 0x42020814
Using data width 32
Read value 0xf1
[1;32muart:~$ [mdevmem 0x42020814
Using data width 32
Read value 0xf1
[1;32muart:~$ [m[8D[J[00:00:47.914,000] [0m<inf> REST_API_relays_state: GET /api/relays/state[0m
[1;32muart:~$ [m[8D[J[00:00:47.914,000] [0m<dbg> REST_API_relays_state.relays_state_handler: GET /api/relays/state: {"relay1": false, "relay2": false, "relay3": false, "relay4": false }[0m
[1;32muart:~$ [m[8D[J[00:00:47.921,000] [0m<inf> REST_API_relays_state: GET /api/relays/state[0m
[1;32muart:~$ [m[8D[J[00:00:47.922,000] [0m<dbg> REST_API_relays_state.relays_state_handler: GET /api/relays/state: {"relay1": false, "relay2": false, "relay3": false, "relay4": false }[0m
[1;32muart:~$ [m[8D[J[1;32muart:~$ [m[8D[J[1;32muart:~$ [mdevmem 0x42020414
Using data width 32
Read value 0x1104
[1;32muart:~$ [mI: Detected ESP-PSRAM64H (ID D 5D 46 A0 2F)
I: PSRAM initialised in QPI mode, 8192 KB
*** Using Zephyr OS build v4.4.0-12983-gb6a5e6e8aa90 ***
I: Starting bootloader
I: ICACHE alias: 0x02000000 -> 0x90000000 (4MB)
I: 0x90000000..0x9000001F:
I: 3d b8 f3 96 0 0 0 0 0 4 0 0 38 53 11 0
I: 0 0 0 0 0 0 0 0 0 0 0 0 0 0 0 0
I: Alias[0x02000000..0x0200001F]:
I: 3d b8 f3 96 0 0 0 0 0 4 0 0 38 53 11 0
I: 0 0 0 0 0 0 0 0 0 0 0 0 0 0 0 0
I: PSRAM 0x70000000..0x7000001F:
I: aa a8 aa aa aa aa aa aa aa aa aa aa aa aa aa aa
I: ae aa aa 2a aa ea aa aa aa aa aa aa aa aa aa aa
I: PSRAM write/read: PASS
I: Primary image: magic=good, swap_type=0x4, copy_done=0x1, image_ok=0x1
I: Scratch: magic=bad, swap_type=0x1, copy_done=0x2, image_ok=0x2
I: Boot source: none
I: Image index: 0, Swap type: none
I: Bootloader chainload address offset: 0x0
I: Image version: v0.0.0
I: Jumping to the first image slot
[m
[1;32muart:~$ [m[8D[J[00:00:00.842,000] [0m<inf> esp_hosted_mcu_core: coprocessor priv event 34[0m
[1;32muart:~$ [m[8D[J[00:00:00.846,000] [0m<inf> esp_hosted_mcu_core: coprocessor firmware v3.0.6[0m
[1;32muart:~$ [m[8D[J[00:00:00.846,000] [1;31m<err> mb85rsxx: invalid device ID: 04 7F 03 02[0m
[1;32muart:~$ [m[8D[J[00:00:00.846,000] [1;31m<err> mb85rsxx: Failed to initialize device, RDID check failed (err -5)[0m
[1;32muart:~$ [m[8D[J[00:00:00.846,000] [0m<inf> eth_w5500: ETH_W5500: interrupt mode[0m
[1;32muart:~$ [m[8D[J[00:00:00.854,000] [0m<inf> eth_w5500: W5500 Initialized[0m
[1;32muart:~$ [m[8D[J[00:00:00.855,000] [0m<inf> spi_nor: SPI_FLASH: SFDP v 1.0 AP ff with 1 PH[0m
[1;32muart:~$ [m[8D[J[00:00:00.855,000] [0m<inf> spi_nor: PH0: ff00 rev 1.0: 9 DW @ 80[0m
[1;32muart:~$ [m[8D[J[00:00:00.855,000] [0m<inf> spi_nor: SPI_FLASH: 16 MiBy flash[0m
[1;32muart:~$ [m[8D[J[00:00:01.354,000] [1;31m<err> net_ethernet: Invalid MAC address for iface 1 (0x20002c90)[0m
[1;32muart:~$ [m[8D[J[00:00:01.354,000] [0m<inf> littlefs: LittleFS version 2.11, disk version 2.1[0m
[1;32muart:~$ [m[8D[J[00:00:01.355,000] [0m<inf> littlefs: FS at SPI_FLASH:0xa00000 is 1280 0x1000-byte blocks with 1024 cycle[0m
[1;32muart:~$ [m[8D[J[00:00:01.355,000] [0m<inf> littlefs: partition sizes: rd 256 ; pr 256 ; ca 2048 ; la 256[0m
[1;32muart:~$ [m[8D[J*** Booting Zephyr OS build v4.4.0-12983-gb6a5e6e8aa90 ***
[1;32muart:~$ [m[8D[J[00:00:01.441,000] [0m<inf> shell_telnet: Telnet shell backend initialized[0m
[1;32muart:~$ [m[8D[J[00:00:01.442,000] [0m<inf> main_app: Start main app (build: Sep 12 2026 21:56:16) version 8[0m
[1;32muart:~$ [m[8D[J[00:00:01.443,000] [0m<inf> main_app: PSRAM @0x701aa890: write/read 1024 words OK[0m
[1;32muart:~$ [m[8D[J[00:00:01.509,000] [0m<inf> settings_registry: 0 keys registered, 0 rejected[0m
[1;32muart:~$ [m[8D[J[00:00:01.509,000] [0m<inf> io: Start io init[0m
[1;32muart:~$ [m[8D[J[00:00:01.862,000] [0m<inf> net_init: EEPROM MAC: 80:34:28:10:12:73[0m
[1;32muart:~$ [m[8D[J[00:00:01.863,000] [0m<inf> eth_w5500: ETH_W5500 MAC set to 80:34:28:10:12:73[0m
[1;32muart:~$ [m[8D[J[00:00:01.863,000] [0m<inf> net_init: Network interface up with MAC 80:34:28:10:12:73[0m
[1;32muart:~$ [m[8D[J[00:00:01.869,000] [0m<inf> io: Start io outputs task[0m
[1;32muart:~$ [m[8D[J[1;32muart:~$ [m[8D[J[1;32muart:~$ [m[8D[J[00:00:02.853,000] [0m<inf> eth_w5500: ETH_W5500: Link speed 100 Mb, full duplex[0m
[1;32muart:~$ [m[8D[J[00:00:02.871,000] [0m<inf> matter: Net callback IPv6 got, start matter after 5 sec[0m
[1;32muart:~$ [m[8D[J[00:00:02.880,000] [1;33m<wrn> net_dhcpv4: DHCP server provided more DNS servers than can be saved[0m
[1;32muart:~$ [m[8D[J[00:00:02.895,000] [1;33m<wrn> net_dhcpv4: DHCP server provided more DNS servers than can be saved[0m
[1;32muart:~$ [m[8D[J[00:00:02.896,000] [0m<inf> net_dhcpv4: Received: 192.168.88.14[0m
[1;32muart:~$ [m[8D[J[1;32muart:~$ [m[8D[J[1;32muart:~$ [m[8D[J[00:00:04.180,000] [0m<inf> REST_API_relays_state: GET /api/relays/state[0m
[1;32muart:~$ [m[8D[J[00:00:04.181,000] [0m<dbg> REST_API_relays_state.relays_state_handler: GET /api/relays/state: {"relay1": false, "relay2": false, "relay3": false, "relay4": false }[0m
[1;32muart:~$ [m[8D[J[00:00:04.187,000] [0m<inf> REST_API_relays_state: GET /api/relays/state[0m
[1;32muart:~$ [m[8D[J[00:00:04.188,000] [0m<dbg> REST_API_relays_state.relays_state_handler: GET /api/relays/state: {"relay1": false, "relay2": false, "relay3": false, "relay4": false }[0m
[1;32muart:~$ [m[8D[J[1;32muart:~$ [m[8D[J[1;32muart:~$ [m[8D[J[00:00:07.876,000] [0m<inf> matter: Net callback IPv6 got, start matter after 5 sec[0m
[1;32muart:~$ [m[8D[J[00:00:07.877,000] [0m<inf> matter: Init CHIP stack[0m
[1;32muart:~$ [m[8D[J[00:00:08.687,000] [0m<inf> chip: [SVR]Initializing session resumption storage...[0m
[1;32muart:~$ [m[8D[J[00:00:08.689,000] [0m<inf> chip: [SVR]Server initializing...[0m
[1;32muart:~$ [m[8D[J[00:00:08.689,000] [0m<dbg> chip.LogV: [FP]Initializing FabricTable from persistent storage[0m
[1;32muart:~$ [m[8D[J[00:00:08.868,000] [0m<inf> chip: [TS]Last Known Good Time: 2023-10-14T01:16:48[0m
[1;32muart:~$ [m[8D[J[1;32muart:~$ [m[8D[J[1;32muart:~$ [m[8D[J[00:00:09.299,000] [0m<inf> chip: [DMG]AccessControl: initializing[0m
[1;32muart:~$ [m[8D[J[00:00:09.300,000] [0m<inf> chip: [DMG]Examples::AccessControlDelegate::Init[0m
[1;32muart:~$ [m[8D[J[00:00:09.300,000] [0m<inf> chip: [DMG]AccessControl: setting[0m
[1;32muart:~$ [m[8D[J[00:00:09.301,000] [0m<inf> chip: [DMG]DefaultAclStorage: initializing[0m
[1;32muart:~$ [m[8D[J[00:00:09.301,000] [0m<inf> chip: [DMG]DefaultAclStorage: 0 entries loaded[0m
[1;32muart:~$ [m[8D[J[00:00:09.302,000] [0m<inf> chip: [SVR]WARNING: mTestEventTriggerDelegate is null[0m
[1;32muart:~$ [m[8D[J[00:00:09.303,000] [0m<dbg> chip.LogV: [IN]UDP::Init bind&listen port=5540[0m
[1;32muart:~$ [m[8D[J[00:00:09.306,000] [0m<dbg> chip.LogV: [IN]UDP::Init bound to port=5540[0m
[1;32muart:~$ [m[8D[J[00:00:09.306,000] [0m<dbg> chip.LogV: [IN]TransportMgr initialized[0m
[1;32muart:~$ [m[8D[J[1;32muart:~$ [m[8D[J[1;32muart:~$ [m[8D[J[00:00:11.059,000] [0m<inf> chip: [ZCL]Using ZAP configuration...[0m
[1;32muart:~$ [m[8D[J[00:00:11.229,000] [0m<dbg> chip.LogV: [DMG]Failed to read stored attribute (1, 0x0000_0006, 0x0000_0000: a0[0m
[1;32muart:~$ [m[8D[J[00:00:11.396,000] [0m<dbg> chip.LogV: [DMG]Failed to read stored attribute (1, 0x0000_0006, 0x0000_4003: a0[0m
[1;32muart:~$ [m[8D[J[00:00:11.565,000] [0m<dbg> chip.LogV: [DMG]Failed to read stored attribute (2, 0x0000_0006, 0x0000_0000: a0[0m
[1;32muart:~$ [m[8D[J[00:00:11.732,000] [0m<dbg> chip.LogV: [DMG]Failed to read stored attribute (2, 0x0000_0006, 0x0000_4003: a0[0m
[1;32muart:~$ [m[8D[J[00:00:11.900,000] [0m<dbg> chip.LogV: [DMG]Failed to read stored attribute (3, 0x0000_0006, 0x0000_0000: a0[0m
[1;32muart:~$ [m[8D[J[1;32muart:~$ [m[8D[J[1;32muart:~$ [m[8D[J[00:00:12.149,000] [0m<dbg> chip.LogV: [DMG]Failed to read stored attribute (3, 0x0000_0006, 0x0000_4003: a0[0m
[1;32muart:~$ [m[8D[J[00:00:12.317,000] [0m<dbg> chip.LogV: [DMG]Failed to read stored attribute (4, 0x0000_0006, 0x0000_0000: a0[0m
[1;32muart:~$ [m[8D[J[00:00:12.486,000] [0m<dbg> chip.LogV: [DMG]Failed to read stored attribute (4, 0x0000_0006, 0x0000_4003: a0[0m
[1;32muart:~$ [m[8D[J[00:00:12.491,000] [0m<dbg> chip.LogV: [DL]Boot reason: 1[0m
[1;32muart:~$ [m[8D[J[00:00:12.495,000] [0m<inf> chip: [ZCL]Boot reason: 1[0m
[1;32muart:~$ [m[8D[J[00:00:12.495,000] [0m<inf> chip: [ZCL]Endpoint 1 On/off already set to new value[0m
[1;32muart:~$ [m[8D[J[00:00:12.497,000] [0m<inf> chip: [ZCL]Boot reason: 1[0m
[1;32muart:~$ [m[8D[J[00:00:12.498,000] [0m<inf> chip: [ZCL]Endpoint 2 On/off already set to new value[0m
[1;32muart:~$ [m[8D[J[00:00:12.500,000] [0m<inf> chip: [ZCL]Boot reason: 1[0m
[1;32muart:~$ [m[8D[J[00:00:12.500,000] [0m<inf> chip: [ZCL]Endpoint 3 On/off already set to new value[0m
[1;32muart:~$ [m[8D[J[1;32muart:~$ [m[8D[J[1;32muart:~$ [m[8D[J[00:00:12.559,000] [0m<inf> chip: [ZCL]Boot reason: 1[0m
[1;32muart:~$ [m[8D[J[00:00:12.564,000] [0m<inf> chip: [ZCL]Endpoint 4 On/off already set to new value[0m
[1;32muart:~$ [m[8D[J[00:00:12.635,000] [0m<dbg> chip.LogV: [EVL]LogEvent event number: 0x0000000000210000 priority: 2, endpoint id:  0x0 cluster id: 0x0000_0033 event id: 0x3 Sys timestamp: 0x0000000000000F66[0m
[1;32muart:~$ [m[8D[J[00:00:12.877,000] [0m<inf> matter: Matter start work already submitted[0m
[1;32muart:~$ [m[8D[J[00:00:12.977,000] [0m<inf> chip: [DMG]AccessControlCluster: initializing[0m
[1;32muart:~$ [m[8D[J[00:00:12.979,000] [0m<inf> chip: [DIS]Updating services using commissioning mode 0[0m
[1;32muart:~$ [m[8D[J[00:00:12.980,000] [1;31m<err> chip: [DIS]DNS-SD advertising not available. DNS-SD init disabled.[0m
[1;32muart:~$ [m[8D[J[00:00:12.981,000] [1;31m<err> chip: [DIS]Failed to initialize advertiser: 2d[0m
[1;32muart:~$ [m[8D[J[00:00:12.981,000] [1;31m<err> chip: [DIS]DNS-SD advertising not available. Removing services failed.[0m
[1;32muart:~$ [m[8D[J[00:00:12.982,000] [1;31m<err> chip: [DIS]Failed to remove advertised services: 2d[0m
[1;32muart:~$ [m[8D[J[00:00:13.012,000] [1;31m<err> chip: [DIS]DNS-SD advertising not available. Finalizing service update failed.[0m
[1;32muart:~$ [m[8D[J[00:00:13.016,000] [1;31m<err> chip: [DIS]Failed to finalize service update: 2d[0m
[1;32muart:~$ [m[8D[J[00:00:13.021,000] [0m<inf> chip: [IN]CASE Server enabling CASE session setups[0m
[1;32muart:~$ [m[8D[J[00:00:13.041,000] [0m<dbg> chip.LogV: [IN]SecureSession[0x70001540]: Allocated Type:2 LSID:63457[0m
[1;32muart:~$ [m[8D[J[00:00:13.047,000] [0m<dbg> chip.LogV: [SC]Allocated SecureSession (0x70001540) - waiting for Sigma1 msg[0m
[1;32muart:~$ [m[8D[J[00:00:13.056,000] [0m<inf> chip: [SVR]Joining Multicast groups[0m
[1;32muart:~$ [m[8D[J[00:00:13.066,000] [0m<dbg> chip.LogV: [ZCL]Emitting StartUp event[0m
[1;32muart:~$ [m[8D[J[00:00:13.106,000] [0m<dbg> chip.LogV: [EVL]LogEvent event number: 0x0000000000210001 priority: 2, endpoint id:  0x0 cluster id: 0x0000_0028 event id: 0x0 Sys timestamp: 0x000000000000111A[0m
[1;32muart:~$ [m[8D[J[00:00:13.114,000] [0m<inf> chip: [SVR]Server initialization complete[0m
[1;32muart:~$ [m[8D[J[00:00:13.127,000] [0m<inf> chip: [SVR]Server Listening...[0m
[1;32muart:~$ [m[8D[J[00:00:13.128,000] [0m<inf> matter: Matter stack initialized[0m
[1;32muart:~$ [m[8D[J[00:00:13.141,000] [0m<inf> matter: Matter event loop started[0m
[1;32muart:~$ [m[8D[J[00:00:13.142,000] [0m<inf> matter_event_loop: Init io_to_matter_stream[0m
[1;32muart:~$ [m[8D[J[00:00:13.145,000] [0m<inf> matter_event_loop: Start io_to_matter_stream[0m
[1;32muart:~$ [m[8D[J[00:00:13.151,000] [0m<inf> chip: [DL]CHIP task running[0m
[1;32muart:~$ [m[8D[J[1;32muart:~$ [m[8D[J[1;32muart:~$ [mkernel uptime
Uptime: 39352 ms
[1;32muart:~$ [mnet iface
Hostname: zephyr000000000000
Default interface: 1


Interface eth0 (0x20002c90) (Ethernet) [1]
===================================
Link addr : 80:34:28:10:12:73
MTU       : 1500
Flags     : AUTO_START,IPv4,IPv6
Device    : ETH_W5500 (0x20de594)
Status    : oper=UP, admin=UP, carrier=ON
Ethernet capabilities supported:
	10 Mbits
	100 Mbits
Ethernet PHY device: ETH_W5500_phy (0x20de5b4)
Ethernet link speed: 100 Mbits full-duplex
IPv6 unicast addresses (max 2):
	fe80::8234:28ff:fe10:1273 autoconf preferred infinite
	fd27:e0cb:e5e8:8374:8234:28ff:fe10:1273 autoconf preferred
IPv6 multicast addresses (max 3):
	ff02::1
	ff02::1:ff10:1273
IPv6 prefixes (max 2):
	fd27:e0cb:e5e8:8374::/64
IPv6 hop limit           : 64
IPv6 base reachable time : 30000
IPv6 reachable time      : 41032
IPv6 retransmit timer    : 0
DHCPv6 state             : disabled
IPv4 unicast addresses (max 1):
	192.168.88.14/255.255.255.0 DHCP preferred
IPv4 multicast addresses (max 1):
	<none>
IPv4 gateway : 192.168.88.1
DHCPv4 lease time : 600
DHCPv4 renew time : 300
DHCPv4 server     : 192.168.88.1
DHCPv4 requested  : 192.168.88.14
DHCPv4 state      : bound
DHCPv4 attempts   : 1
DHCPv4 state      : bound

Interface wlan0 (0x20002dc8) (WiFi) [2]
===============================
[1;32mInterface is down.
[m[1;32muart:~$ [mwifi scan

Num  | SSID                             (len) | Chan (Band)   | RSSI | Security             | BSSID             | MFP     
1    | A1_50C7                          8     | 1    (2.4GHz) | -57  | WPA2-PSK             | 58:F9:87:21:50:D0 | Disable 
2    | k2                               3     | 2    (2.4GHz) | -58  | WPA3-SAE-HNP         | D4:01:C3:A0:60:28 | Disable 
3    | Vivacom_FiberNet-769F            22    | 11   (2.4GHz) | -61  | WPA2-PSK             | 4E:D6:29:45:76:A8 | Disable 
4    | A1_580A                          8     | 3    (2.4GHz) | -64  | WPA2-PSK             | 64:85:05:82:58:09 | Disable 
5    | dupamxixi                        10    | 6    (2.4GHz) | -64  | WPA3-SAE-HNP         | A6:AD:9F:3D:C3:04 | Disable 
6    | dupamxixi_IoT                    14    | 6    (2.4GHz) | -66  | WPA2-PSK             | AA:AD:9F:3D:C3:04 | Disable 
7    | Vivacom_FiberNet-A36C            22    | 11   (2.4GHz) | -66  | WPA2-PSK             | E6:90:2A:DB:A3:74 | Disable 
Scan request done
Scan requested
[1;32muart:~$ [mdevmem 0x42020014
Using data width 32
Read value 0x120
[1;32muart:~$ [mdevmem 0x42020814
Using data width 32
Read value 0xf1
[1;32muart:~$ [mdevmem 0x42020814
Using data width 32
Read value 0xf1
[1;32muart:~$ [m[8D[J[00:00:47.948,000] [0m<inf> REST_API_relays_state: GET /api/relays/state[0m
[1;32muart:~$ [m[8D[J[00:00:47.949,000] [0m<dbg> REST_API_relays_state.relays_state_handler: GET /api/relays/state: {"relay1": false, "relay2": false, "relay3": false, "relay4": false }[0m
[1;32muart:~$ [m[8D[J[00:00:47.956,000] [0m<inf> REST_API_relays_state: GET /api/relays/state[0m
[1;32muart:~$ [m[8D[J[00:00:47.956,000] [0m<dbg> REST_API_relays_state.relays_state_handler: GET /api/relays/state: {"relay1": false, "relay2": false, "relay3": false, "relay4": false }[0m
[1;32muart:~$ [m[8D[J[1;32muart:~$ [m[8D[J[1;32muart:~$ [mdevmem 0x42020414
Using data width 32
Read value 0x1104
[1;32muart:~$ [mI: Detected ESP-PSRAM64H (ID D 5D 46 A0 2F)
I: PSRAM initialised in QPI mode, 8192 KB
*** Using Zephyr OS build v4.4.0-12983-gb6a5e6e8aa90 ***
I: Starting bootloader
I: ICACHE alias: 0x02000000 -> 0x90000000 (4MB)
I: 0x90000000..0x9000001F:
I: 3d b8 f3 96 0 0 0 0 0 4 0 0 38 53 11 0
I: 0 0 0 0 0 0 0 0 0 0 0 0 0 0 0 0
I: Alias[0x02000000..0x0200001F]:
I: 3d b8 f3 96 0 0 0 0 0 4 0 0 38 53 11 0
I: 0 0 0 0 0 0 0 0 0 0 0 0 0 0 0 0
I: PSRAM 0x70000000..0x7000001F:
I: aa a8 aa aa a2 aa aa aa aa aa aa aa aa aa aa aa
I: ae aa aa 2a aa aa aa aa aa aa aa aa aa aa aa aa
I: PSRAM write/read: PASS
I: Primary image: magic=good, swap_type=0x4, copy_done=0x1, image_ok=0x1
I: Scratch: magic=bad, swap_type=0x1, copy_done=0x2, image_ok=0x2
I: Boot source: none
I: Image index: 0, Swap type: none
I: Bootloader chainload address offset: 0x0
I: Image version: v0.0.0
I: Jumping to the first image slot
[m
[1;32muart:~$ [m[8D[J[00:00:00.842,000] [0m<inf> esp_hosted_mcu_core: coprocessor priv event 34[0m
[1;32muart:~$ [m[8D[J[00:00:00.846,000] [0m<inf> esp_hosted_mcu_core: coprocessor firmware v3.0.6[0m
[1;32muart:~$ [m[8D[J[00:00:00.846,000] [1;31m<err> mb85rsxx: invalid device ID: 04 7F 03 02[0m
[1;32muart:~$ [m[8D[J[00:00:00.846,000] [1;31m<err> mb85rsxx: Failed to initialize device, RDID check failed (err -5)[0m
[1;32muart:~$ [m[8D[J[00:00:00.846,000] [0m<inf> eth_w5500: ETH_W5500: interrupt mode[0m
[1;32muart:~$ [m[8D[J[00:00:00.854,000] [0m<inf> eth_w5500: W5500 Initialized[0m
[1;32muart:~$ [m[8D[J[00:00:00.855,000] [0m<inf> spi_nor: SPI_FLASH: SFDP v 1.0 AP ff with 1 PH[0m
[1;32muart:~$ [m[8D[J[00:00:00.855,000] [0m<inf> spi_nor: PH0: ff00 rev 1.0: 9 DW @ 80[0m
[1;32muart:~$ [m[8D[J[00:00:00.855,000] [0m<inf> spi_nor: SPI_FLASH: 16 MiBy flash[0m
[1;32muart:~$ [m[8D[J[00:00:01.354,000] [1;31m<err> net_ethernet: Invalid MAC address for iface 1 (0x20002c90)[0m
[1;32muart:~$ [m[8D[J[00:00:01.355,000] [0m<inf> littlefs: LittleFS version 2.11, disk version 2.1[0m
[1;32muart:~$ [m[8D[J[00:00:01.356,000] [0m<inf> littlefs: FS at SPI_FLASH:0xa00000 is 1280 0x1000-byte blocks with 1024 cycle[0m
[1;32muart:~$ [m[8D[J[00:00:01.356,000] [0m<inf> littlefs: partition sizes: rd 256 ; pr 256 ; ca 2048 ; la 256[0m
[1;32muart:~$ [m[8D[J*** Booting Zephyr OS build v4.4.0-12983-gb6a5e6e8aa90 ***
[1;32muart:~$ [m[8D[J[00:00:01.423,000] [0m<inf> shell_telnet: Telnet shell backend initialized[0m
[1;32muart:~$ [m[8D[J[00:00:01.424,000] [0m<inf> main_app: Start main app (build: Sep 12 2026 21:56:16) version 8[0m
[1;32muart:~$ [m[8D[J[00:00:01.424,000] [0m<inf> main_app: PSRAM @0x701aa890: write/read 1024 words OK[0m
[1;32muart:~$ [m[8D[J[00:00:01.495,000] [0m<inf> settings_registry: 0 keys registered, 0 rejected[0m
[1;32muart:~$ [m[8D[J[00:00:01.495,000] [0m<inf> io: Start io init[0m
[1;32muart:~$ [m[8D[J[00:00:01.872,000] [0m<inf> net_init: EEPROM MAC: 80:34:28:10:12:73[0m
[1;32muart:~$ [m[8D[J[00:00:01.872,000] [0m<inf> eth_w5500: ETH_W5500 MAC set to 80:34:28:10:12:73[0m
[1;32muart:~$ [m[8D[J[00:00:01.872,000] [0m<inf> net_init: Network interface up with MAC 80:34:28:10:12:73[0m
[1;32muart:~$ [m[8D[J[00:00:01.878,000] [0m<inf> io: Start io outputs task[0m
[1;32muart:~$ [m[8D[J[1;32muart:~$ [m[8D[J[1;32muart:~$ [m[8D[J[00:00:02.354,000] [0m<inf> eth_w5500: ETH_W5500: Link speed 100 Mb, full duplex[0m
[1;32muart:~$ [m[8D[J[00:00:02.372,000] [0m<inf> matter: Net callback IPv6 got, start matter after 5 sec[0m
[1;32muart:~$ [m[8D[J[1;32muart:~$ [m[8D[J[1;32muart:~$ [m[8D[J[00:00:06.381,000] [1;33m<wrn> net_dhcpv4: DHCP server provided more DNS servers than can be saved[0m
[1;32muart:~$ [m[8D[J[00:00:06.395,000] [1;33m<wrn> net_dhcpv4: DHCP server provided more DNS servers than can be saved[0m
[1;32muart:~$ [m[8D[J[00:00:06.396,000] [0m<inf> net_dhcpv4: Received: 192.168.88.14[0m
[1;32muart:~$ [m[8D[J[00:00:07.375,000] [0m<inf> matter: Net callback IPv6 got, start matter after 5 sec[0m
[1;32muart:~$ [m[8D[J[00:00:07.375,000] [0m<inf> matter: Init CHIP stack[0m
[1;32muart:~$ [m[8D[J[1;32muart:~$ [m[8D[J[1;32muart:~$ [m[8D[J[00:00:08.136,000] [0m<inf> chip: [SVR]Initializing session resumption storage...[0m
[1;32muart:~$ [m[8D[J[00:00:08.138,000] [0m<inf> chip: [SVR]Server initializing...[0m
[1;32muart:~$ [m[8D[J[00:00:08.138,000] [0m<dbg> chip.LogV: [FP]Initializing FabricTable from persistent storage[0m
[1;32muart:~$ [m[8D[J[00:00:08.226,000] [0m<inf> REST_API_relays_state: GET /api/relays/state[0m
[1;32muart:~$ [m[8D[J[00:00:08.227,000] [0m<dbg> REST_API_relays_state.relays_state_handler: GET /api/relays/state: {"relay1": false, "relay2": false, "relay3": false, "relay4": false }[0m
[1;32muart:~$ [m[8D[J[00:00:08.233,000] [0m<inf> REST_API_relays_state: GET /api/relays/state[0m
[1;32muart:~$ [m[8D[J[00:00:08.234,000] [0m<dbg> REST_API_relays_state.relays_state_handler: GET /api/relays/state: {"relay1": false, "relay2": false, "relay3": false, "relay4": false }[0m
[1;32muart:~$ [m[8D[J[00:00:08.386,000] [0m<inf> chip: [TS]Last Known Good Time: 2023-10-14T01:16:48[0m
[1;32muart:~$ [m[8D[J[00:00:08.741,000] [0m<inf> chip: [DMG]AccessControl: initializing[0m
[1;32muart:~$ [m[8D[J[00:00:08.742,000] [0m<inf> chip: [DMG]Examples::AccessControlDelegate::Init[0m
[1;32muart:~$ [m[8D[J[00:00:08.775,000] [0m<inf> chip: [DMG]AccessControl: setting[0m
[1;32muart:~$ [m[8D[J[00:00:08.784,000] [0m<inf> chip: [DMG]DefaultAclStorage: initializing[0m
[1;32muart:~$ [m[8D[J[00:00:08.788,000] [0m<inf> chip: [DMG]DefaultAclStorage: 0 entries loaded[0m
[1;32muart:~$ [m[8D[J[00:00:08.794,000] [0m<inf> chip: [SVR]WARNING: mTestEventTriggerDelegate is null[0m
[1;32muart:~$ [m[8D[J[00:00:08.798,000] [0m<dbg> chip.LogV: [IN]UDP::Init bind&listen port=5540[0m
[1;32muart:~$ [m[8D[J[00:00:08.833,000] [0m<dbg> chip.LogV: [IN]UDP::Init bound to port=5540[0m
[1;32muart:~$ [m[8D[J[00:00:08.836,000] [0m<dbg> chip.LogV: [IN]TransportMgr initialized[0m
[1;32muart:~$ [m[8D[J[1;32muart:~$ [m[8D[J[1;32muart:~$ [m[8D[J[00:00:10.050,000] [0m<inf> chip: [ZCL]Using ZAP configuration...[0m
[1;32muart:~$ [m[8D[J[00:00:10.243,000] [0m<dbg> chip.LogV: [DMG]Failed to read stored attribute (1, 0x0000_0006, 0x0000_0000: a0[0m
[1;32muart:~$ [m[8D[J[00:00:10.432,000] [0m<dbg> chip.LogV: [DMG]Failed to read stored attribute (1, 0x0000_0006, 0x0000_4003: a0[0m
[1;32muart:~$ [m[8D[J[00:00:10.621,000] [0m<dbg> chip.LogV: [DMG]Failed to read stored attribute (2, 0x0000_0006, 0x0000_0000: a0[0m
[1;32muart:~$ [m[8D[J[00:00:10.810,000] [0m<dbg> chip.LogV: [DMG]Failed to read stored attribute (2, 0x0000_0006, 0x0000_4003: a0[0m
[1;32muart:~$ [m[8D[J[00:00:10.999,000] [0m<dbg> chip.LogV: [DMG]Failed to read stored attribute (3, 0x0000_0006, 0x0000_0000: a0[0m
[1;32muart:~$ [m[8D[J[1;32muart:~$ [m[8D[J[1;32muart:~$ [m[8D[J[00:00:11.270,000] [0m<dbg> chip.LogV: [DMG]Failed to read stored attribute (3, 0x0000_0006, 0x0000_4003: a0[0m
[1;32muart:~$ [m[8D[J[00:00:11.459,000] [0m<dbg> chip.LogV: [DMG]Failed to read stored attribute (4, 0x0000_0006, 0x0000_0000: a0[0m
[1;32muart:~$ [m[8D[J[00:00:11.648,000] [0m<dbg> chip.LogV: [DMG]Failed to read stored attribute (4, 0x0000_0006, 0x0000_4003: a0[0m
[1;32muart:~$ [m[8D[J[00:00:11.653,000] [0m<dbg> chip.LogV: [DL]Boot reason: 1[0m
[1;32muart:~$ [m[8D[J[00:00:11.656,000] [0m<inf> chip: [ZCL]Boot reason: 1[0m
[1;32muart:~$ [m[8D[J[00:00:11.657,000] [0m<inf> chip: [ZCL]Endpoint 1 On/off already set to new value[0m
[1;32muart:~$ [m[8D[J[00:00:11.659,000] [0m<inf> chip: [ZCL]Boot reason: 1[0m
[1;32muart:~$ [m[8D[J[00:00:11.659,000] [0m<inf> chip: [ZCL]Endpoint 2 On/off already set to new value[0m
[1;32muart:~$ [m[8D[J[00:00:11.661,000] [0m<inf> chip: [ZCL]Boot reason: 1[0m
[1;32muart:~$ [m[8D[J[00:00:11.662,000] [0m<inf> chip: [ZCL]Endpoint 3 On/off already set to new value[0m
[1;32muart:~$ [m[8D[J[1;32muart:~$ [m[8D[J[1;32muart:~$ [m[8D[J[00:00:11.719,000] [0m<inf> chip: [ZCL]Boot reason: 1[0m
[1;32muart:~$ [m[8D[J[00:00:11.724,000] [0m<inf> chip: [ZCL]Endpoint 4 On/off already set to new value[0m
[1;32muart:~$ [m[8D[J[00:00:11.796,000] [0m<dbg> chip.LogV: [EVL]LogEvent event number: 0x0000000000220000 priority: 2, endpoint id:  0x0 cluster id: 0x0000_0033 event id: 0x3 Sys timestamp: 0x0000000000000E46[0m
[1;32muart:~$ [m[8D[J[00:00:12.172,000] [0m<inf> chip: [DMG]AccessControlCluster: initializing[0m
[1;32muart:~$ [m[8D[J[00:00:12.174,000] [0m<inf> chip: [DIS]Updating services using commissioning mode 0[0m
[1;32muart:~$ [m[8D[J[00:00:12.175,000] [1;31m<err> chip: [DIS]DNS-SD advertising not available. DNS-SD init disabled.[0m
[1;32muart:~$ [m[8D[J[00:00:12.175,000] [1;31m<err> chip: [DIS]Failed to initialize advertiser: 2d[0m
[1;32muart:~$ [m[8D[J[00:00:12.176,000] [1;31m<err> chip: [DIS]DNS-SD advertising not available. Removing services failed.[0m
[1;32muart:~$ [m[8D[J[00:00:12.177,000] [1;31m<err> chip: [DIS]Failed to remove advertised services: 2d[0m
[1;32muart:~$ [m[8D[J[00:00:12.177,000] [1;31m<err> chip: [DIS]DNS-SD advertising not available. Finalizing service update failed.[0m
[1;32muart:~$ [m[8D[J[00:00:12.208,000] [1;31m<err> chip: [DIS]Failed to finalize service update: 2d[0m
[1;32muart:~$ [m[8D[J[00:00:12.212,000] [0m<inf> chip: [IN]CASE Server enabling CASE session setups[0m
[1;32muart:~$ [m[8D[J[00:00:12.222,000] [0m<dbg> chip.LogV: [IN]SecureSession[0x70001540]: Allocated Type:2 LSID:37104[0m
[1;32muart:~$ [m[8D[J[00:00:12.238,000] [0m<dbg> chip.LogV: [SC]Allocated SecureSession (0x70001540) - waiting for Sigma1 msg[0m
[1;32muart:~$ [m[8D[J[00:00:12.242,000] [0m<inf> chip: [SVR]Joining Multicast groups[0m
[1;32muart:~$ [m[8D[J[00:00:12.252,000] [0m<dbg> chip.LogV: [ZCL]Emitting StartUp event[0m
[1;32muart:~$ [m[8D[J[00:00:12.292,000] [0m<dbg> chip.LogV: [EVL]LogEvent event number: 0x0000000000220001 priority: 2, endpoint id:  0x0 cluster id: 0x0000_0028 event id: 0x0 Sys timestamp: 0x0000000000001013[0m
[1;32muart:~$ [m[8D[J[00:00:12.296,000] [0m<inf> chip: [SVR]Server initialization complete[0m
[1;32muart:~$ [m[8D[J[00:00:12.305,000] [0m<inf> chip: [SVR]Server Listening...[0m
[1;32muart:~$ [m[8D[J[00:00:12.306,000] [0m<inf> matter: Matter stack initialized[0m
[1;32muart:~$ [m[8D[J[00:00:12.311,000] [0m<inf> matter: Matter event loop started[0m
[1;32muart:~$ [m[8D[J[00:00:12.321,000] [0m<inf> matter_event_loop: Init io_to_matter_stream[0m
[1;32muart:~$ [m[8D[J[00:00:12.323,000] [0m<inf> matter_event_loop: Start io_to_matter_stream[0m
[1;32muart:~$ [m[8D[J[00:00:12.329,000] [0m<inf> chip: [DL]CHIP task running[0m
[1;32muart:~$ [m[8D[J[00:00:12.375,000] [0m<inf> matter: Matter start work already submitted[0m
[1;32muart:~$ [m[8D[J[1;32muart:~$ [m[8D[J[1;32muart:~$ [mkernel uptime
Uptime: 39352 ms
[1;32muart:~$ [mnet iface
Hostname: zephyr000000000000
Default interface: 1


Interface eth0 (0x20002c90) (Ethernet) [1]
===================================
Link addr : 80:34:28:10:12:73
MTU       : 1500
Flags     : AUTO_START,IPv4,IPv6
Device    : ETH_W5500 (0x20de594)
Status    : oper=UP, admin=UP, carrier=ON
Ethernet capabilities supported:
	10 Mbits
	100 Mbits
Ethernet PHY device: ETH_W5500_phy (0x20de5b4)
Ethernet link speed: 100 Mbits full-duplex
IPv6 unicast addresses (max 2):
	fe80::8234:28ff:fe10:1273 autoconf preferred infinite
	fd27:e0cb:e5e8:8374:8234:28ff:fe10:1273 autoconf preferred
IPv6 multicast addresses (max 3):
	ff02::1
	ff02::1:ff10:1273
IPv6 prefixes (max 2):
	fd27:e0cb:e5e8:8374::/64
IPv6 hop limit           : 64
IPv6 base reachable time : 30000
IPv6 reachable time      : 40384
IPv6 retransmit timer    : 0
DHCPv6 state             : disabled
IPv4 unicast addresses (max 1):
	192.168.88.14/255.255.255.0 DHCP preferred
IPv4 multicast addresses (max 1):
	<none>
IPv4 gateway : 192.168.88.1
DHCPv4 lease time : 600
DHCPv4 renew time : 300
DHCPv4 server     : 192.168.88.1
DHCPv4 requested  : 192.168.88.14
DHCPv4 state      : bound
DHCPv4 attempts   : 1
DHCPv4 state      : bound

Interface wlan0 (0x20002dc8) (WiFi) [2]
===============================
[1;32mInterface is down.
[m[1;32muart:~$ [mwifi scan

Num  | SSID                             (len) | Chan (Band)   | RSSI | Security             | BSSID             | MFP     
1    | k2                               3     | 2    (2.4GHz) | -58  | WPA3-SAE-HNP         | D4:01:C3:A0:60:28 | Disable 
2    | Vivacom_FiberNet-769F            22    | 11   (2.4GHz) | -58  | WPA2-PSK             | 4E:D6:29:45:76:A8 | Disable 
3    | A1_50C7                          8     | 5    (2.4GHz) | -63  | WPA2-PSK             | 58:F9:87:21:50:D0 | Disable 
4    | A1_580A                          8     | 3    (2.4GHz) | -65  | WPA2-PSK             | 64:85:05:82:58:09 | Disable 
5    | Vivacom_FiberNet-A36C            22    | 11   (2.4GHz) | -66  | WPA2-PSK             | E6:90:2A:DB:A3:74 | Disable 
Scan request done
Scan requested
[1;32muart:~$ [mdevmem 0x42020014
Using data width 32
Read value 0x120
[1;32muart:~$ [mdevmem 0x42020814
Using data width 32
Read value 0xf1
[1;32muart:~$ [mdevmem 0x42020814
Using data width 32
Read value 0xf1
[1;32muart:~$ [m[8D[J[00:00:47.951,000] [0m<inf> REST_API_relays_state: GET /api/relays/state[0m
[1;32muart:~$ [m[8D[J[00:00:47.951,000] [0m<dbg> REST_API_relays_state.relays_state_handler: GET /api/relays/state: {"relay1": false, "relay2": false, "relay3": false, "relay4": false }[0m
[1;32muart:~$ [m[8D[J[00:00:47.958,000] [0m<inf> REST_API_relays_state: GET /api/relays/state[0m
[1;32muart:~$ [m[8D[J[00:00:47.959,000] [0m<dbg> REST_API_relays_state.relays_state_handler: GET /api/relays/state: {"relay1": false, "relay2": false, "relay3": false, "relay4": false }[0m
[1;32muart:~$ [m[8D[J[1;32muart:~$ [m[8D[J[1;32muart:~$ [mdevmem 0x42020414
Using data width 32
Read value 0x1104
[1;32muart:~$ [mI: Detected ESP-PSRAM64H (ID D 5D 46 A0 2F)
I: PSRAM initialised in QPI mode, 8192 KB
*** Using Zephyr OS build v4.4.0-12983-gb6a5e6e8aa90 ***
I: Starting bootloader
I: ICACHE alias: 0x02000000 -> 0x90000000 (4MB)
I: 0x90000000..0x9000001F:
I: 3d b8 f3 96 0 0 0 0 0 4 0 0 38 53 11 0
I: 0 0 0 0 0 0 0 0 0 0 0 0 0 0 0 0
I: Alias[0x02000000..0x0200001F]:
I: 3d b8 f3 96 0 0 0 0 0 4 0 0 38 53 11 0
I: 0 0 0 0 0 0 0 0 0 0 0 0 0 0 0 0
I: PSRAM 0x70000000..0x7000001F:
I: aa a8 aa aa aa aa aa aa aa aa aa aa aa aa aa aa
I: ae aa aa 2a aa aa aa aa aa aa aa aa aa aa aa aa
I: PSRAM write/read: PASS
I: Primary image: magic=good, swap_type=0x4, copy_done=0x1, image_ok=0x1
I: Scratch: magic=bad, swap_type=0x1, copy_done=0x2, image_ok=0x2
I: Boot source: none
I: Image index: 0, Swap type: none
I: Bootloader chainload address offset: 0x0
I: Image version: v0.0.0
I: Jumping to the first image slot
[m
[1;32muart:~$ [m[8D[J[00:00:00.842,000] [0m<inf> esp_hosted_mcu_core: coprocessor priv event 34[0m
[1;32muart:~$ [m[8D[J[00:00:00.846,000] [0m<inf> esp_hosted_mcu_core: coprocessor firmware v3.0.6[0m
[1;32muart:~$ [m[8D[J[00:00:00.846,000] [1;31m<err> mb85rsxx: invalid device ID: 04 7F 03 02[0m
[1;32muart:~$ [m[8D[J[00:00:00.846,000] [1;31m<err> mb85rsxx: Failed to initialize device, RDID check failed (err -5)[0m
[1;32muart:~$ [m[8D[J[00:00:00.846,000] [0m<inf> eth_w5500: ETH_W5500: interrupt mode[0m
[1;32muart:~$ [m[8D[J[00:00:00.854,000] [0m<inf> eth_w5500: W5500 Initialized[0m
[1;32muart:~$ [m[8D[J[00:00:00.855,000] [0m<inf> spi_nor: SPI_FLASH: SFDP v 1.0 AP ff with 1 PH[0m
[1;32muart:~$ [m[8D[J[00:00:00.855,000] [0m<inf> spi_nor: PH0: ff00 rev 1.0: 9 DW @ 80[0m
[1;32muart:~$ [m[8D[J[00:00:00.855,000] [0m<inf> spi_nor: SPI_FLASH: 16 MiBy flash[0m
[1;32muart:~$ [m[8D[J[00:00:01.355,000] [1;31m<err> net_ethernet: Invalid MAC address for iface 1 (0x20002c90)[0m
[1;32muart:~$ [m[8D[J[00:00:01.355,000] [0m<inf> littlefs: LittleFS version 2.11, disk version 2.1[0m
[1;32muart:~$ [m[8D[J[00:00:01.356,000] [0m<inf> littlefs: FS at SPI_FLASH:0xa00000 is 1280 0x1000-byte blocks with 1024 cycle[0m
[1;32muart:~$ [m[8D[J[00:00:01.356,000] [0m<inf> littlefs: partition sizes: rd 256 ; pr 256 ; ca 2048 ; la 256[0m
[1;32muart:~$ [m[8D[J*** Booting Zephyr OS build v4.4.0-12983-gb6a5e6e8aa90 ***
[1;32muart:~$ [m[8D[J[00:00:01.423,000] [0m<inf> shell_telnet: Telnet shell backend initialized[0m
[1;32muart:~$ [m[8D[J[00:00:01.424,000] [0m<inf> main_app: Start main app (build: Sep 12 2026 21:56:16) version 8[0m
[1;32muart:~$ [m[8D[J[00:00:01.425,000] [0m<inf> main_app: PSRAM @0x701aa890: write/read 1024 words OK[0m
[1;32muart:~$ [m[8D[J[00:00:01.506,000] [0m<inf> settings_registry: 0 keys registered, 0 rejected[0m
[1;32muart:~$ [m[8D[J[00:00:01.507,000] [0m<inf> io: Start io init[0m
[1;32muart:~$ [m[8D[J[00:00:01.939,000] [0m<inf> net_init: EEPROM MAC: 80:34:28:10:12:73[0m
[1;32muart:~$ [m[8D[J[00:00:01.939,000] [0m<inf> eth_w5500: ETH_W5500 MAC set to 80:34:28:10:12:73[0m
[1;32muart:~$ [m[8D[J[00:00:01.939,000] [0m<inf> net_init: Network interface up with MAC 80:34:28:10:12:73[0m
[1;32muart:~$ [m[8D[J[00:00:01.945,000] [0m<inf> io: Start io outputs task[0m
[1;32muart:~$ [m[8D[J[1;32muart:~$ [m[8D[J[1;32muart:~$ [m[8D[J[00:00:02.854,000] [0m<inf> eth_w5500: ETH_W5500: Link speed 100 Mb, full duplex[0m
[1;32muart:~$ [m[8D[J[00:00:02.873,000] [0m<inf> matter: Net callback IPv6 got, start matter after 5 sec[0m
[1;32muart:~$ [m[8D[J[00:00:02.882,000] [1;33m<wrn> net_dhcpv4: DHCP server provided more DNS servers than can be saved[0m
[1;32muart:~$ [m[8D[J[00:00:02.896,000] [1;33m<wrn> net_dhcpv4: DHCP server provided more DNS servers than can be saved[0m
[1;32muart:~$ [m[8D[J[00:00:02.897,000] [0m<inf> net_dhcpv4: Received: 192.168.88.14[0m
[1;32muart:~$ [m[8D[J[1;32muart:~$ [m[8D[J[1;32muart:~$ [m[8D[J[00:00:04.272,000] [0m<inf> REST_API_relays_state: GET /api/relays/state[0m
[1;32muart:~$ [m[8D[J[00:00:04.273,000] [0m<dbg> REST_API_relays_state.relays_state_handler: GET /api/relays/state: {"relay1": false, "relay2": false, "relay3": false, "relay4": false }[0m
[1;32muart:~$ [m[8D[J[00:00:04.280,000] [0m<inf> REST_API_relays_state: GET /api/relays/state[0m
[1;32muart:~$ [m[8D[J[00:00:04.280,000] [0m<dbg> REST_API_relays_state.relays_state_handler: GET /api/relays/state: {"relay1": false, "relay2": false, "relay3": false, "relay4": false }[0m
[1;32muart:~$ [m[8D[J[1;32muart:~$ [m[8D[J[1;32muart:~$ [m[8D[J[00:00:07.877,000] [0m<inf> matter: Net callback IPv6 got, start matter after 5 sec[0m
[1;32muart:~$ [m[8D[J[00:00:07.878,000] [0m<inf> matter: Init CHIP stack[0m
[1;32muart:~$ [m[8D[J[00:00:08.663,000] [0m<inf> chip: [SVR]Initializing session resumption storage...[0m
[1;32muart:~$ [m[8D[J[00:00:08.665,000] [0m<inf> chip: [SVR]Server initializing...[0m
[1;32muart:~$ [m[8D[J[00:00:08.665,000] [0m<dbg> chip.LogV: [FP]Initializing FabricTable from persistent storage[0m
[1;32muart:~$ [m[8D[J[00:00:08.864,000] [0m<inf> chip: [TS]Last Known Good Time: 2023-10-14T01:16:48[0m
[1;32muart:~$ [m[8D[J[1;32muart:~$ [m[8D[J[1;32muart:~$ [m[8D[J[00:00:09.332,000] [0m<inf> chip: [DMG]AccessControl: initializing[0m
[1;32muart:~$ [m[8D[J[00:00:09.332,000] [0m<inf> chip: [DMG]Examples::AccessControlDelegate::Init[0m
[1;32muart:~$ [m[8D[J[00:00:09.333,000] [0m<inf> chip: [DMG]AccessControl: setting[0m
[1;32muart:~$ [m[8D[J[00:00:09.333,000] [0m<inf> chip: [DMG]DefaultAclStorage: initializing[0m
[1;32muart:~$ [m[8D[J[00:00:09.334,000] [0m<inf> chip: [DMG]DefaultAclStorage: 0 entries loaded[0m
[1;32muart:~$ [m[8D[J[00:00:09.334,000] [0m<inf> chip: [SVR]WARNING: mTestEventTriggerDelegate is null[0m
[1;32muart:~$ [m[8D[J[00:00:09.335,000] [0m<dbg> chip.LogV: [IN]UDP::Init bind&listen port=5540[0m
[1;32muart:~$ [m[8D[J[00:00:09.338,000] [0m<dbg> chip.LogV: [IN]UDP::Init bound to port=5540[0m
[1;32muart:~$ [m[8D[J[00:00:09.339,000] [0m<dbg> chip.LogV: [IN]TransportMgr initialized[0m
[1;32muart:~$ [m[8D[J[1;32muart:~$ [m[8D[J[1;32muart:~$ [m[8D[J[00:00:10.736,000] [0m<inf> chip: [ZCL]Using ZAP configuration...[0m
[1;32muart:~$ [m[8D[J[00:00:10.969,000] [0m<dbg> chip.LogV: [DMG]Failed to read stored attribute (1, 0x0000_0006, 0x0000_0000: a0[0m
[1;32muart:~$ [m[8D[J[00:00:11.200,000] [0m<dbg> chip.LogV: [DMG]Failed to read stored attribute (1, 0x0000_0006, 0x0000_4003: a0[0m
[1;32muart:~$ [m[8D[J[00:00:11.431,000] [0m<dbg> chip.LogV: [DMG]Failed to read stored attribute (2, 0x0000_0006, 0x0000_0000: a0[0m
[1;32muart:~$ [m[8D[J[00:00:11.662,000] [0m<dbg> chip.LogV: [DMG]Failed to read stored attribute (2, 0x0000_0006, 0x0000_4003: a0[0m
[1;32muart:~$ [m[8D[J[1;32muart:~$ [m[8D[J[1;32muart:~$ [m[8D[J[00:00:11.961,000] [0m<dbg> chip.LogV: [DMG]Failed to read stored attribute (3, 0x0000_0006, 0x0000_0000: a0[0m
[1;32muart:~$ [m[8D[J[00:00:12.196,000] [0m<dbg> chip.LogV: [DMG]Failed to read stored attribute (3, 0x0000_0006, 0x0000_4003: a0[0m
[1;32muart:~$ [m[8D[J[00:00:12.427,000] [0m<dbg> chip.LogV: [DMG]Failed to read stored attribute (4, 0x0000_0006, 0x0000_0000: a0[0m
[1;32muart:~$ [m[8D[J[00:00:12.658,000] [0m<dbg> chip.LogV: [DMG]Failed to read stored attribute (4, 0x0000_0006, 0x0000_4003: a0[0m
[1;32muart:~$ [m[8D[J[00:00:12.663,000] [0m<dbg> chip.LogV: [DL]Boot reason: 1[0m
[1;32muart:~$ [m[8D[J[00:00:12.666,000] [0m<inf> chip: [ZCL]Boot reason: 1[0m
[1;32muart:~$ [m[8D[J[00:00:12.667,000] [0m<inf> chip: [ZCL]Endpoint 1 On/off already set to new value[0m
[1;32muart:~$ [m[8D[J[00:00:12.670,000] [0m<inf> chip: [ZCL]Boot reason: 1[0m
[1;32muart:~$ [m[8D[J[00:00:12.670,000] [0m<inf> chip: [ZCL]Endpoint 2 On/off already set to new value[0m
[1;32muart:~$ [m[8D[J[00:00:12.672,000] [0m<inf> chip: [ZCL]Boot reason: 1[0m
[1;32muart:~$ [m[8D[J[00:00:12.707,000] [0m<inf> chip: [ZCL]Endpoint 3 On/off already set to new value[0m
[1;32muart:~$ [m[8D[J[1;32muart:~$ [m[8D[J[1;32muart:~$ [m[8D[J[00:00:12.739,000] [0m<inf> chip: [ZCL]Boot reason: 1[0m
[1;32muart:~$ [m[8D[J[00:00:12.745,000] [0m<inf> chip: [ZCL]Endpoint 4 On/off already set to new value[0m
[1;32muart:~$ [m[8D[J[00:00:12.820,000] [0m<dbg> chip.LogV: [EVL]LogEvent event number: 0x0000000000230000 priority: 2, endpoint id:  0x0 cluster id: 0x0000_0033 event id: 0x3 Sys timestamp: 0x0000000000001038[0m
[1;32muart:~$ [m[8D[J[00:00:12.878,000] [0m<inf> matter: Matter start work already submitted[0m
[1;32muart:~$ [m[8D[J[00:00:13.285,000] [0m<inf> chip: [DMG]AccessControlCluster: initializing[0m
[1;32muart:~$ [m[8D[J[00:00:13.287,000] [0m<inf> chip: [DIS]Updating services using commissioning mode 0[0m
[1;32muart:~$ [m[8D[J[00:00:13.287,000] [1;31m<err> chip: [DIS]DNS-SD advertising not available. DNS-SD init disabled.[0m
[1;32muart:~$ [m[8D[J[00:00:13.288,000] [1;31m<err> chip: [DIS]Failed to initialize advertiser: 2d[0m
[1;32muart:~$ [m[8D[J[00:00:13.289,000] [1;31m<err> chip: [DIS]DNS-SD advertising not available. Removing services failed.[0m
[1;32muart:~$ [m[8D[J[00:00:13.289,000] [1;31m<err> chip: [DIS]Failed to remove advertised services: 2d[0m
[1;32muart:~$ [m[8D[J[00:00:13.320,000] [1;31m<err> chip: [DIS]DNS-SD advertising not available. Finalizing service update failed.[0m
[1;32muart:~$ [m[8D[J[00:00:13.325,000] [1;31m<err> chip: [DIS]Failed to finalize service update: 2d[0m
[1;32muart:~$ [m[8D[J[00:00:13.329,000] [0m<inf> chip: [IN]CASE Server enabling CASE session setups[0m
[1;32muart:~$ [m[8D[J[00:00:13.348,000] [0m<dbg> chip.LogV: [IN]SecureSession[0x70001540]: Allocated Type:2 LSID:55842[0m
[1;32muart:~$ [m[8D[J[00:00:13.354,000] [0m<dbg> chip.LogV: [SC]Allocated SecureSession (0x70001540) - waiting for Sigma1 msg[0m
[1;32muart:~$ [m[8D[J[00:00:13.364,000] [0m<inf> chip: [SVR]Joining Multicast groups[0m
[1;32muart:~$ [m[8D[J[00:00:13.373,000] [0m<dbg> chip.LogV: [ZCL]Emitting StartUp event[0m
[1;32muart:~$ [m[8D[J[00:00:13.414,000] [0m<dbg> chip.LogV: [EVL]LogEvent event number: 0x0000000000230001 priority: 2, endpoint id:  0x0 cluster id: 0x0000_0028 event id: 0x0 Sys timestamp: 0x0000000000001265[0m
[1;32muart:~$ [m[8D[J[00:00:13.418,000] [0m<inf> chip: [SVR]Server initialization complete[0m
[1;32muart:~$ [m[8D[J[00:00:13.428,000] [0m<inf> chip: [SVR]Server Listening...[0m
[1;32muart:~$ [m[8D[J[00:00:13.429,000] [0m<inf> matter: Matter stack initialized[0m
[1;32muart:~$ [m[8D[J[00:00:13.442,000] [0m<inf> matter: Matter event loop started[0m
[1;32muart:~$ [m[8D[J[00:00:13.443,000] [0m<inf> matter_event_loop: Init io_to_matter_stream[0m
[1;32muart:~$ [m[8D[J[00:00:13.445,000] [0m<inf> matter_event_loop: Start io_to_matter_stream[0m
[1;32muart:~$ [m[8D[J[00:00:13.451,000] [0m<inf> chip: [DL]CHIP task running[0m
[1;32muart:~$ [m[8D[J[1;32muart:~$ [m[8D[J[1;32muart:~$ [mkernel uptime
Uptime: 39352 ms
[1;32muart:~$ [mnet iface
Hostname: zephyr000000000000
Default interface: 1


Interface eth0 (0x20002c90) (Ethernet) [1]
===================================
Link addr : 80:34:28:10:12:73
MTU       : 1500
Flags     : AUTO_START,IPv4,IPv6
Device    : ETH_W5500 (0x20de594)
Status    : oper=UP, admin=UP, carrier=ON
Ethernet capabilities supported:
	10 Mbits
	100 Mbits
Ethernet PHY device: ETH_W5500_phy (0x20de5b4)
Ethernet link speed: 100 Mbits full-duplex
IPv6 unicast addresses (max 2):
	fe80::8234:28ff:fe10:1273 autoconf preferred infinite
	fd27:e0cb:e5e8:8374:8234:28ff:fe10:1273 autoconf preferred
IPv6 multicast addresses (max 3):
	ff02::1
	ff02::1:ff10:1273
IPv6 prefixes (max 2):
	fd27:e0cb:e5e8:8374::/64
IPv6 hop limit           : 64
IPv6 base reachable time : 30000
IPv6 reachable time      : 24015
IPv6 retransmit timer    : 0
DHCPv6 state             : disabled
IPv4 unicast addresses (max 1):
	192.168.88.14/255.255.255.0 DHCP preferred
IPv4 multicast addresses (max 1):
	<none>
IPv4 gateway : 192.168.88.1
DHCPv4 lease time : 600
DHCPv4 renew time : 300
DHCPv4 server     : 192.168.88.1
DHCPv4 requested  : 192.168.88.14
DHCPv4 state      : bound
DHCPv4 attempts   : 1
DHCPv4 state      : bound

Interface wlan0 (0x20002dc8) (WiFi) [2]
===============================
[1;32mInterface is down.
[m[1;32muart:~$ [mwifi scan

Num  | SSID                             (len) | Chan (Band)   | RSSI | Security             | BSSID             | MFP     
1    | k2                               3     | 2    (2.4GHz) | -58  | WPA3-SAE-HNP         | D4:01:C3:A0:60:28 | Disable 
2    | Vivacom_FiberNet-769F            22    | 11   (2.4GHz) | -59  | WPA2-PSK             | 4E:D6:29:45:76:A8 | Disable 
3    | A1_580A                          8     | 3    (2.4GHz) | -64  | WPA2-PSK             | 64:85:05:82:58:09 | Disable 
4    | A1_50C7                          8     | 5    (2.4GHz) | -66  | WPA2-PSK             | 58:F9:87:21:50:D0 | Disable 
5    | Vivacom_FiberNet-A36C            22    | 11   (2.4GHz) | -67  | WPA2-PSK             | E6:90:2A:DB:A3:74 | Disable 
Scan request done
Scan requested
[1;32muart:~$ [mdevmem 0x42020014
Using data width 32
Read value 0x120
[1;32muart:~$ [mdevmem 0x42020814
Using data width 32
Read value 0xf1
[1;32muart:~$ [mdevmem 0x42020814
Using data width 32
Read value 0xf1
[1;32muart:~$ [m[8D[J[00:00:47.953,000] [0m<inf> REST_API_relays_state: GET /api/relays/state[0m
[1;32muart:~$ [m[8D[J[00:00:47.954,000] [0m<dbg> REST_API_relays_state.relays_state_handler: GET /api/relays/state: {"relay1": false, "relay2": false, "relay3": false, "relay4": false }[0m
[1;32muart:~$ [m[8D[J[00:00:47.961,000] [0m<inf> REST_API_relays_state: GET /api/relays/state[0m
[1;32muart:~$ [m[8D[J[00:00:47.961,000] [0m<dbg> REST_API_relays_state.relays_state_handler: GET /api/relays/state: {"relay1": false, "relay2": false, "relay3": false, "relay4": false }[0m
[1;32muart:~$ [m[8D[J[1;32muart:~$ [m[8D[J[1;32muart:~$ [mdevmem 0x42020414
Using data width 32
Read value 0x1104
[1;32muart:~$ [mI: Detected ESP-PSRAM64H (ID D 5D 46 A0 2F)
I: PSRAM initialised in QPI mode, 8192 KB
*** Using Zephyr OS build v4.4.0-12983-gb6a5e6e8aa90 ***
I: Starting bootloader
I: ICACHE alias: 0x02000000 -> 0x90000000 (4MB)
I: 0x90000000..0x9000001F:
I: 3d b8 f3 96 0 0 0 0 0 4 0 0 38 53 11 0
I: 0 0 0 0 0 0 0 0 0 0 0 0 0 0 0 0
I: Alias[0x02000000..0x0200001F]:
I: 3d b8 f3 96 0 0 0 0 0 4 0 0 38 53 11 0
I: 0 0 0 0 0 0 0 0 0 0 0 0 0 0 0 0
I: PSRAM 0x70000000..0x7000001F:
I: aa a8 aa aa a2 aa aa aa aa aa aa aa aa aa aa aa
I: ae aa aa 2a aa aa aa aa aa aa aa aa aa aa aa aa
I: PSRAM write/read: PASS
I: Primary image: magic=good, swap_type=0x4, copy_done=0x1, image_ok=0x1
I: Scratch: magic=bad, swap_type=0x1, copy_done=0x2, image_ok=0x2
I: Boot source: none
I: Image index: 0, Swap type: none
I: Bootloader chainload address offset: 0x0
I: Image version: v0.0.0
I: Jumping to the first image slot
[m
[1;32muart:~$ [m[8D[J[00:00:00.842,000] [0m<inf> esp_hosted_mcu_core: coprocessor priv event 34[0m
[1;32muart:~$ [m[8D[J[00:00:00.846,000] [0m<inf> esp_hosted_mcu_core: coprocessor firmware v3.0.6[0m
[1;32muart:~$ [m[8D[J[00:00:00.846,000] [1;31m<err> mb85rsxx: invalid device ID: 04 7F 03 02[0m
[1;32muart:~$ [m[8D[J[00:00:00.846,000] [1;31m<err> mb85rsxx: Failed to initialize device, RDID check failed (err -5)[0m
[1;32muart:~$ [m[8D[J[00:00:00.846,000] [0m<inf> eth_w5500: ETH_W5500: interrupt mode[0m
[1;32muart:~$ [m[8D[J[00:00:00.854,000] [0m<inf> eth_w5500: W5500 Initialized[0m
[1;32muart:~$ [m[8D[J[00:00:00.855,000] [0m<inf> spi_nor: SPI_FLASH: SFDP v 1.0 AP ff with 1 PH[0m
[1;32muart:~$ [m[8D[J[00:00:00.855,000] [0m<inf> spi_nor: PH0: ff00 rev 1.0: 9 DW @ 80[0m
[1;32muart:~$ [m[8D[J[00:00:00.855,000] [0m<inf> spi_nor: SPI_FLASH: 16 MiBy flash[0m
[1;32muart:~$ [m[8D[J[00:00:01.355,000] [1;31m<err> net_ethernet: Invalid MAC address for iface 1 (0x20002c90)[0m
[1;32muart:~$ [m[8D[J[00:00:01.355,000] [0m<inf> littlefs: LittleFS version 2.11, disk version 2.1[0m
[1;32muart:~$ [m[8D[J[00:00:01.356,000] [0m<inf> littlefs: FS at SPI_FLASH:0xa00000 is 1280 0x1000-byte blocks with 1024 cycle[0m
[1;32muart:~$ [m[8D[J[00:00:01.356,000] [0m<inf> littlefs: partition sizes: rd 256 ; pr 256 ; ca 2048 ; la 256[0m
[1;32muart:~$ [m[8D[J*** Booting Zephyr OS build v4.4.0-12983-gb6a5e6e8aa90 ***
[1;32muart:~$ [m[8D[J[00:00:01.438,000] [0m<inf> shell_telnet: Telnet shell backend initialized[0m
[1;32muart:~$ [m[8D[J[00:00:01.439,000] [0m<inf> main_app: Start main app (build: Sep 12 2026 21:56:16) version 8[0m
[1;32muart:~$ [m[8D[J[00:00:01.440,000] [0m<inf> main_app: PSRAM @0x701aa890: write/read 1024 words OK[0m
[1;32muart:~$ [m[8D[J[00:00:01.537,000] [0m<inf> settings_registry: 0 keys registered, 0 rejected[0m
[1;32muart:~$ [m[8D[J[00:00:01.537,000] [0m<inf> io: Start io init[0m
[1;32muart:~$ [m[8D[J[00:00:02.048,000] [0m<inf> net_init: EEPROM MAC: 80:34:28:10:12:73[0m
[1;32muart:~$ [m[8D[J[00:00:02.048,000] [0m<inf> eth_w5500: ETH_W5500 MAC set to 80:34:28:10:12:73[0m
[1;32muart:~$ [m[8D[J[00:00:02.048,000] [0m<inf> net_init: Network interface up with MAC 80:34:28:10:12:73[0m
[1;32muart:~$ [m[8D[J[00:00:02.055,000] [0m<inf> io: Start io outputs task[0m
[1;32muart:~$ [m[8D[J[1;32muart:~$ [m[8D[J[1;32muart:~$ [m[8D[J[00:00:02.354,000] [0m<inf> eth_w5500: ETH_W5500: Link speed 100 Mb, full duplex[0m
[1;32muart:~$ [m[8D[J[00:00:02.372,000] [0m<inf> matter: Net callback IPv6 got, start matter after 5 sec[0m
[1;32muart:~$ [m[8D[J[1;32muart:~$ [m[8D[J[1;32muart:~$ [m[8D[J[00:00:06.382,000] [1;33m<wrn> net_dhcpv4: DHCP server provided more DNS servers than can be saved[0m
[1;32muart:~$ [m[8D[J[00:00:06.396,000] [1;33m<wrn> net_dhcpv4: DHCP server provided more DNS servers than can be saved[0m
[1;32muart:~$ [m[8D[J[00:00:06.397,000] [0m<inf> net_dhcpv4: Received: 192.168.88.14[0m
[1;32muart:~$ [m[8D[J[00:00:07.375,000] [0m<inf> matter: Net callback IPv6 got, start matter after 5 sec[0m
[1;32muart:~$ [m[8D[J[00:00:07.376,000] [0m<inf> matter: Init CHIP stack[0m
[1;32muart:~$ [m[8D[J[1;32muart:~$ [m[8D[J[1;32muart:~$ [m[8D[J[00:00:08.420,000] [0m<inf> REST_API_relays_state: GET /api/relays/state[0m
[1;32muart:~$ [m[8D[J[00:00:08.420,000] [0m<dbg> REST_API_relays_state.relays_state_handler: GET /api/relays/state: {"relay1": false, "relay2": false, "relay3": false, "relay4": false }[0m
[1;32muart:~$ [m[8D[J[00:00:08.427,000] [0m<inf> REST_API_relays_state: GET /api/relays/state[0m
[1;32muart:~$ [m[8D[J[00:00:08.428,000] [0m<dbg> REST_API_relays_state.relays_state_handler: GET /api/relays/state: {"relay1": false, "relay2": false, "relay3": false, "relay4": false }[0m
[1;32muart:~$ [m[8D[J[00:00:08.516,000] [0m<inf> chip: [SVR]Initializing session resumption storage...[0m
[1;32muart:~$ [m[8D[J[00:00:08.518,000] [0m<inf> chip: [SVR]Server initializing...[0m
[1;32muart:~$ [m[8D[J[00:00:08.527,000] [0m<dbg> chip.LogV: [FP]Initializing FabricTable from persistent storage[0m
[1;32muart:~$ [m[8D[J[00:00:08.766,000] [0m<inf> chip: [TS]Last Known Good Time: 2023-10-14T01:16:48[0m
[1;32muart:~$ [m[8D[J[00:00:09.239,000] [0m<inf> chip: [DMG]AccessControl: initializing[0m
[1;32muart:~$ [m[8D[J[00:00:09.239,000] [0m<inf> chip: [DMG]Examples::AccessControlDelegate::Init[0m
[1;32muart:~$ [m[8D[J[00:00:09.265,000] [0m<inf> chip: [DMG]AccessControl: setting[0m
[1;32muart:~$ [m[8D[J[00:00:09.268,000] [0m<inf> chip: [DMG]DefaultAclStorage: initializing[0m
[1;32muart:~$ [m[8D[J[00:00:09.281,000] [0m<inf> chip: [DMG]DefaultAclStorage: 0 entries loaded[0m
[1;32muart:~$ [m[8D[J[00:00:09.286,000] [0m<inf> chip: [SVR]WARNING: mTestEventTriggerDelegate is null[0m
[1;32muart:~$ [m[8D[J[00:00:09.291,000] [0m<dbg> chip.LogV: [IN]UDP::Init bind&listen port=5540[0m
[1;32muart:~$ [m[8D[J[00:00:09.336,000] [0m<dbg> chip.LogV: [IN]UDP::Init bound to port=5540[0m
[1;32muart:~$ [m[8D[J[00:00:09.345,000] [0m<dbg> chip.LogV: [IN]TransportMgr initialized[0m
[1;32muart:~$ [m[8D[J[1;32muart:~$ [m[8D[J[1;32muart:~$ [m[8D[J[00:00:10.907,000] [0m<inf> chip: [ZCL]Using ZAP configuration...[0m
[1;32muart:~$ [m[8D[J[00:00:11.163,000] [0m<dbg> chip.LogV: [DMG]Failed to read stored attribute (1, 0x0000_0006, 0x0000_0000: a0[0m
[1;32muart:~$ [m[8D[J[00:00:11.417,000] [0m<dbg> chip.LogV: [DMG]Failed to read stored attribute (1, 0x0000_0006, 0x0000_4003: a0[0m
[1;32muart:~$ [m[8D[J[00:00:11.672,000] [0m<dbg> chip.LogV: [DMG]Failed to read stored attribute (2, 0x0000_0006, 0x0000_0000: a0[0m
[1;32muart:~$ [m[8D[J[1;32muart:~$ [m[8D[J[1;32muart:~$ [m[8D[J[00:00:11.981,000] [0m<dbg> chip.LogV: [DMG]Failed to read stored attribute (2, 0x0000_0006, 0x0000_4003: a0[0m
[1;32muart:~$ [m[8D[J[00:00:12.235,000] [0m<dbg> chip.LogV: [DMG]Failed to read stored attribute (3, 0x0000_0006, 0x0000_0000: a0[0m
[1;32muart:~$ [m[8D[J[00:00:12.375,000] [0m<inf> matter: Matter start work already submitted[0m
[1;32muart:~$ [m[8D[J[00:00:12.495,000] [0m<dbg> chip.LogV: [DMG]Failed to read stored attribute (3, 0x0000_0006, 0x0000_4003: a0[0m
[1;32muart:~$ [m[8D[J[00:00:12.754,000] [0m<dbg> chip.LogV: [DMG]Failed to read stored attribute (4, 0x0000_0006, 0x0000_0000: a0[0m
[1;32muart:~$ [m[8D[J[1;32muart:~$ [m[8D[J[1;32muart:~$ [m[8D[J[00:00:13.076,000] [0m<dbg> chip.LogV: [DMG]Failed to read stored attribute (4, 0x0000_0006, 0x0000_4003: a0[0m
[1;32muart:~$ [m[8D[J[00:00:13.082,000] [0m<dbg> chip.LogV: [DL]Boot reason: 1[0m
[1;32muart:~$ [m[8D[J[00:00:13.085,000] [0m<inf> chip: [ZCL]Boot reason: 1[0m
[1;32muart:~$ [m[8D[J[00:00:13.086,000] [0m<inf> chip: [ZCL]Endpoint 1 On/off already set to new value[0m
[1;32muart:~$ [m[8D[J[00:00:13.088,000] [0m<inf> chip: [ZCL]Boot reason: 1[0m
[1;32muart:~$ [m[8D[J[00:00:13.088,000] [0m<inf> chip: [ZCL]Endpoint 2 On/off already set to new value[0m
[1;32muart:~$ [m[8D[J[00:00:13.090,000] [0m<inf> chip: [ZCL]Boot reason: 1[0m
[1;32muart:~$ [m[8D[J[00:00:13.091,000] [0m<inf> chip: [ZCL]Endpoint 3 On/off already set to new value[0m
[1;32muart:~$ [m[8D[J[00:00:13.093,000] [0m<inf> chip: [ZCL]Boot reason: 1[0m
[1;32muart:~$ [m[8D[J[00:00:13.094,000] [0m<inf> chip: [ZCL]Endpoint 4 On/off already set to new value[0m
[1;32muart:~$ [m[8D[J[1;32muart:~$ [m[8D[J[1;32muart:~$ [m[8D[J[00:00:13.217,000] [0m<dbg> chip.LogV: [EVL]LogEvent event number: 0x0000000000240000 priority: 2, endpoint id:  0x0 cluster id: 0x0000_0033 event id: 0x3 Sys timestamp: 0x0000000000001250[0m
[1;32muart:~$ [m[8D[J[00:00:13.732,000] [0m<inf> chip: [DMG]AccessControlCluster: initializing[0m
[1;32muart:~$ [m[8D[J[00:00:13.734,000] [0m<inf> chip: [DIS]Updating services using commissioning mode 0[0m
[1;32muart:~$ [m[8D[J[00:00:13.735,000] [1;31m<err> chip: [DIS]DNS-SD advertising not available. DNS-SD init disabled.[0m
[1;32muart:~$ [m[8D[J[00:00:13.735,000] [1;31m<err> chip: [DIS]Failed to initialize advertiser: 2d[0m
[1;32muart:~$ [m[8D[J[00:00:13.736,000] [1;31m<err> chip: [DIS]DNS-SD advertising not available. Removing services failed.[0m
[1;32muart:~$ [m[8D[J[00:00:13.736,000] [1;31m<err> chip: [DIS]Failed to remove advertised services: 2d[0m
[1;32muart:~$ [m[8D[J[00:00:13.737,000] [1;31m<err> chip: [DIS]DNS-SD advertising not available. Finalizing service update failed.[0m
[1;32muart:~$ [m[8D[J[00:00:13.738,000] [1;31m<err> chip: [DIS]Failed to finalize service update: 2d[0m
[1;32muart:~$ [m[8D[J[00:00:13.738,000] [0m<inf> chip: [IN]CASE Server enabling CASE session setups[0m
[1;32muart:~$ [m[8D[J[00:00:13.774,000] [0m<dbg> chip.LogV: [IN]SecureSession[0x70001540]: Allocated Type:2 LSID:48189[0m
[1;32muart:~$ [m[8D[J[00:00:13.781,000] [0m<dbg> chip.LogV: [SC]Allocated SecureSession (0x70001540) - waiting for Sigma1 msg[0m
[1;32muart:~$ [m[8D[J[00:00:13.790,000] [0m<inf> chip: [SVR]Joining Multicast groups[0m
[1;32muart:~$ [m[8D[J[00:00:13.795,000] [0m<dbg> chip.LogV: [ZCL]Emitting StartUp event[0m
[1;32muart:~$ [m[8D[J[00:00:13.836,000] [0m<dbg> chip.LogV: [EVL]LogEvent event number: 0x0000000000240001 priority: 2, endpoint id:  0x0 cluster id: 0x0000_0028 event id: 0x0 Sys timestamp: 0x0000000000001496[0m
[1;32muart:~$ [m[8D[J[00:00:13.841,000] [0m<inf> chip: [SVR]Server initialization complete[0m
[1;32muart:~$ [m[8D[J[00:00:13.846,000] [0m<inf> chip: [SVR]Server Listening...[0m
[1;32muart:~$ [m[8D[J[00:00:13.847,000] [0m<inf> matter: Matter stack initialized[0m
[1;32muart:~$ [m[8D[J[00:00:13.860,000] [0m<inf> matter: Matter event loop started[0m
[1;32muart:~$ [m[8D[J[00:00:13.861,000] [0m<inf> matter_event_loop: Init io_to_matter_stream[0m
[1;32muart:~$ [m[8D[J[00:00:13.864,000] [0m<inf> matter_event_loop: Start io_to_matter_stream[0m
[1;32muart:~$ [m[8D[J[00:00:13.872,000] [0m<inf> chip: [DL]CHIP task running[0m
[1;32muart:~$ [m[8D[J[1;32muart:~$ [m[8D[J[1;32muart:~$ [mkernel uptime
Uptime: 39353 ms
[1;32muart:~$ [mnet iface
Hostname: zephyr000000000000
Default interface: 1


Interface eth0 (0x20002c90) (Ethernet) [1]
===================================
Link addr : 80:34:28:10:12:73
MTU       : 1500
Flags     : AUTO_START,IPv4,IPv6
Device    : ETH_W5500 (0x20de594)
Status    : oper=UP, admin=UP, carrier=ON
Ethernet capabilities supported:
	10 Mbits
	100 Mbits
Ethernet PHY device: ETH_W5500_phy (0x20de5b4)
Ethernet link speed: 100 Mbits full-duplex
IPv6 unicast addresses (max 2):
	fe80::8234:28ff:fe10:1273 autoconf preferred infinite
	fd27:e0cb:e5e8:8374:8234:28ff:fe10:1273 autoconf preferred
IPv6 multicast addresses (max 3):
	ff02::1
	ff02::1:ff10:1273
IPv6 prefixes (max 2):
	fd27:e0cb:e5e8:8374::/64
IPv6 hop limit           : 64
IPv6 base reachable time : 30000
IPv6 reachable time      : 23418
IPv6 retransmit timer    : 0
DHCPv6 state             : disabled
IPv4 unicast addresses (max 1):
	192.168.88.14/255.255.255.0 DHCP preferred
IPv4 multicast addresses (max 1):
	<none>
IPv4 gateway : 192.168.88.1
DHCPv4 lease time : 600
DHCPv4 renew time : 300
DHCPv4 server     : 192.168.88.1
DHCPv4 requested  : 192.168.88.14
DHCPv4 state      : bound
DHCPv4 attempts   : 1
DHCPv4 state      : bound

Interface wlan0 (0x20002dc8) (WiFi) [2]
===============================
[1;32mInterface is down.
[m[1;32muart:~$ [mwifi scan

Num  | SSID                             (len) | Chan (Band)   | RSSI | Security             | BSSID             | MFP     
1    | k2                               3     | 2    (2.4GHz) | -56  | WPA3-SAE-HNP         | D4:01:C3:A0:60:28 | Disable 
2    | Vivacom_FiberNet-769F            22    | 11   (2.4GHz) | -59  | WPA2-PSK             | 4E:D6:29:45:76:A8 | Disable 
3    | A1_580A                          8     | 3    (2.4GHz) | -62  | WPA2-PSK             | 64:85:05:82:58:09 | Disable 
4    | A1_50C7                          8     | 5    (2.4GHz) | -65  | WPA2-PSK             | 58:F9:87:21:50:D0 | Disable 
Scan request done
Scan requested
[1;32muart:~$ [mdevmem 0x42020014
Using data width 32
Read value 0x120
[1;32muart:~$ [mdevmem 0x42020814
Using data width 32
Read value 0xf1
[1;32muart:~$ [mdevmem 0x42020814
Using data width 32
Read value 0xf1
[1;32muart:~$ [m[8D[J[00:00:47.924,000] [0m<inf> REST_API_relays_state: GET /api/relays/state[0m
[1;32muart:~$ [m[8D[J[00:00:47.925,000] [0m<dbg> REST_API_relays_state.relays_state_handler: GET /api/relays/state: {"relay1": false, "relay2": false, "relay3": false, "relay4": false }[0m
[1;32muart:~$ [m[8D[J[00:00:47.932,000] [0m<inf> REST_API_relays_state: GET /api/relays/state[0m
[1;32muart:~$ [m[8D[J[00:00:47.932,000] [0m<dbg> REST_API_relays_state.relays_state_handler: GET /api/relays/state: {"relay1": false, "relay2": false, "relay3": false, "relay4": false }[0m
[1;32muart:~$ [m[8D[J[1;32muart:~$ [m[8D[J[1;32muart:~$ [mdevmem 0x42020414
Using data width 32
Read value 0x1104
[1;32muart:~$ [mI: Detected ESP-PSRAM64H (ID D 5D 46 A0 2F)
I: PSRAM initialised in QPI mode, 8192 KB
*** Using Zephyr OS build v4.4.0-12983-gb6a5e6e8aa90 ***
I: Starting bootloader
I: ICACHE alias: 0x02000000 -> 0x90000000 (4MB)
I: 0x90000000..0x9000001F:
I: 3d b8 f3 96 0 0 0 0 0 4 0 0 38 53 11 0
I: 0 0 0 0 0 0 0 0 0 0 0 0 0 0 0 0
I: Alias[0x02000000..0x0200001F]:
I: 3d b8 f3 96 0 0 0 0 0 4 0 0 38 53 11 0
I: 0 0 0 0 0 0 0 0 0 0 0 0 0 0 0 0
I: PSRAM 0x70000000..0x7000001F:
I: aa a8 aa aa a2 aa aa aa aa aa aa aa aa aa aa aa
I: ae aa aa 2a a2 aa aa aa aa aa aa aa aa aa aa aa
I: PSRAM write/read: PASS
I: Primary image: magic=good, swap_type=0x4, copy_done=0x1, image_ok=0x1
I: Scratch: magic=bad, swap_type=0x1, copy_done=0x2, image_ok=0x2
I: Boot source: none
I: Image index: 0, Swap type: none
I: Bootloader chainload address offset: 0x0
I: Image version: v0.0.0
I: Jumping to the first image slot
[m
[1;32muart:~$ [m[8D[J[00:00:00.842,000] [0m<inf> esp_hosted_mcu_core: coprocessor priv event 34[0m
[1;32muart:~$ [m[8D[J[00:00:00.846,000] [0m<inf> esp_hosted_mcu_core: coprocessor firmware v3.0.6[0m
[1;32muart:~$ [m[8D[J[00:00:00.846,000] [1;31m<err> mb85rsxx: invalid device ID: 04 7F 03 02[0m
[1;32muart:~$ [m[8D[J[00:00:00.846,000] [1;31m<err> mb85rsxx: Failed to initialize device, RDID check failed (err -5)[0m
[1;32muart:~$ [m[8D[J[00:00:00.846,000] [0m<inf> eth_w5500: ETH_W5500: interrupt mode[0m
[1;32muart:~$ [m[8D[J[00:00:00.854,000] [0m<inf> eth_w5500: W5500 Initialized[0m
[1;32muart:~$ [m[8D[J[00:00:00.855,000] [0m<inf> spi_nor: SPI_FLASH: SFDP v 1.0 AP ff with 1 PH[0m
[1;32muart:~$ [m[8D[J[00:00:00.855,000] [0m<inf> spi_nor: PH0: ff00 rev 1.0: 9 DW @ 80[0m
[1;32muart:~$ [m[8D[J[00:00:00.855,000] [0m<inf> spi_nor: SPI_FLASH: 16 MiBy flash[0m
[1;32muart:~$ [m[8D[J[00:00:01.354,000] [1;31m<err> net_ethernet: Invalid MAC address for iface 1 (0x20002c90)[0m
[1;32muart:~$ [m[8D[J[00:00:01.354,000] [0m<inf> littlefs: LittleFS version 2.11, disk version 2.1[0m
[1;32muart:~$ [m[8D[J[00:00:01.356,000] [0m<inf> littlefs: FS at SPI_FLASH:0xa00000 is 1280 0x1000-byte blocks with 1024 cycle[0m
[1;32muart:~$ [m[8D[J[00:00:01.356,000] [0m<inf> littlefs: partition sizes: rd 256 ; pr 256 ; ca 2048 ; la 256[0m
[1;32muart:~$ [m[8D[J*** Booting Zephyr OS build v4.4.0-12983-gb6a5e6e8aa90 ***
[1;32muart:~$ [m[8D[J[00:00:01.441,000] [0m<inf> shell_telnet: Telnet shell backend initialized[0m
[1;32muart:~$ [m[8D[J[00:00:01.442,000] [0m<inf> main_app: Start main app (build: Sep 12 2026 21:56:16) version 8[0m
[1;32muart:~$ [m[8D[J[00:00:01.442,000] [0m<inf> main_app: PSRAM @0x701aa890: write/read 1024 words OK[0m
[1;32muart:~$ [m[8D[J[00:00:01.550,000] [0m<inf> settings_registry: 0 keys registered, 0 rejected[0m
[1;32muart:~$ [m[8D[J[00:00:01.550,000] [0m<inf> io: Start io init[0m
[1;32muart:~$ [m[8D[J[00:00:02.116,000] [0m<inf> net_init: EEPROM MAC: 80:34:28:10:12:73[0m
[1;32muart:~$ [m[8D[J[00:00:02.117,000] [0m<inf> eth_w5500: ETH_W5500 MAC set to 80:34:28:10:12:73[0m
[1;32muart:~$ [m[8D[J[00:00:02.117,000] [0m<inf> net_init: Network interface up with MAC 80:34:28:10:12:73[0m
[1;32muart:~$ [m[8D[J[00:00:02.123,000] [0m<inf> io: Start io outputs task[0m
[1;32muart:~$ [m[8D[J[1;32muart:~$ [m[8D[J[1;32muart:~$ [m[8D[J[00:00:02.354,000] [0m<inf> eth_w5500: ETH_W5500: Link speed 100 Mb, full duplex[0m
[1;32muart:~$ [m[8D[J[00:00:02.372,000] [0m<inf> matter: Net callback IPv6 got, start matter after 5 sec[0m
[1;32muart:~$ [m[8D[J[00:00:02.381,000] [1;33m<wrn> net_dhcpv4: DHCP server provided more DNS servers than can be saved[0m
[1;32muart:~$ [m[8D[J[00:00:02.395,000] [1;33m<wrn> net_dhcpv4: DHCP server provided more DNS servers than can be saved[0m
[1;32muart:~$ [m[8D[J[00:00:02.396,000] [0m<inf> net_dhcpv4: Received: 192.168.88.14[0m
[1;32muart:~$ [m[8D[J[00:00:02.459,000] [0m<inf> REST_API_relays_state: GET /api/relays/state[0m
[1;32muart:~$ [m[8D[J[00:00:02.460,000] [0m<dbg> REST_API_relays_state.relays_state_handler: GET /api/relays/state: {"relay1": false, "relay2": false, "relay3": false, "relay4": false }[0m
[1;32muart:~$ [m[8D[J[00:00:02.467,000] [0m<inf> REST_API_relays_state: GET /api/relays/state[0m
[1;32muart:~$ [m[8D[J[00:00:02.467,000] [0m<dbg> REST_API_relays_state.relays_state_handler: GET /api/relays/state: {"relay1": false, "relay2": false, "relay3": false, "relay4": false }[0m
[1;32muart:~$ [m[8D[J[1;32muart:~$ [m[8D[J[1;32muart:~$ [m[8D[J[00:00:07.376,000] [0m<inf> matter: Net callback IPv6 got, start matter after 5 sec[0m
[1;32muart:~$ [m[8D[J[00:00:07.377,000] [0m<inf> matter: Init CHIP stack[0m
[1;32muart:~$ [m[8D[J[1;32muart:~$ [m[8D[J[1;32muart:~$ [m[8D[J[00:00:08.472,000] [0m<inf> chip: [SVR]Initializing session resumption storage...[0m
[1;32muart:~$ [m[8D[J[00:00:08.473,000] [0m<inf> chip: [SVR]Server initializing...[0m
[1;32muart:~$ [m[8D[J[00:00:08.474,000] [0m<dbg> chip.LogV: [FP]Initializing FabricTable from persistent storage[0m
[1;32muart:~$ [m[8D[J[00:00:08.752,000] [0m<inf> chip: [TS]Last Known Good Time: 2023-10-14T01:16:48[0m
[1;32muart:~$ [m[8D[J[00:00:09.271,000] [0m<inf> chip: [DMG]AccessControl: initializing[0m
[1;32muart:~$ [m[8D[J[00:00:09.271,000] [0m<inf> chip: [DMG]Examples::AccessControlDelegate::Init[0m
[1;32muart:~$ [m[8D[J[00:00:09.272,000] [0m<inf> chip: [DMG]AccessControl: setting[0m
[1;32muart:~$ [m[8D[J[00:00:09.272,000] [0m<inf> chip: [DMG]DefaultAclStorage: initializing[0m
[1;32muart:~$ [m[8D[J[00:00:09.273,000] [0m<inf> chip: [DMG]DefaultAclStorage: 0 entries loaded[0m
[1;32muart:~$ [m[8D[J[00:00:09.274,000] [0m<inf> chip: [SVR]WARNING: mTestEventTriggerDelegate is null[0m
[1;32muart:~$ [m[8D[J[1;32muart:~$ [m[8D[J[1;32muart:~$ [m[8D[J[00:00:09.313,000] [0m<dbg> chip.LogV: [IN]UDP::Init bind&listen port=5540[0m
[1;32muart:~$ [m[8D[J[00:00:09.340,000] [0m<dbg> chip.LogV: [IN]UDP::Init bound to port=5540[0m
[1;32muart:~$ [m[8D[J[00:00:09.344,000] [0m<dbg> chip.LogV: [IN]TransportMgr initialized[0m
[1;32muart:~$ [m[8D[J[1;32muart:~$ [m[8D[J[1;32muart:~$ [m[8D[J[00:00:11.451,000] [0m<inf> chip: [ZCL]Using ZAP configuration...[0m
[1;32muart:~$ [m[8D[J[00:00:11.711,000] [0m<dbg> chip.LogV: [DMG]Failed to read stored attribute (1, 0x0000_0006, 0x0000_0000: a0[0m
[1;32muart:~$ [m[8D[J[00:00:11.973,000] [0m<dbg> chip.LogV: [DMG]Failed to read stored attribute (1, 0x0000_0006, 0x0000_4003: a0[0m
[1;32muart:~$ [m[8D[J[00:00:12.237,000] [0m<dbg> chip.LogV: [DMG]Failed to read stored attribute (2, 0x0000_0006, 0x0000_0000: a0[0m
[1;32muart:~$ [m[8D[J[00:00:12.377,000] [0m<inf> matter: Matter start work already submitted[0m
[1;32muart:~$ [m[8D[J[1;32muart:~$ [m[8D[J[1;32muart:~$ [m[8D[J[00:00:12.568,000] [0m<dbg> chip.LogV: [DMG]Failed to read stored attribute (2, 0x0000_0006, 0x0000_4003: a0[0m
[1;32muart:~$ [m[8D[J[00:00:12.828,000] [0m<dbg> chip.LogV: [DMG]Failed to read stored attribute (3, 0x0000_0006, 0x0000_0000: a0[0m
[1;32muart:~$ [m[8D[J[00:00:13.086,000] [0m<dbg> chip.LogV: [DMG]Failed to read stored attribute (3, 0x0000_0006, 0x0000_4003: a0[0m
[1;32muart:~$ [m[8D[J[00:00:13.346,000] [0m<dbg> chip.LogV: [DMG]Failed to read stored attribute (4, 0x0000_0006, 0x0000_0000: a0[0m
[1;32muart:~$ [m[8D[J[1;32muart:~$ [m[8D[J[1;32muart:~$ [m[8D[J[00:00:13.669,000] [0m<dbg> chip.LogV: [DMG]Failed to read stored attribute (4, 0x0000_0006, 0x0000_4003: a0[0m
[1;32muart:~$ [m[8D[J[00:00:13.675,000] [0m<dbg> chip.LogV: [DL]Boot reason: 1[0m
[1;32muart:~$ [m[8D[J[00:00:13.678,000] [0m<inf> chip: [ZCL]Boot reason: 1[0m
[1;32muart:~$ [m[8D[J[00:00:13.679,000] [0m<inf> chip: [ZCL]Endpoint 1 On/off already set to new value[0m
[1;32muart:~$ [m[8D[J[00:00:13.681,000] [0m<inf> chip: [ZCL]Boot reason: 1[0m
[1;32muart:~$ [m[8D[J[00:00:13.681,000] [0m<inf> chip: [ZCL]Endpoint 2 On/off already set to new value[0m
[1;32muart:~$ [m[8D[J[00:00:13.684,000] [0m<inf> chip: [ZCL]Boot reason: 1[0m
[1;32muart:~$ [m[8D[J[00:00:13.684,000] [0m<inf> chip: [ZCL]Endpoint 3 On/off already set to new value[0m
[1;32muart:~$ [m[8D[J[00:00:13.686,000] [0m<inf> chip: [ZCL]Boot reason: 1[0m
[1;32muart:~$ [m[8D[J[00:00:13.687,000] [0m<inf> chip: [ZCL]Endpoint 4 On/off already set to new value[0m
[1;32muart:~$ [m[8D[J[1;32muart:~$ [m[8D[J[1;32muart:~$ [m[8D[J[00:00:13.811,000] [0m<dbg> chip.LogV: [EVL]LogEvent event number: 0x0000000000250000 priority: 2, endpoint id:  0x0 cluster id: 0x0000_0033 event id: 0x3 Sys timestamp: 0x00000000000014D6[0m
[1;32muart:~$ [m[8D[J[00:00:14.328,000] [0m<inf> chip: [DMG]AccessControlCluster: initializing[0m
[1;32muart:~$ [m[8D[J[00:00:14.330,000] [0m<inf> chip: [DIS]Updating services using commissioning mode 0[0m
[1;32muart:~$ [m[8D[J[00:00:14.330,000] [1;31m<err> chip: [DIS]DNS-SD advertising not available. DNS-SD init disabled.[0m
[1;32muart:~$ [m[8D[J[00:00:14.331,000] [1;31m<err> chip: [DIS]Failed to initialize advertiser: 2d[0m
[1;32muart:~$ [m[8D[J[00:00:14.332,000] [1;31m<err> chip: [DIS]DNS-SD advertising not available. Removing services failed.[0m
[1;32muart:~$ [m[8D[J[00:00:14.332,000] [1;31m<err> chip: [DIS]Failed to remove advertised services: 2d[0m
[1;32muart:~$ [m[8D[J[00:00:14.333,000] [1;31m<err> chip: [DIS]DNS-SD advertising not available. Finalizing service update failed.[0m
[1;32muart:~$ [m[8D[J[00:00:14.333,000] [1;31m<err> chip: [DIS]Failed to finalize service update: 2d[0m
[1;32muart:~$ [m[8D[J[00:00:14.334,000] [0m<inf> chip: [IN]CASE Server enabling CASE session setups[0m
[1;32muart:~$ [m[8D[J[00:00:14.369,000] [0m<dbg> chip.LogV: [IN]SecureSession[0x70001540]: Allocated Type:2 LSID:57710[0m
[1;32muart:~$ [m[8D[J[00:00:14.377,000] [0m<dbg> chip.LogV: [SC]Allocated SecureSession (0x70001540) - waiting for Sigma1 msg[0m
[1;32muart:~$ [m[8D[J[00:00:14.381,000] [0m<inf> chip: [SVR]Joining Multicast groups[0m
[1;32muart:~$ [m[8D[J[00:00:14.390,000] [0m<dbg> chip.LogV: [ZCL]Emitting StartUp event[0m
[1;32muart:~$ [m[8D[J[00:00:14.431,000] [0m<dbg> chip.LogV: [EVL]LogEvent event number: 0x0000000000250001 priority: 2, endpoint id:  0x0 cluster id: 0x0000_0028 event id: 0x0 Sys timestamp: 0x000000000000171E[0m
[1;32muart:~$ [m[8D[J[00:00:14.436,000] [0m<inf> chip: [SVR]Server initialization complete[0m
[1;32muart:~$ [m[8D[J[00:00:14.441,000] [0m<inf> chip: [SVR]Server Listening...[0m
[1;32muart:~$ [m[8D[J[00:00:14.442,000] [0m<inf> matter: Matter stack initialized[0m
[1;32muart:~$ [m[8D[J[00:00:14.456,000] [0m<inf> matter: Matter event loop started[0m
[1;32muart:~$ [m[8D[J[00:00:14.456,000] [0m<inf> matter_event_loop: Init io_to_matter_stream[0m
[1;32muart:~$ [m[8D[J[00:00:14.459,000] [0m<inf> matter_event_loop: Start io_to_matter_stream[0m
[1;32muart:~$ [m[8D[J[00:00:14.468,000] [0m<inf> chip: [DL]CHIP task running[0m
[1;32muart:~$ [m[8D[J[1;32muart:~$ [m[8D[J[1;32muart:~$ [mkernel uptime
Uptime: 39348 ms
[1;32muart:~$ [mnet iface
Hostname: zephyr000000000000
Default interface: 1


Interface eth0 (0x20002c90) (Ethernet) [1]
===================================
Link addr : 80:34:28:10:12:73
MTU       : 1500
Flags     : AUTO_START,IPv4,IPv6
Device    : ETH_W5500 (0x20de594)
Status    : oper=UP, admin=UP, carrier=ON
Ethernet capabilities supported:
	10 Mbits
	100 Mbits
Ethernet PHY device: ETH_W5500_phy (0x20de5b4)
Ethernet link speed: 100 Mbits full-duplex
IPv6 unicast addresses (max 2):
	fe80::8234:28ff:fe10:1273 autoconf preferred infinite
	fd27:e0cb:e5e8:8374:8234:28ff:fe10:1273 autoconf preferred
IPv6 multicast addresses (max 3):
	ff02::1
	ff02::1:ff10:1273
IPv6 prefixes (max 2):
	fd27:e0cb:e5e8:8374::/64
IPv6 hop limit           : 64
IPv6 base reachable time : 30000
IPv6 reachable time      : 18309
IPv6 retransmit timer    : 0
DHCPv6 state             : disabled
IPv4 unicast addresses (max 1):
	192.168.88.14/255.255.255.0 DHCP preferred
IPv4 multicast addresses (max 1):
	<none>
IPv4 gateway : 192.168.88.1
DHCPv4 lease time : 600
DHCPv4 renew time : 300
DHCPv4 server     : 192.168.88.1
DHCPv4 requested  : 192.168.88.14
DHCPv4 state      : bound
DHCPv4 attempts   : 1
DHCPv4 state      : bound

Interface wlan0 (0x20002dc8) (WiFi) [2]
===============================
[1;32mInterface is down.
[m[1;32muart:~$ [mwifi scan

Num  | SSID                             (len) | Chan (Band)   | RSSI | Security             | BSSID             | MFP     
1    | k2                               3     | 2    (2.4GHz) | -57  | WPA3-SAE-HNP         | D4:01:C3:A0:60:28 | Disable 
2    | Vivacom_FiberNet-769F            22    | 11   (2.4GHz) | -59  | WPA2-PSK             | 4E:D6:29:45:76:A8 | Disable 
3    | A1_580A                          8     | 3    (2.4GHz) | -64  | WPA2-PSK             | 64:85:05:82:58:09 | Disable 
4    | A1_50C7                          8     | 5    (2.4GHz) | -64  | WPA2-PSK             | 58:F9:87:21:50:D0 | Disable 
Scan request done
Scan requested
[1;32muart:~$ [mdevmem 0x42020014
Using data width 32
Read value 0x120
[1;32muart:~$ [mdevmem 0x42020814
Using data width 32
Read value 0xf1
[1;32muart:~$ [mdevmem 0x42020814
Using data width 32
Read value 0xf1
[1;32muart:~$ [m[8D[J[00:00:47.928,000] [0m<inf> REST_API_relays_state: GET /api/relays/state[0m
[1;32muart:~$ [m[8D[J[00:00:47.928,000] [0m<dbg> REST_API_relays_state.relays_state_handler: GET /api/relays/state: {"relay1": false, "relay2": false, "relay3": false, "relay4": false }[0m
[1;32muart:~$ [m[8D[J[00:00:47.935,000] [0m<inf> REST_API_relays_state: GET /api/relays/state[0m
[1;32muart:~$ [m[8D[J[00:00:47.936,000] [0m<dbg> REST_API_relays_state.relays_state_handler: GET /api/relays/state: {"relay1": false, "relay2": false, "relay3": false, "relay4": false }[0m
[1;32muart:~$ [m[8D[J[1;32muart:~$ [m[8D[J[1;32muart:~$ [mdevmem 0x42020414
Using data width 32
Read value 0x1104
[1;32muart:~$ [mI: Detected ESP-PSRAM64H (ID D 5D 46 A0 2F)
I: PSRAM initialised in QPI mode, 8192 KB
*** Using Zephyr OS build v4.4.0-12983-gb6a5e6e8aa90 ***
I: Starting bootloader
I: ICACHE alias: 0x02000000 -> 0x90000000 (4MB)
I: 0x90000000..0x9000001F:
I: 3d b8 f3 96 0 0 0 0 0 4 0 0 38 53 11 0
I: 0 0 0 0 0 0 0 0 0 0 0 0 0 0 0 0
I: Alias[0x02000000..0x0200001F]:
I: 3d b8 f3 96 0 0 0 0 0 4 0 0 38 53 11 0
I: 0 0 0 0 0 0 0 0 0 0 0 0 0 0 0 0
I: PSRAM 0x70000000..0x7000001F:
I: aa a8 aa aa aa aa aa aa aa aa aa aa aa aa aa aa
I: ae aa aa 2a aa aa aa aa aa aa aa aa aa aa aa aa
I: PSRAM write/read: PASS
I: Primary image: magic=good, swap_type=0x4, copy_done=0x1, image_ok=0x1
I: Scratch: magic=bad, swap_type=0x1, copy_done=0x2, image_ok=0x2
I: Boot source: none
I: Image index: 0, Swap type: none
I: Bootloader chainload address offset: 0x0
I: Image version: v0.0.0
I: Jumping to the first image slot
[m
[1;32muart:~$ [m[8D[J[00:00:00.842,000] [0m<inf> esp_hosted_mcu_core: coprocessor priv event 34[0m
[1;32muart:~$ [m[8D[J[00:00:00.846,000] [0m<inf> esp_hosted_mcu_core: coprocessor firmware v3.0.6[0m
[1;32muart:~$ [m[8D[J[00:00:00.846,000] [1;31m<err> mb85rsxx: invalid device ID: 04 7F 03 02[0m
[1;32muart:~$ [m[8D[J[00:00:00.846,000] [1;31m<err> mb85rsxx: Failed to initialize device, RDID check failed (err -5)[0m
[1;32muart:~$ [m[8D[J[00:00:00.846,000] [0m<inf> eth_w5500: ETH_W5500: interrupt mode[0m
[1;32muart:~$ [m[8D[J[00:00:00.854,000] [0m<inf> eth_w5500: W5500 Initialized[0m
[1;32muart:~$ [m[8D[J[00:00:00.855,000] [0m<inf> spi_nor: SPI_FLASH: SFDP v 1.0 AP ff with 1 PH[0m
[1;32muart:~$ [m[8D[J[00:00:00.855,000] [0m<inf> spi_nor: PH0: ff00 rev 1.0: 9 DW @ 80[0m
[1;32muart:~$ [m[8D[J[00:00:00.855,000] [0m<inf> spi_nor: SPI_FLASH: 16 MiBy flash[0m
[1;32muart:~$ [m[8D[J[00:00:01.355,000] [1;31m<err> net_ethernet: Invalid MAC address for iface 1 (0x20002c90)[0m
[1;32muart:~$ [m[8D[J[00:00:01.355,000] [0m<inf> littlefs: LittleFS version 2.11, disk version 2.1[0m
[1;32muart:~$ [m[8D[J[00:00:01.356,000] [0m<inf> littlefs: FS at SPI_FLASH:0xa00000 is 1280 0x1000-byte blocks with 1024 cycle[0m
[1;32muart:~$ [m[8D[J[00:00:01.356,000] [0m<inf> littlefs: partition sizes: rd 256 ; pr 256 ; ca 2048 ; la 256[0m
[1;32muart:~$ [m[8D[J*** Booting Zephyr OS build v4.4.0-12983-gb6a5e6e8aa90 ***
[1;32muart:~$ [m[8D[J[00:00:01.425,000] [0m<inf> shell_telnet: Telnet shell backend initialized[0m
[1;32muart:~$ [m[8D[J[00:00:01.426,000] [0m<inf> main_app: Start main app (build: Sep 12 2026 21:56:16) version 8[0m
[1;32muart:~$ [m[8D[J[00:00:01.426,000] [0m<inf> main_app: PSRAM @0x701aa890: write/read 1024 words OK[0m
[1;32muart:~$ [m[8D[J[00:00:01.540,000] [0m<inf> settings_registry: 0 keys registered, 0 rejected[0m
[1;32muart:~$ [m[8D[J[00:00:01.540,000] [0m<inf> io: Start io init[0m
[1;32muart:~$ [m[8D[J[00:00:02.135,000] [0m<inf> net_init: EEPROM MAC: 80:34:28:10:12:73[0m
[1;32muart:~$ [m[8D[J[00:00:02.135,000] [0m<inf> eth_w5500: ETH_W5500 MAC set to 80:34:28:10:12:73[0m
[1;32muart:~$ [m[8D[J[00:00:02.135,000] [0m<inf> net_init: Network interface up with MAC 80:34:28:10:12:73[0m
[1;32muart:~$ [m[8D[J[00:00:02.142,000] [0m<inf> io: Start io outputs task[0m
[1;32muart:~$ [m[8D[J[1;32muart:~$ [m[8D[J[1;32muart:~$ [m[8D[J[00:00:02.854,000] [0m<inf> eth_w5500: ETH_W5500: Link speed 100 Mb, full duplex[0m
[1;32muart:~$ [m[8D[J[00:00:02.873,000] [0m<inf> matter: Net callback IPv6 got, start matter after 5 sec[0m
[1;32muart:~$ [m[8D[J[00:00:02.882,000] [1;33m<wrn> net_dhcpv4: DHCP server provided more DNS servers than can be saved[0m
[1;32muart:~$ [m[8D[J[00:00:02.896,000] [1;33m<wrn> net_dhcpv4: DHCP server provided more DNS servers than can be saved[0m
[1;32muart:~$ [m[8D[J[00:00:02.897,000] [0m<inf> net_dhcpv4: Received: 192.168.88.14[0m
[1;32muart:~$ [m[8D[J[1;32muart:~$ [m[8D[J[1;32muart:~$ [m[8D[J[00:00:04.472,000] [0m<inf> REST_API_relays_state: GET /api/relays/state[0m
[1;32muart:~$ [m[8D[J[00:00:04.473,000] [0m<dbg> REST_API_relays_state.relays_state_handler: GET /api/relays/state: {"relay1": false, "relay2": false, "relay3": false, "relay4": false }[0m
[1;32muart:~$ [m[8D[J[00:00:04.480,000] [0m<inf> REST_API_relays_state: GET /api/relays/state[0m
[1;32muart:~$ [m[8D[J[00:00:04.481,000] [0m<dbg> REST_API_relays_state.relays_state_handler: GET /api/relays/state: {"relay1": false, "relay2": false, "relay3": false, "relay4": false }[0m
[1;32muart:~$ [m[8D[J[1;32muart:~$ [m[8D[J[1;32muart:~$ [m[8D[J[00:00:07.877,000] [0m<inf> matter: Net callback IPv6 got, start matter after 5 sec[0m
[1;32muart:~$ [m[8D[J[00:00:07.878,000] [0m<inf> matter: Init CHIP stack[0m
[1;32muart:~$ [m[8D[J[1;32muart:~$ [m[8D[J[1;32muart:~$ [m[8D[J[00:00:08.919,000] [0m<inf> chip: [SVR]Initializing session resumption storage...[0m
[1;32muart:~$ [m[8D[J[00:00:08.920,000] [0m<inf> chip: [SVR]Server initializing...[0m
[1;32muart:~$ [m[8D[J[00:00:08.921,000] [0m<dbg> chip.LogV: [FP]Initializing FabricTable from persistent storage[0m
[1;32muart:~$ [m[8D[J[00:00:09.186,000] [0m<inf> chip: [TS]Last Known Good Time: 2023-10-14T01:16:48[0m
[1;32muart:~$ [m[8D[J[00:00:09.715,000] [0m<inf> chip: [DMG]AccessControl: initializing[0m
[1;32muart:~$ [m[8D[J[00:00:09.716,000] [0m<inf> chip: [DMG]Examples::AccessControlDelegate::Init[0m
[1;32muart:~$ [m[8D[J[00:00:09.716,000] [0m<inf> chip: [DMG]AccessControl: setting[0m
[1;32muart:~$ [m[8D[J[00:00:09.717,000] [0m<inf> chip: [DMG]DefaultAclStorage: initializing[0m
[1;32muart:~$ [m[8D[J[00:00:09.717,000] [0m<inf> chip: [DMG]DefaultAclStorage: 0 entries loaded[0m
[1;32muart:~$ [m[8D[J[00:00:09.718,000] [0m<inf> chip: [SVR]WARNING: mTestEventTriggerDelegate is null[0m
[1;32muart:~$ [m[8D[J[1;32muart:~$ [m[8D[J[1;32muart:~$ [m[8D[J[00:00:09.758,000] [0m<dbg> chip.LogV: [IN]UDP::Init bind&listen port=5540[0m
[1;32muart:~$ [m[8D[J[00:00:09.785,000] [0m<dbg> chip.LogV: [IN]UDP::Init bound to port=5540[0m
[1;32muart:~$ [m[8D[J[00:00:09.790,000] [0m<dbg> chip.LogV: [IN]TransportMgr initialized[0m
[1;32muart:~$ [m[8D[J[1;32muart:~$ [m[8D[J[1;32muart:~$ [m[8D[J[00:00:11.313,000] [0m<inf> chip: [ZCL]Using ZAP configuration...[0m
[1;32muart:~$ [m[8D[J[00:00:11.597,000] [0m<dbg> chip.LogV: [DMG]Failed to read stored attribute (1, 0x0000_0006, 0x0000_0000: a0[0m
[1;32muart:~$ [m[8D[J[00:00:11.877,000] [0m<dbg> chip.LogV: [DMG]Failed to read stored attribute (1, 0x0000_0006, 0x0000_4003: a0[0m
[1;32muart:~$ [m[8D[J[00:00:12.162,000] [0m<dbg> chip.LogV: [DMG]Failed to read stored attribute (2, 0x0000_0006, 0x0000_0000: a0[0m
[1;32muart:~$ [m[8D[J[1;32muart:~$ [m[8D[J[1;32muart:~$ [m[8D[J[00:00:12.500,000] [0m<dbg> chip.LogV: [DMG]Failed to read stored attribute (2, 0x0000_0006, 0x0000_4003: a0[0m
[1;32muart:~$ [m[8D[J[00:00:12.781,000] [0m<dbg> chip.LogV: [DMG]Failed to read stored attribute (3, 0x0000_0006, 0x0000_0000: a0[0m
[1;32muart:~$ [m[8D[J[00:00:12.878,000] [0m<inf> matter: Matter start work already submitted[0m
[1;32muart:~$ [m[8D[J[00:00:13.065,000] [0m<dbg> chip.LogV: [DMG]Failed to read stored attribute (3, 0x0000_0006, 0x0000_4003: a0[0m
[1;32muart:~$ [m[8D[J[00:00:13.354,000] [0m<dbg> chip.LogV: [DMG]Failed to read stored attribute (4, 0x0000_0006, 0x0000_0000: a0[0m
[1;32muart:~$ [m[8D[J[1;32muart:~$ [m[8D[J[1;32muart:~$ [m[8D[J[00:00:13.702,000] [0m<dbg> chip.LogV: [DMG]Failed to read stored attribute (4, 0x0000_0006, 0x0000_4003: a0[0m
[1;32muart:~$ [m[8D[J[00:00:13.708,000] [0m<dbg> chip.LogV: [DL]Boot reason: 1[0m
[1;32muart:~$ [m[8D[J[00:00:13.711,000] [0m<inf> chip: [ZCL]Boot reason: 1[0m
[1;32muart:~$ [m[8D[J[00:00:13.712,000] [0m<inf> chip: [ZCL]Endpoint 1 On/off already set to new value[0m
[1;32muart:~$ [m[8D[J[00:00:13.713,000] [0m<inf> chip: [ZCL]Boot reason: 1[0m
[1;32muart:~$ [m[8D[J[00:00:13.714,000] [0m<inf> chip: [ZCL]Endpoint 2 On/off already set to new value[0m
[1;32muart:~$ [m[8D[J[00:00:13.716,000] [0m<inf> chip: [ZCL]Boot reason: 1[0m
[1;32muart:~$ [m[8D[J[00:00:13.717,000] [0m<inf> chip: [ZCL]Endpoint 3 On/off already set to new value[0m
[1;32muart:~$ [m[8D[J[00:00:13.719,000] [0m<inf> chip: [ZCL]Boot reason: 1[0m
[1;32muart:~$ [m[8D[J[00:00:13.720,000] [0m<inf> chip: [ZCL]Endpoint 4 On/off already set to new value[0m
[1;32muart:~$ [m[8D[J[1;32muart:~$ [m[8D[J[1;32muart:~$ [m[8D[J[00:00:13.844,000] [0m<dbg> chip.LogV: [EVL]LogEvent event number: 0x0000000000260000 priority: 2, endpoint id:  0x0 cluster id: 0x0000_0033 event id: 0x3 Sys timestamp: 0x0000000000001338[0m
[1;32muart:~$ [m[8D[J[00:00:14.410,000] [0m<inf> chip: [DMG]AccessControlCluster: initializing[0m
[1;32muart:~$ [m[8D[J[00:00:14.412,000] [0m<inf> chip: [DIS]Updating services using commissioning mode 0[0m
[1;32muart:~$ [m[8D[J[00:00:14.413,000] [1;31m<err> chip: [DIS]DNS-SD advertising not available. DNS-SD init disabled.[0m
[1;32muart:~$ [m[8D[J[00:00:14.413,000] [1;31m<err> chip: [DIS]Failed to initialize advertiser: 2d[0m
[1;32muart:~$ [m[8D[J[00:00:14.414,000] [1;31m<err> chip: [DIS]DNS-SD advertising not available. Removing services failed.[0m
[1;32muart:~$ [m[8D[J[00:00:14.414,000] [1;31m<err> chip: [DIS]Failed to remove advertised services: 2d[0m
[1;32muart:~$ [m[8D[J[00:00:14.415,000] [1;31m<err> chip: [DIS]DNS-SD advertising not available. Finalizing service update failed.[0m
[1;32muart:~$ [m[8D[J[00:00:14.415,000] [1;31m<err> chip: [DIS]Failed to finalize service update: 2d[0m
[1;32muart:~$ [m[8D[J[00:00:14.416,000] [0m<inf> chip: [IN]CASE Server enabling CASE session setups[0m
[1;32muart:~$ [m[8D[J[00:00:14.452,000] [0m<dbg> chip.LogV: [IN]SecureSession[0x70001540]: Allocated Type:2 LSID:56810[0m
[1;32muart:~$ [m[8D[J[00:00:14.459,000] [0m<dbg> chip.LogV: [SC]Allocated SecureSession (0x70001540) - waiting for Sigma1 msg[0m
[1;32muart:~$ [m[8D[J[00:00:14.463,000] [0m<inf> chip: [SVR]Joining Multicast groups[0m
[1;32muart:~$ [m[8D[J[00:00:14.473,000] [0m<dbg> chip.LogV: [ZCL]Emitting StartUp event[0m
[1;32muart:~$ [m[8D[J[00:00:14.514,000] [0m<dbg> chip.LogV: [EVL]LogEvent event number: 0x0000000000260001 priority: 2, endpoint id:  0x0 cluster id: 0x0000_0028 event id: 0x0 Sys timestamp: 0x00000000000015B2[0m
[1;32muart:~$ [m[8D[J[00:00:14.519,000] [0m<inf> chip: [SVR]Server initialization complete[0m
[1;32muart:~$ [m[8D[J[00:00:14.523,000] [0m<inf> chip: [SVR]Server Listening...[0m
[1;32muart:~$ [m[8D[J[00:00:14.524,000] [0m<inf> matter: Matter stack initialized[0m
[1;32muart:~$ [m[8D[J[00:00:14.538,000] [0m<inf> matter: Matter event loop started[0m
[1;32muart:~$ [m[8D[J[00:00:14.539,000] [0m<inf> matter_event_loop: Init io_to_matter_stream[0m
[1;32muart:~$ [m[8D[J[00:00:14.541,000] [0m<inf> matter_event_loop: Start io_to_matter_stream[0m
[1;32muart:~$ [m[8D[J[00:00:14.550,000] [0m<inf> chip: [DL]CHIP task running[0m
[1;32muart:~$ [m[8D[J[1;32muart:~$ [m[8D[J[1;32muart:~$ [mkernel uptime
Uptime: 39357 ms
[1;32muart:~$ [mnet iface
Hostname: zephyr000000000000
Default interface: 1


Interface eth0 (0x20002c90) (Ethernet) [1]
===================================
Link addr : 80:34:28:10:12:73
MTU       : 1500
Flags     : AUTO_START,IPv4,IPv6
Device    : ETH_W5500 (0x20de594)
Status    : oper=UP, admin=UP, carrier=ON
Ethernet capabilities supported:
	10 Mbits
	100 Mbits
Ethernet PHY device: ETH_W5500_phy (0x20de5b4)
Ethernet link speed: 100 Mbits full-duplex
IPv6 unicast addresses (max 2):
	fe80::8234:28ff:fe10:1273 autoconf preferred infinite
	fd27:e0cb:e5e8:8374:8234:28ff:fe10:1273 autoconf preferred
IPv6 multicast addresses (max 3):
	ff02::1
	ff02::1:ff10:1273
IPv6 prefixes (max 2):
	fd27:e0cb:e5e8:8374::/64
IPv6 hop limit           : 64
IPv6 base reachable time : 30000
IPv6 reachable time      : 32322
IPv6 retransmit timer    : 0
DHCPv6 state             : disabled
IPv4 unicast addresses (max 1):
	192.168.88.14/255.255.255.0 DHCP preferred
IPv4 multicast addresses (max 1):
	<none>
IPv4 gateway : 192.168.88.1
DHCPv4 lease time : 600
DHCPv4 renew time : 300
DHCPv4 server     : 192.168.88.1
DHCPv4 requested  : 192.168.88.14
DHCPv4 state      : bound
DHCPv4 attempts   : 1
DHCPv4 state      : bound

Interface wlan0 (0x20002dc8) (WiFi) [2]
===============================
[1;32mInterface is down.
[m[1;32muart:~$ [mwifi scan

Num  | SSID                             (len) | Chan (Band)   | RSSI | Security             | BSSID             | MFP     
1    | Vivacom_FiberNet-769F            22    | 11   (2.4GHz) | -58  | WPA2-PSK             | 4E:D6:29:45:76:A8 | Disable 
2    | A1_580A                          8     | 3    (2.4GHz) | -61  | WPA2-PSK             | 64:85:05:82:58:09 | Disable 
3    | k2                               3     | 2    (2.4GHz) | -63  | WPA3-SAE-HNP         | D4:01:C3:A0:60:28 | Disable 
4    | A1_50C7                          8     | 5    (2.4GHz) | -67  | WPA2-PSK             | 58:F9:87:21:50:D0 | Disable 
Scan request done
Scan requested
[1;32muart:~$ [mdevmem 0x42020014
Using data width 32
Read value 0x120
[1;32muart:~$ [mdevmem 0x42020814
Using data width 32
Read value 0xf1
[1;32muart:~$ [mdevmem 0x42020814
Using data width 32
Read value 0xf1
[1;32muart:~$ [m[8D[J[00:00:47.930,000] [0m<inf> REST_API_relays_state: GET /api/relays/state[0m
[1;32muart:~$ [m[8D[J[00:00:47.930,000] [0m<dbg> REST_API_relays_state.relays_state_handler: GET /api/relays/state: {"relay1": false, "relay2": false, "relay3": false, "relay4": false }[0m
[1;32muart:~$ [m[8D[J[00:00:47.937,000] [0m<inf> REST_API_relays_state: GET /api/relays/state[0m
[1;32muart:~$ [m[8D[J[00:00:47.938,000] [0m<dbg> REST_API_relays_state.relays_state_handler: GET /api/relays/state: {"relay1": false, "relay2": false, "relay3": false, "relay4": false }[0m
[1;32muart:~$ [m[8D[J[1;32muart:~$ [m[8D[J[1;32muart:~$ [mdevmem 0x42020414
Using data width 32
Read value 0x1104
[1;32muart:~$ [mI: Detected ESP-PSRAM64H (ID D 5D 46 A0 2F)
I: PSRAM initialised in QPI mode, 8192 KB
*** Using Zephyr OS build v4.4.0-12983-gb6a5e6e8aa90 ***
I: Starting bootloader
I: ICACHE alias: 0x02000000 -> 0x90000000 (4MB)
I: 0x90000000..0x9000001F:
I: 3d b8 f3 96 0 0 0 0 0 4 0 0 38 53 11 0
I: 0 0 0 0 0 0 0 0 0 0 0 0 0 0 0 0
I: Alias[0x02000000..0x0200001F]:
I: 3d b8 f3 96 0 0 0 0 0 4 0 0 38 53 11 0
I: 0 0 0 0 0 0 0 0 0 0 0 0 0 0 0 0
I: PSRAM 0x70000000..0x7000001F:
I: aa a8 aa aa aa aa aa aa aa aa aa aa aa aa aa aa
I: ae aa aa 2a aa aa aa aa aa aa aa aa aa aa aa aa
I: PSRAM write/read: PASS
I: Primary image: magic=good, swap_type=0x4, copy_done=0x1, image_ok=0x1
I: Scratch: magic=bad, swap_type=0x1, copy_done=0x2, image_ok=0x2
I: Boot source: none
I: Image index: 0, Swap type: none
I: Bootloader chainload address offset: 0x0
I: Image version: v0.0.0
I: Jumping to the first image slot
[m
[1;32muart:~$ [m[8D[J[00:00:00.842,000] [0m<inf> esp_hosted_mcu_core: coprocessor priv event 34[0m
[1;32muart:~$ [m[8D[J[00:00:00.846,000] [0m<inf> esp_hosted_mcu_core: coprocessor firmware v3.0.6[0m
[1;32muart:~$ [m[8D[J[00:00:00.846,000] [1;31m<err> mb85rsxx: invalid device ID: 04 7F 03 02[0m
[1;32muart:~$ [m[8D[J[00:00:00.846,000] [1;31m<err> mb85rsxx: Failed to initialize device, RDID check failed (err -5)[0m
[1;32muart:~$ [m[8D[J[00:00:00.846,000] [0m<inf> eth_w5500: ETH_W5500: interrupt mode[0m
[1;32muart:~$ [m[8D[J[00:00:00.854,000] [0m<inf> eth_w5500: W5500 Initialized[0m
[1;32muart:~$ [m[8D[J[00:00:00.855,000] [0m<inf> spi_nor: SPI_FLASH: SFDP v 1.0 AP ff with 1 PH[0m
[1;32muart:~$ [m[8D[J[00:00:00.855,000] [0m<inf> spi_nor: PH0: ff00 rev 1.0: 9 DW @ 80[0m
[1;32muart:~$ [m[8D[J[00:00:00.855,000] [0m<inf> spi_nor: SPI_FLASH: 16 MiBy flash[0m
[1;32muart:~$ [m[8D[J[00:00:01.354,000] [1;31m<err> net_ethernet: Invalid MAC address for iface 1 (0x20002c90)[0m
[1;32muart:~$ [m[8D[J[00:00:01.355,000] [0m<inf> littlefs: LittleFS version 2.11, disk version 2.1[0m
[1;32muart:~$ [m[8D[J[00:00:01.356,000] [0m<inf> littlefs: FS at SPI_FLASH:0xa00000 is 1280 0x1000-byte blocks with 1024 cycle[0m
[1;32muart:~$ [m[8D[J[00:00:01.356,000] [0m<inf> littlefs: partition sizes: rd 256 ; pr 256 ; ca 2048 ; la 256[0m
[1;32muart:~$ [m[8D[J*** Booting Zephyr OS build v4.4.0-12983-gb6a5e6e8aa90 ***
[1;32muart:~$ [m[8D[J[00:00:01.427,000] [0m<inf> shell_telnet: Telnet shell backend initialized[0m
[1;32muart:~$ [m[8D[J[00:00:01.428,000] [0m<inf> main_app: Start main app (build: Sep 12 2026 21:56:16) version 8[0m
[1;32muart:~$ [m[8D[J[00:00:01.428,000] [0m<inf> main_app: PSRAM @0x701aa890: write/read 1024 words OK[0m
[1;32muart:~$ [m[8D[J[00:00:01.554,000] [0m<inf> settings_registry: 0 keys registered, 0 rejected[0m
[1;32muart:~$ [m[8D[J[00:00:01.554,000] [0m<inf> io: Start io init[0m
[1;32muart:~$ [m[8D[J[00:00:02.204,000] [0m<inf> net_init: EEPROM MAC: 80:34:28:10:12:73[0m
[1;32muart:~$ [m[8D[J[00:00:02.204,000] [0m<inf> eth_w5500: ETH_W5500 MAC set to 80:34:28:10:12:73[0m
[1;32muart:~$ [m[8D[J[00:00:02.204,000] [0m<inf> net_init: Network interface up with MAC 80:34:28:10:12:73[0m
[1;32muart:~$ [m[8D[J[00:00:02.210,000] [0m<inf> io: Start io outputs task[0m
[1;32muart:~$ [m[8D[J[1;32muart:~$ [m[8D[J[1;32muart:~$ [m[8D[J[00:00:02.354,000] [0m<inf> eth_w5500: ETH_W5500: Link speed 100 Mb, full duplex[0m
[1;32muart:~$ [m[8D[J[00:00:02.372,000] [0m<inf> matter: Net callback IPv6 got, start matter after 5 sec[0m
[1;32muart:~$ [m[8D[J[00:00:02.382,000] [1;33m<wrn> net_dhcpv4: DHCP server provided more DNS servers than can be saved[0m
[1;32muart:~$ [m[8D[J[00:00:02.395,000] [1;33m<wrn> net_dhcpv4: DHCP server provided more DNS servers than can be saved[0m
[1;32muart:~$ [m[8D[J[00:00:02.396,000] [0m<inf> net_dhcpv4: Received: 192.168.88.14[0m
[1;32muart:~$ [m[8D[J[00:00:02.551,000] [0m<inf> REST_API_relays_state: GET /api/relays/state[0m
[1;32muart:~$ [m[8D[J[00:00:02.551,000] [0m<dbg> REST_API_relays_state.relays_state_handler: GET /api/relays/state: {"relay1": false, "relay2": false, "relay3": false, "relay4": false }[0m
[1;32muart:~$ [m[8D[J[00:00:02.558,000] [0m<inf> REST_API_relays_state: GET /api/relays/state[0m
[1;32muart:~$ [m[8D[J[00:00:02.559,000] [0m<dbg> REST_API_relays_state.relays_state_handler: GET /api/relays/state: {"relay1": false, "relay2": false, "relay3": false, "relay4": false }[0m
[1;32muart:~$ [m[8D[J[1;32muart:~$ [m[8D[J[1;32muart:~$ [m[8D[J[00:00:07.377,000] [0m<inf> matter: Net callback IPv6 got, start matter after 5 sec[0m
[1;32muart:~$ [m[8D[J[00:00:07.377,000] [0m<inf> matter: Init CHIP stack[0m
[1;32muart:~$ [m[8D[J[1;32muart:~$ [m[8D[J[1;32muart:~$ [m[8D[J[00:00:08.486,000] [0m<inf> chip: [SVR]Initializing session resumption storage...[0m
[1;32muart:~$ [m[8D[J[00:00:08.487,000] [0m<inf> chip: [SVR]Server initializing...[0m
[1;32muart:~$ [m[8D[J[00:00:08.488,000] [0m<dbg> chip.LogV: [FP]Initializing FabricTable from persistent storage[0m
[1;32muart:~$ [m[8D[J[00:00:08.784,000] [0m<inf> chip: [TS]Last Known Good Time: 2023-10-14T01:16:48[0m
[1;32muart:~$ [m[8D[J[00:00:09.352,000] [0m<inf> chip: [DMG]AccessControl: initializing[0m
[1;32muart:~$ [m[8D[J[00:00:09.352,000] [0m<inf> chip: [DMG]Examples::AccessControlDelegate::Init[0m
[1;32muart:~$ [m[8D[J[00:00:09.353,000] [0m<inf> chip: [DMG]AccessControl: setting[0m
[1;32muart:~$ [m[8D[J[00:00:09.353,000] [0m<inf> chip: [DMG]DefaultAclStorage: initializing[0m
[1;32muart:~$ [m[8D[J[00:00:09.354,000] [0m<inf> chip: [DMG]DefaultAclStorage: 0 entries loaded[0m
[1;32muart:~$ [m[8D[J[00:00:09.354,000] [0m<inf> chip: [SVR]WARNING: mTestEventTriggerDelegate is null[0m
[1;32muart:~$ [m[8D[J[1;32muart:~$ [m[8D[J[1;32muart:~$ [m[8D[J[00:00:09.394,000] [0m<dbg> chip.LogV: [IN]UDP::Init bind&listen port=5540[0m
[1;32muart:~$ [m[8D[J[00:00:09.420,000] [0m<dbg> chip.LogV: [IN]UDP::Init bound to port=5540[0m
[1;32muart:~$ [m[8D[J[00:00:09.425,000] [0m<dbg> chip.LogV: [IN]TransportMgr initialized[0m
[1;32muart:~$ [m[8D[J[1;32muart:~$ [m[8D[J[1;32muart:~$ [m[8D[J[00:00:11.143,000] [0m<inf> chip: [ZCL]Using ZAP configuration...[0m
[1;32muart:~$ [m[8D[J[00:00:11.467,000] [0m<dbg> chip.LogV: [DMG]Failed to read stored attribute (1, 0x0000_0006, 0x0000_0000: a0[0m
[1;32muart:~$ [m[8D[J[00:00:11.789,000] [0m<dbg> chip.LogV: [DMG]Failed to read stored attribute (1, 0x0000_0006, 0x0000_4003: a0[0m
[1;32muart:~$ [m[8D[J[00:00:12.111,000] [0m<dbg> chip.LogV: [DMG]Failed to read stored attribute (2, 0x0000_0006, 0x0000_0000: a0[0m
[1;32muart:~$ [m[8D[J[1;32muart:~$ [m[8D[J[1;32muart:~$ [m[8D[J[00:00:12.377,000] [0m<inf> matter: Matter start work already submitted[0m
[1;32muart:~$ [m[8D[J[00:00:12.505,000] [0m<dbg> chip.LogV: [DMG]Failed to read stored attribute (2, 0x0000_0006, 0x0000_4003: a0[0m
[1;32muart:~$ [m[8D[J[00:00:12.832,000] [0m<dbg> chip.LogV: [DMG]Failed to read stored attribute (3, 0x0000_0006, 0x0000_0000: a0[0m
[1;32muart:~$ [m[8D[J[00:00:13.160,000] [0m<dbg> chip.LogV: [DMG]Failed to read stored attribute (3, 0x0000_0006, 0x0000_4003: a0[0m
[1;32muart:~$ [m[8D[J[1;32muart:~$ [m[8D[J[1;32muart:~$ [m[8D[J[00:00:13.538,000] [0m<dbg> chip.LogV: [DMG]Failed to read stored attribute (4, 0x0000_0006, 0x0000_0000: a0[0m
[1;32muart:~$ [m[8D[J[00:00:13.866,000] [0m<dbg> chip.LogV: [DMG]Failed to read stored attribute (4, 0x0000_0006, 0x0000_4003: a0[0m
[1;32muart:~$ [m[8D[J[00:00:13.872,000] [0m<dbg> chip.LogV: [DL]Boot reason: 1[0m
[1;32muart:~$ [m[8D[J[00:00:13.876,000] [0m<inf> chip: [ZCL]Boot reason: 1[0m
[1;32muart:~$ [m[8D[J[00:00:13.876,000] [0m<inf> chip: [ZCL]Endpoint 1 On/off already set to new value[0m
[1;32muart:~$ [m[8D[J[00:00:13.878,000] [0m<inf> chip: [ZCL]Boot reason: 1[0m
[1;32muart:~$ [m[8D[J[00:00:13.879,000] [0m<inf> chip: [ZCL]Endpoint 2 On/off already set to new value[0m
[1;32muart:~$ [m[8D[J[00:00:13.881,000] [0m<inf> chip: [ZCL]Boot reason: 1[0m
[1;32muart:~$ [m[8D[J[00:00:13.881,000] [0m<inf> chip: [ZCL]Endpoint 3 On/off already set to new value[0m
[1;32muart:~$ [m[8D[J[00:00:13.883,000] [0m<inf> chip: [ZCL]Boot reason: 1[0m
[1;32muart:~$ [m[8D[J[00:00:13.921,000] [0m<inf> chip: [ZCL]Endpoint 4 On/off already set to new value[0m
[1;32muart:~$ [m[8D[J[1;32muart:~$ [m[8D[J[1;32muart:~$ [m[8D[J[00:00:14.021,000] [0m<dbg> chip.LogV: [EVL]LogEvent event number: 0x0000000000270000 priority: 2, endpoint id:  0x0 cluster id: 0x0000_0033 event id: 0x3 Sys timestamp: 0x000000000000159B[0m
[1;32muart:~$ [m[8D[J[00:00:14.664,000] [0m<inf> chip: [DMG]AccessControlCluster: initializing[0m
[1;32muart:~$ [m[8D[J[00:00:14.666,000] [0m<inf> chip: [DIS]Updating services using commissioning mode 0[0m
[1;32muart:~$ [m[8D[J[00:00:14.667,000] [1;31m<err> chip: [DIS]DNS-SD advertising not available. DNS-SD init disabled.[0m
[1;32muart:~$ [m[8D[J[00:00:14.668,000] [1;31m<err> chip: [DIS]Failed to initialize advertiser: 2d[0m
[1;32muart:~$ [m[8D[J[00:00:14.668,000] [1;31m<err> chip: [DIS]DNS-SD advertising not available. Removing services failed.[0m
[1;32muart:~$ [m[8D[J[00:00:14.669,000] [1;31m<err> chip: [DIS]Failed to remove advertised services: 2d[0m
[1;32muart:~$ [m[8D[J[00:00:14.669,000] [1;31m<err> chip: [DIS]DNS-SD advertising not available. Finalizing service update failed.[0m
[1;32muart:~$ [m[8D[J[00:00:14.670,000] [1;31m<err> chip: [DIS]Failed to finalize service update: 2d[0m
[1;32muart:~$ [m[8D[J[00:00:14.671,000] [0m<inf> chip: [IN]CASE Server enabling CASE session setups[0m
[1;32muart:~$ [m[8D[J[00:00:14.709,000] [0m<dbg> chip.LogV: [IN]SecureSession[0x70001540]: Allocated Type:2 LSID:16061[0m
[1;32muart:~$ [m[8D[J[00:00:14.714,000] [0m<dbg> chip.LogV: [SC]Allocated SecureSession (0x70001540) - waiting for Sigma1 msg[0m
[1;32muart:~$ [m[8D[J[00:00:14.724,000] [0m<inf> chip: [SVR]Joining Multicast groups[0m
[1;32muart:~$ [m[8D[J[00:00:14.728,000] [0m<dbg> chip.LogV: [ZCL]Emitting StartUp event[0m
[1;32muart:~$ [m[8D[J[00:00:14.770,000] [0m<dbg> chip.LogV: [EVL]LogEvent event number: 0x0000000000270001 priority: 2, endpoint id:  0x0 cluster id: 0x0000_0028 event id: 0x0 Sys timestamp: 0x0000000000001862[0m
[1;32muart:~$ [m[8D[J[00:00:14.775,000] [0m<inf> chip: [SVR]Server initialization complete[0m
[1;32muart:~$ [m[8D[J[00:00:14.780,000] [0m<inf> chip: [SVR]Server Listening...[0m
[1;32muart:~$ [m[8D[J[00:00:14.780,000] [0m<inf> matter: Matter stack initialized[0m
[1;32muart:~$ [m[8D[J[00:00:14.794,000] [0m<inf> matter: Matter event loop started[0m
[1;32muart:~$ [m[8D[J[00:00:14.795,000] [0m<inf> matter_event_loop: Init io_to_matter_stream[0m
[1;32muart:~$ [m[8D[J[00:00:14.802,000] [0m<inf> matter_event_loop: Start io_to_matter_stream[0m
[1;32muart:~$ [m[8D[J[00:00:14.807,000] [0m<inf> chip: [DL]CHIP task running[0m
[1;32muart:~$ [m[8D[J[1;32muart:~$ [m[8D[J[1;32muart:~$ [mkernel uptime
Uptime: 39350 ms
[1;32muart:~$ [mnet iface
Hostname: zephyr000000000000
Default interface: 1


Interface eth0 (0x20002c90) (Ethernet) [1]
===================================
Link addr : 80:34:28:10:12:73
MTU       : 1500
Flags     : AUTO_START,IPv4,IPv6
Device    : ETH_W5500 (0x20de594)
Status    : oper=UP, admin=UP, carrier=ON
Ethernet capabilities supported:
	10 Mbits
	100 Mbits
Ethernet PHY device: ETH_W5500_phy (0x20de5b4)
Ethernet link speed: 100 Mbits full-duplex
IPv6 unicast addresses (max 2):
	fe80::8234:28ff:fe10:1273 autoconf preferred infinite
	fd27:e0cb:e5e8:8374:8234:28ff:fe10:1273 autoconf preferred
IPv6 multicast addresses (max 3):
	ff02::1
	ff02::1:ff10:1273
IPv6 prefixes (max 2):
	fd27:e0cb:e5e8:8374::/64
IPv6 hop limit           : 64
IPv6 base reachable time : 30000
IPv6 reachable time      : 42693
IPv6 retransmit timer    : 0
DHCPv6 state             : disabled
IPv4 unicast addresses (max 1):
	192.168.88.14/255.255.255.0 DHCP preferred
IPv4 multicast addresses (max 1):
	<none>
IPv4 gateway : 192.168.88.1
DHCPv4 lease time : 600
DHCPv4 renew time : 300
DHCPv4 server     : 192.168.88.1
DHCPv4 requested  : 192.168.88.14
DHCPv4 state      : bound
DHCPv4 attempts   : 1
DHCPv4 state      : bound

Interface wlan0 (0x20002dc8) (WiFi) [2]
===============================
[1;32mInterface is down.
[m[1;32muart:~$ [mwifi scan

Num  | SSID                             (len) | Chan (Band)   | RSSI | Security             | BSSID             | MFP     
1    | Vivacom_FiberNet-769F            22    | 8    (2.4GHz) | -54  | WPA2-PSK             | 4E:D6:29:45:76:A8 | Disable 
2    | k2                               3     | 2    (2.4GHz) | -59  | WPA3-SAE-HNP         | D4:01:C3:A0:60:28 | Disable 
3    | A1_580A                          8     | 3    (2.4GHz) | -65  | WPA2-PSK             | 64:85:05:82:58:09 | Disable 
4    | A1_50C7                          8     | 5    (2.4GHz) | -65  | WPA2-PSK             | 58:F9:87:21:50:D0 | Disable 
Scan request done
Scan requested
[1;32muart:~$ [mdevmem 0x42020014
Using data width 32
Read value 0x120
[1;32muart:~$ [mdevmem 0x42020814
Using data width 32
Read value 0xf1
[1;32muart:~$ [mdevmem 0x42020814
Using data width 32
Read value 0xf1
[1;32muart:~$ [m[8D[J[00:00:47.952,000] [0m<inf> REST_API_relays_state: GET /api/relays/state[0m
[1;32muart:~$ [m[8D[J[00:00:47.953,000] [0m<dbg> REST_API_relays_state.relays_state_handler: GET /api/relays/state: {"relay1": false, "relay2": false, "relay3": false, "relay4": false }[0m
[1;32muart:~$ [m[8D[J[00:00:47.959,000] [0m<inf> REST_API_relays_state: GET /api/relays/state[0m
[1;32muart:~$ [m[8D[J[00:00:47.960,000] [0m<dbg> REST_API_relays_state.relays_state_handler: GET /api/relays/state: {"relay1": false, "relay2": false, "relay3": false, "relay4": false }[0m
[1;32muart:~$ [m[8D[J[1;32muart:~$ [m[8D[J[1;32muart:~$ [mdevmem 0x42020414
Using data width 32
Read value 0x1104
[1;32muart:~$ [mI: Detected ESP-PSRAM64H (ID D 5D 46 A0 2F)
I: PSRAM initialised in QPI mode, 8192 KB
*** Using Zephyr OS build v4.4.0-12983-gb6a5e6e8aa90 ***
I: Starting bootloader
I: ICACHE alias: 0x02000000 -> 0x90000000 (4MB)
I: 0x90000000..0x9000001F:
I: 3d b8 f3 96 0 0 0 0 0 4 0 0 38 53 11 0
I: 0 0 0 0 0 0 0 0 0 0 0 0 0 0 0 0
I: Alias[0x02000000..0x0200001F]:
I: 3d b8 f3 96 0 0 0 0 0 4 0 0 38 53 11 0
I: 0 0 0 0 0 0 0 0 0 0 0 0 0 0 0 0
I: PSRAM 0x70000000..0x7000001F:
I: aa a8 aa aa a2 aa aa aa aa aa aa aa aa aa aa aa
I: ae 8a aa 2a a2 aa aa aa aa aa aa aa aa aa aa aa
I: PSRAM write/read: PASS
I: Primary image: magic=good, swap_type=0x4, copy_done=0x1, image_ok=0x1
I: Scratch: magic=bad, swap_type=0x1, copy_done=0x2, image_ok=0x2
I: Boot source: none
I: Image index: 0, Swap type: none
I: Bootloader chainload address offset: 0x0
I: Image version: v0.0.0
I: Jumping to the first image slot
[m
[1;32muart:~$ [m[8D[J[00:00:00.842,000] [0m<inf> esp_hosted_mcu_core: coprocessor priv event 34[0m
[1;32muart:~$ [m[8D[J[00:00:00.846,000] [0m<inf> esp_hosted_mcu_core: coprocessor firmware v3.0.6[0m
[1;32muart:~$ [m[8D[J[00:00:00.846,000] [1;31m<err> mb85rsxx: invalid device ID: 04 7F 03 02[0m
[1;32muart:~$ [m[8D[J[00:00:00.846,000] [1;31m<err> mb85rsxx: Failed to initialize device, RDID check failed (err -5)[0m
[1;32muart:~$ [m[8D[J[00:00:00.846,000] [0m<inf> eth_w5500: ETH_W5500: interrupt mode[0m
[1;32muart:~$ [m[8D[J[00:00:00.854,000] [0m<inf> eth_w5500: W5500 Initialized[0m
[1;32muart:~$ [m[8D[J[00:00:00.855,000] [0m<inf> spi_nor: SPI_FLASH: SFDP v 1.0 AP ff with 1 PH[0m
[1;32muart:~$ [m[8D[J[00:00:00.855,000] [0m<inf> spi_nor: PH0: ff00 rev 1.0: 9 DW @ 80[0m
[1;32muart:~$ [m[8D[J[00:00:00.855,000] [0m<inf> spi_nor: SPI_FLASH: 16 MiBy flash[0m
[1;32muart:~$ [m[8D[J[00:00:01.353,000] [1;31m<err> net_ethernet: Invalid MAC address for iface 1 (0x20002c90)[0m
[1;32muart:~$ [m[8D[J[00:00:01.354,000] [0m<inf> littlefs: LittleFS version 2.11, disk version 2.1[0m
[1;32muart:~$ [m[8D[J[00:00:01.355,000] [0m<inf> littlefs: FS at SPI_FLASH:0xa00000 is 1280 0x1000-byte blocks with 1024 cycle[0m
[1;32muart:~$ [m[8D[J[00:00:01.355,000] [0m<inf> littlefs: partition sizes: rd 256 ; pr 256 ; ca 2048 ; la 256[0m
[1;32muart:~$ [m[8D[J*** Booting Zephyr OS build v4.4.0-12983-gb6a5e6e8aa90 ***
[1;32muart:~$ [m[8D[J[00:00:01.437,000] [0m<inf> shell_telnet: Telnet shell backend initialized[0m
[1;32muart:~$ [m[8D[J[00:00:01.438,000] [0m<inf> main_app: Start main app (build: Sep 12 2026 21:56:16) version 8[0m
[1;32muart:~$ [m[8D[J[00:00:01.439,000] [0m<inf> main_app: PSRAM @0x701aa890: write/read 1024 words OK[0m
[1;32muart:~$ [m[8D[J[00:00:01.579,000] [0m<inf> settings_registry: 0 keys registered, 0 rejected[0m
[1;32muart:~$ [m[8D[J[00:00:01.579,000] [0m<inf> io: Start io init[0m
[1;32muart:~$ [m[8D[J[00:00:02.308,000] [0m<inf> net_init: EEPROM MAC: 80:34:28:10:12:73[0m
[1;32muart:~$ [m[8D[J[00:00:02.308,000] [0m<inf> eth_w5500: ETH_W5500 MAC set to 80:34:28:10:12:73[0m
[1;32muart:~$ [m[8D[J[00:00:02.308,000] [0m<inf> net_init: Network interface up with MAC 80:34:28:10:12:73[0m
[1;32muart:~$ [m[8D[J[00:00:02.315,000] [0m<inf> io: Start io outputs task[0m
[1;32muart:~$ [m[8D[J[00:00:02.353,000] [0m<inf> eth_w5500: ETH_W5500: Link speed 100 Mb, full duplex[0m
[1;32muart:~$ [m[8D[J[00:00:02.371,000] [0m<inf> matter: Net callback IPv6 got, start matter after 5 sec[0m
[1;32muart:~$ [m[8D[J[1;32muart:~$ [m[8D[J[1;32muart:~$ [m[8D[J[00:00:07.383,000] [1;33m<wrn> net_dhcpv4: DHCP server provided more DNS servers than can be saved[0m
[1;32muart:~$ [m[8D[J[00:00:07.394,000] [0m<inf> matter: Net callback IPv6 got, start matter after 5 sec[0m
[1;32muart:~$ [m[8D[J[00:00:07.398,000] [1;33m<wrn> net_dhcpv4: DHCP server provided more DNS servers than can be saved[0m
[1;32muart:~$ [m[8D[J[00:00:07.399,000] [0m<inf> net_dhcpv4: Received: 192.168.88.14[0m
[1;32muart:~$ [m[8D[J[00:00:07.401,000] [0m<inf> matter: Init CHIP stack[0m
[1;32muart:~$ [m[8D[J[1;32muart:~$ [m[8D[J[1;32muart:~$ [m[8D[J[00:00:08.698,000] [0m<inf> REST_API_relays_state: GET /api/relays/state[0m
[1;32muart:~$ [m[8D[J[00:00:08.699,000] [0m<dbg> REST_API_relays_state.relays_state_handler: GET /api/relays/state: {"relay1": false, "relay2": false, "relay3": false, "relay4": false }[0m
[1;32muart:~$ [m[8D[J[00:00:08.705,000] [0m<inf> REST_API_relays_state: GET /api/relays/state[0m
[1;32muart:~$ [m[8D[J[00:00:08.706,000] [0m<dbg> REST_API_relays_state.relays_state_handler: GET /api/relays/state: {"relay1": false, "relay2": false, "relay3": false, "relay4": false }[0m
[1;32muart:~$ [m[8D[J[00:00:08.825,000] [0m<inf> chip: [SVR]Initializing session resumption storage...[0m
[1;32muart:~$ [m[8D[J[00:00:08.827,000] [0m<inf> chip: [SVR]Server initializing...[0m
[1;32muart:~$ [m[8D[J[00:00:08.827,000] [0m<dbg> chip.LogV: [FP]Initializing FabricTable from persistent storage[0m
[1;32muart:~$ [m[8D[J[00:00:09.157,000] [0m<inf> chip: [TS]Last Known Good Time: 2023-10-14T01:16:48[0m
[1;32muart:~$ [m[8D[J[1;32muart:~$ [m[8D[J[1;32muart:~$ [m[8D[J[00:00:09.915,000] [0m<inf> chip: [DMG]AccessControl: initializing[0m
[1;32muart:~$ [m[8D[J[00:00:09.915,000] [0m<inf> chip: [DMG]Examples::AccessControlDelegate::Init[0m
[1;32muart:~$ [m[8D[J[00:00:09.916,000] [0m<inf> chip: [DMG]AccessControl: setting[0m
[1;32muart:~$ [m[8D[J[00:00:09.916,000] [0m<inf> chip: [DMG]DefaultAclStorage: initializing[0m
[1;32muart:~$ [m[8D[J[00:00:09.917,000] [0m<inf> chip: [DMG]DefaultAclStorage: 0 entries loaded[0m
[1;32muart:~$ [m[8D[J[00:00:09.918,000] [0m<inf> chip: [SVR]WARNING: mTestEventTriggerDelegate is null[0m
[1;32muart:~$ [m[8D[J[00:00:09.918,000] [0m<dbg> chip.LogV: [IN]UDP::Init bind&listen port=5540[0m
[1;32muart:~$ [m[8D[J[00:00:09.921,000] [0m<dbg> chip.LogV: [IN]UDP::Init bound to port=5540[0m
[1;32muart:~$ [m[8D[J[00:00:09.922,000] [0m<dbg> chip.LogV: [IN]TransportMgr initialized[0m
[1;32muart:~$ [m[8D[J[1;32muart:~$ [m[8D[J[1;32muart:~$ [m[8D[J[00:00:11.822,000] [0m<inf> chip: [ZCL]Using ZAP configuration...[0m
[1;32muart:~$ [m[8D[J[00:00:12.169,000] [0m<dbg> chip.LogV: [DMG]Failed to read stored attribute (1, 0x0000_0006, 0x0000_0000: a0[0m
[1;32muart:~$ [m[8D[J[00:00:12.394,000] [0m<inf> matter: Matter start work already submitted[0m
[1;32muart:~$ [m[8D[J[00:00:12.525,000] [0m<dbg> chip.LogV: [DMG]Failed to read stored attribute (1, 0x0000_0006, 0x0000_4003: a0[0m
[1;32muart:~$ [m[8D[J[1;32muart:~$ [m[8D[J[1;32muart:~$ [m[8D[J[00:00:12.922,000] [0m<dbg> chip.LogV: [DMG]Failed to read stored attribute (2, 0x0000_0006, 0x0000_0000: a0[0m
[1;32muart:~$ [m[8D[J[00:00:13.267,000] [0m<dbg> chip.LogV: [DMG]Failed to read stored attribute (2, 0x0000_0006, 0x0000_4003: a0[0m
[1;32muart:~$ [m[8D[J[00:00:13.620,000] [0m<dbg> chip.LogV: [DMG]Failed to read stored attribute (3, 0x0000_0006, 0x0000_0000: a0[0m
[1;32muart:~$ [m[8D[J[1;32muart:~$ [m[8D[J[1;32muart:~$ [m[8D[J[00:00:14.010,000] [0m<dbg> chip.LogV: [DMG]Failed to read stored attribute (3, 0x0000_0006, 0x0000_4003: a0[0m
[1;32muart:~$ [m[8D[J[00:00:14.356,000] [0m<dbg> chip.LogV: [DMG]Failed to read stored attribute (4, 0x0000_0006, 0x0000_0000: a0[0m
[1;32muart:~$ [m[8D[J[00:00:14.708,000] [0m<dbg> chip.LogV: [DMG]Failed to read stored attribute (4, 0x0000_0006, 0x0000_4003: a0[0m
[1;32muart:~$ [m[8D[J[00:00:14.713,000] [0m<dbg> chip.LogV: [DL]Boot reason: 1[0m
[1;32muart:~$ [m[8D[J[00:00:14.717,000] [0m<inf> chip: [ZCL]Boot reason: 1[0m
[1;32muart:~$ [m[8D[J[00:00:14.717,000] [0m<inf> chip: [ZCL]Endpoint 1 On/off already set to new value[0m
[1;32muart:~$ [m[8D[J[00:00:14.719,000] [0m<inf> chip: [ZCL]Boot reason: 1[0m
[1;32muart:~$ [m[8D[J[00:00:14.720,000] [0m<inf> chip: [ZCL]Endpoint 2 On/off already set to new value[0m
[1;32muart:~$ [m[8D[J[00:00:14.722,000] [0m<inf> chip: [ZCL]Boot reason: 1[0m
[1;32muart:~$ [m[8D[J[00:00:14.722,000] [0m<inf> chip: [ZCL]Endpoint 3 On/off already set to new value[0m
[1;32muart:~$ [m[8D[J[1;32muart:~$ [m[8D[J[1;32muart:~$ [m[8D[J[00:00:14.780,000] [0m<inf> chip: [ZCL]Boot reason: 1[0m
[1;32muart:~$ [m[8D[J[00:00:14.785,000] [0m<inf> chip: [ZCL]Endpoint 4 On/off already set to new value[0m
[1;32muart:~$ [m[8D[J[00:00:14.856,000] [0m<dbg> chip.LogV: [EVL]LogEvent event number: 0x0000000000280000 priority: 2, endpoint id:  0x0 cluster id: 0x0000_0033 event id: 0x3 Sys timestamp: 0x0000000000001789[0m
[1;32muart:~$ [m[8D[J[00:00:15.553,000] [0m<inf> chip: [DMG]AccessControlCluster: initializing[0m
[1;32muart:~$ [m[8D[J[00:00:15.555,000] [0m<inf> chip: [DIS]Updating services using commissioning mode 0[0m
[1;32muart:~$ [m[8D[J[00:00:15.556,000] [1;31m<err> chip: [DIS]DNS-SD advertising not available. DNS-SD init disabled.[0m
[1;32muart:~$ [m[8D[J[00:00:15.556,000] [1;31m<err> chip: [DIS]Failed to initialize advertiser: 2d[0m
[1;32muart:~$ [m[8D[J[00:00:15.557,000] [1;31m<err> chip: [DIS]DNS-SD advertising not available. Removing services failed.[0m
[1;32muart:~$ [m[8D[J[00:00:15.557,000] [1;31m<err> chip: [DIS]Failed to remove advertised services: 2d[0m
[1;32muart:~$ [m[8D[J[00:00:15.558,000] [1;31m<err> chip: [DIS]DNS-SD advertising not available. Finalizing service update failed.[0m
[1;32muart:~$ [m[8D[J[00:00:15.578,000] [1;31m<err> chip: [DIS]Failed to finalize service update: 2d[0m
[1;32muart:~$ [m[8D[J[00:00:15.593,000] [0m<inf> chip: [IN]CASE Server enabling CASE session setups[0m
[1;32muart:~$ [m[8D[J[00:00:15.611,000] [0m<dbg> chip.LogV: [IN]SecureSession[0x70001540]: Allocated Type:2 LSID:68[0m
[1;32muart:~$ [m[8D[J[00:00:15.619,000] [0m<dbg> chip.LogV: [SC]Allocated SecureSession (0x70001540) - waiting for Sigma1 msg[0m
[1;32muart:~$ [m[8D[J[00:00:15.624,000] [0m<inf> chip: [SVR]Joining Multicast groups[0m
[1;32muart:~$ [m[8D[J[00:00:15.634,000] [0m<dbg> chip.LogV: [ZCL]Emitting StartUp event[0m
[1;32muart:~$ [m[8D[J[00:00:15.674,000] [0m<dbg> chip.LogV: [EVL]LogEvent event number: 0x0000000000280001 priority: 2, endpoint id:  0x0 cluster id: 0x0000_0028 event id: 0x0 Sys timestamp: 0x0000000000001A97[0m
[1;32muart:~$ [m[8D[J[00:00:15.679,000] [0m<inf> chip: [SVR]Server initialization complete[0m
[1;32muart:~$ [m[8D[J[00:00:15.685,000] [0m<inf> chip: [SVR]Server Listening...[0m
[1;32muart:~$ [m[8D[J[00:00:15.686,000] [0m<inf> matter: Matter stack initialized[0m
[1;32muart:~$ [m[8D[J[00:00:15.691,000] [0m<inf> matter: Matter event loop started[0m
[1;32muart:~$ [m[8D[J[00:00:15.692,000] [0m<inf> matter_event_loop: Init io_to_matter_stream[0m
[1;32muart:~$ [m[8D[J[00:00:15.702,000] [0m<inf> matter_event_loop: Start io_to_matter_stream[0m
[1;32muart:~$ [m[8D[J[00:00:15.712,000] [0m<inf> chip: [DL]CHIP task running[0m
[1;32muart:~$ [m[8D[J[1;32muart:~$ [m[8D[J[1;32muart:~$ [mkernel uptime
Uptime: 39355 ms
[1;32muart:~$ [mnet iface
Hostname: zephyr000000000000
Default interface: 1


Interface eth0 (0x20002c90) (Ethernet) [1]
===================================
Link addr : 80:34:28:10:12:73
MTU       : 1500
Flags     : AUTO_START,IPv4,IPv6
Device    : ETH_W5500 (0x20de594)
Status    : oper=UP, admin=UP, carrier=ON
Ethernet capabilities supported:
	10 Mbits
	100 Mbits
Ethernet PHY device: ETH_W5500_phy (0x20de5b4)
Ethernet link speed: 100 Mbits full-duplex
IPv6 unicast addresses (max 2):
	fe80::8234:28ff:fe10:1273 autoconf preferred infinite
	fd27:e0cb:e5e8:8374:8234:28ff:fe10:1273 autoconf preferred
IPv6 multicast addresses (max 3):
	ff02::1
	ff02::1:ff10:1273
IPv6 prefixes (max 2):
	fd27:e0cb:e5e8:8374::/64
IPv6 hop limit           : 64
IPv6 base reachable time : 30000
IPv6 reachable time      : 28909
IPv6 retransmit timer    : 0
DHCPv6 state             : disabled
IPv4 unicast addresses (max 1):
	192.168.88.14/255.255.255.0 DHCP preferred
IPv4 multicast addresses (max 1):
	<none>
IPv4 gateway : 192.168.88.1
DHCPv4 lease time : 600
DHCPv4 renew time : 300
DHCPv4 server     : 192.168.88.1
DHCPv4 requested  : 192.168.88.14
DHCPv4 state      : bound
DHCPv4 attempts   : 1
DHCPv4 state      : bound

Interface wlan0 (0x20002dc8) (WiFi) [2]
===============================
[1;32mInterface is down.
[m[1;32muart:~$ [mwifi scan

Num  | SSID                             (len) | Chan (Band)   | RSSI | Security             | BSSID             | MFP     
1    | k2                               3     | 2    (2.4GHz) | -54  | WPA3-SAE-HNP         | D4:01:C3:A0:60:28 | Disable 
2    | Vivacom_FiberNet-769F            22    | 8    (2.4GHz) | -57  | WPA2-PSK             | 4E:D6:29:45:76:A8 | Disable 
3    | dupamxixi_IoT                    14    | 6    (2.4GHz) | -59  | WPA2-PSK             | AA:AD:9F:3D:C3:04 | Disable 
4    | A1_50C7                          8     | 5    (2.4GHz) | -60  | WPA2-PSK             | 58:F9:87:21:50:D0 | Disable 
5    | dupamxixi                        10    | 6    (2.4GHz) | -63  | WPA3-SAE-HNP         | A6:AD:9F:3D:C3:04 | Disable 
Scan request done
Scan requested
[1;32muart:~$ [mdevmem 0x42020014
Using data width 32
Read value 0x120
[1;32muart:~$ [mdevmem 0x42020814
Using data width 32
Read value 0xf1
[1;32muart:~$ [mdevmem 0x42020814
Using data width 32
Read value 0xf1
[1;32muart:~$ [m[8D[J[00:00:47.956,000] [0m<inf> REST_API_relays_state: GET /api/relays/state[0m
[1;32muart:~$ [m[8D[J[00:00:47.957,000] [0m<dbg> REST_API_relays_state.relays_state_handler: GET /api/relays/state: {"relay1": false, "relay2": false, "relay3": false, "relay4": false }[0m
[1;32muart:~$ [m[8D[J[00:00:47.964,000] [0m<inf> REST_API_relays_state: GET /api/relays/state[0m
[1;32muart:~$ [m[8D[J[00:00:47.964,000] [0m<dbg> REST_API_relays_state.relays_state_handler: GET /api/relays/state: {"relay1": false, "relay2": false, "relay3": false, "relay4": false }[0m
[1;32muart:~$ [m[8D[J[1;32muart:~$ [m[8D[J[1;32muart:~$ [mdevmem 0x42020414
Using data width 32
Read value 0x1104
[1;32muart:~$ [mI: Detected ESP-PSRAM64H (ID D 5D 46 A0 2F)
I: PSRAM initialised in QPI mode, 8192 KB
*** Using Zephyr OS build v4.4.0-12983-gb6a5e6e8aa90 ***
I: Starting bootloader
I: ICACHE alias: 0x02000000 -> 0x90000000 (4MB)
I: 0x90000000..0x9000001F:
I: 3d b8 f3 96 0 0 0 0 0 4 0 0 38 53 11 0
I: 0 0 0 0 0 0 0 0 0 0 0 0 0 0 0 0
I: Alias[0x02000000..0x0200001F]:
I: 3d b8 f3 96 0 0 0 0 0 4 0 0 38 53 11 0
I: 0 0 0 0 0 0 0 0 0 0 0 0 0 0 0 0
I: PSRAM 0x70000000..0x7000001F:
I: aa a8 aa aa aa aa aa aa aa aa aa aa aa aa aa aa
I: ae aa aa 2a aa aa aa aa aa aa aa aa aa aa aa aa
I: PSRAM write/read: PASS
I: Primary image: magic=good, swap_type=0x4, copy_done=0x1, image_ok=0x1
I: Scratch: magic=bad, swap_type=0x1, copy_done=0x2, image_ok=0x2
I: Boot source: none
I: Image index: 0, Swap type: none
I: Bootloader chainload address offset: 0x0
I: Image version: v0.0.0
I: Jumping to the first image slot
[m
[1;32muart:~$ [m[8D[J[00:00:00.842,000] [0m<inf> esp_hosted_mcu_core: coprocessor priv event 34[0m
[1;32muart:~$ [m[8D[J[00:00:00.846,000] [0m<inf> esp_hosted_mcu_core: coprocessor firmware v3.0.6[0m
[1;32muart:~$ [m[8D[J[00:00:00.846,000] [1;31m<err> mb85rsxx: invalid device ID: 04 7F 03 02[0m
[1;32muart:~$ [m[8D[J[00:00:00.846,000] [1;31m<err> mb85rsxx: Failed to initialize device, RDID check failed (err -5)[0m
[1;32muart:~$ [m[8D[J[00:00:00.846,000] [0m<inf> eth_w5500: ETH_W5500: interrupt mode[0m
[1;32muart:~$ [m[8D[J[00:00:00.854,000] [0m<inf> eth_w5500: W5500 Initialized[0m
[1;32muart:~$ [m[8D[J[00:00:00.855,000] [0m<inf> spi_nor: SPI_FLASH: SFDP v 1.0 AP ff with 1 PH[0m
[1;32muart:~$ [m[8D[J[00:00:00.855,000] [0m<inf> spi_nor: PH0: ff00 rev 1.0: 9 DW @ 80[0m
[1;32muart:~$ [m[8D[J[00:00:00.855,000] [0m<inf> spi_nor: SPI_FLASH: 16 MiBy flash[0m
[1;32muart:~$ [m[8D[J[00:00:01.353,000] [1;31m<err> net_ethernet: Invalid MAC address for iface 1 (0x20002c90)[0m
[1;32muart:~$ [m[8D[J[00:00:01.353,000] [0m<inf> littlefs: LittleFS version 2.11, disk version 2.1[0m
[1;32muart:~$ [m[8D[J[00:00:01.354,000] [0m<inf> littlefs: FS at SPI_FLASH:0xa00000 is 1280 0x1000-byte blocks with 1024 cycle[0m
[1;32muart:~$ [m[8D[J[00:00:01.355,000] [0m<inf> littlefs: partition sizes: rd 256 ; pr 256 ; ca 2048 ; la 256[0m
[1;32muart:~$ [m[8D[J*** Booting Zephyr OS build v4.4.0-12983-gb6a5e6e8aa90 ***
[1;32muart:~$ [m[8D[J[00:00:01.440,000] [0m<inf> shell_telnet: Telnet shell backend initialized[0m
[1;32muart:~$ [m[8D[J[00:00:01.441,000] [0m<inf> main_app: Start main app (build: Sep 12 2026 21:56:16) version 8[0m
[1;32muart:~$ [m[8D[J[00:00:01.441,000] [0m<inf> main_app: PSRAM @0x701aa890: write/read 1024 words OK[0m
[1;32muart:~$ [m[8D[J[00:00:01.592,000] [0m<inf> settings_registry: 0 keys registered, 0 rejected[0m
[1;32muart:~$ [m[8D[J[00:00:01.593,000] [0m<inf> io: Start io init[0m
[1;32muart:~$ [m[8D[J[00:00:02.352,000] [0m<inf> eth_w5500: ETH_W5500: Link speed 100 Mb, full duplex[0m
[1;32muart:~$ [m[8D[J[00:00:02.378,000] [0m<inf> net_init: EEPROM MAC: 80:34:28:10:12:73[0m
[1;32muart:~$ [m[8D[J[00:00:02.378,000] [0m<inf> eth_w5500: ETH_W5500 MAC set to 80:34:28:10:12:73[0m
[1;32muart:~$ [m[8D[J[00:00:02.378,000] [0m<inf> net_init: Network interface up with MAC 80:34:28:10:12:73[0m
[1;32muart:~$ [m[8D[J[00:00:02.393,000] [0m<inf> matter: Net callback IPv6 got, start matter after 5 sec[0m
[1;32muart:~$ [m[8D[J[00:00:02.397,000] [0m<inf> io: Start io outputs task[0m
[1;32muart:~$ [m[8D[J[1;32muart:~$ [m[8D[J[1;32muart:~$ [m[8D[J[00:00:07.396,000] [0m<inf> matter: Net callback IPv6 got, start matter after 5 sec[0m
[1;32muart:~$ [m[8D[J[00:00:07.402,000] [0m<inf> matter: Init CHIP stack[0m
[1;32muart:~$ [m[8D[J[1;32muart:~$ [m[8D[J[1;32muart:~$ [m[8D[J[00:00:08.798,000] [0m<inf> chip: [SVR]Initializing session resumption storage...[0m
[1;32muart:~$ [m[8D[J[00:00:08.799,000] [0m<inf> chip: [SVR]Server initializing...[0m
[1;32muart:~$ [m[8D[J[00:00:08.800,000] [0m<dbg> chip.LogV: [FP]Initializing FabricTable from persistent storage[0m
[1;32muart:~$ [m[8D[J[00:00:09.168,000] [0m<inf> chip: [TS]Last Known Good Time: 2023-10-14T01:16:48[0m
[1;32muart:~$ [m[8D[J[1;32muart:~$ [m[8D[J[1;32muart:~$ [m[8D[J[00:00:09.915,000] [0m<inf> chip: [DMG]AccessControl: initializing[0m
[1;32muart:~$ [m[8D[J[00:00:09.916,000] [0m<inf> chip: [DMG]Examples::AccessControlDelegate::Init[0m
[1;32muart:~$ [m[8D[J[00:00:09.916,000] [0m<inf> chip: [DMG]AccessControl: setting[0m
[1;32muart:~$ [m[8D[J[00:00:09.917,000] [0m<inf> chip: [DMG]DefaultAclStorage: initializing[0m
[1;32muart:~$ [m[8D[J[00:00:09.918,000] [0m<inf> chip: [DMG]DefaultAclStorage: 0 entries loaded[0m
[1;32muart:~$ [m[8D[J[00:00:09.918,000] [0m<inf> chip: [SVR]WARNING: mTestEventTriggerDelegate is null[0m
[1;32muart:~$ [m[8D[J[00:00:09.919,000] [0m<dbg> chip.LogV: [IN]UDP::Init bind&listen port=5540[0m
[1;32muart:~$ [m[8D[J[00:00:09.922,000] [0m<dbg> chip.LogV: [IN]UDP::Init bound to port=5540[0m
[1;32muart:~$ [m[8D[J[00:00:09.922,000] [0m<dbg> chip.LogV: [IN]TransportMgr initialized[0m
[1;32muart:~$ [m[8D[J[1;32muart:~$ [m[8D[J[1;32muart:~$ [m[8D[J[00:00:12.397,000] [0m<inf> matter: Matter start work already submitted[0m
[1;32muart:~$ [m[8D[J[00:00:12.412,000] [0m<inf> chip: [ZCL]Using ZAP configuration...[0m
[1;32muart:~$ [m[8D[J[00:00:12.766,000] [0m<dbg> chip.LogV: [DMG]Failed to read stored attribute (1, 0x0000_0006, 0x0000_0000: a0[0m
[1;32muart:~$ [m[8D[J[00:00:13.116,000] [0m<dbg> chip.LogV: [DMG]Failed to read stored attribute (1, 0x0000_0006, 0x0000_4003: a0[0m
[1;32muart:~$ [m[8D[J[00:00:13.407,000] [1;33m<wrn> net_dhcpv4: DHCP server provided more DNS servers than can be saved[0m
[1;32muart:~$ [m[8D[J[00:00:13.422,000] [1;33m<wrn> net_dhcpv4: DHCP server provided more DNS servers than can be saved[0m
[1;32muart:~$ [m[8D[J[00:00:13.423,000] [0m<inf> net_dhcpv4: Received: 192.168.88.14[0m
[1;32muart:~$ [m[8D[J[1;32muart:~$ [m[8D[J[1;32muart:~$ [m[8D[J[00:00:13.586,000] [0m<dbg> chip.LogV: [DMG]Failed to read stored attribute (2, 0x0000_0006, 0x0000_0000: a0[0m
[1;32muart:~$ [m[8D[J[00:00:13.937,000] [0m<dbg> chip.LogV: [DMG]Failed to read stored attribute (2, 0x0000_0006, 0x0000_4003: a0[0m
[1;32muart:~$ [m[8D[J[00:00:14.294,000] [0m<dbg> chip.LogV: [DMG]Failed to read stored attribute (3, 0x0000_0006, 0x0000_0000: a0[0m
[1;32muart:~$ [m[8D[J[1;32muart:~$ [m[8D[J[1;32muart:~$ [m[8D[J[00:00:14.690,000] [0m<dbg> chip.LogV: [DMG]Failed to read stored attribute (3, 0x0000_0006, 0x0000_4003: a0[0m
[1;32muart:~$ [m[8D[J[00:00:14.810,000] [0m<inf> REST_API_relays_state: GET /api/relays/state[0m
[1;32muart:~$ [m[8D[J[00:00:14.811,000] [0m<dbg> REST_API_relays_state.relays_state_handler: GET /api/relays/state: {"relay1": false, "relay2": false, "relay3": false, "relay4": false }[0m
[1;32muart:~$ [m[8D[J[00:00:14.818,000] [0m<inf> REST_API_relays_state: GET /api/relays/state[0m
[1;32muart:~$ [m[8D[J[00:00:14.818,000] [0m<dbg> REST_API_relays_state.relays_state_handler: GET /api/relays/state: {"relay1": false, "relay2": false, "relay3": false, "relay4": false }[0m
[1;32muart:~$ [m[8D[J[00:00:15.114,000] [0m<dbg> chip.LogV: [DMG]Failed to read stored attribute (4, 0x0000_0006, 0x0000_0000: a0[0m
[1;32muart:~$ [m[8D[J[00:00:15.464,000] [0m<dbg> chip.LogV: [DMG]Failed to read stored attribute (4, 0x0000_0006, 0x0000_4003: a0[0m
[1;32muart:~$ [m[8D[J[00:00:15.469,000] [0m<dbg> chip.LogV: [DL]Boot reason: 1[0m
[1;32muart:~$ [m[8D[J[00:00:15.473,000] [0m<inf> chip: [ZCL]Boot reason: 1[0m
[1;32muart:~$ [m[8D[J[00:00:15.473,000] [0m<inf> chip: [ZCL]Endpoint 1 On/off already set to new value[0m
[1;32muart:~$ [m[8D[J[00:00:15.530,000] [0m<inf> chip: [ZCL]Boot reason: 1[0m
[1;32muart:~$ [m[8D[J[00:00:15.537,000] [0m<inf> chip: [ZCL]Endpoint 2 On/off already set to new value[0m
[1;32muart:~$ [m[8D[J[00:00:15.567,000] [0m<inf> chip: [ZCL]Boot reason: 1[0m
[1;32muart:~$ [m[8D[J[1;32muart:~$ [m[8D[J[1;32muart:~$ [m[8D[J[00:00:15.577,000] [0m<inf> chip: [ZCL]Endpoint 3 On/off already set to new value[0m
[1;32muart:~$ [m[8D[J[00:00:15.602,000] [0m<inf> chip: [ZCL]Boot reason: 1[0m
[1;32muart:~$ [m[8D[J[00:00:15.608,000] [0m<inf> chip: [ZCL]Endpoint 4 On/off already set to new value[0m
[1;32muart:~$ [m[8D[J[00:00:15.660,000] [0m<dbg> chip.LogV: [EVL]LogEvent event number: 0x0000000000290000 priority: 2, endpoint id:  0x0 cluster id: 0x0000_0033 event id: 0x3 Sys timestamp: 0x0000000000001AC8[0m
[1;32muart:~$ [m[8D[J[00:00:16.366,000] [0m<inf> chip: [DMG]AccessControlCluster: initializing[0m
[1;32muart:~$ [m[8D[J[00:00:16.368,000] [0m<inf> chip: [DIS]Updating services using commissioning mode 0[0m
[1;32muart:~$ [m[8D[J[00:00:16.369,000] [1;31m<err> chip: [DIS]DNS-SD advertising not available. DNS-SD init disabled.[0m
[1;32muart:~$ [m[8D[J[00:00:16.370,000] [1;31m<err> chip: [DIS]Failed to initialize advertiser: 2d[0m
[1;32muart:~$ [m[8D[J[00:00:16.370,000] [1;31m<err> chip: [DIS]DNS-SD advertising not available. Removing services failed.[0m
[1;32muart:~$ [m[8D[J[00:00:16.371,000] [1;31m<err> chip: [DIS]Failed to remove advertised services: 2d[0m
[1;32muart:~$ [m[8D[J[00:00:16.396,000] [1;31m<err> chip: [DIS]DNS-SD advertising not available. Finalizing service update failed.[0m
[1;32muart:~$ [m[8D[J[00:00:16.399,000] [1;31m<err> chip: [DIS]Failed to finalize service update: 2d[0m
[1;32muart:~$ [m[8D[J[00:00:16.415,000] [0m<inf> chip: [IN]CASE Server enabling CASE session setups[0m
[1;32muart:~$ [m[8D[J[00:00:16.424,000] [0m<dbg> chip.LogV: [IN]SecureSession[0x70001540]: Allocated Type:2 LSID:1319[0m
[1;32muart:~$ [m[8D[J[00:00:16.439,000] [0m<dbg> chip.LogV: [SC]Allocated SecureSession (0x70001540) - waiting for Sigma1 msg[0m
[1;32muart:~$ [m[8D[J[00:00:16.444,000] [0m<inf> chip: [SVR]Joining Multicast groups[0m
[1;32muart:~$ [m[8D[J[00:00:16.449,000] [0m<dbg> chip.LogV: [ZCL]Emitting StartUp event[0m
[1;32muart:~$ [m[8D[J[00:00:16.489,000] [0m<dbg> chip.LogV: [EVL]LogEvent event number: 0x0000000000290001 priority: 2, endpoint id:  0x0 cluster id: 0x0000_0028 event id: 0x0 Sys timestamp: 0x0000000000001DE2[0m
[1;32muart:~$ [m[8D[J[00:00:16.498,000] [0m<inf> chip: [SVR]Server initialization complete[0m
[1;32muart:~$ [m[8D[J[00:00:16.506,000] [0m<inf> chip: [SVR]Server Listening...[0m
[1;32muart:~$ [m[8D[J[00:00:16.507,000] [0m<inf> matter: Matter stack initialized[0m
[1;32muart:~$ [m[8D[J[00:00:16.512,000] [0m<inf> matter: Matter event loop started[0m
[1;32muart:~$ [m[8D[J[00:00:16.513,000] [0m<inf> matter_event_loop: Init io_to_matter_stream[0m
[1;32muart:~$ [m[8D[J[00:00:16.516,000] [0m<inf> matter_event_loop: Start io_to_matter_stream[0m
[1;32muart:~$ [m[8D[J[00:00:16.528,000] [0m<inf> chip: [DL]CHIP task running[0m
[1;32muart:~$ [m[8D[J[1;32muart:~$ [m[8D[J[1;32muart:~$ [mkernel uptime
Uptime: 39355 ms
[1;32muart:~$ [mnet iface
Hostname: zephyr000000000000
Default interface: 1


Interface eth0 (0x20002c90) (Ethernet) [1]
===================================
Link addr : 80:34:28:10:12:73
MTU       : 1500
Flags     : AUTO_START,IPv4,IPv6
Device    : ETH_W5500 (0x20de594)
Status    : oper=UP, admin=UP, carrier=ON
Ethernet capabilities supported:
	10 Mbits
	100 Mbits
Ethernet PHY device: ETH_W5500_phy (0x20de5b4)
Ethernet link speed: 100 Mbits full-duplex
IPv6 unicast addresses (max 2):
	fe80::8234:28ff:fe10:1273 autoconf preferred infinite
	fd27:e0cb:e5e8:8374:8234:28ff:fe10:1273 autoconf preferred
IPv6 multicast addresses (max 3):
	ff02::1
	ff02::1:ff10:1273
IPv6 prefixes (max 2):
	fd27:e0cb:e5e8:8374::/64
IPv6 hop limit           : 64
IPv6 base reachable time : 30000
IPv6 reachable time      : 19618
IPv6 retransmit timer    : 0
DHCPv6 state             : disabled
IPv4 unicast addresses (max 1):
	192.168.88.14/255.255.255.0 DHCP preferred
IPv4 multicast addresses (max 1):
	<none>
IPv4 gateway : 192.168.88.1
DHCPv4 lease time : 600
DHCPv4 renew time : 300
DHCPv4 server     : 192.168.88.1
DHCPv4 requested  : 192.168.88.14
DHCPv4 state      : bound
DHCPv4 attempts   : 1
DHCPv4 state      : bound

Interface wlan0 (0x20002dc8) (WiFi) [2]
===============================
[1;32mInterface is down.
[m[1;32muart:~$ [mwifi scan

Num  | SSID                             (len) | Chan (Band)   | RSSI | Security             | BSSID             | MFP     
1    | Vivacom_FiberNet-769F            22    | 8    (2.4GHz) | -58  | WPA2-PSK             | 4E:D6:29:45:76:A8 | Disable 
2    | k2                               3     | 2    (2.4GHz) | -60  | WPA3-SAE-HNP         | D4:01:C3:A0:60:28 | Disable 
3    | dupamxixi                        10    | 6    (2.4GHz) | -61  | WPA3-SAE-HNP         | A6:AD:9F:3D:C3:04 | Disable 
4    | dupamxixi_IoT                    14    | 6    (2.4GHz) | -61  | WPA2-PSK             | AA:AD:9F:3D:C3:04 | Disable 
5    | A1_50C7                          8     | 5    (2.4GHz) | -64  | WPA2-PSK             | 58:F9:87:21:50:D0 | Disable 
6    | A1_580A                          8     | 3    (2.4GHz) | -65  | WPA2-PSK             | 64:85:05:82:58:09 | Disable 
7    | Vivacom_FiberNet-A36C            22    | 11   (2.4GHz) | -67  | WPA2-PSK             | E6:90:2A:DB:A3:74 | Disable 
Scan request done
Scan requested
[1;32muart:~$ [mdevmem 0x42020014
Using data width 32
Read value 0x120
[1;32muart:~$ [mdevmem 0x42020814
Using data width 32
Read value 0xf1
[1;32muart:~$ [mdevmem 0x42020814
Using data width 32
Read value 0xf1
[1;32muart:~$ [m[8D[J[00:00:47.991,000] [0m<inf> REST_API_relays_state: GET /api/relays/state[0m
[1;32muart:~$ [m[8D[J[00:00:47.992,000] [0m<dbg> REST_API_relays_state.relays_state_handler: GET /api/relays/state: {"relay1": false, "relay2": false, "relay3": false, "relay4": false }[0m
[1;32muart:~$ [m[8D[J[00:00:47.999,000] [0m<inf> REST_API_relays_state: GET /api/relays/state[0m
[1;32muart:~$ [m[8D[J[00:00:47.999,000] [0m<dbg> REST_API_relays_state.relays_state_handler: GET /api/relays/state: {"relay1": false, "relay2": false, "relay3": false, "relay4": false }[0m
[1;32muart:~$ [m[8D[J[1;32muart:~$ [m[8D[J[1;32muart:~$ [mdevmem 0x42020414
Using data width 32
Read value 0x1104
[1;32muart:~$ [m