09:48:28.075  ### no flash: image already on the board, console 5AE6020889
09:48:28.076  ### storage_wipe yes
09:48:28.085  storage_wipe yes
09:48:43.167  storage_wipe: offset 0x0 size 6291456 erased rc=0 in 15057 ms
09:48:44.179  uart:~$ kernel reboot cod
09:48:44.397  I: Detected ESP-PSRAM64H (ID D 5D 46 A1 21)
09:48:44.397  I: PSRAM initialised in QPI mode, 8192 KB
09:48:44.408  *** Using Zephyr OS build v4.4.0-12983-gb6a5e6e8aa90 ***
09:48:44.408  I: Starting bootloader
09:48:44.408  
09:48:44.419  uart:~$ I: ICACHE alias: 0x02000000 -> 0x90000000 (4MB)
09:48:44.429  I: 0x90000000..0x9000001F:
09:48:44.429  I: 3d b8 f3 96 0 0 0 0 0 4 0 0 f0 d 14 0
09:48:44.429  I: 0 0 0 0 0 0 0 0 0 0 0 0 0 0 0 0
09:48:44.429  I: Alias[0x02000000..0x0200001F]:
09:48:44.439  I: 3d b8 f3 96 0 0 0 0 0 4 0 0 f0 d 14 0
09:48:44.439  I: 0 0 0 0 0 0 0 0 0 0 0 0 0 0 0 0
09:48:44.439  I: PSRAM 0x70000000..0x7000001F:
09:48:44.450  I: ec 3d 11 2 68 bb 1 70 4c 26 11 2 e4 e 0 70
09:48:44.450  I: b0 25 11 2 34 26 11 2 0 0 0 0 10 28 13 2
09:48:44.450  I: PSRAM write/read: PASS
09:48:44.460  I: Primary image: magic=unset, swap_type=0x1, copy_done=0x3, image_ok=0x3
09:48:44.470  I: Scratch: magic=bad, swap_type=0x0, copy_done=0x2, image_ok=0x2
09:48:44.470  I: Boot source: primary slot
09:48:44.470  I: Image index: 0, Swap type: none
09:48:52.993  I: Bootloader chainload address offset: 0x0
09:48:53.004  I: Image version: v0.0.0
09:48:53.004  I: Jumping to the first image slot
09:48:54.721  
09:48:54.810  uart:~$ [00:00:00.853,000] <inf> esp_hosted_mcu_core: coprocessor priv event 34
09:48:54.830  uart:~$ uart:~$ [00:00:00.856,000] <inf> esp_hosted_mcu_core: coprocessor firmware v3.0.6
09:48:54.983  uart:~$ uart:~$ [00:00:00.856,000] <err> mb85rsxx: invalid device ID: 00 00 00 00
09:48:55.014  uart:~$ uart:~$ [00:00:00.856,000] <err> mb85rsxx: Failed to initialize device, RDID check failed (err -5)
09:48:55.034  uart:~$ uart:~$ [00:00:00.856,000] <inf> eth_w5500: ETH_W5500: interrupt mode
09:48:55.044  uart:~$ uart:~$ [00:00:00.866,000] <inf> eth_w5500: W5500 Initialized
09:48:55.065  uart:~$ uart:~$ [00:00:00.867,000] <inf> spi_nor: SPI_FLASH: SFDP v 1.5 AP ff with 1 PH
09:48:55.085  uart:~$ uart:~$ [00:00:00.867,000] <inf> spi_nor: PH0: ff00 rev 1.5: 16 DW @ 80
09:48:55.095  uart:~$ uart:~$ [00:00:00.867,000] <inf> spi_nor: SPI_FLASH: 16 MiBy flash
09:48:55.125  uart:~$ uart:~$ [00:00:01.583,000] <err> net_ethernet: Invalid MAC address for iface 1 (0x20009da8)
09:48:55.135  uart:~$ uart:~$ [00:00:01.584,000] <inf> littlefs: LittleFS version 2.11, disk version 2.1
09:48:55.166  uart:~$ uart:~$ [00:00:01.585,000] <inf> littlefs: FS at SPI_FLASH:0xa00000 is 1280 0x1000-byte blocks with 1024 cycle
09:48:55.186  uart:~$ uart:~$ [00:00:01.585,000] <inf> littlefs: partition sizes: rd 256 ; pr 256 ; ca 2048 ; la 256
09:48:55.206  uart:~$ uart:~$ *** Booting Zephyr OS build v4.4.0-12983-gb6a5e6e8aa90 ***
09:48:55.216  uart:~$ uart:~$ [00:00:01.769,000] <inf> shell_telnet: Telnet shell backend initialized
09:48:55.246  uart:~$ uart:~$ [00:00:01.770,000] <inf> main_app: Start main app (build: Sep 15 2026 02:51:26) version 8
09:48:55.266  uart:~$ uart:~$ [00:00:01.770,000] <inf> main_app: PSRAM @0x700b11c0: write/read 1024 words OK
09:48:55.276  uart:~$ uart:~$ [00:00:01.952,000] <inf> fs_zms: 4 Sectors of 4096 bytes
09:48:55.296  uart:~$ uart:~$ [00:00:01.952,000] <inf> fs_zms: alloc wra: 0, fc0
09:48:55.307  uart:~$ uart:~$ [00:00:01.952,000] <inf> fs_zms: data wra: 0, 0
09:48:55.327  uart:~$ uart:~$ [00:00:01.953,000] <inf> settings_registry: 6 keys registered, 0 rejected
09:48:55.347  uart:~$ uart:~$ [00:00:01.953,000] <inf> io: Start io init
09:48:55.357  uart:~$ uart:~$ [00:00:01.955,000] <inf> net_init: EEPROM MAC: 80:34:28:10:6a:1d
09:48:55.377  uart:~$ uart:~$ [00:00:01.956,000] <inf> eth_w5500: ETH_W5500 MAC set to 80:34:28:10:6a:1d
09:48:55.397  uart:~$ uart:~$ [00:00:01.956,000] <inf> net_init: Network interface up with MAC 80:34:28:10:6a:1d
09:48:55.417  uart:~$ uart:~$ [00:00:01.962,000] <wrn> web_server: no administrator yet: setup is open on the web page
09:48:55.458  uart:~$ uart:~$ [00:00:01.963,000] <inf> web_server: web interface cedar-2037394c3543501200210047, firmware 0cb7f6047410-dirty, frontend 0.1.0+31cfd0a7c580-dirty, boot_3ff158c6654941b2
09:48:55.468  uart:~$ uart:~$ [00:00:01.970,000] <inf> io: Start io outputs task
09:48:55.620  uart:~$ uart:~$ [00:00:02.467,000] <inf> eth_w5500: ETH_W5500: Link speed 100 Mb, full duplex
09:48:55.641  uart:~$ uart:~$ [00:00:02.497,000] <inf> matter: IPv6 address added, starting Matter
09:48:55.672  uart:~$ uart:~$ [00:00:02.513,000] <wrn> net_dhcpv4: DHCP server provided more DNS servers than can be saved
09:48:55.692  uart:~$ uart:~$ [00:00:02.538,000] <wrn> net_dhcpv4: DHCP server provided more DNS servers than can be saved
09:48:55.712  uart:~$ uart:~$ [00:00:02.539,000] <inf> net_dhcpv4: Received: 192.168.88.13
09:48:55.732  uart:~$ uart:~$ [00:00:02.545,000] <inf> matter: Init CHIP stack
09:48:55.752  uart:~$ uart:~$ [00:00:02.570,000] <inf> chip: [SVR]Initializing session resumption storage...
09:48:55.762  uart:~$ uart:~$ [00:00:02.572,000] <inf> chip: [SVR]Server initializing...
09:48:55.782  uart:~$ uart:~$ [00:00:02.573,000] <dbg> chip.LogV: [FP]Initializing FabricTable from persistent storage
09:48:55.802  uart:~$ uart:~$ [00:00:02.573,000] <inf> chip: [TS]Last Known Good Time: [unknown]
09:48:55.843  uart:~$ uart:~$ [00:00:02.785,000] <inf> chip: [TS]Setting Last Known Good Time to firmware build time 2023-10-14T01:16:48
09:48:55.863  uart:~$ uart:~$ [00:00:02.792,000] <inf> chip: [DMG]AccessControl: initializing
09:48:55.884  uart:~$ uart:~$ [00:00:02.793,000] <inf> chip: [DMG]Examples::AccessControlDelegate::Init
09:48:55.894  uart:~$ uart:~$ [00:00:02.793,000] <inf> chip: [DMG]AccessControl: setting
09:48:55.914  uart:~$ uart:~$ [00:00:02.794,000] <inf> chip: [DMG]DefaultAclStorage: initializing
09:48:55.934  uart:~$ uart:~$ [00:00:02.794,000] <inf> chip: [DMG]DefaultAclStorage: 0 entries loaded
09:48:55.954  uart:~$ uart:~$ [00:00:02.795,000] <inf> chip: [SVR]WARNING: mTestEventTriggerDelegate is null
09:48:55.974  uart:~$ uart:~$ [00:00:02.795,000] <dbg> chip.LogV: [IN]UDP::Init bind&listen port=5540
09:48:55.994  uart:~$ uart:~$ [00:00:02.798,000] <dbg> chip.LogV: [IN]UDP::Init bound to port=5540
09:48:56.004  uart:~$ uart:~$ [00:00:02.799,000] <dbg> chip.LogV: [IN]TransportMgr initialized
09:48:56.072  uart:~$ uart:~$ [00:00:03.010,000] <inf> chip: [ZCL]Using ZAP configuration...
09:48:56.092  uart:~$ uart:~$ [00:00:03.013,000] <dbg> chip.LogV: [DMG]Failed to read stored attribute (1, 0x0000_0006, 0x0000_0000: a0
09:48:56.112  uart:~$ uart:~$ [00:00:03.014,000] <dbg> chip.LogV: [DMG]Failed to read stored attribute (1, 0x0000_0006, 0x0000_4003: a0
09:48:56.142  uart:~$ uart:~$ [00:00:03.016,000] <dbg> chip.LogV: [DMG]Failed to read stored attribute (2, 0x0000_0006, 0x0000_0000: a0
09:48:56.162  uart:~$ uart:~$ [00:00:03.017,000] <dbg> chip.LogV: [DMG]Failed to read stored attribute (2, 0x0000_0006, 0x0000_4003: a0
09:48:56.182  uart:~$ uart:~$ [00:00:03.018,000] <dbg> chip.LogV: [DMG]Failed to read stored attribute (3, 0x0000_0006, 0x0000_0000: a0
09:48:56.213  uart:~$ uart:~$ [00:00:03.019,000] <dbg> chip.LogV: [DMG]Failed to read stored attribute (3, 0x0000_0006, 0x0000_4003: a0
09:48:56.233  uart:~$ uart:~$ [00:00:03.021,000] <dbg> chip.LogV: [DMG]Failed to read stored attribute (4, 0x0000_0006, 0x0000_0000: a0
09:48:56.253  uart:~$ uart:~$ [00:00:03.022,000] <dbg> chip.LogV: [DMG]Failed to read stored attribute (4, 0x0000_0006, 0x0000_4003: a0
09:48:56.273  uart:~$ uart:~$ [00:00:03.029,000] <dbg> chip.LogV: [DL]Boot reason: 1
09:48:56.318  uart:~$ uart:~$ [00:00:03.256,000] <inf> chip: [ZCL]Boot reason: 1
09:48:56.338  uart:~$ uart:~$ [00:00:03.257,000] <inf> chip: [ZCL]Endpoint 1 On/off already set to new value
09:48:56.358  uart:~$ uart:~$ [00:00:03.259,000] <inf> chip: [ZCL]Boot reason: 1
09:48:56.378  uart:~$ uart:~$ [00:00:03.260,000] <inf> chip: [ZCL]Endpoint 2 On/off already set to new value
09:48:56.388  uart:~$ uart:~$ [00:00:03.262,000] <inf> chip: [ZCL]Boot reason: 1
09:48:56.408  uart:~$ uart:~$ [00:00:03.262,000] <inf> chip: [ZCL]Endpoint 3 On/off already set to new value
09:48:56.428  uart:~$ uart:~$ [00:00:03.265,000] <inf> chip: [ZCL]Boot reason: 1
09:48:56.448  uart:~$ uart:~$ [00:00:03.265,000] <inf> chip: [ZCL]Endpoint 4 On/off already set to new value
09:48:56.479  uart:~$ uart:~$ [00:00:03.280,000] <dbg> chip.LogV: [EVL]LogEvent event number: 0x0000000000000000 priority: 2, endpoint id:  0x0 cluster id: 0x0000_0033 event id: 0x3 Sys timestamp: 0x00000000000002C1
09:48:56.499  uart:~$ uart:~$ [00:00:03.282,000] <inf> chip: [DMG]AccessControlCluster: initializing
09:48:56.540  uart:~$ uart:~$ [00:00:03.487,000] <inf> chip: [DIS]Updating services using commissioning mode 0
09:48:56.561  uart:~$ uart:~$ [00:00:03.492,000] <inf> chip: [DIS]CHIP minimal mDNS started advertising.
09:48:56.591  uart:~$ uart:~$ [00:00:03.495,000] <inf> chip: [IN]CASE Server enabling CASE session setups
09:48:56.621  uart:~$ uart:~$ [00:00:03.496,000] <dbg> chip.LogV: [IN]SecureSession[0x70001728]: Allocated Type:2 LSID:31644
09:48:56.642  uart:~$ uart:~$ [00:00:03.497,000] <dbg> chip.LogV: [SC]Allocated SecureSession (0x70001728) - waiting for Sigma1 msg
09:48:56.662  uart:~$ uart:~$ [00:00:03.497,000] <inf> chip: [SVR]Joining Multicast groups
09:48:56.672  uart:~$ uart:~$ [00:00:03.498,000] <dbg> chip.LogV: [ZCL]Emitting StartUp event
09:48:56.712  uart:~$ uart:~$ [00:00:03.501,000] <dbg> chip.LogV: [EVL]LogEvent event number: 0x0000000000000001 priority: 2, endpoint id:  0x0 cluster id: 0x0000_0028 event id: 0x0 Sys timestamp: 0x000000000000039E
09:48:56.732  uart:~$ uart:~$ [00:00:03.501,000] <inf> chip: [SVR]Server initialization complete
09:48:56.742  uart:~$ uart:~$ [00:00:03.502,000] <inf> chip: [SVR]Server Listening...
09:48:56.774  uart:~$ uart:~$ [00:00:03.544,000] <inf> matter: IPv6 address added, starting Matter
09:48:56.794  uart:~$ uart:~$ [00:00:03.544,000] <inf> matter: Matter start work already submitted
09:48:57.813  ### boot on the empty store: uart:~$ uart:~$ [00:00:03.776,000] <inf> matter: Matter stack initialized
09:48:57.813  uart:~$ uart:~$ [00:00:03.776,000] <inf> matter: Matter stack initialized
09:48:57.833  uart:~$ uart:~$ [00:00:03.778,000] <inf> matter: Matter event loop started
09:48:57.854  uart:~$ uart:~$ [00:00:03.778,000] <inf> matter_event_loop: Init io_to_matter_stream
09:48:57.864  uart:~$ uart:~$ [00:00:03.779,000] <inf> matter_event_loop: Start io_to_matter_stream
09:48:57.884  uart:~$ uart:~$ [00:00:03.779,000] <inf> chip: [DL]CHIP task running
09:48:57.904  uart:~$ uart:~$ [00:00:03.780,000] <inf> chip: [DIS]Updating services using commissioning mode 0
09:48:57.924  uart:~$ uart:~$ [00:00:03.782,000] <inf> chip: [DIS]CHIP minimal mDNS started advertising.
09:49:02.825  uart:~$ uart:~$ matter commissioning open
09:49:02.836  Matter commissioning window open scheduled
09:49:02.891  uart:~$ [00:00:09.835,000] <dbg> chip.LogV: [IN]SecureSession[0x70001800]: Allocated Type:1 LSID:31645
09:49:02.922  uart:~$ uart:~$ [00:00:09.836,000] <dbg> chip.LogV: [SC]Assigned local session key ID 31645
09:49:02.942  uart:~$ uart:~$ [00:00:09.836,000] <dbg> chip.LogV: [SC]Waiting for PBKDF param request
09:49:02.962  uart:~$ uart:~$ [00:00:09.836,000] <inf> chip: [DIS]Updating services using commissioning mode 1
09:49:02.972  uart:~$ uart:~$ [00:00:09.839,000] <inf> chip: [DIS]CHIP minimal mDNS started advertising.
09:49:02.992  uart:~$ uart:~$ [00:00:09.840,000] <dbg> chip.LogV: [DL]Using WiFi MAC for hostname
09:49:03.012  uart:~$ uart:~$ [00:00:09.848,000] <dbg> chip.LogV: [DIS]DNS-SD Pairing Instruction not set
09:49:03.042  uart:~$ uart:~$ [00:00:09.848,000] <inf> chip: [DIS]Advertise commission parameter vendorID=65521 productID=32769 discriminator=3840/15 cm=1 cp=0 jf=0
09:49:03.063  uart:~$ uart:~$ [00:00:09.849,000] <dbg> chip.LogV: [DIS]Responding with _matterc._udp.local
09:49:03.083  uart:~$ uart:~$ [00:00:09.849,000] <dbg> chip.LogV: [DIS]Responding with 921479EA1CC42E09._matterc._udp.local
09:49:03.150  uart:~$ uart:~$ [00:00:10.064,000] <dbg> chip.LogV: [DIS]Responding with 803428106A1D.local
09:49:03.170  uart:~$ uart:~$ [00:00:10.064,000] <dbg> chip.LogV: [DIS]Responding with _V65521._sub._matterc._udp.local
09:49:03.200  uart:~$ uart:~$ [00:00:10.065,000] <dbg> chip.LogV: [DIS]Responding with _S15._sub._matterc._udp.local
09:49:03.220  uart:~$ uart:~$ [00:00:10.065,000] <dbg> chip.LogV: [DIS]Responding with _L3840._sub._matterc._udp.local
09:49:03.240  uart:~$ uart:~$ [00:00:10.065,000] <dbg> chip.LogV: [DIS]Responding with _CM._sub._matterc._udp.local
09:49:03.261  uart:~$ uart:~$ [00:00:10.066,000] <dbg> chip.LogV: [DIS]Responding with 921479EA1CC42E09._matterc._udp.local
09:49:03.291  uart:~$ uart:~$ [00:00:10.066,000] <inf> chip: [DIS]CHIP minimal mDNS configured as 'Commissionable node device'; instance name: 921479EA1CC42E09.
09:49:03.301  uart:~$ uart:~$ [00:00:10.081,000] <inf> chip: [DIS]mDNS service published: _matterc._udp
09:49:03.321  uart:~$ uart:~$ [00:00:10.081,000] <inf> matter_shell: Commissioning window is open
09:49:03.341  uart:~$ uart:~$ [00:00:10.113,000] <inf> matter_shell: Matter QR code: MT:-24J0AFN00KA0648G00
09:49:04.395  ### QR_READY /Volumes/Programming/Zephyr/zephyr_latest/cedar_switch_3in4out_power/docs/device-development/reports/p3/apple-home/20260915-0948/qr.png MT:-24J0AFN00KA0648G00 manual 34970112332
09:49:04.360  uart:~$ uart:~$ [00:00:10.324,000] <inf> matter_shell: Matter manual pairing code: 34970112332
09:49:04.387  uart:~$ uart:~$ [00:00:10.324,000] <err> chip: [DL]Long dispatch time: 513 ms, for event type 2
09:49:40.030  uart:~$ uart:~$ [00:00:46.943,000] <inf> chip: [EM]>>> [E:37510r S:0 M:259948088] (U) Msg RX from 0:88D92FD01A50F114 [0000] to 0000000000000000 --- Type 0000:20 (SecureChannel:PBKDFParamRequest) (B:98)
09:49:40.050  uart:~$ uart:~$ [00:00:46.944,000] <dbg> chip.LogV: [EM]Handling via exchange: 37510r, Delegate: 0x700039f0
09:49:40.090  uart:~$ uart:~$ [00:00:46.945,000] <inf> chip: [EM]<<< [E:37510r S:0 M:133067072 (Ack:259948088)] (U) Msg TX from 0000000000000000 to 0:88D92FD01A50F114 [0000] [UDP:[fe80::1c59:aaca:1932:e904%ETH_W5500]:51433] --- Type 0000:10 (SecureChannel:StandaloneAck) (B:26)
09:49:40.121  uart:~$ uart:~$ [00:00:46.952,000] <dbg> chip.LogV: [EM]Flushed pending ack for MessageCounter:259948088 on exchange 37510r
09:49:40.131  uart:~$ uart:~$ [00:00:46.952,000] <dbg> chip.LogV: [SC]Received PBKDF param request
09:49:40.151  uart:~$ uart:~$ [00:00:46.952,000] <dbg> chip.LogV: [SC]Peer assigned session ID 46163
09:49:40.171  uart:~$ uart:~$ [00:00:46.952,000] <dbg> chip.LogV: [SC]Found MRP parameters in the message
09:49:40.221  uart:~$ uart:~$ [00:00:46.955,000] <inf> chip: [EM]<<< [E:37510r S:0 M:133067073 (Ack:259948088)] (U) Msg TX from 0000000000000000 to 0:88D92FD01A50F114 [0000] [UDP:[fe80::1c59:aaca:1932:e904%ETH_W5500]:51433] --- Type 0000:21 (SecureChannel:PBKDFParamResponse) (B:158)
09:49:40.251  uart:~$ uart:~$ [00:00:46.964,000] <inf> chip: [EM]??1 [E:37510r S:0 M:133067073] (U) Msg Retransmission to 0:0000000000000000 scheduled for 348ms from now [State:Active II:500 AI:300 AT:4000]
09:49:40.272  uart:~$ uart:~$ [00:00:46.964,000] <dbg> chip.LogV: [SC]Sent PBKDF param response
09:49:40.376  uart:~$ uart:~$ [00:00:47.254,000] <inf> chip: [SVR]Commissioning session establishment step started
09:49:40.416  uart:~$ uart:~$ [00:00:47.256,000] <inf> chip: [EM]>>> [E:37510r S:0 M:259948089 (Ack:133067073)] (U) Msg RX from 0:88D92FD01A50F114 [0000] to 0000000000000000 --- Type 0000:22 (SecureChannel:PASE_Pake1) (B:96)
09:49:40.436  uart:~$ uart:~$ [00:00:47.256,000] <dbg> chip.LogV: [EM]Found matching exchange: 37510r, Delegate: 0x700039f0
09:49:40.466  uart:~$ uart:~$ [00:00:47.257,000] <dbg> chip.LogV: [EM]Rxd Ack; Removing MessageCounter:133067073 from Retrans Table on exchange 37510r
09:49:40.506  uart:~$ uart:~$ [00:00:47.258,000] <inf> chip: [EM]<<< [E:37510r S:0 M:133067074 (Ack:259948089)] (U) Msg TX from 0000000000000000 to 0:88D92FD01A50F114 [0000] [UDP:[fe80::1c59:aaca:1932:e904%ETH_W5500]:51433] --- Type 0000:10 (SecureChannel:StandaloneAck) (B:26)
09:49:40.536  uart:~$ uart:~$ [00:00:47.264,000] <dbg> chip.LogV: [EM]Flushed pending ack for MessageCounter:259948089 on exchange 37510r
09:49:40.546  uart:~$ uart:~$ [00:00:47.264,000] <dbg> chip.LogV: [SC]Received spake2p msg1
09:49:40.566  uart:~$ uart:~$ [00:00:47.266,000] <inf> stm32_pka: PKA ready
09:49:40.607  uart:~$ uart:~$ [00:00:47.327,000] <inf> chip: [EM]<<< [E:37510r S:0 M:133067075 (Ack:259948089)] (U) Msg TX from 0000000000000000 to 0:88D92FD01A50F114 [0000] [UDP:[fe80::1c59:aaca:1932:e904%ETH_W5500]:51433] --- Type 0000:23 (SecureChannel:PASE_Pake2) (B:131)
09:49:40.637  uart:~$ uart:~$ [00:00:47.336,000] <inf> chip: [EM]??1 [E:37510r S:0 M:133067075] (U) Msg Retransmission to 0:0000000000000000 scheduled for 354ms from now [State:Active II:500 AI:300 AT:4000]
09:49:40.679  uart:~$ uart:~$ [00:00:47.626,000] <dbg> chip.LogV: [SC]Sent spake2p msg2
09:49:40.709  uart:~$ uart:~$ [00:00:47.639,000] <dbg> chip.LogV: [IN]Received a duplicate message with MessageCounter:259948089 on exchange 37510r
09:49:40.750  uart:~$ uart:~$ [00:00:47.640,000] <inf> chip: [EM]>>> [E:37510r S:0 M:259948089 (Ack:133067073)] (U) Msg RX from 0:88D92FD01A50F114 [0000] to 0000000000000000 --- Type 0000:22 (SecureChannel:PASE_Pake1) (B:96)
09:49:40.770  uart:~$ uart:~$ [00:00:47.640,000] <dbg> chip.LogV: [EM]Found matching exchange: 37510r, Delegate: 0x700039f0
09:49:40.790  uart:~$ uart:~$ [00:00:47.640,000] <dbg> chip.LogV: [EM]Forcing tx of solitary ack for duplicate MessageCounter:259948089 on exchange 37510r
09:49:40.840  uart:~$ uart:~$ [00:00:47.641,000] <inf> chip: [EM]<<< [E:37510r S:0 M:133067076 (Ack:259948089)] (U) Msg TX from 0000000000000000 to 0:88D92FD01A50F114 [0000] [UDP:[fe80::1c59:aaca:1932:e904%ETH_W5500]:51433] --- Type 0000:10 (SecureChannel:StandaloneAck) (B:26)
09:49:40.881  uart:~$ uart:~$ [00:00:47.649,000] <inf> chip: [EM]>>> [E:37510r S:0 M:259948090 (Ack:133067075)] (U) Msg RX from 0:88D92FD01A50F114 [0000] to 0000000000000000 --- Type 0000:24 (SecureChannel:PASE_Pake3) (B:63)
09:49:40.901  uart:~$ uart:~$ [00:00:47.649,000] <dbg> chip.LogV: [EM]Found matching exchange: 37510r, Delegate: 0x700039f0
09:49:40.921  uart:~$ uart:~$ [00:00:47.650,000] <dbg> chip.LogV: [EM]Rxd Ack; Removing MessageCounter:133067075 from Retrans Table on exchange 37510r
09:49:40.971  uart:~$ uart:~$ [00:00:47.651,000] <inf> chip: [EM]<<< [E:37510r S:0 M:133067077 (Ack:259948090)] (U) Msg TX from 0000000000000000 to 0:88D92FD01A50F114 [0000] [UDP:[fe80::1c59:aaca:1932:e904%ETH_W5500]:51433] --- Type 0000:10 (SecureChannel:StandaloneAck) (B:26)
09:49:41.023  uart:~$ uart:~$ [00:00:47.963,000] <dbg> chip.LogV: [EM]Flushed pending ack for MessageCounter:259948090 on exchange 37510r
09:49:41.043  uart:~$ uart:~$ [00:00:47.963,000] <dbg> chip.LogV: [SC]Received spake2p msg3
09:49:41.063  uart:~$ uart:~$ [00:00:47.964,000] <dbg> chip.LogV: [SC]Sending status report. Protocol code 0, exchange 37510
09:49:41.103  uart:~$ uart:~$ [00:00:47.965,000] <inf> chip: [EM]<<< [E:37510r S:0 M:133067078 (Ack:259948090)] (U) Msg TX from 0000000000000000 to 0:88D92FD01A50F114 [0000] [UDP:[fe80::1c59:aaca:1932:e904%ETH_W5500]:51433] --- Type 0000:40 (SecureChannel:StatusReport) (B:34)
09:49:41.144  uart:~$ uart:~$ [00:00:47.972,000] <inf> chip: [EM]??1 [E:37510r S:0 M:133067078] (U) Msg Retransmission to 0:0000000000000000 scheduled for 337ms from now [State:Active II:500 AI:300 AT:4000]
09:49:41.164  uart:~$ uart:~$ [00:00:47.983,000] <inf> chip: [SC]SecureSession[0x70001800, LSID:31645]: State change 'kEstablishing' --> 'kActive'
09:49:41.184  uart:~$ uart:~$ [00:00:47.983,000] <dbg> chip.LogV: [IN]SecureSession[0x70001800]: Activated - Type:1 LSID:31645
09:49:41.214  uart:~$ uart:~$ [00:00:47.983,000] <dbg> chip.LogV: [IN]New secure session activated for device <FFFFFFFB00000000, 0>, LSID:31645 PSID:46163!
09:49:41.234  uart:~$ uart:~$ [00:00:47.983,000] <inf> chip: [SVR]Commissioning completed session establishment step
09:49:41.254  uart:~$ uart:~$ [00:00:47.984,000] <inf> chip: [DIS]Updating services using commissioning mode 0
09:49:41.321  uart:~$ uart:~$ [00:00:48.244,000] <inf> chip: [DIS]CHIP minimal mDNS started advertising.
09:49:41.341  uart:~$ uart:~$ [00:00:48.275,000] <inf> chip: [SVR]Device completed Rendezvous process
09:49:41.362  uart:~$ uart:~$ [00:00:48.277,000] <dbg> chip.LogV: [IN]Received a duplicate message with MessageCounter:259948090 on exchange 37510r
09:49:41.402  uart:~$ uart:~$ [00:00:48.277,000] <inf> chip: [EM]>>> [E:37510r S:0 M:259948090 (Ack:133067075)] (U) Msg RX from 0:88D92FD01A50F114 [0000] to 0000000000000000 --- Type 0000:24 (SecureChannel:PASE_Pake3) (B:63)
09:49:41.432  uart:~$ uart:~$ [00:00:48.277,000] <dbg> chip.LogV: [EM]Found matching exchange: 37510r, Delegate: 0
09:49:41.463  uart:~$ uart:~$ [00:00:48.278,000] <dbg> chip.LogV: [EM]Forcing tx of solitary ack for duplicate MessageCounter:259948090 on exchange 37510r
09:49:41.503  uart:~$ uart:~$ [00:00:48.278,000] <inf> chip: [EM]<<< [E:37510r S:0 M:133067079 (Ack:259948090)] (U) Msg TX from 0000000000000000 to 0:88D92FD01A50F114 [0000] [UDP:[fe80::1c59:aaca:1932:e904%ETH_W5500]:51433] --- Type 0000:10 (SecureChannel:StandaloneAck) (B:26)
09:49:41.543  uart:~$ uart:~$ [00:00:48.287,000] <inf> chip: [EM]>>> [E:37510r S:0 M:259948091 (Ack:133067078)] (U) Msg RX from 0:88D92FD01A50F114 [0000] to 0000000000000000 --- Type 0000:10 (SecureChannel:StandaloneAck) (B:26)
09:49:41.564  uart:~$ uart:~$ [00:00:48.287,000] <dbg> chip.LogV: [EM]Found matching exchange: 37510r, Delegate: 0
09:49:41.584  uart:~$ uart:~$ [00:00:48.287,000] <dbg> chip.LogV: [EM]Rxd Ack; Removing MessageCounter:133067078 from Retrans Table on exchange 37510r
09:49:41.646  uart:~$ uart:~$ [00:00:48.576,000] <inf> chip: [EM]>>> [E:37511r S:31645 M:174205360] (S) Msg RX from 0:FFFFFFFB00000000 [0000] to 0000000000000000 --- Type 0001:02 (IM:ReadRequest) (B:136)
09:49:41.666  uart:~$ uart:~$ [00:00:48.576,000] <dbg> chip.LogV: [EM]Handling via exchange: 37511r, Delegate: 0x20014644
09:49:41.686  uart:~$ uart:~$ [00:00:48.576,000] <dbg> chip.LogV: [IM]Received Read request
09:49:41.706  uart:~$ uart:~$ [00:00:48.580,000] <dbg> chip.LogV: [DMG]IM RH moving to [CanStartReporting]
09:49:41.737  uart:~$ uart:~$ [00:00:48.582,000] <dbg> chip.LogV: [DMG]Building Reports for ReadHandler with LastReportGeneration = 0x00000000 DirtyGeneration = 0x00000000
09:49:41.757  uart:~$ uart:~$ [00:00:48.585,000] <dbg> chip.LogV: [DMG]<RE:Run> Cluster 28, Attribute 4 is dirty
09:49:41.787  uart:~$ uart:~$ [00:00:48.587,000] <dbg> chip.LogV: [DMG]Reading attribute: Cluster=0x0000_0028 Endpoint=0x0 AttributeId=0x0000_0004 (expanded=0)
09:49:41.807  uart:~$ uart:~$ [00:00:48.591,000] <dbg> chip.LogV: [DMG]<RE:Run> Cluster 28, Attribute 2 is dirty
09:49:41.827  uart:~$ uart:~$ [00:00:48.593,000] <dbg> chip.LogV: [DMG]Reading attribute: Cluster=0x0000_0028 Endpoint=0x0 AttributeId=0x0000_0002 (expanded=0)
09:49:41.858  uart:~$ uart:~$ [00:00:48.596,000] <dbg> chip.LogV: [DMG]<RE:Run> Cluster 30, Attribute c is dirty
09:49:41.933  uart:~$ uart:~$ [00:00:48.840,000] <err> chip: [DMG]Fail to retrieve data, roll back and encode status on clusterId: 0x0000_0030, attributeId: 0x0000_000Cerr = 586
09:49:41.954  uart:~$ uart:~$ [00:00:48.843,000] <dbg> chip.LogV: [DMG]<RE:Run> Cluster 30, Attribute 3 is dirty
09:49:41.984  uart:~$ uart:~$ [00:00:48.845,000] <dbg> chip.LogV: [DMG]Reading attribute: Cluster=0x0000_0030 Endpoint=0x0 AttributeId=0x0000_0003 (expanded=0)
09:49:42.004  uart:~$ uart:~$ [00:00:48.849,000] <dbg> chip.LogV: [DMG]<RE:Run> Cluster 30, Attribute 2 is dirty
09:49:42.024  uart:~$ uart:~$ [00:00:48.850,000] <dbg> chip.LogV: [DMG]Reading attribute: Cluster=0x0000_0030 Endpoint=0x0 AttributeId=0x0000_0002 (expanded=0)
09:49:42.044  uart:~$ uart:~$ [00:00:48.873,000] <dbg> chip.LogV: [DMG]<RE:Run> Cluster 30, Attribute 1 is dirty
09:49:42.074  uart:~$ uart:~$ [00:00:48.874,000] <dbg> chip.LogV: [DMG]Reading attribute: Cluster=0x0000_0030 Endpoint=0x0 AttributeId=0x0000_0001 (expanded=0)
09:49:42.094  uart:~$ uart:~$ [00:00:48.878,000] <dbg> chip.LogV: [DMG]<RE:Run> Cluster 30, Attribute 0 is dirty
09:49:42.124  uart:~$ uart:~$ [00:00:48.880,000] <dbg> chip.LogV: [DMG]Reading attribute: Cluster=0x0000_0030 Endpoint=0x0 AttributeId=0x0000_0000 (expanded=0)
09:49:42.145  uart:~$ uart:~$ [00:00:48.883,000] <dbg> chip.LogV: [DMG]<RE:Run> Cluster 30, Attribute 4 is dirty
09:49:42.200  uart:~$ uart:~$ [00:00:49.129,000] <dbg> chip.LogV: [DMG]Reading attribute: Cluster=0x0000_0030 Endpoint=0x0 AttributeId=0x0000_0004 (expanded=0)
09:49:42.220  uart:~$ uart:~$ [00:00:49.131,000] <dbg> chip.LogV: [DMG]<RE> Sending report (payload has 223 bytes)...
09:49:42.260  uart:~$ uart:~$ [00:00:49.133,000] <inf> chip: [EM]<<< [E:37511r S:31645 M:235558592 (Ack:174205360)] (S) Msg TX from 0000000000000000 to 0:FFFFFFFB00000000 [0000] [UDP:[fe80::1c59:aaca:1932:e904%ETH_W5500]:51433] --- Type 0001:05 (IM:ReportData) (B:257)
09:49:42.291  uart:~$ uart:~$ [00:00:49.144,000] <inf> chip: [EM]??1 [E:37511r S:31645 M:235558592] (S) Msg Retransmission to 0:FFFFFFFB00000000 scheduled for 360ms from now [State:Active II:500 AI:300 AT:4000]
09:49:42.311  uart:~$ uart:~$ [00:00:49.144,000] <dbg> chip.LogV: [DMG]<RE> OnReportConfirm: NumReports = 0
09:49:42.341  uart:~$ uart:~$ [00:00:49.145,000] <dbg> chip.LogV: [DMG]<RE> ReportsInFlight = 0 with readHandler 0, RE has no more messages
09:49:42.361  uart:~$ uart:~$ [00:00:49.145,000] <dbg> chip.LogV: [DMG]IM RH moving to [AwaitingDestruction]
09:49:42.381  uart:~$ uart:~$ [00:00:49.145,000] <dbg> chip.LogV: [DMG]All ReadHandler-s are clean, clear GlobalDirtySet
09:49:42.401  uart:~$ uart:~$ [00:00:49.146,000] <dbg> chip.LogV: [IN]Received a duplicate message with MessageCounter:174205360 on exchange 37511r
09:49:42.443  uart:~$ uart:~$ [00:00:49.154,000] <inf> chip: [EM]>>> [E:37511r S:31645 M:174205360] (S) Msg RX from 0:FFFFFFFB00000000 [0000] to 0000000000000000 --- Type 0001:02 (IM:ReadRequest) (B:136)
09:49:42.487  uart:~$ uart:~$ [00:00:49.432,000] <dbg> chip.LogV: [EM]Found matching exchange: 37511r, Delegate: 0
09:49:42.518  uart:~$ uart:~$ [00:00:49.432,000] <dbg> chip.LogV: [EM]Forcing tx of solitary ack for duplicate MessageCounter:174205360 on exchange 37511r
09:49:42.568  uart:~$ uart:~$ [00:00:49.433,000] <inf> chip: [EM]<<< [E:37511r S:31645 M:235558593 (Ack:174205360)] (S) Msg TX from 0000000000000000 to 0:FFFFFFFB00000000 [0000] [UDP:[fe80::1c59:aaca:1932:e904%ETH_W5500]:51433] --- Type 0000:10 (SecureChannel:StandaloneAck) (B:34)
09:49:42.588  uart:~$ uart:~$ [00:00:49.441,000] <dbg> chip.LogV: [IN]Received a duplicate message with MessageCounter:174205360 on exchange 37511r
09:49:42.628  uart:~$ uart:~$ [00:00:49.442,000] <inf> chip: [EM]>>> [E:37511r S:31645 M:174205360] (S) Msg RX from 0:FFFFFFFB00000000 [0000] to 0000000000000000 --- Type 0001:02 (IM:ReadRequest) (B:136)
09:49:42.648  uart:~$ uart:~$ [00:00:49.442,000] <dbg> chip.LogV: [EM]Found matching exchange: 37511r, Delegate: 0
09:49:42.668  uart:~$ uart:~$ [00:00:49.442,000] <dbg> chip.LogV: [EM]Forcing tx of solitary ack for duplicate MessageCounter:174205360 on exchange 37511r
09:49:42.718  uart:~$ uart:~$ [00:00:49.443,000] <inf> chip: [EM]<<< [E:37511r S:31645 M:235558594 (Ack:174205360)] (S) Msg TX from 0000000000000000 to 0:FFFFFFFB00000000 [0000] [UDP:[fe80::1c59:aaca:1932:e904%ETH_W5500]:51433] --- Type 0000:10 (SecureChannel:StandaloneAck) (B:34)
09:49:42.748  uart:~$ uart:~$ [00:00:49.453,000] <inf> chip: [EM]>>> [E:37512r S:31645 M:174205361] (S) Msg RX from 0:FFFFFFFB00000000 [0000] to 0000000000000000 --- Type 0001:02 (IM:ReadRequest) (B:114)
09:49:42.768  uart:~$ uart:~$ [00:00:49.453,000] <dbg> chip.LogV: [EM]Handling via exchange: 37512r, Delegate: 0x20014644
09:49:42.825  uart:~$ uart:~$ [00:00:49.756,000] <dbg> chip.LogV: [IM]Received Read request
09:49:42.846  uart:~$ uart:~$ [00:00:49.759,000] <dbg> chip.LogV: [DMG]IM RH moving to [CanStartReporting]
09:49:42.866  uart:~$ uart:~$ [00:00:49.760,000] <inf> chip: [EM]<<1 [E:37511r S:31645 M:235558592] (S) Msg Retransmission to 0:FFFFFFFB00000000
09:49:42.906  uart:~$ uart:~$ [00:00:49.771,000] <inf> chip: [EM]??2 [E:37511r S:31645 M:235558592] (S) Msg Retransmission to 0:FFFFFFFB00000000 scheduled for 407ms from now [State:Active II:500 AI:300 AT:4000]
09:49:42.936  uart:~$ uart:~$ [00:00:49.772,000] <dbg> chip.LogV: [DMG]Building Reports for ReadHandler with LastReportGeneration = 0x00000000 DirtyGeneration = 0x00000000
09:49:42.956  uart:~$ uart:~$ [00:00:49.774,000] <dbg> chip.LogV: [DMG]<RE:Run> Cluster 31, Attribute 1 is dirty
09:49:42.987  uart:~$ uart:~$ [00:00:49.776,000] <dbg> chip.LogV: [DMG]Reading attribute: Cluster=0x0000_0031 Endpoint=0x0 AttributeId=0x0000_0001 (expanded=1)
09:49:43.007  uart:~$ uart:~$ [00:00:49.784,000] <dbg> chip.LogV: [DMG]<RE:Run> Cluster 33, Attribute 0 is dirty
09:49:43.037  uart:~$ uart:~$ [00:00:49.785,000] <dbg> chip.LogV: [DMG]Reading attribute: Cluster=0x0000_0033 Endpoint=0x0 AttributeId=0x0000_0000 (expanded=0)
09:49:43.057  uart:~$ uart:~$ [00:00:49.789,000] <dbg> chip.LogV: [DMG]<RE:Run> Cluster 1349fc00, Attribute 1 is dirty
09:49:43.099  uart:~$ uart:~$ [00:00:50.042,000] <err> chip: [DMG]Read request on unknown cluster - no data version available
09:49:43.129  uart:~$ uart:~$ [00:00:50.044,000] <err> chip: [DMG]Fail to retrieve data, roll back and encode status on clusterId: 0x1349_FC00, attributeId: 0x0000_0001err = 5c3
09:49:43.149  uart:~$ uart:~$ [00:00:50.047,000] <dbg> chip.LogV: [DMG]<RE:Run> Cluster 1d, Attribute 3 is dirty
09:49:43.179  uart:~$ uart:~$ [00:00:50.049,000] <dbg> chip.LogV: [DMG]Reading attribute: Cluster=0x0000_001D Endpoint=0x0 AttributeId=0x0000_0003 (expanded=1)
09:49:43.200  uart:~$ uart:~$ [00:00:50.052,000] <dbg> chip.LogV: [DMG]<RE:Run> Cluster 1d, Attribute 3 is dirty
09:49:43.230  uart:~$ uart:~$ [00:00:50.053,000] <dbg> chip.LogV: [DMG]Reading attribute: Cluster=0x0000_001D Endpoint=0x1 AttributeId=0x0000_0003 (expanded=1)
09:49:43.250  uart:~$ uart:~$ [00:00:50.056,000] <dbg> chip.LogV: [DMG]<RE:Run> Cluster 1d, Attribute 3 is dirty
09:49:43.270  uart:~$ uart:~$ [00:00:50.057,000] <dbg> chip.LogV: [DMG]Reading attribute: Cluster=0x0000_001D Endpoint=0x2 AttributeId=0x0000_0003 (expanded=1)
09:49:43.290  uart:~$ uart:~$ [00:00:50.059,000] <dbg> chip.LogV: [DMG]<RE:Run> Cluster 1d, Attribute 3 is dirty
09:49:43.320  uart:~$ uart:~$ [00:00:50.061,000] <dbg> chip.LogV: [DMG]Reading attribute: Cluster=0x0000_001D Endpoint=0x3 AttributeId=0x0000_0003 (expanded=1)
09:49:43.362  uart:~$ uart:~$ [00:00:50.308,000] <dbg> chip.LogV: [DMG]<RE:Run> Cluster 1d, Attribute 3 is dirty
09:49:43.392  uart:~$ uart:~$ [00:00:50.309,000] <dbg> chip.LogV: [DMG]Reading attribute: Cluster=0x0000_001D Endpoint=0x4 AttributeId=0x0000_0003 (expanded=1)
09:49:43.412  uart:~$ uart:~$ [00:00:50.311,000] <dbg> chip.LogV: [DMG]<RE:Run> Cluster 1d, Attribute 3 is dirty
09:49:43.432  uart:~$ uart:~$ [00:00:50.312,000] <dbg> chip.LogV: [DMG]Reading attribute: Cluster=0x0000_001D Endpoint=0x5 AttributeId=0x0000_0003 (expanded=1)
09:49:43.452  uart:~$ uart:~$ [00:00:50.315,000] <dbg> chip.LogV: [DMG]<RE:Run> Cluster 1d, Attribute 3 is dirty
09:49:43.482  uart:~$ uart:~$ [00:00:50.316,000] <dbg> chip.LogV: [DMG]Reading attribute: Cluster=0x0000_001D Endpoint=0x6 AttributeId=0x0000_0003 (expanded=1)
09:49:43.502  uart:~$ uart:~$ [00:00:50.318,000] <dbg> chip.LogV: [DMG]<RE:Run> Cluster 1d, Attribute 3 is dirty
09:49:43.532  uart:~$ uart:~$ [00:00:50.319,000] <dbg> chip.LogV: [DMG]Reading attribute: Cluster=0x0000_001D Endpoint=0x7 AttributeId=0x0000_0003 (expanded=1)
09:49:43.553  uart:~$ uart:~$ [00:00:50.323,000] <dbg> chip.LogV: [DMG]<RE:Run> Cluster 1d, Attribute 0 is dirty
09:49:43.584  uart:~$ uart:~$ [00:00:50.324,000] <dbg> chip.LogV: [DMG]Reading attribute: Cluster=0x0000_001D Endpoint=0x0 AttributeId=0x0000_0000 (expanded=1)
09:49:43.626  uart:~$ uart:~$ [00:00:50.566,000] <dbg> chip.LogV: [DMG]<RE:Run> Cluster 1d, Attribute 0 is dirty
09:49:43.646  uart:~$ uart:~$ [00:00:50.567,000] <dbg> chip.LogV: [DMG]Reading attribute: Cluster=0x0000_001D Endpoint=0x1 AttributeId=0x0000_0000 (expanded=1)
09:49:43.666  uart:~$ uart:~$ [00:00:50.570,000] <dbg> chip.LogV: [DMG]<RE:Run> Cluster 1d, Attribute 0 is dirty
09:49:43.697  uart:~$ uart:~$ [00:00:50.575,000] <dbg> chip.LogV: [DMG]Reading attribute: Cluster=0x0000_001D Endpoint=0x2 AttributeId=0x0000_0000 (expanded=1)
09:49:43.717  uart:~$ uart:~$ [00:00:50.578,000] <dbg> chip.LogV: [DMG]<RE:Run> Cluster 1d, Attribute 0 is dirty
09:49:43.747  uart:~$ uart:~$ [00:00:50.579,000] <dbg> chip.LogV: [DMG]Reading attribute: Cluster=0x0000_001D Endpoint=0x3 AttributeId=0x0000_0000 (expanded=1)
09:49:43.767  uart:~$ uart:~$ [00:00:50.582,000] <dbg> chip.LogV: [DMG]<RE:Run> Cluster 1d, Attribute 0 is dirty
09:49:43.797  uart:~$ uart:~$ [00:00:50.583,000] <dbg> chip.LogV: [DMG]Reading attribute: Cluster=0x0000_001D Endpoint=0x4 AttributeId=0x0000_0000 (expanded=1)
09:49:43.817  uart:~$ uart:~$ [00:00:50.586,000] <dbg> chip.LogV: [DMG]<RE:Run> Cluster 1d, Attribute 0 is dirty
09:49:43.838  uart:~$ uart:~$ [00:00:50.587,000] <dbg> chip.LogV: [DMG]Reading attribute: Cluster=0x0000_001D Endpoint=0x5 AttributeId=0x0000_0000 (expanded=1)
09:49:43.914  uart:~$ uart:~$ [00:00:50.827,000] <dbg> chip.LogV: [DMG]<RE:Run> Cluster 1d, Attribute 0 is dirty
09:49:43.944  uart:~$ uart:~$ [00:00:50.829,000] <dbg> chip.LogV: [DMG]Reading attribute: Cluster=0x0000_001D Endpoint=0x6 AttributeId=0x0000_0000 (expanded=1)
09:49:43.964  uart:~$ uart:~$ [00:00:50.831,000] <dbg> chip.LogV: [DMG]<RE:Run> Cluster 1d, Attribute 0 is dirty
09:49:43.994  uart:~$ uart:~$ [00:00:50.832,000] <dbg> chip.LogV: [DMG]Reading attribute: Cluster=0x0000_001D Endpoint=0x7 AttributeId=0x0000_0000 (expanded=1)
09:49:44.014  uart:~$ uart:~$ [00:00:50.849,000] <dbg> chip.LogV: [DMG]<RE:Run> Cluster 31, Attribute fffc is dirty
09:49:44.044  uart:~$ uart:~$ [00:00:50.850,000] <dbg> chip.LogV: [DMG]Reading attribute: Cluster=0x0000_0031 Endpoint=0x0 AttributeId=0x0000_FFFC (expanded=1)
09:49:44.064  uart:~$ uart:~$ [00:00:50.857,000] <dbg> chip.LogV: [DMG]<RE> Sending report (payload has 731 bytes)...
09:49:44.105  uart:~$ uart:~$ [00:00:50.859,000] <inf> chip: [EM]<<< [E:37512r S:31645 M:235558595 (Ack:174205361)] (S) Msg TX from 0000000000000000 to 0:FFFFFFFB00000000 [0000] [UDP:[fe80::1c59:aaca:1932:e904%ETH_W5500]:51433] --- Type 0001:05 (IM:ReportData) (B:765)
09:49:44.145  uart:~$ uart:~$ [00:00:50.880,000] <inf> chip: [EM]??1 [E:37512r S:31645 M:235558595] (S) Msg Retransmission to 0:FFFFFFFB00000000 scheduled for 342ms from now [State:Active II:500 AI:300 AT:4000]
09:49:44.165  uart:~$ uart:~$ [00:00:50.881,000] <dbg> chip.LogV: [DMG]<RE> OnReportConfirm: NumReports = 0
09:49:44.196  uart:~$ uart:~$ [00:00:51.149,000] <dbg> chip.LogV: [DMG]<RE> ReportsInFlight = 0 with readHandler 0, RE has no more messages
09:49:44.216  uart:~$ uart:~$ [00:00:51.149,000] <dbg> chip.LogV: [DMG]IM RH moving to [AwaitingDestruction]
09:49:44.236  uart:~$ uart:~$ [00:00:51.150,000] <dbg> chip.LogV: [DMG]All ReadHandler-s are clean, clear GlobalDirtySet
09:49:44.276  uart:~$ uart:~$ [00:00:51.151,000] <inf> chip: [EM]>>> [E:37511r S:31645 M:174205362 (Ack:235558592)] (S) Msg RX from 0:FFFFFFFB00000000 [0000] to 0000000000000000 --- Type 0000:10 (SecureChannel:StandaloneAck) (B:34)
09:49:44.297  uart:~$ uart:~$ [00:00:51.151,000] <dbg> chip.LogV: [EM]Found matching exchange: 37511r, Delegate: 0
09:49:44.317  uart:~$ uart:~$ [00:00:51.152,000] <dbg> chip.LogV: [EM]Rxd Ack; Removing MessageCounter:235558592 from Retrans Table on exchange 37511r
09:49:44.347  uart:~$ uart:~$ [00:00:51.154,000] <dbg> chip.LogV: [IN]Received a duplicate message with MessageCounter:174205361 on exchange 37512r
09:49:44.387  uart:~$ uart:~$ [00:00:51.154,000] <inf> chip: [EM]>>> [E:37512r S:31645 M:174205361] (S) Msg RX from 0:FFFFFFFB00000000 [0000] to 0000000000000000 --- Type 0001:02 (IM:ReadRequest) (B:114)
09:49:44.407  uart:~$ uart:~$ [00:00:51.154,000] <dbg> chip.LogV: [EM]Found matching exchange: 37512r, Delegate: 0
09:49:44.428  uart:~$ uart:~$ [00:00:51.155,000] <dbg> chip.LogV: [EM]Forcing tx of solitary ack for duplicate MessageCounter:174205361 on exchange 37512r
09:49:44.526  uart:~$ uart:~$ [00:00:51.416,000] <inf> chip: [EM]<<< [E:37512r S:31645 M:235558596 (Ack:174205361)] (S) Msg TX from 0000000000000000 to 0:FFFFFFFB00000000 [0000] [UDP:[fe80::1c59:aaca:1932:e904%ETH_W5500]:51433] --- Type 0000:10 (SecureChannel:StandaloneAck) (B:34)
09:49:44.547  uart:~$ uart:~$ [00:00:51.424,000] <inf> chip: [EM]<<1 [E:37512r S:31645 M:235558595] (S) Msg Retransmission to 0:FFFFFFFB00000000
09:49:44.577  uart:~$ uart:~$ [00:00:51.445,000] <inf> chip: [EM]??2 [E:37512r S:31645 M:235558595] (S) Msg Retransmission to 0:FFFFFFFB00000000 scheduled for 383ms from now [State:Active II:500 AI:300 AT:4000]
09:49:44.617  uart:~$ uart:~$ [00:00:51.447,000] <inf> chip: [EM]>>> [E:37511r S:31645 M:174205363 (Ack:235558592)] (S) Msg RX from 0:FFFFFFFB00000000 [0000] to 0000000000000000 --- Type 0000:10 (SecureChannel:StandaloneAck) (B:34)
09:49:44.647  uart:~$ uart:~$ [00:00:51.449,000] <dbg> chip.LogV: [IN]Received a duplicate message with MessageCounter:174205361 on exchange 37512r
09:49:44.677  uart:~$ uart:~$ [00:00:51.449,000] <inf> chip: [EM]>>> [E:37512r S:31645 M:174205361] (S) Msg RX from 0:FFFFFFFB00000000 [0000] to 0000000000000000 --- Type 0001:02 (IM:ReadRequest) (B:114)
09:49:44.697  uart:~$ uart:~$ [00:00:51.449,000] <dbg> chip.LogV: [EM]Found matching exchange: 37512r, Delegate: 0
09:49:44.727  uart:~$ uart:~$ [00:00:51.450,000] <dbg> chip.LogV: [EM]Forcing tx of solitary ack for duplicate MessageCounter:174205361 on exchange 37512r
09:49:44.778  uart:~$ uart:~$ [00:00:51.451,000] <inf> chip: [EM]<<< [E:37512r S:31645 M:235558597 (Ack:174205361)] (S) Msg TX from 0000000000000000 to 0:FFFFFFFB00000000 [0000] [UDP:[fe80::1c59:aaca:1932:e904%ETH_W5500]:51433] --- Type 0000:10 (SecureChannel:StandaloneAck) (B:34)
09:49:44.798  uart:~$ uart:~$ [00:00:51.459,000] <dbg> chip.LogV: [IN]Received a duplicate message with MessageCounter:174205361 on exchange 37512r
09:49:44.850  uart:~$ uart:~$ [00:00:51.785,000] <inf> chip: [EM]>>> [E:37512r S:31645 M:174205361] (S) Msg RX from 0:FFFFFFFB00000000 [0000] to 0000000000000000 --- Type 0001:02 (IM:ReadRequest) (B:114)
09:49:44.870  uart:~$ uart:~$ [00:00:51.785,000] <dbg> chip.LogV: [EM]Found matching exchange: 37512r, Delegate: 0
09:49:44.890  uart:~$ uart:~$ [00:00:51.785,000] <dbg> chip.LogV: [EM]Forcing tx of solitary ack for duplicate MessageCounter:174205361 on exchange 37512r
09:49:44.941  uart:~$ uart:~$ [00:00:51.787,000] <inf> chip: [EM]<<< [E:37512r S:31645 M:235558598 (Ack:174205361)] (S) Msg TX from 0000000000000000 to 0:FFFFFFFB00000000 [0000] [UDP:[fe80::1c59:aaca:1932:e904%ETH_W5500]:51433] --- Type 0000:10 (SecureChannel:StandaloneAck) (B:34)
09:49:44.971  uart:~$ uart:~$ [00:00:51.795,000] <inf> chip: [EM]>>> [E:37513r S:31645 M:174205364] (S) Msg RX from 0:FFFFFFFB00000000 [0000] to 0000000000000000 --- Type 0001:08 (IM:InvokeCommandRequest) (B:65)
09:49:44.991  uart:~$ uart:~$ [00:00:51.796,000] <dbg> chip.LogV: [EM]Handling via exchange: 37513r, Delegate: 0x20014644
09:49:45.022  uart:~$ uart:~$ [00:00:51.797,000] <dbg> chip.LogV: [DMG]Received command for Endpoint=0 Cluster=0x0000_0030 Command=0x0000_0000
09:49:45.042  uart:~$ uart:~$ [00:00:51.798,000] <inf> chip: [FS]GeneralCommissioning: Received ArmFailSafe (60s)
09:49:45.062  uart:~$ uart:~$ [00:00:51.798,000] <dbg> chip.LogV: [DMG]Command handler moving to [NewRespons]
09:49:45.083  uart:~$ uart:~$ [00:00:51.798,000] <dbg> chip.LogV: [DMG]Command handler moving to [ Preparing]
09:49:45.138  uart:~$ uart:~$ [00:00:52.066,000] <dbg> chip.LogV: [DMG]Command handler moving to [AddingComm]
09:49:45.158  uart:~$ uart:~$ [00:00:52.067,000] <dbg> chip.LogV: [DMG]Command handler moving to [AddedComma]
09:49:45.178  uart:~$ uart:~$ [00:00:52.067,000] <dbg> chip.LogV: [DMG]Decreasing reference count for CommandHandlerImpl, remaining 1
09:49:45.209  uart:~$ uart:~$ [00:00:52.067,000] <dbg> chip.LogV: [DMG]Decreasing reference count for CommandHandlerImpl, remaining 0
09:49:45.239  uart:~$ uart:~$ [00:00:52.068,000] <dbg> chip.LogV: [DMG]Command handler moving to [AwaitingDe]
09:49:45.279  uart:~$ uart:~$ [00:00:52.069,000] <inf> chip: [EM]<<< [E:37513r S:31645 M:235558599 (Ack:174205364)] (S) Msg TX from 0000000000000000 to 0:FFFFFFFB00000000 [0000] [UDP:[fe80::1c59:aaca:1932:e904%ETH_W5500]:51433] --- Type 0001:09 (IM:InvokeCommandResponse) (B:70)
09:49:45.309  uart:~$ uart:~$ [00:00:52.077,000] <inf> chip: [EM]??1 [E:37513r S:31645 M:235558599] (S) Msg Retransmission to 0:FFFFFFFB00000000 scheduled for 374ms from now [State:Active II:500 AI:300 AT:4000]
09:49:45.339  uart:~$ uart:~$ [00:00:52.077,000] <dbg> chip.LogV: [DMG]Command response sender moving to [AllInvokeR]
09:49:45.359  uart:~$ uart:~$ [00:00:52.078,000] <inf> chip: [EM]<<2 [E:37512r S:31645 M:235558595] (S) Msg Retransmission to 0:FFFFFFFB00000000
09:49:45.390  uart:~$ uart:~$ [00:00:52.100,000] <inf> chip: [EM]??3 [E:37512r S:31645 M:235558595] (S) Msg Retransmission to 0:FFFFFFFB00000000 scheduled for 561ms from now [State:Active II:500 AI:300 AT:4000]
09:49:45.451  uart:~$ uart:~$ [00:00:52.381,000] <inf> chip: [EM]>>> [E:37512r S:31645 M:174205365 (Ack:235558595)] (S) Msg RX from 0:FFFFFFFB00000000 [0000] to 0000000000000000 --- Type 0000:10 (SecureChannel:StandaloneAck) (B:34)
09:49:45.471  uart:~$ uart:~$ [00:00:52.382,000] <dbg> chip.LogV: [EM]Found matching exchange: 37512r, Delegate: 0
09:49:45.491  uart:~$ uart:~$ [00:00:52.382,000] <dbg> chip.LogV: [EM]Rxd Ack; Removing MessageCounter:235558595 from Retrans Table on exchange 37512r
09:49:45.522  uart:~$ uart:~$ [00:00:52.384,000] <dbg> chip.LogV: [IN]Received a duplicate message with MessageCounter:174205364 on exchange 37513r
09:49:45.562  uart:~$ uart:~$ [00:00:52.385,000] <inf> chip: [EM]>>> [E:37513r S:31645 M:174205364] (S) Msg RX from 0:FFFFFFFB00000000 [0000] to 0000000000000000 --- Type 0001:08 (IM:InvokeCommandRequest) (B:65)
09:49:45.582  uart:~$ uart:~$ [00:00:52.385,000] <dbg> chip.LogV: [EM]Found matching exchange: 37513r, Delegate: 0
09:49:45.602  uart:~$ uart:~$ [00:00:52.385,000] <dbg> chip.LogV: [EM]Forcing tx of solitary ack for duplicate MessageCounter:174205364 on exchange 37513r
09:49:45.652  uart:~$ uart:~$ [00:00:52.386,000] <inf> chip: [EM]<<< [E:37513r S:31645 M:235558600 (Ack:174205364)] (S) Msg TX from 0000000000000000 to 0:FFFFFFFB00000000 [0000] [UDP:[fe80::1c59:aaca:1932:e904%ETH_W5500]:51433] --- Type 0000:10 (SecureChannel:StandaloneAck) (B:34)
09:49:45.693  uart:~$ uart:~$ [00:00:52.395,000] <inf> chip: [EM]>>> [E:37512r S:31645 M:174205366 (Ack:235558595)] (S) Msg RX from 0:FFFFFFFB00000000 [0000] to 0000000000000000 --- Type 0000:10 (SecureChannel:StandaloneAck) (B:34)
09:49:45.713  uart:~$ uart:~$ [00:00:52.396,000] <dbg> chip.LogV: [IN]Received a duplicate message with MessageCounter:174205364 on exchange 37513r
09:49:45.777  uart:~$ uart:~$ [00:00:52.700,000] <inf> chip: [EM]>>> [E:37513r S:31645 M:174205364] (S) Msg RX from 0:FFFFFFFB00000000 [0000] to 0000000000000000 --- Type 0001:08 (IM:InvokeCommandRequest) (B:65)
09:49:45.797  uart:~$ uart:~$ [00:00:52.700,000] <dbg> chip.LogV: [EM]Found matching exchange: 37513r, Delegate: 0
09:49:45.828  uart:~$ uart:~$ [00:00:52.700,000] <dbg> chip.LogV: [EM]Forcing tx of solitary ack for duplicate MessageCounter:174205364 on exchange 37513r
09:49:45.868  uart:~$ uart:~$ [00:00:52.701,000] <inf> chip: [EM]<<< [E:37513r S:31645 M:235558601 (Ack:174205364)] (S) Msg TX from 0000000000000000 to 0:FFFFFFFB00000000 [0000] [UDP:[fe80::1c59:aaca:1932:e904%ETH_W5500]:51433] --- Type 0000:10 (SecureChannel:StandaloneAck) (B:34)
09:49:45.898  uart:~$ uart:~$ [00:00:52.709,000] <inf> chip: [EM]<<1 [E:37513r S:31645 M:235558599] (S) Msg Retransmission to 0:FFFFFFFB00000000
09:49:45.939  uart:~$ uart:~$ [00:00:52.717,000] <inf> chip: [EM]??2 [E:37513r S:31645 M:235558599] (S) Msg Retransmission to 0:FFFFFFFB00000000 scheduled for 351ms from now [State:Active II:500 AI:300 AT:4000]
09:49:45.969  uart:~$ uart:~$ [00:00:52.718,000] <inf> chip: [EM]>>> [E:37514r S:31645 M:174205367] (S) Msg RX from 0:FFFFFFFB00000000 [0000] to 0000000000000000 --- Type 0001:08 (IM:InvokeCommandRequest) (B:70)
09:49:45.989  uart:~$ uart:~$ [00:00:52.719,000] <dbg> chip.LogV: [EM]Handling via exchange: 37514r, Delegate: 0x20014644
09:49:46.019  uart:~$ uart:~$ [00:00:52.724,000] <dbg> chip.LogV: [DMG]Received command for Endpoint=0 Cluster=0x0000_0030 Command=0x0000_0002
09:49:46.040  uart:~$ uart:~$ [00:00:52.729,000] <dbg> chip.LogV: [DMG]Command handler moving to [NewRespons]
09:49:46.071  uart:~$ uart:~$ [00:00:53.021,000] <dbg> chip.LogV: [DMG]Command handler moving to [ Preparing]
09:49:46.091  uart:~$ uart:~$ [00:00:53.021,000] <dbg> chip.LogV: [DMG]Command handler moving to [AddingComm]
09:49:46.111  uart:~$ uart:~$ [00:00:53.021,000] <dbg> chip.LogV: [DMG]Command handler moving to [AddedComma]
09:49:46.141  uart:~$ uart:~$ [00:00:53.022,000] <dbg> chip.LogV: [DMG]Decreasing reference count for CommandHandlerImpl, remaining 1
09:49:46.161  uart:~$ uart:~$ [00:00:53.022,000] <dbg> chip.LogV: [DMG]Decreasing reference count for CommandHandlerImpl, remaining 0
09:49:46.181  uart:~$ uart:~$ [00:00:53.022,000] <dbg> chip.LogV: [DMG]Command handler moving to [AwaitingDe]
09:49:46.232  uart:~$ uart:~$ [00:00:53.024,000] <inf> chip: [EM]<<< [E:37514r S:31645 M:235558602 (Ack:174205367)] (S) Msg TX from 0000000000000000 to 0:FFFFFFFB00000000 [0000] [UDP:[fe80::1c59:aaca:1932:e904%ETH_W5500]:51433] --- Type 0001:09 (IM:InvokeCommandResponse) (B:70)
09:49:46.262  uart:~$ uart:~$ [00:00:53.031,000] <inf> chip: [EM]??1 [E:37514r S:31645 M:235558602] (S) Msg Retransmission to 0:FFFFFFFB00000000 scheduled for 362ms from now [State:Active II:500 AI:300 AT:4000]
09:49:46.282  uart:~$ uart:~$ [00:00:53.032,000] <dbg> chip.LogV: [DMG]Command response sender moving to [AllInvokeR]
09:49:46.322  uart:~$ uart:~$ [00:00:53.034,000] <inf> chip: [EM]>>> [E:37513r S:31645 M:174205368 (Ack:235558599)] (S) Msg RX from 0:FFFFFFFB00000000 [0000] to 0000000000000000 --- Type 0000:10 (SecureChannel:StandaloneAck) (B:34)
09:49:46.363  uart:~$ uart:~$ [00:00:53.306,000] <dbg> chip.LogV: [EM]Found matching exchange: 37513r, Delegate: 0
09:49:46.383  uart:~$ uart:~$ [00:00:53.306,000] <dbg> chip.LogV: [EM]Rxd Ack; Removing MessageCounter:235558599 from Retrans Table on exchange 37513r
09:49:46.423  uart:~$ uart:~$ [00:00:53.308,000] <inf> chip: [EM]>>> [E:37512r S:31645 M:174205369 (Ack:235558595)] (S) Msg RX from 0:FFFFFFFB00000000 [0000] to 0000000000000000 --- Type 0000:10 (SecureChannel:StandaloneAck) (B:34)
09:49:46.453  uart:~$ uart:~$ [00:00:53.310,000] <dbg> chip.LogV: [IN]Received a duplicate message with MessageCounter:174205367 on exchange 37514r
09:49:46.483  uart:~$ uart:~$ [00:00:53.311,000] <inf> chip: [EM]>>> [E:37514r S:31645 M:174205367] (S) Msg RX from 0:FFFFFFFB00000000 [0000] to 0000000000000000 --- Type 0001:08 (IM:InvokeCommandRequest) (B:70)
09:49:46.503  uart:~$ uart:~$ [00:00:53.311,000] <dbg> chip.LogV: [EM]Found matching exchange: 37514r, Delegate: 0
09:49:46.534  uart:~$ uart:~$ [00:00:53.311,000] <dbg> chip.LogV: [EM]Forcing tx of solitary ack for duplicate MessageCounter:174205367 on exchange 37514r
09:49:46.574  uart:~$ uart:~$ [00:00:53.312,000] <inf> chip: [EM]<<< [E:37514r S:31645 M:235558603 (Ack:174205367)] (S) Msg TX from 0000000000000000 to 0:FFFFFFFB00000000 [0000] [UDP:[fe80::1c59:aaca:1932:e904%ETH_W5500]:51433] --- Type 0000:10 (SecureChannel:StandaloneAck) (B:34)
09:49:46.614  uart:~$ uart:~$ [00:00:53.321,000] <inf> chip: [EM]>>> [E:37513r S:31645 M:174205370 (Ack:235558599)] (S) Msg RX from 0:FFFFFFFB00000000 [0000] to 0000000000000000 --- Type 0000:10 (SecureChannel:StandaloneAck) (B:34)
09:49:46.645  uart:~$ uart:~$ [00:00:53.323,000] <dbg> chip.LogV: [IN]Received a duplicate message with MessageCounter:174205367 on exchange 37514r
09:49:46.698  uart:~$ uart:~$ [00:00:53.626,000] <inf> chip: [EM]>>> [E:37514r S:31645 M:174205367] (S) Msg RX from 0:FFFFFFFB00000000 [0000] to 0000000000000000 --- Type 0001:08 (IM:InvokeCommandRequest) (B:70)
09:49:46.719  uart:~$ uart:~$ [00:00:53.626,000] <dbg> chip.LogV: [EM]Found matching exchange: 37514r, Delegate: 0
09:49:46.739  uart:~$ uart:~$ [00:00:53.626,000] <dbg> chip.LogV: [EM]Forcing tx of solitary ack for duplicate MessageCounter:174205367 on exchange 37514r
09:49:46.800  uart:~$ uart:~$ [00:00:53.627,000] <inf> chip: [EM]<<< [E:37514r S:31645 M:235558604 (Ack:174205367)] (S) Msg TX from 0000000000000000 to 0:FFFFFFFB00000000 [0000] [UDP:[fe80::1c59:aaca:1932:e904%ETH_W5500]:51433] --- Type 0000:10 (SecureChannel:StandaloneAck) (B:34)
09:49:46.830  uart:~$ uart:~$ [00:00:53.635,000] <inf> chip: [EM]<<1 [E:37514r S:31645 M:235558602] (S) Msg Retransmission to 0:FFFFFFFB00000000
09:49:46.860  uart:~$ uart:~$ [00:00:53.642,000] <inf> chip: [EM]??2 [E:37514r S:31645 M:235558602] (S) Msg Retransmission to 0:FFFFFFFB00000000 scheduled for 376ms from now [State:Active II:500 AI:300 AT:4000]
09:49:46.890  uart:~$ uart:~$ [00:00:53.644,000] <inf> chip: [EM]>>> [E:37515r S:31645 M:174205371] (S) Msg RX from 0:FFFFFFFB00000000 [0000] to 0000000000000000 --- Type 0001:08 (IM:InvokeCommandRequest) (B:62)
09:49:46.920  uart:~$ uart:~$ [00:00:53.644,000] <dbg> chip.LogV: [EM]Handling via exchange: 37515r, Delegate: 0x20014644
09:49:46.940  uart:~$ uart:~$ [00:00:53.646,000] <dbg> chip.LogV: [DMG]Received command for Endpoint=0 Cluster=0x0000_003E Command=0x0000_0002
09:49:46.960  uart:~$ uart:~$ [00:00:53.647,000] <inf> chip: [ZCL]OpCreds: Certificate Chain request received for PAI
09:49:47.005  uart:~$ uart:~$ [00:00:53.948,000] <dbg> chip.LogV: [DMG]Command handler moving to [NewRespons]
09:49:47.026  uart:~$ uart:~$ [00:00:53.948,000] <dbg> chip.LogV: [DMG]Command handler moving to [ Preparing]
09:49:47.046  uart:~$ uart:~$ [00:00:53.948,000] <dbg> chip.LogV: [DMG]Command handler moving to [AddingComm]
09:49:47.066  uart:~$ uart:~$ [00:00:53.949,000] <dbg> chip.LogV: [DMG]Command handler moving to [AddedComma]
09:49:47.086  uart:~$ uart:~$ [00:00:53.949,000] <dbg> chip.LogV: [DMG]Decreasing reference count for CommandHandlerImpl, remaining 1
09:49:47.106  uart:~$ uart:~$ [00:00:53.949,000] <dbg> chip.LogV: [DMG]Decreasing reference count for CommandHandlerImpl, remaining 0
09:49:47.136  uart:~$ uart:~$ [00:00:53.950,000] <dbg> chip.LogV: [DMG]Command handler moving to [AwaitingDe]
09:49:47.186  uart:~$ uart:~$ [00:00:53.951,000] <inf> chip: [EM]<<< [E:37515r S:31645 M:235558605 (Ack:174205371)] (S) Msg TX from 0000000000000000 to 0:FFFFFFFB00000000 [0000] [UDP:[fe80::1c59:aaca:1932:e904%ETH_W5500]:51433] --- Type 0001:09 (IM:InvokeCommandResponse) (B:531)
09:49:47.216  uart:~$ uart:~$ [00:00:53.968,000] <inf> chip: [EM]??1 [E:37515r S:31645 M:235558605] (S) Msg Retransmission to 0:FFFFFFFB00000000 scheduled for 339ms from now [State:Active II:500 AI:300 AT:4000]
09:49:47.236  uart:~$ uart:~$ [00:00:53.969,000] <dbg> chip.LogV: [DMG]Command response sender moving to [AllInvokeR]
09:49:47.279  uart:~$ uart:~$ [00:00:54.223,000] <inf> chip: [EM]<<2 [E:37514r S:31645 M:235558602] (S) Msg Retransmission to 0:FFFFFFFB00000000
09:49:47.319  uart:~$ uart:~$ [00:00:54.231,000] <inf> chip: [EM]??3 [E:37514r S:31645 M:235558602] (S) Msg Retransmission to 0:FFFFFFFB00000000 scheduled for 646ms from now [State:Active II:500 AI:300 AT:4000]
09:49:47.349  uart:~$ uart:~$ [00:00:54.233,000] <inf> chip: [EM]>>> [E:37514r S:31645 M:174205372 (Ack:235558602)] (S) Msg RX from 0:FFFFFFFB00000000 [0000] to 0000000000000000 --- Type 0000:10 (SecureChannel:StandaloneAck) (B:34)
09:49:47.369  uart:~$ uart:~$ [00:00:54.233,000] <dbg> chip.LogV: [EM]Found matching exchange: 37514r, Delegate: 0
09:49:47.402  uart:~$ uart:~$ [00:00:54.234,000] <dbg> chip.LogV: [EM]Rxd Ack; Removing MessageCounter:235558602 from Retrans Table on exchange 37514r
09:49:47.422  uart:~$ uart:~$ [00:00:54.236,000] <dbg> chip.LogV: [IN]Received a duplicate message with MessageCounter:174205371 on exchange 37515r
09:49:47.463  uart:~$ uart:~$ [00:00:54.237,000] <inf> chip: [EM]>>> [E:37515r S:31645 M:174205371] (S) Msg RX from 0:FFFFFFFB00000000 [0000] to 0000000000000000 --- Type 0001:08 (IM:InvokeCommandRequest) (B:62)
09:49:47.483  uart:~$ uart:~$ [00:00:54.237,000] <dbg> chip.LogV: [EM]Found matching exchange: 37515r, Delegate: 0
09:49:47.513  uart:~$ uart:~$ [00:00:54.237,000] <dbg> chip.LogV: [EM]Forcing tx of solitary ack for duplicate MessageCounter:174205371 on exchange 37515r
09:49:47.553  uart:~$ uart:~$ [00:00:54.238,000] <inf> chip: [EM]<<< [E:37515r S:31645 M:235558606 (Ack:174205371)] (S) Msg TX from 0000000000000000 to 0:FFFFFFFB00000000 [0000] [UDP:[fe80::1c59:aaca:1932:e904%ETH_W5500]:51433] --- Type 0000:10 (SecureChannel:StandaloneAck) (B:34)
09:49:47.620  uart:~$ uart:~$ [00:00:54.549,000] <inf> chip: [EM]<<1 [E:37515r S:31645 M:235558605] (S) Msg Retransmission to 0:FFFFFFFB00000000
09:49:47.661  uart:~$ uart:~$ [00:00:54.566,000] <inf> chip: [EM]??2 [E:37515r S:31645 M:235558605] (S) Msg Retransmission to 0:FFFFFFFB00000000 scheduled for 407ms from now [State:Active II:500 AI:300 AT:4000]
09:49:47.691  uart:~$ uart:~$ [00:00:54.568,000] <inf> chip: [EM]>>> [E:37514r S:31645 M:174205373 (Ack:235558602)] (S) Msg RX from 0:FFFFFFFB00000000 [0000] to 0000000000000000 --- Type 0000:10 (SecureChannel:StandaloneAck) (B:34)
09:49:47.721  uart:~$ uart:~$ [00:00:54.569,000] <dbg> chip.LogV: [IN]Received a duplicate message with MessageCounter:174205371 on exchange 37515r
09:49:47.751  uart:~$ uart:~$ [00:00:54.570,000] <inf> chip: [EM]>>> [E:37515r S:31645 M:174205371] (S) Msg RX from 0:FFFFFFFB00000000 [0000] to 0000000000000000 --- Type 0001:08 (IM:InvokeCommandRequest) (B:62)
09:49:47.781  uart:~$ uart:~$ [00:00:54.570,000] <dbg> chip.LogV: [EM]Found matching exchange: 37515r, Delegate: 0
09:49:47.801  uart:~$ uart:~$ [00:00:54.570,000] <dbg> chip.LogV: [EM]Forcing tx of solitary ack for duplicate MessageCounter:174205371 on exchange 37515r
09:49:47.852  uart:~$ uart:~$ [00:00:54.571,000] <inf> chip: [EM]<<< [E:37515r S:31645 M:235558607 (Ack:174205371)] (S) Msg TX from 0000000000000000 to 0:FFFFFFFB00000000 [0000] [UDP:[fe80::1c59:aaca:1932:e904%ETH_W5500]:51433] --- Type 0000:10 (SecureChannel:StandaloneAck) (B:34)
09:49:47.882  uart:~$ uart:~$ [00:00:54.580,000] <inf> chip: [EM]>>> [E:37516r S:31645 M:174205374] (S) Msg RX from 0:FFFFFFFB00000000 [0000] to 0000000000000000 --- Type 0001:08 (IM:InvokeCommandRequest) (B:62)
09:49:47.912  uart:~$ uart:~$ [00:00:54.580,000] <dbg> chip.LogV: [EM]Handling via exchange: 37516r, Delegate: 0x20014644
09:49:47.942  uart:~$ uart:~$ [00:00:54.894,000] <dbg> chip.LogV: [DMG]Received command for Endpoint=0 Cluster=0x0000_003E Command=0x0000_0002
09:49:47.962  uart:~$ uart:~$ [00:00:54.894,000] <inf> chip: [ZCL]OpCreds: Certificate Chain request received for DAC
09:49:47.983  uart:~$ uart:~$ [00:00:54.895,000] <dbg> chip.LogV: [DMG]Command handler moving to [NewRespons]
09:49:48.003  uart:~$ uart:~$ [00:00:54.895,000] <dbg> chip.LogV: [DMG]Command handler moving to [ Preparing]
09:49:48.023  uart:~$ uart:~$ [00:00:54.895,000] <dbg> chip.LogV: [DMG]Command handler moving to [AddingComm]
09:49:48.043  uart:~$ uart:~$ [00:00:54.895,000] <dbg> chip.LogV: [DMG]Command handler moving to [AddedComma]
09:49:48.063  uart:~$ uart:~$ [00:00:54.896,000] <dbg> chip.LogV: [DMG]Decreasing reference count for CommandHandlerImpl, remaining 1
09:49:48.083  uart:~$ uart:~$ [00:00:54.896,000] <dbg> chip.LogV: [DMG]Decreasing reference count for CommandHandlerImpl, remaining 0
09:49:48.103  uart:~$ uart:~$ [00:00:54.896,000] <dbg> chip.LogV: [DMG]Command handler moving to [AwaitingDe]
09:49:48.154  uart:~$ uart:~$ [00:00:54.898,000] <inf> chip: [EM]<<< [E:37516r S:31645 M:235558608 (Ack:174205374)] (S) Msg TX from 0000000000000000 to 0:FFFFFFFB00000000 [0000] [UDP:[fe80::1c59:aaca:1932:e904%ETH_W5500]:51433] --- Type 0001:09 (IM:InvokeCommandResponse) (B:559)
09:49:48.232  uart:~$ uart:~$ [00:00:55.153,000] <inf> chip: [EM]??1 [E:37516r S:31645 M:235558608] (S) Msg Retransmission to 0:FFFFFFFB00000000 scheduled for 379ms from now [State:Active II:500 AI:300 AT:4000]
09:49:48.252  uart:~$ uart:~$ [00:00:55.153,000] <dbg> chip.LogV: [DMG]Command response sender moving to [AllInvokeR]
09:49:48.272  uart:~$ uart:~$ [00:00:55.154,000] <inf> chip: [EM]<<2 [E:37515r S:31645 M:235558605] (S) Msg Retransmission to 0:FFFFFFFB00000000
09:49:48.314  uart:~$ uart:~$ [00:00:55.171,000] <inf> chip: [EM]??3 [E:37515r S:31645 M:235558605] (S) Msg Retransmission to 0:FFFFFFFB00000000 scheduled for 529ms from now [State:Active II:500 AI:300 AT:4000]
09:49:48.354  uart:~$ uart:~$ [00:00:55.173,000] <inf> chip: [EM]>>> [E:37515r S:31645 M:174205375 (Ack:235558605)] (S) Msg RX from 0:FFFFFFFB00000000 [0000] to 0000000000000000 --- Type 0000:10 (SecureChannel:StandaloneAck) (B:34)
09:49:48.374  uart:~$ uart:~$ [00:00:55.173,000] <dbg> chip.LogV: [EM]Found matching exchange: 37515r, Delegate: 0
09:49:48.404  uart:~$ uart:~$ [00:00:55.174,000] <dbg> chip.LogV: [EM]Rxd Ack; Removing MessageCounter:235558605 from Retrans Table on exchange 37515r
09:49:48.456  uart:~$ uart:~$ [00:00:55.176,000] <inf> chip: [EM]>>> [E:37514r S:31645 M:174205376 (Ack:235558602)] (S) Msg RX from 0:FFFFFFFB00000000 [0000] to 0000000000000000 --- Type 0000:10 (SecureChannel:StandaloneAck) (B:34)
09:49:48.476  uart:~$ uart:~$ [00:00:55.178,000] <dbg> chip.LogV: [IN]Received a duplicate message with MessageCounter:174205374 on exchange 37516r
09:49:48.517  uart:~$ uart:~$ [00:00:55.179,000] <inf> chip: [EM]>>> [E:37516r S:31645 M:174205374] (S) Msg RX from 0:FFFFFFFB00000000 [0000] to 0000000000000000 --- Type 0001:08 (IM:InvokeCommandRequest) (B:62)
09:49:48.561  uart:~$ uart:~$ [00:00:55.500,000] <dbg> chip.LogV: [EM]Found matching exchange: 37516r, Delegate: 0
09:49:48.591  uart:~$ uart:~$ [00:00:55.501,000] <dbg> chip.LogV: [EM]Forcing tx of solitary ack for duplicate MessageCounter:174205374 on exchange 37516r
09:49:48.653  uart:~$ uart:~$ [00:00:55.502,000] <inf> chip: [EM]<<< [E:37516r S:31645 M:235558609 (Ack:174205374)] (S) Msg TX from 0000000000000000 to 0:FFFFFFFB00000000 [0000] [UDP:[fe80::1c59:aaca:1932:e904%ETH_W5500]:51433] --- Type 0000:10 (SecureChannel:StandaloneAck) (B:34)
09:49:48.693  uart:~$ uart:~$ [00:00:55.510,000] <inf> chip: [EM]>>> [E:37515r S:31645 M:174205377 (Ack:235558605)] (S) Msg RX from 0:FFFFFFFB00000000 [0000] to 0000000000000000 --- Type 0000:10 (SecureChannel:StandaloneAck) (B:34)
09:49:48.713  uart:~$ uart:~$ [00:00:55.513,000] <dbg> chip.LogV: [IN]Received a duplicate message with MessageCounter:174205374 on exchange 37516r
09:49:48.743  uart:~$ uart:~$ [00:00:55.513,000] <inf> chip: [EM]>>> [E:37516r S:31645 M:174205374] (S) Msg RX from 0:FFFFFFFB00000000 [0000] to 0000000000000000 --- Type 0001:08 (IM:InvokeCommandRequest) (B:62)
09:49:48.773  uart:~$ uart:~$ [00:00:55.513,000] <dbg> chip.LogV: [EM]Found matching exchange: 37516r, Delegate: 0
09:49:48.794  uart:~$ uart:~$ [00:00:55.514,000] <dbg> chip.LogV: [EM]Forcing tx of solitary ack for duplicate MessageCounter:174205374 on exchange 37516r
09:49:48.844  uart:~$ uart:~$ [00:00:55.515,000] <inf> chip: [EM]<<< [E:37516r S:31645 M:235558610 (Ack:174205374)] (S) Msg TX from 0000000000000000 to 0:FFFFFFFB00000000 [0000] [UDP:[fe80::1c59:aaca:1932:e904%ETH_W5500]:51433] --- Type 0000:10 (SecureChannel:StandaloneAck) (B:34)
09:49:48.874  uart:~$ uart:~$ [00:00:55.524,000] <inf> chip: [EM]>>> [E:37517r S:31645 M:174205378] (S) Msg RX from 0:FFFFFFFB00000000 [0000] to 0000000000000000 --- Type 0001:08 (IM:InvokeCommandRequest) (B:94)
09:49:48.915  uart:~$ uart:~$ [00:00:55.860,000] <dbg> chip.LogV: [EM]Handling via exchange: 37517r, Delegate: 0x20014644
09:49:48.946  uart:~$ uart:~$ [00:00:55.862,000] <dbg> chip.LogV: [DMG]Received command for Endpoint=0 Cluster=0x0000_003E Command=0x0000_0000
09:49:48.966  uart:~$ uart:~$ [00:00:55.862,000] <inf> chip: [ZCL]OpCreds: Received an AttestationRequest command
09:49:48.986  uart:~$ uart:~$ [00:00:55.882,000] <inf> chip: [ZCL]OpCreds: AttestationRequest successful.
09:49:49.007  uart:~$ uart:~$ [00:00:55.882,000] <dbg> chip.LogV: [DMG]Command handler moving to [NewRespons]
09:49:49.027  uart:~$ uart:~$ [00:00:55.882,000] <dbg> chip.LogV: [DMG]Command handler moving to [ Preparing]
09:49:49.047  uart:~$ uart:~$ [00:00:55.882,000] <dbg> chip.LogV: [DMG]Command handler moving to [AddingComm]
09:49:49.067  uart:~$ uart:~$ [00:00:55.883,000] <dbg> chip.LogV: [DMG]Command handler moving to [AddedComma]
09:49:49.087  uart:~$ uart:~$ [00:00:55.883,000] <dbg> chip.LogV: [DMG]Decreasing reference count for CommandHandlerImpl, remaining 1
09:49:49.118  uart:~$ uart:~$ [00:00:55.883,000] <dbg> chip.LogV: [DMG]Decreasing reference count for CommandHandlerImpl, remaining 0
09:49:49.185  uart:~$ uart:~$ [00:00:56.101,000] <dbg> chip.LogV: [DMG]Command handler moving to [AwaitingDe]
09:49:49.237  uart:~$ uart:~$ [00:00:56.103,000] <inf> chip: [EM]<<< [E:37517r S:31645 M:235558611 (Ack:174205378)] (S) Msg TX from 0000000000000000 to 0:FFFFFFFB00000000 [0000] [UDP:[fe80::1c59:aaca:1932:e904%ETH_W5500]:51433] --- Type 0001:09 (IM:InvokeCommandResponse) (B:718)
09:49:49.267  uart:~$ uart:~$ [00:00:56.124,000] <inf> chip: [EM]??1 [E:37517r S:31645 M:235558611] (S) Msg Retransmission to 0:FFFFFFFB00000000 scheduled for 366ms from now [State:Active II:500 AI:300 AT:4000]
09:49:49.287  uart:~$ uart:~$ [00:00:56.124,000] <dbg> chip.LogV: [DMG]Command response sender moving to [AllInvokeR]
09:49:49.318  uart:~$ uart:~$ [00:00:56.125,000] <inf> chip: [EM]<<1 [E:37516r S:31645 M:235558608] (S) Msg Retransmission to 0:FFFFFFFB00000000
09:49:49.348  uart:~$ uart:~$ [00:00:56.143,000] <inf> chip: [EM]??2 [E:37516r S:31645 M:235558608] (S) Msg Retransmission to 0:FFFFFFFB00000000 scheduled for 407ms from now [State:Active II:500 AI:300 AT:4000]
09:49:49.388  uart:~$ uart:~$ [00:00:56.145,000] <inf> chip: [EM]>>> [E:37516r S:31645 M:174205379 (Ack:235558608)] (S) Msg RX from 0:FFFFFFFB00000000 [0000] to 0000000000000000 --- Type 0000:10 (SecureChannel:StandaloneAck) (B:34)
09:49:49.408  uart:~$ uart:~$ [00:00:56.145,000] <dbg> chip.LogV: [EM]Found matching exchange: 37516r, Delegate: 0
09:49:49.438  uart:~$ uart:~$ [00:00:56.146,000] <dbg> chip.LogV: [EM]Rxd Ack; Removing MessageCounter:235558608 from Retrans Table on exchange 37516r
09:49:49.468  uart:~$ uart:~$ [00:00:56.148,000] <inf> chip: [EM]>>> [E:37515r S:31645 M:174205380 (Ack:235558605)] (S) Msg RX from 0:FFFFFFFB00000000 [0000] to 0000000000000000 --- Type 0000:10 (SecureChannel:StandaloneAck) (B:34)
09:49:49.510  uart:~$ uart:~$ [00:00:56.461,000] <dbg> chip.LogV: [IN]Received a duplicate message with MessageCounter:174205378 on exchange 37517r
09:49:49.550  uart:~$ uart:~$ [00:00:56.462,000] <inf> chip: [EM]>>> [E:37517r S:31645 M:174205378] (S) Msg RX from 0:FFFFFFFB00000000 [0000] to 0000000000000000 --- Type 0001:08 (IM:InvokeCommandRequest) (B:94)
09:49:49.570  uart:~$ uart:~$ [00:00:56.462,000] <dbg> chip.LogV: [EM]Found matching exchange: 37517r, Delegate: 0
09:49:49.601  uart:~$ uart:~$ [00:00:56.462,000] <dbg> chip.LogV: [EM]Forcing tx of solitary ack for duplicate MessageCounter:174205378 on exchange 37517r
09:49:49.641  uart:~$ uart:~$ [00:00:56.463,000] <inf> chip: [EM]<<< [E:37517r S:31645 M:235558612 (Ack:174205378)] (S) Msg TX from 0000000000000000 to 0:FFFFFFFB00000000 [0000] [UDP:[fe80::1c59:aaca:1932:e904%ETH_W5500]:51433] --- Type 0000:10 (SecureChannel:StandaloneAck) (B:34)
09:49:49.671  uart:~$ uart:~$ [00:00:56.472,000] <dbg> chip.LogV: [IN]Received a duplicate message with MessageCounter:174205378 on exchange 37517r
09:49:49.701  uart:~$ uart:~$ [00:00:56.472,000] <inf> chip: [EM]>>> [E:37517r S:31645 M:174205378] (S) Msg RX from 0:FFFFFFFB00000000 [0000] to 0000000000000000 --- Type 0001:08 (IM:InvokeCommandRequest) (B:94)
09:49:49.721  uart:~$ uart:~$ [00:00:56.472,000] <dbg> chip.LogV: [EM]Found matching exchange: 37517r, Delegate: 0
09:49:49.752  uart:~$ uart:~$ [00:00:56.472,000] <dbg> chip.LogV: [EM]Forcing tx of solitary ack for duplicate MessageCounter:174205378 on exchange 37517r
09:49:49.792  uart:~$ uart:~$ [00:00:56.474,000] <inf> chip: [EM]<<< [E:37517r S:31645 M:235558613 (Ack:174205378)] (S) Msg TX from 0000000000000000 to 0:FFFFFFFB00000000 [0000] [UDP:[fe80::1c59:aaca:1932:e904%ETH_W5500]:51433] --- Type 0000:10 (SecureChannel:StandaloneAck) (B:34)
09:49:49.857  uart:~$ uart:~$ [00:00:56.790,000] <inf> chip: [EM]<<1 [E:37517r S:31645 M:235558611] (S) Msg Retransmission to 0:FFFFFFFB00000000
09:49:49.887  uart:~$ uart:~$ [00:00:56.810,000] <inf> chip: [EM]??2 [E:37517r S:31645 M:235558611] (S) Msg Retransmission to 0:FFFFFFFB00000000 scheduled for 410ms from now [State:Active II:500 AI:300 AT:4000]
09:49:49.928  uart:~$ uart:~$ [00:00:56.812,000] <inf> chip: [EM]>>> [E:37518r S:31645 M:174205381] (S) Msg RX from 0:FFFFFFFB00000000 [0000] to 0000000000000000 --- Type 0001:08 (IM:InvokeCommandRequest) (B:65)
09:49:49.948  uart:~$ uart:~$ [00:00:56.812,000] <dbg> chip.LogV: [EM]Handling via exchange: 37518r, Delegate: 0x20014644
09:49:49.978  uart:~$ uart:~$ [00:00:56.814,000] <dbg> chip.LogV: [DMG]Received command for Endpoint=0 Cluster=0x0000_0030 Command=0x0000_0000
09:49:49.998  uart:~$ uart:~$ [00:00:56.815,000] <inf> chip: [FS]GeneralCommissioning: Received ArmFailSafe (60s)
09:49:50.018  uart:~$ uart:~$ [00:00:56.815,000] <dbg> chip.LogV: [DMG]Command handler moving to [NewRespons]
09:49:50.038  uart:~$ uart:~$ [00:00:56.815,000] <dbg> chip.LogV: [DMG]Command handler moving to [ Preparing]
09:49:50.059  uart:~$ uart:~$ [00:00:56.815,000] <dbg> chip.LogV: [DMG]Command handler moving to [AddingComm]
09:49:50.079  uart:~$ uart:~$ [00:00:56.816,000] <dbg> chip.LogV: [DMG]Command handler moving to [AddedComma]
09:49:50.121  uart:~$ uart:~$ [00:00:57.064,000] <dbg> chip.LogV: [DMG]Decreasing reference count for CommandHandlerImpl, remaining 1
09:49:50.141  uart:~$ uart:~$ [00:00:57.065,000] <dbg> chip.LogV: [DMG]Decreasing reference count for CommandHandlerImpl, remaining 0
09:49:50.161  uart:~$ uart:~$ [00:00:57.065,000] <dbg> chip.LogV: [DMG]Command handler moving to [AwaitingDe]
09:49:50.212  uart:~$ uart:~$ [00:00:57.066,000] <inf> chip: [EM]<<< [E:37518r S:31645 M:235558614 (Ack:174205381)] (S) Msg TX from 0000000000000000 to 0:FFFFFFFB00000000 [0000] [UDP:[fe80::1c59:aaca:1932:e904%ETH_W5500]:51433] --- Type 0001:09 (IM:InvokeCommandResponse) (B:70)
09:49:50.242  uart:~$ uart:~$ [00:00:57.074,000] <inf> chip: [EM]??1 [E:37518r S:31645 M:235558614] (S) Msg Retransmission to 0:FFFFFFFB00000000 scheduled for 335ms from now [State:Active II:500 AI:300 AT:4000]
09:49:50.262  uart:~$ uart:~$ [00:00:57.074,000] <dbg> chip.LogV: [DMG]Command response sender moving to [AllInvokeR]
09:49:50.302  uart:~$ uart:~$ [00:00:57.080,000] <inf> chip: [EM]>>> [E:37517r S:31645 M:174205382 (Ack:235558611)] (S) Msg RX from 0:FFFFFFFB00000000 [0000] to 0000000000000000 --- Type 0000:10 (SecureChannel:StandaloneAck) (B:34)
09:49:50.322  uart:~$ uart:~$ [00:00:57.080,000] <dbg> chip.LogV: [EM]Found matching exchange: 37517r, Delegate: 0
09:49:50.352  uart:~$ uart:~$ [00:00:57.081,000] <dbg> chip.LogV: [EM]Rxd Ack; Removing MessageCounter:235558611 from Retrans Table on exchange 37517r
09:49:50.382  uart:~$ uart:~$ [00:00:57.083,000] <inf> chip: [EM]>>> [E:37516r S:31645 M:174205383 (Ack:235558608)] (S) Msg RX from 0:FFFFFFFB00000000 [0000] to 0000000000000000 --- Type 0000:10 (SecureChannel:StandaloneAck) (B:34)
09:49:50.424  uart:~$ uart:~$ [00:00:57.374,000] <dbg> chip.LogV: [IN]Received a duplicate message with MessageCounter:174205381 on exchange 37518r
09:49:50.464  uart:~$ uart:~$ [00:00:57.374,000] <inf> chip: [EM]>>> [E:37518r S:31645 M:174205381] (S) Msg RX from 0:FFFFFFFB00000000 [0000] to 0000000000000000 --- Type 0001:08 (IM:InvokeCommandRequest) (B:65)
09:49:50.485  uart:~$ uart:~$ [00:00:57.375,000] <dbg> chip.LogV: [EM]Found matching exchange: 37518r, Delegate: 0
09:49:50.505  uart:~$ uart:~$ [00:00:57.375,000] <dbg> chip.LogV: [EM]Forcing tx of solitary ack for duplicate MessageCounter:174205381 on exchange 37518r
09:49:50.555  uart:~$ uart:~$ [00:00:57.376,000] <inf> chip: [EM]<<< [E:37518r S:31645 M:235558615 (Ack:174205381)] (S) Msg TX from 0000000000000000 to 0:FFFFFFFB00000000 [0000] [UDP:[fe80::1c59:aaca:1932:e904%ETH_W5500]:51433] --- Type 0000:10 (SecureChannel:StandaloneAck) (B:34)
09:49:50.595  uart:~$ uart:~$ [00:00:57.385,000] <inf> chip: [EM]>>> [E:37517r S:31645 M:174205384 (Ack:235558611)] (S) Msg RX from 0:FFFFFFFB00000000 [0000] to 0000000000000000 --- Type 0000:10 (SecureChannel:StandaloneAck) (B:34)
09:49:50.616  uart:~$ uart:~$ [00:00:57.386,000] <dbg> chip.LogV: [IN]Received a duplicate message with MessageCounter:174205381 on exchange 37518r
09:49:50.656  uart:~$ uart:~$ [00:00:57.387,000] <inf> chip: [EM]>>> [E:37518r S:31645 M:174205381] (S) Msg RX from 0:FFFFFFFB00000000 [0000] to 0000000000000000 --- Type 0001:08 (IM:InvokeCommandRequest) (B:65)
09:49:50.676  uart:~$ uart:~$ [00:00:57.387,000] <dbg> chip.LogV: [EM]Found matching exchange: 37518r, Delegate: 0
09:49:50.696  uart:~$ uart:~$ [00:00:57.387,000] <dbg> chip.LogV: [EM]Forcing tx of solitary ack for duplicate MessageCounter:174205381 on exchange 37518r
09:49:51.746  uart:~$ uart:~$ [00:00:57.685,000] <inf> chip: [EM]<<< [E:37518r S:31645 M:235558616 (Ack:174205381)] (S) Msg TX from 0000000000000000 to 0:FFFFFFFB00000000 [0000] [UDP:[fe80::1c59:aaca:1932:e904%ETH_W5500]:51433] --- Type 0000:10 (SecureChannel:StandaloneAck) (B:34)
09:49:51.776  uart:~$ uart:~$ [00:00:57.693,000] <inf> chip: [EM]<<1 [E:37518r S:31645 M:235558614] (S) Msg Retransmission to 0:FFFFFFFB00000000
09:49:51.806  uart:~$ uart:~$ [00:00:57.700,000] <inf> chip: [EM]??2 [E:37518r S:31645 M:235558614] (S) Msg Retransmission to 0:FFFFFFFB00000000 scheduled for 342ms from now [State:Active II:500 AI:300 AT:4000]
09:49:51.847  uart:~$ uart:~$ [00:00:57.702,000] <inf> chip: [EM]>>> [E:37518r S:31645 M:174205385 (Ack:235558614)] (S) Msg RX from 0:FFFFFFFB00000000 [0000] to 0000000000000000 --- Type 0000:10 (SecureChannel:StandaloneAck) (B:34)
09:49:51.867  uart:~$ uart:~$ [00:00:57.702,000] <dbg> chip.LogV: [EM]Found matching exchange: 37518r, Delegate: 0
09:49:51.887  uart:~$ uart:~$ [00:00:57.703,000] <dbg> chip.LogV: [EM]Rxd Ack; Removing MessageCounter:235558614 from Retrans Table on exchange 37518r
09:49:51.927  uart:~$ uart:~$ [00:00:57.719,000] <inf> chip: [EM]>>> [E:37518r S:31645 M:174205386 (Ack:235558614)] (S) Msg RX from 0:FFFFFFFB00000000 [0000] to 0000000000000000 --- Type 0000:10 (SecureChannel:StandaloneAck) (B:34)
09:49:52.025  uart:~$ uart:~$ [00:00:58.917,000] <inf> chip: [EM]>>> [E:37519r S:31645 M:174205387] (S) Msg RX from 0:FFFFFFFB00000000 [0000] to 0000000000000000 --- Type 0001:08 (IM:InvokeCommandRequest) (B:94)
09:49:52.045  uart:~$ uart:~$ [00:00:58.917,000] <dbg> chip.LogV: [EM]Handling via exchange: 37519r, Delegate: 0x20014644
09:49:52.076  uart:~$ uart:~$ [00:00:58.919,000] <dbg> chip.LogV: [DMG]Received command for Endpoint=0 Cluster=0x0000_003E Command=0x0000_0004
09:49:52.096  uart:~$ uart:~$ [00:00:58.919,000] <inf> chip: [ZCL]OpCreds: Received a CSRRequest command
09:49:52.116  uart:~$ uart:~$ [00:00:58.958,000] <inf> chip: [ZCL]OpCreds: AllocatePendingOperationalKey succeeded
09:49:52.136  uart:~$ uart:~$ [00:00:58.977,000] <inf> chip: [ZCL]OpCreds: CSRRequest successful.
09:49:52.156  uart:~$ uart:~$ [00:00:58.977,000] <dbg> chip.LogV: [DMG]Command handler moving to [NewRespons]
09:49:52.176  uart:~$ uart:~$ [00:00:58.977,000] <dbg> chip.LogV: [DMG]Command handler moving to [ Preparing]
09:49:52.196  uart:~$ uart:~$ [00:00:58.978,000] <dbg> chip.LogV: [DMG]Command handler moving to [AddingComm]
09:49:52.217  uart:~$ uart:~$ [00:00:58.978,000] <dbg> chip.LogV: [DMG]Command handler moving to [AddedComma]
09:49:52.259  uart:~$ uart:~$ [00:00:59.202,000] <dbg> chip.LogV: [DMG]Decreasing reference count for CommandHandlerImpl, remaining 1
09:49:52.290  uart:~$ uart:~$ [00:00:59.202,000] <dbg> chip.LogV: [DMG]Decreasing reference count for CommandHandlerImpl, remaining 0
09:49:52.310  uart:~$ uart:~$ [00:00:59.202,000] <dbg> chip.LogV: [DMG]Command handler moving to [AwaitingDe]
09:49:52.360  uart:~$ uart:~$ [00:00:59.204,000] <inf> chip: [EM]<<< [E:37519r S:31645 M:235558617 (Ack:174205387)] (S) Msg TX from 0000000000000000 to 0:FFFFFFFB00000000 [0000] [UDP:[fe80::1c59:aaca:1932:e904%ETH_W5500]:51433] --- Type 0001:09 (IM:InvokeCommandResponse) (B:396)
09:49:52.391  uart:~$ uart:~$ [00:00:59.218,000] <inf> chip: [EM]??1 [E:37519r S:31645 M:235558617] (S) Msg Retransmission to 0:FFFFFFFB00000000 scheduled for 348ms from now [State:Active II:500 AI:300 AT:4000]
09:49:52.411  uart:~$ uart:~$ [00:00:59.219,000] <dbg> chip.LogV: [DMG]Command response sender moving to [AllInvokeR]
09:49:52.441  uart:~$ uart:~$ [00:00:59.221,000] <dbg> chip.LogV: [IN]Received a duplicate message with MessageCounter:174205387 on exchange 37519r
09:49:52.471  uart:~$ uart:~$ [00:00:59.221,000] <inf> chip: [EM]>>> [E:37519r S:31645 M:174205387] (S) Msg RX from 0:FFFFFFFB00000000 [0000] to 0000000000000000 --- Type 0001:08 (IM:InvokeCommandRequest) (B:94)
09:49:52.491  uart:~$ uart:~$ [00:00:59.221,000] <dbg> chip.LogV: [EM]Found matching exchange: 37519r, Delegate: 0
09:49:52.522  uart:~$ uart:~$ [00:00:59.221,000] <dbg> chip.LogV: [EM]Forcing tx of solitary ack for duplicate MessageCounter:174205387 on exchange 37519r
09:49:52.598  uart:~$ uart:~$ [00:00:59.507,000] <inf> chip: [EM]<<< [E:37519r S:31645 M:235558618 (Ack:174205387)] (S) Msg TX from 0000000000000000 to 0:FFFFFFFB00000000 [0000] [UDP:[fe80::1c59:aaca:1932:e904%ETH_W5500]:51433] --- Type 0000:10 (SecureChannel:StandaloneAck) (B:34)
09:49:52.639  uart:~$ uart:~$ [00:00:59.515,000] <inf> chip: [EM]>>> [E:37519r S:31645 M:174205388 (Ack:235558617)] (S) Msg RX from 0:FFFFFFFB00000000 [0000] to 0000000000000000 --- Type 0000:10 (SecureChannel:StandaloneAck) (B:34)
09:49:52.669  uart:~$ uart:~$ [00:00:59.515,000] <dbg> chip.LogV: [EM]Found matching exchange: 37519r, Delegate: 0
09:49:52.689  uart:~$ uart:~$ [00:00:59.516,000] <dbg> chip.LogV: [EM]Rxd Ack; Removing MessageCounter:235558617 from Retrans Table on exchange 37519r
09:49:52.729  uart:~$ uart:~$ [00:00:59.518,000] <inf> chip: [EM]>>> [E:37520r S:31645 M:174205389] (S) Msg RX from 0:FFFFFFFB00000000 [0000] to 0000000000000000 --- Type 0001:08 (IM:InvokeCommandRequest) (B:308)
09:49:52.749  uart:~$ uart:~$ [00:00:59.519,000] <dbg> chip.LogV: [EM]Handling via exchange: 37520r, Delegate: 0x20014644
09:49:52.769  uart:~$ uart:~$ [00:00:59.520,000] <dbg> chip.LogV: [DMG]Received command for Endpoint=0 Cluster=0x0000_003E Command=0x0000_000B
09:49:52.789  uart:~$ uart:~$ [00:00:59.521,000] <inf> chip: [ZCL]OpCreds: Received an AddTrustedRootCertificate command
09:49:52.809  uart:~$ uart:~$ [00:00:59.541,000] <inf> chip: [ZCL]OpCreds: AddTrustedRootCertificate successful.
09:49:52.829  uart:~$ uart:~$ [00:00:59.542,000] <dbg> chip.LogV: [DMG]Command handler moving to [NewRespons]
09:49:52.871  uart:~$ uart:~$ [00:00:59.820,000] <dbg> chip.LogV: [DMG]Command handler moving to [ Preparing]
09:49:52.892  uart:~$ uart:~$ [00:00:59.820,000] <dbg> chip.LogV: [DMG]Command handler moving to [AddingComm]
09:49:52.912  uart:~$ uart:~$ [00:00:59.820,000] <dbg> chip.LogV: [DMG]Command handler moving to [AddedComma]
09:49:52.942  uart:~$ uart:~$ [00:00:59.821,000] <dbg> chip.LogV: [DMG]Decreasing reference count for CommandHandlerImpl, remaining 1
09:49:52.962  uart:~$ uart:~$ [00:00:59.821,000] <dbg> chip.LogV: [DMG]Decreasing reference count for CommandHandlerImpl, remaining 0
09:49:52.982  uart:~$ uart:~$ [00:00:59.821,000] <dbg> chip.LogV: [DMG]Command handler moving to [AwaitingDe]
09:49:53.022  uart:~$ uart:~$ [00:00:59.822,000] <inf> chip: [EM]<<< [E:37520r S:31645 M:235558619 (Ack:174205389)] (S) Msg TX from 0000000000000000 to 0:FFFFFFFB00000000 [0000] [UDP:[fe80::1c59:aaca:1932:e904%ETH_W5500]:51433] --- Type 0001:09 (IM:InvokeCommandResponse) (B:67)
09:49:53.063  uart:~$ uart:~$ [00:00:59.830,000] <inf> chip: [EM]??1 [E:37520r S:31645 M:235558619] (S) Msg Retransmission to 0:FFFFFFFB00000000 scheduled for 354ms from now [State:Active II:500 AI:300 AT:4000]
09:49:53.083  uart:~$ uart:~$ [00:00:59.831,000] <dbg> chip.LogV: [DMG]Command response sender moving to [AllInvokeR]
09:49:53.103  uart:~$ uart:~$ [00:00:59.833,000] <dbg> chip.LogV: [IN]Received a duplicate message with MessageCounter:174205389 on exchange 37520r
09:49:53.178  uart:~$ uart:~$ [00:01:00.094,000] <inf> chip: [EM]>>> [E:37520r S:31645 M:174205389] (S) Msg RX from 0:FFFFFFFB00000000 [0000] to 0000000000000000 --- Type 0001:08 (IM:InvokeCommandRequest) (B:308)
09:49:53.198  uart:~$ uart:~$ [00:01:00.095,000] <dbg> chip.LogV: [EM]Found matching exchange: 37520r, Delegate: 0
09:49:53.229  uart:~$ uart:~$ [00:01:00.095,000] <dbg> chip.LogV: [EM]Forcing tx of solitary ack for duplicate MessageCounter:174205389 on exchange 37520r
09:49:53.280  uart:~$ uart:~$ [00:01:00.096,000] <inf> chip: [EM]<<< [E:37520r S:31645 M:235558620 (Ack:174205389)] (S) Msg TX from 0000000000000000 to 0:FFFFFFFB00000000 [0000] [UDP:[fe80::1c59:aaca:1932:e904%ETH_W5500]:51433] --- Type 0000:10 (SecureChannel:StandaloneAck) (B:34)
09:49:53.310  uart:~$ uart:~$ [00:01:00.105,000] <inf> chip: [EM]>>> [E:37521r S:31645 M:174205390] (S) Msg RX from 0:FFFFFFFB00000000 [0000] to 0000000000000000 --- Type 0001:08 (IM:InvokeCommandRequest) (B:351)
09:49:53.330  uart:~$ uart:~$ [00:01:00.105,000] <dbg> chip.LogV: [EM]Handling via exchange: 37521r, Delegate: 0x20014644
09:49:53.360  uart:~$ uart:~$ [00:01:00.107,000] <dbg> chip.LogV: [DMG]Received command for Endpoint=0 Cluster=0x0000_003E Command=0x0000_0006
09:49:53.381  uart:~$ uart:~$ [00:01:00.107,000] <inf> chip: [ZCL]OpCreds: Received an AddNOC command
09:49:53.391  uart:~$ uart:~$ [00:01:00.109,000] <inf> chip: [FP]Validating NOC chain
09:49:53.411  uart:~$ uart:~$ [00:01:00.132,000] <inf> chip: [FP]NOC chain validation successful
09:49:53.455  uart:~$ uart:~$ [00:01:00.400,000] <inf> chip: [FP]Added new fabric at index: 0x1
09:49:53.475  uart:~$ uart:~$ [00:01:00.400,000] <inf> chip: [FP]Assigned compressed fabric ID: 0x3700EC0D6DAB4145, node ID: 0x00000000DCF2A6E2
09:49:53.495  uart:~$ uart:~$ [00:01:00.400,000] <inf> chip: [TS]Last Known Good Time: 2023-10-14T01:16:48
09:49:53.515  uart:~$ uart:~$ [00:01:00.400,000] <inf> chip: [TS]New proposed Last Known Good Time: 2026-09-15T06:49:52
09:49:53.545  uart:~$ uart:~$ [00:01:00.401,000] <inf> chip: [TS]Updating pending Last Known Good Time to 2026-09-15T06:49:52
09:49:53.575  uart:~$ uart:~$ [00:01:00.419,000] <dbg> chip.LogV: [EVL]LogEvent event number: 0x0000000000000002 priority: 1, endpoint id:  0x0 cluster id: 0x0000_001F event id: 0x0 Sys timestamp: 0x000000000000E1F6
09:49:53.605  uart:~$ uart:~$ [00:01:00.420,000] <inf> chip: [ZCL]OpCreds: ACL entry created for Fabric index 0x1 CASE Admin Subject 0xFFFFFFFDA7260001
09:49:53.625  uart:~$ uart:~$ [00:01:00.420,000] <dbg> chip.LogV: [DL]Using WiFi MAC for hostname
09:49:53.646  uart:~$ uart:~$ [00:01:00.420,000] <inf> chip: [DIS]Advertise operational node 3700EC0D6DAB4145-00000000DCF2A6E2
09:49:53.666  uart:~$ uart:~$ [00:01:00.421,000] <dbg> chip.LogV: [DIS]Responding with _matter._tcp.local
09:49:53.708  uart:~$ uart:~$ [00:01:00.654,000] <dbg> chip.LogV: [DIS]Responding with 3700EC0D6DAB4145-00000000DCF2A6E2._matter._tcp.local
09:49:53.728  uart:~$ uart:~$ [00:01:00.655,000] <dbg> chip.LogV: [DIS]Responding with 3700EC0D6DAB4145-00000000DCF2A6E2._matter._tcp.local
09:49:53.748  uart:~$ uart:~$ [00:01:00.655,000] <dbg> chip.LogV: [DIS]Responding with 803428106A1D.local
09:49:53.778  uart:~$ uart:~$ [00:01:00.655,000] <dbg> chip.LogV: [DIS]Responding with _I3700EC0D6DAB4145._sub._matter._tcp.local
09:49:53.808  uart:~$ uart:~$ [00:01:00.655,000] <inf> chip: [DIS]CHIP minimal mDNS configured as 'Operational device'; instance name: 3700EC0D6DAB4145-00000000DCF2A6E2.
09:49:53.818  uart:~$ uart:~$ [00:01:00.669,000] <inf> chip: [DIS]mDNS service published: _matter._tcp
09:49:53.838  uart:~$ uart:~$ [00:01:00.669,000] <dbg> chip.LogV: [DMG]Command handler moving to [NewRespons]
09:49:53.868  uart:~$ uart:~$ [00:01:00.669,000] <dbg> chip.LogV: [DMG]Command handler moving to [ Preparing]
09:49:53.888  uart:~$ uart:~$ [00:01:00.669,000] <dbg> chip.LogV: [DMG]Command handler moving to [AddingComm]
09:49:53.910  uart:~$ uart:~$ [00:01:00.670,000] <dbg> chip.LogV: [DMG]Command handler moving to [AddedComma]
09:49:53.952  uart:~$ uart:~$ [00:01:00.890,000] <inf> chip: [ZCL]OpCreds: successfully created fabric index 0x1 via AddNOC
09:49:53.972  uart:~$ uart:~$ [00:01:00.891,000] <dbg> chip.LogV: [DMG]Decreasing reference count for CommandHandlerImpl, remaining 1
09:49:53.993  uart:~$ uart:~$ [00:01:00.891,000] <dbg> chip.LogV: [DMG]Decreasing reference count for CommandHandlerImpl, remaining 0
09:49:54.023  uart:~$ uart:~$ [00:01:00.891,000] <dbg> chip.LogV: [DMG]Command handler moving to [AwaitingDe]
09:49:54.063  uart:~$ uart:~$ [00:01:00.893,000] <inf> chip: [EM]<<< [E:37521r S:31645 M:235558621 (Ack:174205390)] (S) Msg TX from 0000000000000000 to 1:FFFFFFFB00000000 [4145] [UDP:[fe80::1c59:aaca:1932:e904%ETH_W5500]:51433] --- Type 0001:09 (IM:InvokeCommandResponse) (B:70)
09:49:54.103  uart:~$ uart:~$ [00:01:00.900,000] <inf> chip: [EM]??1 [E:37521r S:31645 M:235558621] (S) Msg Retransmission to 1:FFFFFFFB00000000 scheduled for 393ms from now [State:Active II:500 AI:300 AT:4000]
09:49:54.123  uart:~$ uart:~$ [00:01:00.901,000] <dbg> chip.LogV: [DMG]Command response sender moving to [AllInvokeR]
09:49:54.154  uart:~$ uart:~$ [00:01:00.902,000] <inf> chip: [EM]<<1 [E:37520r S:31645 M:235558619] (S) Msg Retransmission to 1:FFFFFFFB00000000
09:49:54.184  uart:~$ uart:~$ [00:01:00.909,000] <inf> chip: [EM]??2 [E:37520r S:31645 M:235558619] (S) Msg Retransmission to 1:FFFFFFFB00000000 scheduled for 330ms from now [State:Active II:500 AI:300 AT:4000]
09:49:54.226  uart:~$ uart:~$ [00:01:00.912,000] <inf> chip: [EM]>>> [E:37520r S:31645 M:174205391 (Ack:235558619)] (S) Msg RX from 1:FFFFFFFB00000000 [4145] to 0000000000000000 --- Type 0000:10 (SecureChannel:StandaloneAck) (B:34)
09:49:54.281  uart:~$ uart:~$ [00:01:01.211,000] <dbg> chip.LogV: [EM]Found matching exchange: 37520r, Delegate: 0
09:49:54.311  uart:~$ uart:~$ [00:01:01.212,000] <dbg> chip.LogV: [EM]Rxd Ack; Removing MessageCounter:235558619 from Retrans Table on exchange 37520r
09:49:54.331  uart:~$ uart:~$ [00:01:01.214,000] <dbg> chip.LogV: [IN]Received a duplicate message with MessageCounter:174205390 on exchange 37521r
09:49:54.372  uart:~$ uart:~$ [00:01:01.214,000] <inf> chip: [EM]>>> [E:37521r S:31645 M:174205390] (S) Msg RX from 1:FFFFFFFB00000000 [4145] to 0000000000000000 --- Type 0001:08 (IM:InvokeCommandRequest) (B:351)
09:49:54.392  uart:~$ uart:~$ [00:01:01.214,000] <dbg> chip.LogV: [EM]Found matching exchange: 37521r, Delegate: 0
09:49:54.412  uart:~$ uart:~$ [00:01:01.215,000] <dbg> chip.LogV: [EM]Forcing tx of solitary ack for duplicate MessageCounter:174205390 on exchange 37521r
09:49:54.462  uart:~$ uart:~$ [00:01:01.216,000] <inf> chip: [EM]<<< [E:37521r S:31645 M:235558622 (Ack:174205390)] (S) Msg TX from 0000000000000000 to 1:FFFFFFFB00000000 [4145] [UDP:[fe80::1c59:aaca:1932:e904%ETH_W5500]:51433] --- Type 0000:10 (SecureChannel:StandaloneAck) (B:34)
09:49:54.482  uart:~$ uart:~$ [00:01:01.244,000] <dbg> chip.LogV: [IN]Received a duplicate message with MessageCounter:174205390 on exchange 37521r
09:49:54.523  uart:~$ uart:~$ [00:01:01.244,000] <inf> chip: [EM]>>> [E:37521r S:31645 M:174205390] (S) Msg RX from 1:FFFFFFFB00000000 [4145] to 0000000000000000 --- Type 0001:08 (IM:InvokeCommandRequest) (B:351)
09:49:54.543  uart:~$ uart:~$ [00:01:01.245,000] <dbg> chip.LogV: [EM]Found matching exchange: 37521r, Delegate: 0
09:49:54.598  uart:~$ uart:~$ [00:01:01.529,000] <dbg> chip.LogV: [EM]Forcing tx of solitary ack for duplicate MessageCounter:174205390 on exchange 37521r
09:49:54.638  uart:~$ uart:~$ [00:01:01.531,000] <inf> chip: [EM]<<< [E:37521r S:31645 M:235558623 (Ack:174205390)] (S) Msg TX from 0000000000000000 to 1:FFFFFFFB00000000 [4145] [UDP:[fe80::1c59:aaca:1932:e904%ETH_W5500]:51433] --- Type 0000:10 (SecureChannel:StandaloneAck) (B:34)
09:49:54.668  uart:~$ uart:~$ [00:01:01.538,000] <inf> chip: [EM]<<1 [E:37521r S:31645 M:235558621] (S) Msg Retransmission to 1:FFFFFFFB00000000
09:49:54.698  uart:~$ uart:~$ [00:01:01.546,000] <inf> chip: [EM]??2 [E:37521r S:31645 M:235558621] (S) Msg Retransmission to 1:FFFFFFFB00000000 scheduled for 364ms from now [State:Active II:500 AI:300 AT:4000]
09:49:54.739  uart:~$ uart:~$ [00:01:01.548,000] <inf> chip: [EM]>>> [E:37521r S:31645 M:174205392 (Ack:235558621)] (S) Msg RX from 1:FFFFFFFB00000000 [4145] to 0000000000000000 --- Type 0000:10 (SecureChannel:StandaloneAck) (B:34)
09:49:54.759  uart:~$ uart:~$ [00:01:01.548,000] <dbg> chip.LogV: [EM]Found matching exchange: 37521r, Delegate: 0
09:49:54.789  uart:~$ uart:~$ [00:01:01.548,000] <dbg> chip.LogV: [EM]Rxd Ack; Removing MessageCounter:235558621 from Retrans Table on exchange 37521r
09:49:54.819  uart:~$ uart:~$ [00:01:01.551,000] <inf> chip: [EM]>>> [E:37520r S:31645 M:174205393 (Ack:235558619)] (S) Msg RX from 1:FFFFFFFB00000000 [4145] to 0000000000000000 --- Type 0000:10 (SecureChannel:StandaloneAck) (B:34)
09:49:54.859  uart:~$ uart:~$ [00:01:01.552,000] <inf> chip: [EM]>>> [E:37522r S:0 M:259948092] (U) Msg RX from 0:6B9011AB72F70393 [0000] to 0000000000000000 --- Type 0000:30 (SecureChannel:CASE_Sigma1) (B:196)
09:49:54.879  uart:~$ uart:~$ [00:01:01.553,000] <dbg> chip.LogV: [EM]Handling via exchange: 37522r, Delegate: 0x700025c0
09:49:55.009  uart:~$ uart:~$ [00:01:01.865,000] <inf> chip: [IN]CASE Server received Sigma1 message . Starting handshake. EC 0x70003170
09:49:55.050  uart:~$ uart:~$ [00:01:01.866,000] <inf> chip: [EM]<<< [E:37522r S:0 M:133067080 (Ack:259948092)] (U) Msg TX from 0000000000000000 to 0:6B9011AB72F70393 [0000] [UDP:[fe80::1c59:aaca:1932:e904%ETH_W5500]:51433] --- Type 0000:10 (SecureChannel:StandaloneAck) (B:26)
09:49:55.070  uart:~$ uart:~$ [00:01:01.873,000] <dbg> chip.LogV: [EM]Flushed pending ack for MessageCounter:259948092 on exchange 37522r
09:49:55.090  uart:~$ uart:~$ [00:01:01.873,000] <inf> chip: [SC]Received Sigma1 msg
09:49:55.110  uart:~$ uart:~$ [00:01:01.873,000] <dbg> chip.LogV: [SC]Found MRP parameters in the message
09:49:55.140  uart:~$ uart:~$ [00:01:01.874,000] <dbg> chip.LogV: [SC]Peer (Initiator) assigned session ID 46164
09:49:55.161  uart:~$ uart:~$ [00:01:01.883,000] <inf> chip: [SC]CASE matched destination ID: fabricIndex 1, NodeID 0x00000000DCF2A6E2
09:49:55.181  uart:~$ uart:~$ [00:01:01.949,000] <dbg> chip.LogV: [CR]AES_CCM_encrypt: Using aad == null path
09:49:55.221  uart:~$ uart:~$ [00:01:01.952,000] <inf> chip: [EM]<<< [E:37522r S:0 M:133067081 (Ack:259948092)] (U) Msg TX from 0000000000000000 to 0:6B9011AB72F70393 [0000] [UDP:[fe80::1c59:aaca:1932:e904%ETH_W5500]:51433] --- Type 0000:31 (SecureChannel:CASE_Sigma2) (B:529)
09:49:55.262  uart:~$ uart:~$ [00:01:01.968,000] <inf> chip: [EM]??1 [E:37522r S:0 M:133067081] (U) Msg Retransmission to 0:0000000000000000 scheduled for 385ms from now [State:Active II:500 AI:300 AT:4000]
09:49:55.284  uart:~$ uart:~$ [00:01:02.244,000] <inf> chip: [SC]Sent Sigma2 msg
09:49:55.324  uart:~$ uart:~$ [00:01:02.246,000] <inf> chip: [EM]>>> [E:37521r S:31645 M:174205394 (Ack:235558621)] (S) Msg RX from 1:FFFFFFFB00000000 [4145] to 0000000000000000 --- Type 0000:10 (SecureChannel:StandaloneAck) (B:34)
09:49:55.354  uart:~$ uart:~$ [00:01:02.248,000] <dbg> chip.LogV: [IN]Received a duplicate message with MessageCounter:259948092 on exchange 37522r
09:49:55.384  uart:~$ uart:~$ [00:01:02.248,000] <inf> chip: [EM]>>> [E:37522r S:0 M:259948092] (U) Msg RX from 0:6B9011AB72F70393 [0000] to 0000000000000000 --- Type 0000:30 (SecureChannel:CASE_Sigma1) (B:196)
09:49:55.404  uart:~$ uart:~$ [00:01:02.248,000] <dbg> chip.LogV: [EM]Found matching exchange: 37522r, Delegate: 0x700025dc
09:49:55.435  uart:~$ uart:~$ [00:01:02.249,000] <dbg> chip.LogV: [EM]Forcing tx of solitary ack for duplicate MessageCounter:259948092 on exchange 37522r
09:49:55.475  uart:~$ uart:~$ [00:01:02.249,000] <inf> chip: [EM]<<< [E:37522r S:0 M:133067082 (Ack:259948092)] (U) Msg TX from 0000000000000000 to 0:6B9011AB72F70393 [0000] [UDP:[fe80::1c59:aaca:1932:e904%ETH_W5500]:51433] --- Type 0000:10 (SecureChannel:StandaloneAck) (B:26)
09:49:55.515  uart:~$ uart:~$ [00:01:02.257,000] <inf> chip: [EM]>>> [E:37522r S:0 M:259948093 (Ack:133067081)] (U) Msg RX from 0:6B9011AB72F70393 [0000] to 0000000000000000 --- Type 0000:32 (SecureChannel:CASE_Sigma3) (B:380)
09:49:55.535  uart:~$ uart:~$ [00:01:02.258,000] <dbg> chip.LogV: [EM]Found matching exchange: 37522r, Delegate: 0x700025dc
09:49:55.566  uart:~$ uart:~$ [00:01:02.258,000] <dbg> chip.LogV: [EM]Rxd Ack; Removing MessageCounter:133067081 from Retrans Table on exchange 37522r
09:49:55.691  uart:~$ uart:~$ [00:01:02.550,000] <inf> chip: [EM]<<< [E:37522r S:0 M:133067083 (Ack:259948093)] (U) Msg TX from 0000000000000000 to 0:6B9011AB72F70393 [0000] [UDP:[fe80::1c59:aaca:1932:e904%ETH_W5500]:51433] --- Type 0000:10 (SecureChannel:StandaloneAck) (B:26)
09:49:55.711  uart:~$ uart:~$ [00:01:02.557,000] <dbg> chip.LogV: [EM]Flushed pending ack for MessageCounter:259948093 on exchange 37522r
09:49:55.731  uart:~$ uart:~$ [00:01:02.557,000] <inf> chip: [SC]Received Sigma3 msg
09:49:55.751  uart:~$ uart:~$ [00:01:02.559,000] <dbg> chip.LogV: [CR]AES_CCM_decrypt: Using aad == null path
09:49:55.781  uart:~$ uart:~$ [00:01:02.560,000] <err> chip: [SC]The device does not support GetClock_RealTimeMS() API: 3.  Falling back to Last Known Good UTC Time
09:49:55.802  uart:~$ uart:~$ [00:01:02.615,000] <dbg> chip.LogV: [SC]Sending status report. Protocol code 0, exchange 37522
09:49:55.852  uart:~$ uart:~$ [00:01:02.616,000] <inf> chip: [EM]<<< [E:37522r S:0 M:133067084 (Ack:259948093)] (U) Msg TX from 0000000000000000 to 0:6B9011AB72F70393 [0000] [UDP:[fe80::1c59:aaca:1932:e904%ETH_W5500]:51433] --- Type 0000:40 (SecureChannel:StatusReport) (B:34)
09:49:55.882  uart:~$ uart:~$ [00:01:02.622,000] <inf> chip: [EM]??1 [E:37522r S:0 M:133067084] (U) Msg Retransmission to 0:0000000000000000 scheduled for 351ms from now [State:Active II:500 AI:300 AT:4000]
09:49:55.912  uart:~$ uart:~$ [00:01:02.625,000] <inf> chip: [SC]SecureSession[0x70001728, LSID:31644]: State change 'kEstablishing' --> 'kActive'
09:49:55.932  uart:~$ uart:~$ [00:01:02.625,000] <dbg> chip.LogV: [IN]SecureSession[0x70001728]: Activated - Type:2 LSID:31644
09:49:55.962  uart:~$ uart:~$ [00:01:02.918,000] <dbg> chip.LogV: [IN]New secure session activated for device <0000000033CFE2F6, 1>, LSID:31644 PSID:46164!
09:49:55.983  uart:~$ uart:~$ [00:01:02.918,000] <inf> chip: [IN]CASE Session established to peer: <0000000033CFE2F6, 1>
09:49:56.003  uart:~$ uart:~$ [00:01:02.919,000] <dbg> chip.LogV: [IN]SecureSession[0x700018d8]: Allocated Type:2 LSID:31646
09:49:56.033  uart:~$ uart:~$ [00:01:02.919,000] <dbg> chip.LogV: [SC]Allocated SecureSession (0x700018d8) - waiting for Sigma1 msg
09:49:56.053  uart:~$ uart:~$ [00:01:02.920,000] <err> chip: [DL]Long dispatch time: 317 ms, for event type 2
09:49:56.073  uart:~$ uart:~$ [00:01:02.921,000] <dbg> chip.LogV: [IN]Received a duplicate message with MessageCounter:259948093 on exchange 37522r
09:49:56.113  uart:~$ uart:~$ [00:01:02.922,000] <inf> chip: [EM]>>> [E:37522r S:0 M:259948093 (Ack:133067081)] (U) Msg RX from 0:6B9011AB72F70393 [0000] to 0000000000000000 --- Type 0000:32 (SecureChannel:CASE_Sigma3) (B:380)
09:49:56.133  uart:~$ uart:~$ [00:01:02.922,000] <dbg> chip.LogV: [EM]Found matching exchange: 37522r, Delegate: 0
09:49:56.163  uart:~$ uart:~$ [00:01:02.922,000] <dbg> chip.LogV: [EM]Forcing tx of solitary ack for duplicate MessageCounter:259948093 on exchange 37522r
09:49:56.204  uart:~$ uart:~$ [00:01:02.923,000] <inf> chip: [EM]<<< [E:37522r S:0 M:133067085 (Ack:259948093)] (U) Msg TX from 0000000000000000 to 0:6B9011AB72F70393 [0000] [UDP:[fe80::1c59:aaca:1932:e904%ETH_W5500]:51433] --- Type 0000:10 (SecureChannel:StandaloneAck) (B:26)
09:49:56.295  uart:~$ uart:~$ [00:01:03.201,000] <inf> chip: [EM]<<1 [E:37522r S:0 M:133067084] (U) Msg Retransmission to 0:0000000000000000
09:49:56.335  uart:~$ uart:~$ [00:01:03.208,000] <inf> chip: [EM]??2 [E:37522r S:0 M:133067084] (U) Msg Retransmission to 0:0000000000000000 scheduled for 340ms from now [State:Active II:500 AI:300 AT:4000]
09:49:56.365  uart:~$ uart:~$ [00:01:03.210,000] <inf> chip: [EM]>>> [E:37523r S:31644 M:223098041] (S) Msg RX from 1:0000000033CFE2F6 [4145] to 00000000DCF2A6E2 --- Type 0001:08 (IM:InvokeCommandRequest) (B:59)
09:49:56.386  uart:~$ uart:~$ [00:01:03.210,000] <dbg> chip.LogV: [EM]Handling via exchange: 37523r, Delegate: 0x20014644
09:49:56.416  uart:~$ uart:~$ [00:01:03.212,000] <dbg> chip.LogV: [DMG]Received command for Endpoint=0 Cluster=0x0000_0030 Command=0x0000_0004
09:49:56.436  uart:~$ uart:~$ [00:01:03.212,000] <inf> chip: [FS]GeneralCommissioning: Received CommissioningComplete
09:49:56.456  uart:~$ uart:~$ [00:01:03.218,000] <inf> chip: [FP]Metadata for Fabric 0x1 persisted to storage.
09:49:56.476  uart:~$ uart:~$ [00:01:03.247,000] <inf> chip: [TS]Committing Last Known Good Time to storage: 2026-09-15T06:49:52
09:49:56.516  uart:~$ uart:~$ [00:01:03.253,000] <inf> chip: [ZCL]OpCreds: Fabric index 0x1 was committed to storage. Compressed Fabric Id 0x3700EC0D6DAB4145, FabricId 00000000D0EFFD20, NodeId 00000000DCF2A6E2, VendorId 0x1349
09:49:56.559  uart:~$ uart:~$ [00:01:03.259,000] <inf> chip: [FS]GeneralCommissioning: Successfully committed pending fabric data
09:49:56.603  uart:~$ uart:~$ [00:01:03.547,000] <inf> chip: [FS]Fail-safe cleanly disarmed
09:49:56.624  uart:~$ uart:~$ [00:01:03.547,000] <dbg> chip.LogV: [DMG]Command handler moving to [NewRespons]
09:49:56.644  uart:~$ uart:~$ [00:01:03.548,000] <dbg> chip.LogV: [DMG]Command handler moving to [ Preparing]
09:49:56.664  uart:~$ uart:~$ [00:01:03.548,000] <dbg> chip.LogV: [DMG]Command handler moving to [AddingComm]
09:49:56.684  uart:~$ uart:~$ [00:01:03.548,000] <dbg> chip.LogV: [DMG]Command handler moving to [AddedComma]
09:49:56.704  uart:~$ uart:~$ [00:01:03.549,000] <dbg> chip.LogV: [DMG]Decreasing reference count for CommandHandlerImpl, remaining 1
09:49:56.734  uart:~$ uart:~$ [00:01:03.549,000] <dbg> chip.LogV: [DMG]Decreasing reference count for CommandHandlerImpl, remaining 0
09:49:56.754  uart:~$ uart:~$ [00:01:03.549,000] <dbg> chip.LogV: [DMG]Command handler moving to [AwaitingDe]
09:49:56.794  uart:~$ uart:~$ [00:01:03.550,000] <inf> chip: [EM]<<< [E:37523r S:31644 M:228593553 (Ack:223098041)] (S) Msg TX from 00000000DCF2A6E2 to 1:0000000033CFE2F6 [4145] [UDP:[fe80::1c59:aaca:1932:e904%ETH_W5500]:51433] --- Type 0001:09 (IM:InvokeCommandResponse) (B:70)
09:49:56.835  uart:~$ uart:~$ [00:01:03.558,000] <inf> chip: [EM]??1 [E:37523r S:31644 M:228593553] (S) Msg Retransmission to 1:0000000033CFE2F6 scheduled for 361ms from now [State:Active II:500 AI:300 AT:4000]
09:49:56.889  uart:~$ uart:~$ [00:01:03.818,000] <dbg> chip.LogV: [DMG]Command response sender moving to [AllInvokeR]
09:49:56.899  uart:~$ uart:~$ [00:01:03.818,000] <inf> chip: [SVR]Commissioning completed successfully
09:49:56.919  uart:~$ uart:~$ [00:01:03.818,000] <inf> chip: [DIS]Updating services using commissioning mode 0
09:49:56.939  uart:~$ uart:~$ [00:01:03.821,000] <inf> chip: [DIS]CHIP minimal mDNS started advertising.
09:49:56.959  uart:~$ uart:~$ [00:01:03.848,000] <dbg> chip.LogV: [DL]Using WiFi MAC for hostname
09:49:56.979  uart:~$ uart:~$ [00:01:03.848,000] <inf> chip: [DIS]Advertise operational node 3700EC0D6DAB4145-00000000DCF2A6E2
09:49:56.999  uart:~$ uart:~$ [00:01:03.849,000] <dbg> chip.LogV: [DIS]Responding with _matter._tcp.local
09:49:57.029  uart:~$ uart:~$ [00:01:03.849,000] <dbg> chip.LogV: [DIS]Responding with 3700EC0D6DAB4145-00000000DCF2A6E2._matter._tcp.local
09:49:57.049  uart:~$ uart:~$ [00:01:03.849,000] <dbg> chip.LogV: [DIS]Responding with 3700EC0D6DAB4145-00000000DCF2A6E2._matter._tcp.local
09:49:57.069  uart:~$ uart:~$ [00:01:03.849,000] <dbg> chip.LogV: [DIS]Responding with 803428106A1D.local
09:49:57.122  uart:~$ uart:~$ [00:01:04.060,000] <dbg> chip.LogV: [DIS]Responding with _I3700EC0D6DAB4145._sub._matter._tcp.local
09:49:57.153  uart:~$ uart:~$ [00:01:04.061,000] <inf> chip: [DIS]CHIP minimal mDNS configured as 'Operational device'; instance name: 3700EC0D6DAB4145-00000000DCF2A6E2.
09:49:57.173  uart:~$ uart:~$ [00:01:04.074,000] <inf> chip: [DIS]mDNS service published: _matter._tcp
09:49:57.183  uart:~$ uart:~$ [00:01:04.074,000] <dbg> chip.LogV: [IN]Expiring all PASE sessions
09:49:57.213  uart:~$ uart:~$ [00:01:04.075,000] <dbg> chip.LogV: [IN]SecureSession[0x70001800]: MarkForEviction Type:1 LSID:31645
09:49:57.233  uart:~$ uart:~$ [00:01:04.075,000] <inf> chip: [SC]SecureSession[0x70001800, LSID:31645]: State change 'kActive' --> 'kPendingEviction'
09:49:57.253  uart:~$ uart:~$ [00:01:04.075,000] <dbg> chip.LogV: [IN]SecureSession[0x70001800]: Released - Type:1 LSID:31645
09:49:57.273  uart:~$ uart:~$ [00:01:04.076,000] <err> chip: [DL]Long dispatch time: 258 ms, for event type 32783
09:49:57.304  uart:~$ uart:~$ [00:01:04.077,000] <inf> chip: [EM]<<2 [E:37522r S:0 M:133067084] (U) Msg Retransmission to 0:0000000000000000
09:49:57.334  uart:~$ uart:~$ [00:01:04.084,000] <inf> chip: [EM]??3 [E:37522r S:0 M:133067084] (U) Msg Retransmission to 0:0000000000000000 scheduled for 562ms from now [State:Active II:500 AI:300 AT:4000]
09:49:57.387  uart:~$ uart:~$ [00:01:04.323,000] <inf> chip: [EM]<<1 [E:37523r S:31644 M:228593553] (S) Msg Retransmission to 1:0000000033CFE2F6
09:49:57.417  uart:~$ uart:~$ [00:01:04.335,000] <inf> chip: [EM]??2 [E:37523r S:31644 M:228593553] (S) Msg Retransmission to 1:0000000033CFE2F6 scheduled for 340ms from now [State:Active II:500 AI:300 AT:4000]
09:49:57.458  uart:~$ uart:~$ [00:01:04.340,000] <inf> chip: [EM]>>> [E:37522r S:0 M:259948094 (Ack:133067084)] (U) Msg RX from 0:6B9011AB72F70393 [0000] to 0000000000000000 --- Type 0000:10 (SecureChannel:StandaloneAck) (B:26)
09:49:57.478  uart:~$ uart:~$ [00:01:04.340,000] <dbg> chip.LogV: [EM]Found matching exchange: 37522r, Delegate: 0
09:49:57.498  uart:~$ uart:~$ [00:01:04.341,000] <dbg> chip.LogV: [EM]Rxd Ack; Removing MessageCounter:133067084 from Retrans Table on exchange 37522r
09:49:57.528  uart:~$ uart:~$ [00:01:04.343,000] <dbg> chip.LogV: [IN]Received a duplicate message with MessageCounter:223098041 on exchange 37523r
09:49:57.558  uart:~$ uart:~$ [00:01:04.344,000] <inf> chip: [EM]>>> [E:37523r S:31644 M:223098041] (S) Msg RX from 1:0000000033CFE2F6 [4145] to 00000000DCF2A6E2 --- Type 0001:08 (IM:InvokeCommandRequest) (B:59)
09:49:57.578  uart:~$ uart:~$ [00:01:04.344,000] <dbg> chip.LogV: [EM]Found matching exchange: 37523r, Delegate: 0
09:49:57.608  uart:~$ uart:~$ [00:01:04.344,000] <dbg> chip.LogV: [EM]Forcing tx of solitary ack for duplicate MessageCounter:223098041 on exchange 37523r
09:49:57.660  uart:~$ uart:~$ [00:01:04.345,000] <inf> chip: [EM]<<< [E:37523r S:31644 M:228593554 (Ack:223098041)] (S) Msg TX from 00000000DCF2A6E2 to 1:0000000033CFE2F6 [4145] [UDP:[fe80::1c59:aaca:1932:e904%ETH_W5500]:51433] --- Type 0000:10 (SecureChannel:StandaloneAck) (B:34)
09:49:57.702  uart:~$ uart:~$ [00:01:04.649,000] <dbg> chip.LogV: [IN]Received a duplicate message with MessageCounter:223098041 on exchange 37523r
09:49:57.742  uart:~$ uart:~$ [00:01:04.650,000] <inf> chip: [EM]>>> [E:37523r S:31644 M:223098041] (S) Msg RX from 1:0000000033CFE2F6 [4145] to 00000000DCF2A6E2 --- Type 0001:08 (IM:InvokeCommandRequest) (B:59)
09:49:57.762  uart:~$ uart:~$ [00:01:04.650,000] <dbg> chip.LogV: [EM]Found matching exchange: 37523r, Delegate: 0
09:49:57.783  uart:~$ uart:~$ [00:01:04.650,000] <dbg> chip.LogV: [EM]Forcing tx of solitary ack for duplicate MessageCounter:223098041 on exchange 37523r
09:49:57.833  uart:~$ uart:~$ [00:01:04.652,000] <inf> chip: [EM]<<< [E:37523r S:31644 M:228593555 (Ack:223098041)] (S) Msg TX from 00000000DCF2A6E2 to 1:0000000033CFE2F6 [4145] [UDP:[fe80::1c59:aaca:1932:e904%ETH_W5500]:51433] --- Type 0000:10 (SecureChannel:StandaloneAck) (B:34)
09:49:57.863  uart:~$ uart:~$ [00:01:04.660,000] <inf> chip: [EM]>>> [E:37523r S:31644 M:223098042 (Ack:228593553)] (S) Msg RX from 1:0000000033CFE2F6 [4145] to 00000000DCF2A6E2 --- Type 0000:10 (SecureChannel:StandaloneAck) (B:34)
09:49:57.883  uart:~$ uart:~$ [00:01:04.660,000] <dbg> chip.LogV: [EM]Found matching exchange: 37523r, Delegate: 0
09:49:57.913  uart:~$ uart:~$ [00:01:04.661,000] <dbg> chip.LogV: [EM]Rxd Ack; Removing MessageCounter:228593553 from Retrans Table on exchange 37523r
09:49:57.943  uart:~$ uart:~$ [00:01:04.664,000] <inf> chip: [EM]>>> [E:37524r S:31644 M:223098043] (S) Msg RX from 1:0000000033CFE2F6 [4145] to 00000000DCF2A6E2 --- Type 0001:06 (IM:WriteRequest) (B:88)
09:49:57.974  uart:~$ uart:~$ [00:01:04.664,000] <dbg> chip.LogV: [EM]Handling via exchange: 37524r, Delegate: 0x20014644
09:49:58.019  uart:~$ uart:~$ [00:01:04.956,000] <dbg> chip.LogV: [IM]Received Write request
09:49:58.039  uart:~$ uart:~$ [00:01:04.956,000] <dbg> chip.LogV: [DMG]IM WH moving to [Initialized]
09:49:58.059  uart:~$ uart:~$ [00:01:04.958,000] <dbg> chip.LogV: [DMG]Writing attribute: Cluster=0x0000_001F Endpoint=0x0 AttributeId=0x0000_0000
09:49:58.099  uart:~$ uart:~$ [00:01:04.962,000] <dbg> chip.LogV: [EVL]LogEvent event number: 0x0000000000000003 priority: 1, endpoint id:  0x0 cluster id: 0x0000_001F event id: 0x0 Sys timestamp: 0x000000000000F3B5
09:49:58.120  uart:~$ uart:~$ [00:01:04.967,000] <dbg> chip.LogV: [DMG]IM WH moving to [AddStatus]
09:49:58.160  uart:~$ uart:~$ [00:01:04.968,000] <inf> chip: [EM]<<< [E:37524r S:31644 M:228593556 (Ack:223098043)] (S) Msg TX from 00000000DCF2A6E2 to 1:0000000033CFE2F6 [4145] [UDP:[fe80::1c59:aaca:1932:e904%ETH_W5500]:51433] --- Type 0001:07 (IM:WriteResponse) (B:62)
09:49:58.190  uart:~$ uart:~$ [00:01:04.976,000] <inf> chip: [EM]??1 [E:37524r S:31644 M:228593556] (S) Msg Retransmission to 1:0000000033CFE2F6 scheduled for 395ms from now [State:Active II:500 AI:300 AT:4000]
09:49:58.210  uart:~$ uart:~$ [00:01:04.977,000] <dbg> chip.LogV: [DMG]IM WH moving to [Sending]
09:49:58.230  uart:~$ uart:~$ [00:01:04.977,000] <dbg> chip.LogV: [DMG]IM WH moving to [Uninitialized]
09:49:58.261  uart:~$ uart:~$ [00:01:04.979,000] <dbg> chip.LogV: [IN]Received a duplicate message with MessageCounter:223098043 on exchange 37524r
09:49:58.313  uart:~$ uart:~$ [00:01:05.245,000] <inf> chip: [EM]>>> [E:37524r S:31644 M:223098043] (S) Msg RX from 1:0000000033CFE2F6 [4145] to 00000000DCF2A6E2 --- Type 0001:06 (IM:WriteRequest) (B:88)
09:49:58.333  uart:~$ uart:~$ [00:01:05.245,000] <dbg> chip.LogV: [EM]Found matching exchange: 37524r, Delegate: 0
09:49:58.363  uart:~$ uart:~$ [00:01:05.245,000] <dbg> chip.LogV: [EM]Forcing tx of solitary ack for duplicate MessageCounter:223098043 on exchange 37524r
09:49:58.404  uart:~$ uart:~$ [00:01:05.246,000] <inf> chip: [EM]<<< [E:37524r S:31644 M:228593557 (Ack:223098043)] (S) Msg TX from 00000000DCF2A6E2 to 1:0000000033CFE2F6 [4145] [UDP:[fe80::1c59:aaca:1932:e904%ETH_W5500]:51433] --- Type 0000:10 (SecureChannel:StandaloneAck) (B:34)
09:49:58.434  uart:~$ uart:~$ [00:01:05.255,000] <dbg> chip.LogV: [IN]Received a duplicate message with MessageCounter:223098043 on exchange 37524r
09:49:58.474  uart:~$ uart:~$ [00:01:05.255,000] <inf> chip: [EM]>>> [E:37524r S:31644 M:223098043] (S) Msg RX from 1:0000000033CFE2F6 [4145] to 00000000DCF2A6E2 --- Type 0001:06 (IM:WriteRequest) (B:88)
09:49:58.494  uart:~$ uart:~$ [00:01:05.255,000] <dbg> chip.LogV: [EM]Found matching exchange: 37524r, Delegate: 0
09:49:58.514  uart:~$ uart:~$ [00:01:05.256,000] <dbg> chip.LogV: [EM]Forcing tx of solitary ack for duplicate MessageCounter:223098043 on exchange 37524r
09:49:58.564  uart:~$ uart:~$ [00:01:05.257,000] <inf> chip: [EM]<<< [E:37524r S:31644 M:228593558 (Ack:223098043)] (S) Msg TX from 00000000DCF2A6E2 to 1:0000000033CFE2F6 [4145] [UDP:[fe80::1c59:aaca:1932:e904%ETH_W5500]:51433] --- Type 0000:10 (SecureChannel:StandaloneAck) (B:34)
09:49:58.594  uart:~$ uart:~$ [00:01:05.266,000] <inf> chip: [EM]>>> [E:37523r S:31644 M:223098044 (Ack:228593553)] (S) Msg RX from 1:0000000033CFE2F6 [4145] to 00000000DCF2A6E2 --- Type 0000:10 (SecureChannel:StandaloneAck) (B:34)
09:49:58.648  uart:~$ uart:~$ [00:01:05.587,000] <inf> chip: [EM]<<1 [E:37524r S:31644 M:228593556] (S) Msg Retransmission to 1:0000000033CFE2F6
09:49:58.688  uart:~$ uart:~$ [00:01:05.595,000] <inf> chip: [EM]??2 [E:37524r S:31644 M:228593556] (S) Msg Retransmission to 1:0000000033CFE2F6 scheduled for 406ms from now [State:Active II:500 AI:300 AT:4000]
09:49:58.708  uart:~$ uart:~$ [00:01:05.596,000] <dbg> chip.LogV: [IN]Received a duplicate message with MessageCounter:223098043 on exchange 37524r
09:49:58.749  uart:~$ uart:~$ [00:01:05.597,000] <inf> chip: [EM]>>> [E:37524r S:31644 M:223098043] (S) Msg RX from 1:0000000033CFE2F6 [4145] to 00000000DCF2A6E2 --- Type 0001:06 (IM:WriteRequest) (B:88)
09:49:58.769  uart:~$ uart:~$ [00:01:05.597,000] <dbg> chip.LogV: [EM]Found matching exchange: 37524r, Delegate: 0
09:49:58.789  uart:~$ uart:~$ [00:01:05.597,000] <dbg> chip.LogV: [EM]Forcing tx of solitary ack for duplicate MessageCounter:223098043 on exchange 37524r
09:49:58.839  uart:~$ uart:~$ [00:01:05.598,000] <inf> chip: [EM]<<< [E:37524r S:31644 M:228593559 (Ack:223098043)] (S) Msg TX from 00000000DCF2A6E2 to 1:0000000033CFE2F6 [4145] [UDP:[fe80::1c59:aaca:1932:e904%ETH_W5500]:51433] --- Type 0000:10 (SecureChannel:StandaloneAck) (B:34)
09:49:58.879  uart:~$ uart:~$ [00:01:05.611,000] <inf> chip: [EM]>>> [E:37524r S:31644 M:223098045 (Ack:228593556)] (S) Msg RX from 1:0000000033CFE2F6 [4145] to 00000000DCF2A6E2 --- Type 0000:10 (SecureChannel:StandaloneAck) (B:34)
09:49:58.899  uart:~$ uart:~$ [00:01:05.611,000] <dbg> chip.LogV: [EM]Found matching exchange: 37524r, Delegate: 0
09:49:58.931  uart:~$ uart:~$ [00:01:05.611,000] <dbg> chip.LogV: [EM]Rxd Ack; Removing MessageCounter:228593556 from Retrans Table on exchange 37524r
09:49:58.973  uart:~$ uart:~$ [00:01:05.914,000] <inf> chip: [EM]>>> [E:37525r S:31644 M:223098046] (S) Msg RX from 1:0000000033CFE2F6 [4145] to 00000000DCF2A6E2 --- Type 0001:03 (IM:SubscribeRequest) (B:58)
09:49:58.993  uart:~$ uart:~$ [00:01:05.914,000] <dbg> chip.LogV: [EM]Handling via exchange: 37525r, Delegate: 0x20014644
09:49:59.013  uart:~$ uart:~$ [00:01:05.915,000] <dbg> chip.LogV: [IM]Received Subscribe request
09:49:59.033  uart:~$ uart:~$ [00:01:05.919,000] <inf> chip: [DMG]Final negotiated min/max parameters: Min = 0s, Max = 600s
09:49:59.053  uart:~$ uart:~$ [00:01:05.920,000] <dbg> chip.LogV: [DMG]IM RH moving to [CanStartReporting]
09:49:59.083  uart:~$ uart:~$ [00:01:05.921,000] <dbg> chip.LogV: [DMG]Building Reports for ReadHandler with LastReportGeneration = 0x00000000 DirtyGeneration = 0x00000000
09:49:59.104  uart:~$ uart:~$ [00:01:05.923,000] <dbg> chip.LogV: [DMG]<RE:Run> Cluster 3f, Attribute 0 is dirty
09:49:59.134  uart:~$ uart:~$ [00:01:05.925,000] <dbg> chip.LogV: [DMG]Reading attribute: Cluster=0x0000_003F Endpoint=0x0 AttributeId=0x0000_0000 (expanded=1)
09:49:59.154  uart:~$ uart:~$ [00:01:05.927,000] <dbg> chip.LogV: [DMG]<RE:Run> Cluster 3f, Attribute 1 is dirty
09:49:59.184  uart:~$ uart:~$ [00:01:05.929,000] <dbg> chip.LogV: [DMG]Reading attribute: Cluster=0x0000_003F Endpoint=0x0 AttributeId=0x0000_0001 (expanded=1)
09:49:59.217  uart:~$ uart:~$ [00:01:06.171,000] <dbg> chip.LogV: [DMG]<RE:Run> Cluster 3f, Attribute 2 is dirty
09:49:59.247  uart:~$ uart:~$ [00:01:06.173,000] <dbg> chip.LogV: [DMG]Reading attribute: Cluster=0x0000_003F Endpoint=0x0 AttributeId=0x0000_0002 (expanded=1)
09:49:59.267  uart:~$ uart:~$ [00:01:06.174,000] <dbg> chip.LogV: [DMG]<RE:Run> Cluster 3f, Attribute 3 is dirty
09:49:59.287  uart:~$ uart:~$ [00:01:06.175,000] <dbg> chip.LogV: [DMG]Reading attribute: Cluster=0x0000_003F Endpoint=0x0 AttributeId=0x0000_0003 (expanded=1)
09:49:59.307  uart:~$ uart:~$ [00:01:06.176,000] <dbg> chip.LogV: [DMG]<RE:Run> Cluster 3f, Attribute fffc is dirty
09:49:59.337  uart:~$ uart:~$ [00:01:06.178,000] <dbg> chip.LogV: [DMG]Reading attribute: Cluster=0x0000_003F Endpoint=0x0 AttributeId=0x0000_FFFC (expanded=1)
09:49:59.357  uart:~$ uart:~$ [00:01:06.178,000] <dbg> chip.LogV: [DMG]<RE:Run> Cluster 3f, Attribute fffd is dirty
09:49:59.387  uart:~$ uart:~$ [00:01:06.180,000] <dbg> chip.LogV: [DMG]Reading attribute: Cluster=0x0000_003F Endpoint=0x0 AttributeId=0x0000_FFFD (expanded=1)
09:49:59.408  uart:~$ uart:~$ [00:01:06.181,000] <dbg> chip.LogV: [DMG]<RE:Run> Cluster 3f, Attribute fff8 is dirty
09:49:59.428  uart:~$ uart:~$ [00:01:06.183,000] <dbg> chip.LogV: [DMG]<RE:Run> Cluster 3f, Attribute fff9 is dirty
09:49:59.484  uart:~$ uart:~$ [00:01:06.424,000] <dbg> chip.LogV: [DMG]<RE:Run> Cluster 3f, Attribute fffb is dirty
09:49:59.504  uart:~$ uart:~$ [00:01:06.426,000] <dbg> chip.LogV: [DMG]<RE:Run> Cluster 3e, Attribute 0 is dirty
09:49:59.534  uart:~$ uart:~$ [00:01:06.428,000] <dbg> chip.LogV: [DMG]Reading attribute: Cluster=0x0000_003E Endpoint=0x0 AttributeId=0x0000_0000 (expanded=1)
09:49:59.555  uart:~$ uart:~$ [00:01:06.435,000] <dbg> chip.LogV: [DMG]<RE:Run> Cluster 3e, Attribute 1 is dirty
09:49:59.575  uart:~$ uart:~$ [00:01:06.437,000] <dbg> chip.LogV: [DMG]Reading attribute: Cluster=0x0000_003E Endpoint=0x0 AttributeId=0x0000_0001 (expanded=1)
09:49:59.605  uart:~$ uart:~$ [00:01:06.445,000] <dbg> chip.LogV: [DMG]<RE:Run> Cluster 3e, Attribute 2 is dirty
09:49:59.625  uart:~$ uart:~$ [00:01:06.447,000] <dbg> chip.LogV: [DMG]Reading attribute: Cluster=0x0000_003E Endpoint=0x0 AttributeId=0x0000_0002 (expanded=1)
09:49:59.645  uart:~$ uart:~$ [00:01:06.448,000] <dbg> chip.LogV: [DMG]<RE:Run> Cluster 3e, Attribute 3 is dirty
09:49:59.675  uart:~$ uart:~$ [00:01:06.449,000] <dbg> chip.LogV: [DMG]Reading attribute: Cluster=0x0000_003E Endpoint=0x0 AttributeId=0x0000_0003 (expanded=1)
09:49:59.695  uart:~$ uart:~$ [00:01:06.450,000] <dbg> chip.LogV: [DMG]<RE:Run> Cluster 3e, Attribute 4 is dirty
09:49:59.737  uart:~$ uart:~$ [00:01:06.684,000] <dbg> chip.LogV: [DMG]Reading attribute: Cluster=0x0000_003E Endpoint=0x0 AttributeId=0x0000_0004 (expanded=1)
09:49:59.757  uart:~$ uart:~$ [00:01:06.688,000] <dbg> chip.LogV: [DMG]<RE:Run> Cluster 3e, Attribute 5 is dirty
09:49:59.787  uart:~$ uart:~$ [00:01:06.690,000] <dbg> chip.LogV: [DMG]Reading attribute: Cluster=0x0000_003E Endpoint=0x0 AttributeId=0x0000_0005 (expanded=1)
09:49:59.807  uart:~$ uart:~$ [00:01:06.691,000] <dbg> chip.LogV: [DMG]<RE:Run> Cluster 3e, Attribute fffc is dirty
09:49:59.837  uart:~$ uart:~$ [00:01:06.692,000] <dbg> chip.LogV: [DMG]Reading attribute: Cluster=0x0000_003E Endpoint=0x0 AttributeId=0x0000_FFFC (expanded=1)
09:49:59.858  uart:~$ uart:~$ [00:01:06.693,000] <dbg> chip.LogV: [DMG]<RE:Run> Cluster 3e, Attribute fffd is dirty
09:49:59.888  uart:~$ uart:~$ [00:01:06.695,000] <dbg> chip.LogV: [DMG]Reading attribute: Cluster=0x0000_003E Endpoint=0x0 AttributeId=0x0000_FFFD (expanded=1)
09:49:59.908  uart:~$ uart:~$ [00:01:06.695,000] <dbg> chip.LogV: [DMG]<RE:Run> Cluster 3e, Attribute fff8 is dirty
09:49:59.928  uart:~$ uart:~$ [00:01:06.697,000] <dbg> chip.LogV: [DMG]<RE:Run> Cluster 3e, Attribute fff9 is dirty
09:49:59.959  uart:~$ uart:~$ [00:01:06.699,000] <dbg> chip.LogV: [DMG]List does not fit in packet, chunk between list items for clusterId: 0x0000_003E, attributeId: 0x0000_FFF9
09:50:00.014  uart:~$ uart:~$ [00:01:06.941,000] <dbg> chip.LogV: [DMG]<RE:Run> We cannot put more chunks into this report. Enable chunking.
09:50:00.045  uart:~$ uart:~$ [00:01:06.942,000] <dbg> chip.LogV: [DMG]<RE:Run> first cluster event is too big so that it fails to fit in the packet!
09:50:00.065  uart:~$ uart:~$ [00:01:06.942,000] <dbg> chip.LogV: [DMG]Fetched 0 events
09:50:00.085  uart:~$ uart:~$ [00:01:06.943,000] <dbg> chip.LogV: [DMG]<RE> Sending report (payload has 1175 bytes)...
09:50:00.126  uart:~$ uart:~$ [00:01:06.945,000] <inf> chip: [EM]<<< [E:37525r S:31644 M:228593560 (Ack:223098046)] (S) Msg TX from 00000000DCF2A6E2 to 1:0000000033CFE2F6 [4145] [UDP:[fe80::1c59:aaca:1932:e904%ETH_W5500]:51433] --- Type 0001:05 (IM:ReportData) (B:1209)
09:50:00.156  uart:~$ uart:~$ [00:01:06.976,000] <inf> chip: [EM]??1 [E:37525r S:31644 M:228593560] (S) Msg Retransmission to 1:0000000033CFE2F6 scheduled for 403ms from now [State:Active II:500 AI:300 AT:4000]
09:50:00.186  uart:~$ uart:~$ [00:01:06.976,000] <dbg> chip.LogV: [DMG]IM RH moving to [AwaitingReportResponse]
09:50:00.206  uart:~$ uart:~$ [00:01:06.976,000] <dbg> chip.LogV: [DMG]<RE> ReportsInFlight = 1 with readHandler 0, RE has more messages
09:50:00.236  uart:~$ uart:~$ [00:01:06.978,000] <inf> chip: [EM]>>> [E:37526r S:31644 M:223098047] (S) Msg RX from 1:0000000033CFE2F6 [4145] to 00000000DCF2A6E2 --- Type 0001:02 (IM:ReadRequest) (B:51)
09:50:00.256  uart:~$ uart:~$ [00:01:06.978,000] <dbg> chip.LogV: [EM]Handling via exchange: 37526r, Delegate: 0x20014644
09:50:00.311  uart:~$ uart:~$ [00:01:07.248,000] <dbg> chip.LogV: [IM]Received Read request
09:50:00.331  uart:~$ uart:~$ [00:01:07.249,000] <dbg> chip.LogV: [DMG]IM RH moving to [CanStartReporting]
09:50:00.361  uart:~$ uart:~$ [00:01:07.250,000] <dbg> chip.LogV: [DMG]Building Reports for ReadHandler with LastReportGeneration = 0x00000000 DirtyGeneration = 0x00000000
09:50:00.381  uart:~$ uart:~$ [00:01:07.252,000] <dbg> chip.LogV: [DMG]<RE:Run> Cluster 3e, Attribute 1 is dirty
09:50:00.411  uart:~$ uart:~$ [00:01:07.254,000] <dbg> chip.LogV: [DMG]Reading attribute: Cluster=0x0000_003E Endpoint=0x0 AttributeId=0x0000_0001 (expanded=0)
09:50:00.432  uart:~$ uart:~$ [00:01:07.263,000] <dbg> chip.LogV: [DMG]<RE> Sending report (payload has 128 bytes)...
09:50:00.472  uart:~$ uart:~$ [00:01:07.265,000] <inf> chip: [EM]<<< [E:37526r S:31644 M:228593561 (Ack:223098047)] (S) Msg TX from 00000000DCF2A6E2 to 1:0000000033CFE2F6 [4145] [UDP:[fe80::1c59:aaca:1932:e904%ETH_W5500]:51433] --- Type 0001:05 (IM:ReportData) (B:162)
09:50:00.512  uart:~$ uart:~$ [00:01:07.275,000] <inf> chip: [EM]??1 [E:37526r S:31644 M:228593561] (S) Msg Retransmission to 1:0000000033CFE2F6 scheduled for 333ms from now [State:Active II:500 AI:300 AT:4000]
09:50:00.532  uart:~$ uart:~$ [00:01:07.275,000] <dbg> chip.LogV: [DMG]<RE> OnReportConfirm: NumReports = 1
09:50:00.552  uart:~$ uart:~$ [00:01:07.275,000] <dbg> chip.LogV: [DMG]<RE> ReportsInFlight = 1 with readHandler 1, RE has no more messages
09:50:00.620  uart:~$ uart:~$ [00:01:07.542,000] <dbg> chip.LogV: [DMG]IM RH moving to [AwaitingDestruction]
09:50:00.650  uart:~$ uart:~$ [00:01:07.543,000] <dbg> chip.LogV: [IN]Received a duplicate message with MessageCounter:223098047 on exchange 37526r
09:50:00.680  uart:~$ uart:~$ [00:01:07.544,000] <inf> chip: [EM]>>> [E:37526r S:31644 M:223098047] (S) Msg RX from 1:0000000033CFE2F6 [4145] to 00000000DCF2A6E2 --- Type 0001:02 (IM:ReadRequest) (B:51)
09:50:00.701  uart:~$ uart:~$ [00:01:07.544,000] <dbg> chip.LogV: [EM]Found matching exchange: 37526r, Delegate: 0
09:50:00.731  uart:~$ uart:~$ [00:01:07.544,000] <dbg> chip.LogV: [EM]Forcing tx of solitary ack for duplicate MessageCounter:223098047 on exchange 37526r
09:50:00.771  uart:~$ uart:~$ [00:01:07.545,000] <inf> chip: [EM]<<< [E:37526r S:31644 M:228593562 (Ack:223098047)] (S) Msg TX from 00000000DCF2A6E2 to 1:0000000033CFE2F6 [4145] [UDP:[fe80::1c59:aaca:1932:e904%ETH_W5500]:51433] --- Type 0000:10 (SecureChannel:StandaloneAck) (B:34)
09:50:00.801  uart:~$ uart:~$ [00:01:07.553,000] <inf> chip: [EM]<<1 [E:37525r S:31644 M:228593560] (S) Msg Retransmission to 1:0000000033CFE2F6
09:50:00.832  uart:~$ uart:~$ [00:01:07.583,000] <inf> chip: [EM]??2 [E:37525r S:31644 M:228593560] (S) Msg Retransmission to 1:0000000033CFE2F6 scheduled for 346ms from now [State:Active II:500 AI:300 AT:4000]
09:50:00.862  uart:~$ uart:~$ [00:01:07.585,000] <dbg> chip.LogV: [IN]Received a duplicate message with MessageCounter:223098046 on exchange 37525r
09:50:00.892  uart:~$ uart:~$ [00:01:07.585,000] <inf> chip: [EM]>>> [E:37525r S:31644 M:223098046] (S) Msg RX from 1:0000000033CFE2F6 [4145] to 00000000DCF2A6E2 --- Type 0001:03 (IM:SubscribeRequest) (B:58)
09:50:00.947  uart:~$ uart:~$ [00:01:07.881,000] <dbg> chip.LogV: [EM]Found matching exchange: 37525r, Delegate: 0x200161e8
09:50:00.967  uart:~$ uart:~$ [00:01:07.881,000] <dbg> chip.LogV: [EM]Forcing tx of solitary ack for duplicate MessageCounter:223098046 on exchange 37525r
09:50:01.017  uart:~$ uart:~$ [00:01:07.883,000] <inf> chip: [EM]<<< [E:37525r S:31644 M:228593563 (Ack:223098046)] (S) Msg TX from 00000000DCF2A6E2 to 1:0000000033CFE2F6 [4145] [UDP:[fe80::1c59:aaca:1932:e904%ETH_W5500]:51433] --- Type 0000:10 (SecureChannel:StandaloneAck) (B:34)
09:50:01.037  uart:~$ uart:~$ [00:01:07.890,000] <inf> chip: [EM]<<1 [E:37526r S:31644 M:228593561] (S) Msg Retransmission to 1:0000000033CFE2F6
09:50:01.077  uart:~$ uart:~$ [00:01:07.899,000] <inf> chip: [EM]??2 [E:37526r S:31644 M:228593561] (S) Msg Retransmission to 1:0000000033CFE2F6 scheduled for 394ms from now [State:Active II:500 AI:300 AT:4000]
09:50:01.107  uart:~$ uart:~$ [00:01:07.905,000] <inf> chip: [EM]>>> [E:37524r S:31644 M:223098048 (Ack:228593556)] (S) Msg RX from 1:0000000033CFE2F6 [4145] to 00000000DCF2A6E2 --- Type 0000:10 (SecureChannel:StandaloneAck) (B:34)
09:50:01.138  uart:~$ uart:~$ [00:01:07.907,000] <dbg> chip.LogV: [IN]Received a duplicate message with MessageCounter:223098047 on exchange 37526r
09:50:01.168  uart:~$ uart:~$ [00:01:07.908,000] <inf> chip: [EM]>>> [E:37526r S:31644 M:223098047] (S) Msg RX from 1:0000000033CFE2F6 [4145] to 00000000DCF2A6E2 --- Type 0001:02 (IM:ReadRequest) (B:51)
09:50:01.188  uart:~$ uart:~$ [00:01:07.908,000] <dbg> chip.LogV: [EM]Found matching exchange: 37526r, Delegate: 0
09:50:01.218  uart:~$ uart:~$ [00:01:07.908,000] <dbg> chip.LogV: [EM]Forcing tx of solitary ack for duplicate MessageCounter:223098047 on exchange 37526r
09:50:01.318  uart:~$ uart:~$ [00:01:08.206,000] <inf> chip: [EM]<<< [E:37526r S:31644 M:228593564 (Ack:223098047)] (S) Msg TX from 00000000DCF2A6E2 to 1:0000000033CFE2F6 [4145] [UDP:[fe80::1c59:aaca:1932:e904%ETH_W5500]:51433] --- Type 0000:10 (SecureChannel:StandaloneAck) (B:34)
09:50:01.338  uart:~$ uart:~$ [00:01:08.213,000] <inf> chip: [EM]<<2 [E:37525r S:31644 M:228593560] (S) Msg Retransmission to 1:0000000033CFE2F6
09:50:01.378  uart:~$ uart:~$ [00:01:08.244,000] <inf> chip: [EM]??3 [E:37525r S:31644 M:228593560] (S) Msg Retransmission to 1:0000000033CFE2F6 scheduled for 558ms from now [State:Active II:500 AI:300 AT:4000]
09:50:01.398  uart:~$ uart:~$ [00:01:08.245,000] <dbg> chip.LogV: [IN]Received a duplicate message with MessageCounter:223098046 on exchange 37525r
09:50:01.438  uart:~$ uart:~$ [00:01:08.246,000] <inf> chip: [EM]>>> [E:37525r S:31644 M:223098046] (S) Msg RX from 1:0000000033CFE2F6 [4145] to 00000000DCF2A6E2 --- Type 0001:03 (IM:SubscribeRequest) (B:58)
09:50:01.459  uart:~$ uart:~$ [00:01:08.246,000] <dbg> chip.LogV: [EM]Found matching exchange: 37525r, Delegate: 0x200161e8
09:50:01.489  uart:~$ uart:~$ [00:01:08.246,000] <dbg> chip.LogV: [EM]Forcing tx of solitary ack for duplicate MessageCounter:223098046 on exchange 37525r
09:50:01.529  uart:~$ uart:~$ [00:01:08.247,000] <inf> chip: [EM]<<< [E:37525r S:31644 M:228593565 (Ack:223098046)] (S) Msg TX from 00000000DCF2A6E2 to 1:0000000033CFE2F6 [4145] [UDP:[fe80::1c59:aaca:1932:e904%ETH_W5500]:51433] --- Type 0000:10 (SecureChannel:StandaloneAck) (B:34)
09:50:01.560  uart:~$ uart:~$ [00:01:08.256,000] <dbg> chip.LogV: [IN]Received a duplicate message with MessageCounter:223098047 on exchange 37526r
09:50:01.601  uart:~$ uart:~$ [00:01:08.256,000] <inf> chip: [EM]>>> [E:37526r S:31644 M:223098047] (S) Msg RX from 1:0000000033CFE2F6 [4145] to 00000000DCF2A6E2 --- Type 0001:02 (IM:ReadRequest) (B:51)
09:50:01.646  uart:~$ uart:~$ [00:01:08.593,000] <dbg> chip.LogV: [EM]Found matching exchange: 37526r, Delegate: 0
09:50:01.676  uart:~$ uart:~$ [00:01:08.593,000] <dbg> chip.LogV: [EM]Forcing tx of solitary ack for duplicate MessageCounter:223098047 on exchange 37526r
09:50:01.726  uart:~$ uart:~$ [00:01:08.595,000] <inf> chip: [EM]<<< [E:37526r S:31644 M:228593566 (Ack:223098047)] (S) Msg TX from 00000000DCF2A6E2 to 1:0000000033CFE2F6 [4145] [UDP:[fe80::1c59:aaca:1932:e904%ETH_W5500]:51433] --- Type 0000:10 (SecureChannel:StandaloneAck) (B:34)
09:50:01.746  uart:~$ uart:~$ [00:01:08.602,000] <inf> chip: [EM]<<2 [E:37526r S:31644 M:228593561] (S) Msg Retransmission to 1:0000000033CFE2F6
09:50:01.786  uart:~$ uart:~$ [00:01:08.612,000] <inf> chip: [EM]??3 [E:37526r S:31644 M:228593561] (S) Msg Retransmission to 1:0000000033CFE2F6 scheduled for 531ms from now [State:Active II:500 AI:300 AT:4000]
09:50:01.806  uart:~$ uart:~$ [00:01:08.613,000] <dbg> chip.LogV: [IN]Received a duplicate message with MessageCounter:223098046 on exchange 37525r
09:50:01.846  uart:~$ uart:~$ [00:01:08.614,000] <inf> chip: [EM]>>> [E:37525r S:31644 M:223098046] (S) Msg RX from 1:0000000033CFE2F6 [4145] to 00000000DCF2A6E2 --- Type 0001:03 (IM:SubscribeRequest) (B:58)
09:50:01.867  uart:~$ uart:~$ [00:01:08.614,000] <dbg> chip.LogV: [EM]Found matching exchange: 37525r, Delegate: 0x200161e8
09:50:01.887  uart:~$ uart:~$ [00:01:08.614,000] <dbg> chip.LogV: [EM]Forcing tx of solitary ack for duplicate MessageCounter:223098046 on exchange 37525r
09:50:01.937  uart:~$ uart:~$ [00:01:08.616,000] <inf> chip: [EM]<<< [E:37525r S:31644 M:228593567 (Ack:223098046)] (S) Msg TX from 00000000DCF2A6E2 to 1:0000000033CFE2F6 [4145] [UDP:[fe80::1c59:aaca:1932:e904%ETH_W5500]:51433] --- Type 0000:10 (SecureChannel:StandaloneAck) (B:34)
09:50:02.004  uart:~$ uart:~$ [00:01:08.932,000] <inf> chip: [EM]<<3 [E:37525r S:31644 M:228593560] (S) Msg Retransmission to 1:0000000033CFE2F6
09:50:02.045  uart:~$ uart:~$ [00:01:08.962,000] <inf> chip: [EM]??4 [E:37525r S:31644 M:228593560] (S) Msg Retransmission to 1:0000000033CFE2F6 scheduled for 886ms from now [State:Active II:500 AI:300 AT:4000]
09:50:02.075  uart:~$ uart:~$ [00:01:08.964,000] <inf> chip: [EM]>>> [E:37525r S:31644 M:223098049 (Ack:228593560)] (S) Msg RX from 1:0000000033CFE2F6 [4145] to 00000000DCF2A6E2 --- Type 0001:01 (IM:StatusResponse) (B:42)
09:50:02.106  uart:~$ uart:~$ [00:01:08.964,000] <dbg> chip.LogV: [EM]Found matching exchange: 37525r, Delegate: 0x200161e8
09:50:02.126  uart:~$ uart:~$ [00:01:08.964,000] <dbg> chip.LogV: [EM]Rxd Ack; Removing MessageCounter:228593560 from Retrans Table on exchange 37525r
09:50:02.146  uart:~$ uart:~$ [00:01:08.965,000] <inf> chip: [IM]Received status response, status is 0x00
09:50:02.166  uart:~$ uart:~$ [00:01:08.965,000] <dbg> chip.LogV: [DMG]<RE> OnReportConfirm: NumReports = 0
09:50:02.186  uart:~$ uart:~$ [00:01:08.965,000] <dbg> chip.LogV: [DMG]IM RH moving to [CanStartReporting]
09:50:02.217  uart:~$ uart:~$ [00:01:08.967,000] <dbg> chip.LogV: [DMG]Building Reports for ReadHandler with LastReportGeneration = 0x00000000 DirtyGeneration = 0x00000000
09:50:02.237  uart:~$ uart:~$ [00:01:08.968,000] <dbg> chip.LogV: [DMG]<RE:Run> Cluster 3e, Attribute fff9 is dirty
09:50:02.267  uart:~$ uart:~$ [00:01:09.225,000] <dbg> chip.LogV: [DMG]<RE:Run> Cluster 3e, Attribute fffb is dirty
09:50:02.297  uart:~$ uart:~$ [00:01:09.229,000] <dbg> chip.LogV: [DMG]<RE:Run> Cluster 3c, Attribute 0 is dirty
09:50:02.317  uart:~$ uart:~$ [00:01:09.230,000] <dbg> chip.LogV: [DMG]Reading attribute: Cluster=0x0000_003C Endpoint=0x0 AttributeId=0x0000_0000 (expanded=1)
09:50:02.338  uart:~$ uart:~$ [00:01:09.231,000] <dbg> chip.LogV: [DMG]<RE:Run> Cluster 3c, Attribute 1 is dirty
09:50:02.368  uart:~$ uart:~$ [00:01:09.233,000] <dbg> chip.LogV: [DMG]Reading attribute: Cluster=0x0000_003C Endpoint=0x0 AttributeId=0x0000_0001 (expanded=1)
09:50:02.388  uart:~$ uart:~$ [00:01:09.233,000] <dbg> chip.LogV: [DMG]<RE:Run> Cluster 3c, Attribute 2 is dirty
09:50:02.418  uart:~$ uart:~$ [00:01:09.235,000] <dbg> chip.LogV: [DMG]Reading attribute: Cluster=0x0000_003C Endpoint=0x0 AttributeId=0x0000_0002 (expanded=1)
09:50:02.438  uart:~$ uart:~$ [00:01:09.236,000] <dbg> chip.LogV: [DMG]<RE:Run> Cluster 3c, Attribute fffc is dirty
09:50:02.468  uart:~$ uart:~$ [00:01:09.238,000] <dbg> chip.LogV: [DMG]Reading attribute: Cluster=0x0000_003C Endpoint=0x0 AttributeId=0x0000_FFFC (expanded=1)
09:50:02.488  uart:~$ uart:~$ [00:01:09.238,000] <dbg> chip.LogV: [DMG]<RE:Run> Cluster 3c, Attribute fffd is dirty
09:50:02.531  uart:~$ uart:~$ [00:01:09.476,000] <dbg> chip.LogV: [DMG]Reading attribute: Cluster=0x0000_003C Endpoint=0x0 AttributeId=0x0000_FFFD (expanded=1)
09:50:02.562  uart:~$ uart:~$ [00:01:09.477,000] <dbg> chip.LogV: [DMG]<RE:Run> Cluster 3c, Attribute fff8 is dirty
09:50:02.582  uart:~$ uart:~$ [00:01:09.479,000] <dbg> chip.LogV: [DMG]<RE:Run> Cluster 3c, Attribute fff9 is dirty
09:50:02.613  uart:~$ uart:~$ [00:01:09.481,000] <dbg> chip.LogV: [DMG]<RE:Run> Cluster 3c, Attribute fffb is dirty
09:50:02.633  uart:~$ uart:~$ [00:01:09.483,000] <dbg> chip.LogV: [DMG]<RE:Run> Cluster 34, Attribute 0 is dirty
09:50:02.663  uart:~$ uart:~$ [00:01:09.485,000] <dbg> chip.LogV: [DMG]Reading attribute: Cluster=0x0000_0034 Endpoint=0x0 AttributeId=0x0000_0000 (expanded=1)
09:50:02.683  uart:~$ uart:~$ [00:01:09.490,000] <dbg> chip.LogV: [DMG]<RE:Run> Cluster 34, Attribute 1 is dirty
09:50:02.703  uart:~$ uart:~$ [00:01:09.492,000] <dbg> chip.LogV: [DMG]Reading attribute: Cluster=0x0000_0034 Endpoint=0x0 AttributeId=0x0000_0001 (expanded=1)
09:50:02.723  uart:~$ uart:~$ [00:01:09.493,000] <dbg> chip.LogV: [DMG]<RE:Run> Cluster 34, Attribute 2 is dirty
09:50:02.753  uart:~$ uart:~$ [00:01:09.495,000] <dbg> chip.LogV: [DMG]Reading attribute: Cluster=0x0000_0034 Endpoint=0x0 AttributeId=0x0000_0002 (expanded=1)
09:50:02.810  uart:~$ uart:~$ [00:01:09.744,000] <dbg> chip.LogV: [DMG]<RE:Run> Cluster 34, Attribute 3 is dirty
09:50:02.841  uart:~$ uart:~$ [00:01:09.746,000] <dbg> chip.LogV: [DMG]Reading attribute: Cluster=0x0000_0034 Endpoint=0x0 AttributeId=0x0000_0003 (expanded=1)
09:50:02.882  uart:~$ uart:~$ [00:01:09.746,000] <dbg> chip.LogV: [DMG]Next attribute value does not fit in packet, roll back on clusterId: 0x0000_0034, attributeId: 0x0000_0003, err = b
09:50:02.902  uart:~$ uart:~$ [00:01:09.746,000] <dbg> chip.LogV: [DMG]<RE:Run> We cannot put more chunks into this report. Enable chunking.
09:50:02.932  uart:~$ uart:~$ [00:01:09.747,000] <dbg> chip.LogV: [DMG]<RE:Run> first cluster event is too big so that it fails to fit in the packet!
09:50:02.952  uart:~$ uart:~$ [00:01:09.747,000] <dbg> chip.LogV: [DMG]Fetched 0 events
09:50:02.973  uart:~$ uart:~$ [00:01:09.748,000] <dbg> chip.LogV: [DMG]<RE> Sending report (payload has 1173 bytes)...
09:50:03.013  uart:~$ uart:~$ [00:01:09.750,000] <inf> chip: [EM]<<< [E:37525r S:31644 M:228593568 (Ack:223098049)] (S) Msg TX from 00000000DCF2A6E2 to 1:0000000033CFE2F6 [4145] [UDP:[fe80::1c59:aaca:1932:e904%ETH_W5500]:51433] --- Type 0001:05 (IM:ReportData) (B:1207)
09:50:03.053  uart:~$ uart:~$ [00:01:09.781,000] <inf> chip: [EM]??1 [E:37525r S:31644 M:228593568] (S) Msg Retransmission to 1:0000000033CFE2F6 scheduled for 396ms from now [State:Active II:500 AI:300 AT:4000]
09:50:03.074  uart:~$ uart:~$ [00:01:09.781,000] <dbg> chip.LogV: [DMG]IM RH moving to [AwaitingReportResponse]
09:50:03.114  uart:~$ uart:~$ [00:01:10.056,000] <dbg> chip.LogV: [DMG]<RE> ReportsInFlight = 1 with readHandler 0, RE has more messages
09:50:03.145  uart:~$ uart:~$ [00:01:10.058,000] <dbg> chip.LogV: [IN]Received a duplicate message with MessageCounter:223098047 on exchange 37526r
09:50:03.175  uart:~$ uart:~$ [00:01:10.058,000] <inf> chip: [EM]>>> [E:37526r S:31644 M:223098047] (S) Msg RX from 1:0000000033CFE2F6 [4145] to 00000000DCF2A6E2 --- Type 0001:02 (IM:ReadRequest) (B:51)
09:50:03.195  uart:~$ uart:~$ [00:01:10.058,000] <dbg> chip.LogV: [EM]Found matching exchange: 37526r, Delegate: 0
09:50:03.226  uart:~$ uart:~$ [00:01:10.059,000] <dbg> chip.LogV: [EM]Forcing tx of solitary ack for duplicate MessageCounter:223098047 on exchange 37526r
09:50:03.266  uart:~$ uart:~$ [00:01:10.060,000] <inf> chip: [EM]<<< [E:37526r S:31644 M:228593569 (Ack:223098047)] (S) Msg TX from 00000000DCF2A6E2 to 1:0000000033CFE2F6 [4145] [UDP:[fe80::1c59:aaca:1932:e904%ETH_W5500]:51433] --- Type 0000:10 (SecureChannel:StandaloneAck) (B:34)
09:50:03.296  uart:~$ uart:~$ [00:01:10.067,000] <inf> chip: [EM]<<3 [E:37526r S:31644 M:228593561] (S) Msg Retransmission to 1:0000000033CFE2F6
09:50:03.326  uart:~$ uart:~$ [00:01:10.077,000] <inf> chip: [EM]??4 [E:37526r S:31644 M:228593561] (S) Msg Retransmission to 1:0000000033CFE2F6 scheduled for 1010ms from now [State:Active II:500 AI:300 AT:4000]
09:50:03.367  uart:~$ uart:~$ [00:01:10.079,000] <inf> chip: [EM]>>> [E:37526r S:31644 M:223098050 (Ack:228593561)] (S) Msg RX from 1:0000000033CFE2F6 [4145] to 00000000DCF2A6E2 --- Type 0000:10 (SecureChannel:StandaloneAck) (B:34)
09:50:03.387  uart:~$ uart:~$ [00:01:10.079,000] <dbg> chip.LogV: [EM]Found matching exchange: 37526r, Delegate: 0
09:50:03.466  uart:~$ uart:~$ [00:01:10.378,000] <dbg> chip.LogV: [EM]Rxd Ack; Removing MessageCounter:228593561 from Retrans Table on exchange 37526r
09:50:03.486  uart:~$ uart:~$ [00:01:10.380,000] <inf> chip: [EM]<<1 [E:37525r S:31644 M:228593568] (S) Msg Retransmission to 1:0000000033CFE2F6
09:50:03.536  uart:~$ uart:~$ [00:01:10.410,000] <inf> chip: [EM]??2 [E:37525r S:31644 M:228593568] (S) Msg Retransmission to 1:0000000033CFE2F6 scheduled for 366ms from now [State:Active II:500 AI:300 AT:4000]
09:50:03.556  uart:~$ uart:~$ [00:01:10.412,000] <dbg> chip.LogV: [IN]Received a duplicate message with MessageCounter:223098049 on exchange 37525r
09:50:03.597  uart:~$ uart:~$ [00:01:10.412,000] <inf> chip: [EM]>>> [E:37525r S:31644 M:223098049 (Ack:228593560)] (S) Msg RX from 1:0000000033CFE2F6 [4145] to 00000000DCF2A6E2 --- Type 0001:01 (IM:StatusResponse) (B:42)
09:50:03.627  uart:~$ uart:~$ [00:01:10.412,000] <dbg> chip.LogV: [EM]Found matching exchange: 37525r, Delegate: 0x200161e8
09:50:03.647  uart:~$ uart:~$ [00:01:10.412,000] <dbg> chip.LogV: [EM]Forcing tx of solitary ack for duplicate MessageCounter:223098049 on exchange 37525r
09:50:03.697  uart:~$ uart:~$ [00:01:10.414,000] <inf> chip: [EM]<<< [E:37525r S:31644 M:228593570 (Ack:223098049)] (S) Msg TX from 00000000DCF2A6E2 to 1:0000000033CFE2F6 [4145] [UDP:[fe80::1c59:aaca:1932:e904%ETH_W5500]:51433] --- Type 0000:10 (SecureChannel:StandaloneAck) (B:34)
09:50:03.738  uart:~$ uart:~$ [00:01:10.423,000] <inf> chip: [EM]>>> [E:37525r S:31644 M:223098051 (Ack:228593560)] (S) Msg RX from 1:0000000033CFE2F6 [4145] to 00000000DCF2A6E2 --- Type 0000:10 (SecureChannel:StandaloneAck) (B:34)
09:50:03.758  uart:~$ uart:~$ [00:01:10.423,000] <dbg> chip.LogV: [EM]Found matching exchange: 37525r, Delegate: 0x200161e8
09:50:03.795  uart:~$ uart:~$ [00:01:10.744,000] <dbg> chip.LogV: [EM]CHIP MessageCounter:228593560 not in RetransTable on exchange 37525r
09:50:03.825  uart:~$ uart:~$ [00:01:10.745,000] <dbg> chip.LogV: [IN]Received a duplicate message with MessageCounter:223098049 on exchange 37525r
09:50:03.855  uart:~$ uart:~$ [00:01:10.746,000] <inf> chip: [EM]>>> [E:37525r S:31644 M:223098049 (Ack:228593560)] (S) Msg RX from 1:0000000033CFE2F6 [4145] to 00000000DCF2A6E2 --- Type 0001:01 (IM:StatusResponse) (B:42)
09:50:03.876  uart:~$ uart:~$ [00:01:10.746,000] <dbg> chip.LogV: [EM]Found matching exchange: 37525r, Delegate: 0x200161e8
09:50:03.906  uart:~$ uart:~$ [00:01:10.746,000] <dbg> chip.LogV: [EM]Forcing tx of solitary ack for duplicate MessageCounter:223098049 on exchange 37525r
09:50:03.957  uart:~$ uart:~$ [00:01:10.747,000] <inf> chip: [EM]<<< [E:37525r S:31644 M:228593571 (Ack:223098049)] (S) Msg TX from 00000000DCF2A6E2 to 1:0000000033CFE2F6 [4145] [UDP:[fe80::1c59:aaca:1932:e904%ETH_W5500]:51433] --- Type 0000:10 (SecureChannel:StandaloneAck) (B:34)
09:50:03.988  uart:~$ uart:~$ [00:01:10.757,000] <inf> chip: [EM]>>> [E:37526r S:31644 M:223098052 (Ack:228593561)] (S) Msg RX from 1:0000000033CFE2F6 [4145] to 00000000DCF2A6E2 --- Type 0000:10 (SecureChannel:StandaloneAck) (B:34)
09:50:04.028  uart:~$ uart:~$ [00:01:10.759,000] <inf> chip: [EM]>>> [E:37525r S:31644 M:223098053 (Ack:228593560)] (S) Msg RX from 1:0000000033CFE2F6 [4145] to 00000000DCF2A6E2 --- Type 0000:10 (SecureChannel:StandaloneAck) (B:34)
09:50:04.048  uart:~$ uart:~$ [00:01:10.760,000] <dbg> chip.LogV: [EM]Found matching exchange: 37525r, Delegate: 0x200161e8
09:50:04.069  uart:~$ uart:~$ [00:01:10.760,000] <dbg> chip.LogV: [EM]CHIP MessageCounter:228593560 not in RetransTable on exchange 37525r
09:50:04.146  uart:~$ uart:~$ [00:01:11.061,000] <inf> chip: [EM]<<2 [E:37525r S:31644 M:228593568] (S) Msg Retransmission to 1:0000000033CFE2F6
09:50:04.176  uart:~$ uart:~$ [00:01:11.091,000] <inf> chip: [EM]??3 [E:37525r S:31644 M:228593568] (S) Msg Retransmission to 1:0000000033CFE2F6 scheduled for 561ms from now [State:Active II:500 AI:300 AT:4000]
09:50:04.206  uart:~$ uart:~$ [00:01:11.093,000] <dbg> chip.LogV: [IN]Received a duplicate message with MessageCounter:223098049 on exchange 37525r
09:50:04.247  uart:~$ uart:~$ [00:01:11.093,000] <inf> chip: [EM]>>> [E:37525r S:31644 M:223098049 (Ack:228593560)] (S) Msg RX from 1:0000000033CFE2F6 [4145] to 00000000DCF2A6E2 --- Type 0001:01 (IM:StatusResponse) (B:42)
09:50:04.268  uart:~$ uart:~$ [00:01:11.094,000] <dbg> chip.LogV: [EM]Found matching exchange: 37525r, Delegate: 0x200161e8
09:50:04.298  uart:~$ uart:~$ [00:01:11.094,000] <dbg> chip.LogV: [EM]Forcing tx of solitary ack for duplicate MessageCounter:223098049 on exchange 37525r
09:50:04.338  uart:~$ uart:~$ [00:01:11.095,000] <inf> chip: [EM]<<< [E:37525r S:31644 M:228593572 (Ack:223098049)] (S) Msg TX from 00000000DCF2A6E2 to 1:0000000033CFE2F6 [4145] [UDP:[fe80::1c59:aaca:1932:e904%ETH_W5500]:51433] --- Type 0000:10 (SecureChannel:StandaloneAck) (B:34)
09:50:04.378  uart:~$ uart:~$ [00:01:11.104,000] <inf> chip: [EM]>>> [E:37526r S:31644 M:223098054 (Ack:228593561)] (S) Msg RX from 1:0000000033CFE2F6 [4145] to 00000000DCF2A6E2 --- Type 0000:10 (SecureChannel:StandaloneAck) (B:34)
09:50:04.418  uart:~$ uart:~$ [00:01:11.106,000] <inf> chip: [EM]>>> [E:37525r S:31644 M:223098055 (Ack:228593560)] (S) Msg RX from 1:0000000033CFE2F6 [4145] to 00000000DCF2A6E2 --- Type 0000:10 (SecureChannel:StandaloneAck) (B:34)
09:50:04.439  uart:~$ uart:~$ [00:01:11.106,000] <dbg> chip.LogV: [EM]Found matching exchange: 37525r, Delegate: 0x200161e8
09:50:04.480  uart:~$ uart:~$ [00:01:11.425,000] <dbg> chip.LogV: [EM]CHIP MessageCounter:228593560 not in RetransTable on exchange 37525r
09:50:04.500  uart:~$ uart:~$ [00:01:11.427,000] <dbg> chip.LogV: [IN]Received a duplicate message with MessageCounter:223098049 on exchange 37525r
09:50:04.540  uart:~$ uart:~$ [00:01:11.427,000] <inf> chip: [EM]>>> [E:37525r S:31644 M:223098049 (Ack:228593560)] (S) Msg RX from 1:0000000033CFE2F6 [4145] to 00000000DCF2A6E2 --- Type 0001:01 (IM:StatusResponse) (B:42)
09:50:04.561  uart:~$ uart:~$ [00:01:11.427,000] <dbg> chip.LogV: [EM]Found matching exchange: 37525r, Delegate: 0x200161e8
09:50:04.581  uart:~$ uart:~$ [00:01:11.428,000] <dbg> chip.LogV: [EM]Forcing tx of solitary ack for duplicate MessageCounter:223098049 on exchange 37525r
09:50:04.631  uart:~$ uart:~$ [00:01:11.429,000] <inf> chip: [EM]<<< [E:37525r S:31644 M:228593573 (Ack:223098049)] (S) Msg TX from 00000000DCF2A6E2 to 1:0000000033CFE2F6 [4145] [UDP:[fe80::1c59:aaca:1932:e904%ETH_W5500]:51433] --- Type 0000:10 (SecureChannel:StandaloneAck) (B:34)
09:50:04.661  uart:~$ uart:~$ [00:01:11.437,000] <inf> chip: [EM]>>> [E:37525r S:31644 M:223098056 (Ack:228593568)] (S) Msg RX from 1:0000000033CFE2F6 [4145] to 00000000DCF2A6E2 --- Type 0001:01 (IM:StatusResponse) (B:42)
09:50:04.692  uart:~$ uart:~$ [00:01:11.438,000] <dbg> chip.LogV: [EM]Found matching exchange: 37525r, Delegate: 0x200161e8
09:50:04.712  uart:~$ uart:~$ [00:01:11.438,000] <dbg> chip.LogV: [EM]Rxd Ack; Removing MessageCounter:228593568 from Retrans Table on exchange 37525r
09:50:04.732  uart:~$ uart:~$ [00:01:11.439,000] <inf> chip: [IM]Received status response, status is 0x00
09:50:04.774  uart:~$ uart:~$ [00:01:11.721,000] <dbg> chip.LogV: [DMG]<RE> OnReportConfirm: NumReports = 0
09:50:04.794  uart:~$ uart:~$ [00:01:11.722,000] <dbg> chip.LogV: [DMG]IM RH moving to [CanStartReporting]
09:50:04.834  uart:~$ uart:~$ [00:01:11.724,000] <inf> chip: [EM]<<< [E:37525r S:31644 M:228593574 (Ack:223098056)] (S) Msg TX from 00000000DCF2A6E2 to 1:0000000033CFE2F6 [4145] [UDP:[fe80::1c59:aaca:1932:e904%ETH_W5500]:51433] --- Type 0000:10 (SecureChannel:StandaloneAck) (B:34)
09:50:04.865  uart:~$ uart:~$ [00:01:11.731,000] <dbg> chip.LogV: [DMG]Building Reports for ReadHandler with LastReportGeneration = 0x00000000 DirtyGeneration = 0x00000000
09:50:04.885  uart:~$ uart:~$ [00:01:11.731,000] <dbg> chip.LogV: [DMG]<RE:Run> Cluster 34, Attribute 3 is dirty
09:50:04.915  uart:~$ uart:~$ [00:01:11.733,000] <dbg> chip.LogV: [DMG]Reading attribute: Cluster=0x0000_0034 Endpoint=0x0 AttributeId=0x0000_0003 (expanded=1)
09:50:04.935  uart:~$ uart:~$ [00:01:11.734,000] <dbg> chip.LogV: [DMG]<RE:Run> Cluster 34, Attribute fffc is dirty
09:50:04.955  uart:~$ uart:~$ [00:01:11.735,000] <dbg> chip.LogV: [DMG]Reading attribute: Cluster=0x0000_0034 Endpoint=0x0 AttributeId=0x0000_FFFC (expanded=1)
09:50:04.987  uart:~$ uart:~$ [00:01:11.736,000] <dbg> chip.LogV: [DMG]<RE:Run> Cluster 34, Attribute fffd is dirty
09:50:05.017  uart:~$ uart:~$ [00:01:11.738,000] <dbg> chip.LogV: [DMG]Reading attribute: Cluster=0x0000_0034 Endpoint=0x0 AttributeId=0x0000_FFFD (expanded=1)
09:50:05.073  uart:~$ uart:~$ [00:01:12.004,000] <dbg> chip.LogV: [DMG]<RE:Run> Cluster 34, Attribute fff8 is dirty
09:50:05.093  uart:~$ uart:~$ [00:01:12.006,000] <dbg> chip.LogV: [DMG]<RE:Run> Cluster 34, Attribute fff9 is dirty
09:50:05.113  uart:~$ uart:~$ [00:01:12.008,000] <dbg> chip.LogV: [DMG]<RE:Run> Cluster 34, Attribute fffb is dirty
09:50:05.133  uart:~$ uart:~$ [00:01:12.011,000] <dbg> chip.LogV: [DMG]<RE:Run> Cluster 33, Attribute 0 is dirty
09:50:05.163  uart:~$ uart:~$ [00:01:12.013,000] <dbg> chip.LogV: [DMG]Reading attribute: Cluster=0x0000_0033 Endpoint=0x0 AttributeId=0x0000_0000 (expanded=1)
09:50:05.183  uart:~$ uart:~$ [00:01:12.014,000] <dbg> chip.LogV: [DMG]<RE:Run> Cluster 33, Attribute 1 is dirty
09:50:05.204  uart:~$ uart:~$ [00:01:12.016,000] <dbg> chip.LogV: [DMG]Reading attribute: Cluster=0x0000_0033 Endpoint=0x0 AttributeId=0x0000_0001 (expanded=1)
09:50:05.234  uart:~$ uart:~$ [00:01:12.035,000] <dbg> chip.LogV: [DMG]<RE:Run> Cluster 33, Attribute 8 is dirty
09:50:05.264  uart:~$ uart:~$ [00:01:12.037,000] <dbg> chip.LogV: [DMG]Reading attribute: Cluster=0x0000_0033 Endpoint=0x0 AttributeId=0x0000_0008 (expanded=1)
09:50:05.284  uart:~$ uart:~$ [00:01:12.038,000] <dbg> chip.LogV: [DMG]<RE:Run> Cluster 33, Attribute 3 is dirty
09:50:05.388  uart:~$ uart:~$ [00:01:12.276,000] <dbg> chip.LogV: [DMG]Reading attribute: Cluster=0x0000_0033 Endpoint=0x0 AttributeId=0x0000_0003 (expanded=1)
09:50:05.408  uart:~$ uart:~$ [00:01:12.342,000] <dbg> chip.LogV: [DMG]<RE:Run> Cluster 33, Attribute 4 is dirty
09:50:05.438  uart:~$ uart:~$ [00:01:12.343,000] <dbg> chip.LogV: [DMG]Reading attribute: Cluster=0x0000_0033 Endpoint=0x0 AttributeId=0x0000_0004 (expanded=1)
09:50:05.458  uart:~$ uart:~$ [00:01:12.344,000] <dbg> chip.LogV: [DMG]<RE:Run> Cluster 33, Attribute 2 is dirty
09:50:05.489  uart:~$ uart:~$ [00:01:12.346,000] <dbg> chip.LogV: [DMG]Reading attribute: Cluster=0x0000_0033 Endpoint=0x0 AttributeId=0x0000_0002 (expanded=1)
09:50:05.509  uart:~$ uart:~$ [00:01:12.347,000] <dbg> chip.LogV: [DMG]<RE:Run> Cluster 33, Attribute a is dirty
09:50:05.540  uart:~$ uart:~$ [00:01:12.348,000] <dbg> chip.LogV: [DMG]Reading attribute: Cluster=0x0000_0033 Endpoint=0x0 AttributeId=0x0000_000A (expanded=1)
09:50:05.560  uart:~$ uart:~$ [00:01:12.349,000] <dbg> chip.LogV: [DMG]<RE:Run> Cluster 33, Attribute fffc is dirty
09:50:05.590  uart:~$ uart:~$ [00:01:12.351,000] <dbg> chip.LogV: [DMG]Reading attribute: Cluster=0x0000_0033 Endpoint=0x0 AttributeId=0x0000_FFFC (expanded=1)
09:50:05.610  uart:~$ uart:~$ [00:01:12.351,000] <dbg> chip.LogV: [DMG]<RE:Run> Cluster 33, Attribute fffd is dirty
09:50:05.663  uart:~$ uart:~$ [00:01:12.605,000] <dbg> chip.LogV: [DMG]Reading attribute: Cluster=0x0000_0033 Endpoint=0x0 AttributeId=0x0000_FFFD (expanded=1)
09:50:05.683  uart:~$ uart:~$ [00:01:12.605,000] <dbg> chip.LogV: [DMG]<RE:Run> Cluster 33, Attribute fff8 is dirty
09:50:05.703  uart:~$ uart:~$ [00:01:12.607,000] <dbg> chip.LogV: [DMG]<RE:Run> Cluster 33, Attribute fff9 is dirty
09:50:05.724  uart:~$ uart:~$ [00:01:12.610,000] <dbg> chip.LogV: [DMG]<RE:Run> Cluster 33, Attribute fffb is dirty
09:50:05.744  uart:~$ uart:~$ [00:01:12.612,000] <dbg> chip.LogV: [DMG]<RE:Run> Cluster 32, Attribute fffc is dirty
09:50:05.764  uart:~$ uart:~$ [00:01:12.614,000] <dbg> chip.LogV: [DMG]Reading attribute: Cluster=0x0000_0032 Endpoint=0x0 AttributeId=0x0000_FFFC (expanded=1)
09:50:05.794  uart:~$ uart:~$ [00:01:12.614,000] <dbg> chip.LogV: [DMG]<RE:Run> Cluster 32, Attribute fffd is dirty
09:50:05.814  uart:~$ uart:~$ [00:01:12.616,000] <dbg> chip.LogV: [DMG]Reading attribute: Cluster=0x0000_0032 Endpoint=0x0 AttributeId=0x0000_FFFD (expanded=1)
09:50:05.834  uart:~$ uart:~$ [00:01:12.617,000] <dbg> chip.LogV: [DMG]<RE:Run> Cluster 32, Attribute fff8 is dirty
09:50:05.855  uart:~$ uart:~$ [00:01:12.619,000] <dbg> chip.LogV: [DMG]<RE:Run> Cluster 32, Attribute fff9 is dirty
09:50:05.897  uart:~$ uart:~$ [00:01:12.848,000] <dbg> chip.LogV: [DMG]<RE:Run> Cluster 32, Attribute fffb is dirty
09:50:05.917  uart:~$ uart:~$ [00:01:12.851,000] <dbg> chip.LogV: [DMG]<RE:Run> Cluster 30, Attribute 0 is dirty
09:50:05.947  uart:~$ uart:~$ [00:01:12.852,000] <dbg> chip.LogV: [DMG]Reading attribute: Cluster=0x0000_0030 Endpoint=0x0 AttributeId=0x0000_0000 (expanded=1)
09:50:05.968  uart:~$ uart:~$ [00:01:12.853,000] <dbg> chip.LogV: [DMG]<RE:Run> Cluster 30, Attribute 1 is dirty
09:50:05.998  uart:~$ uart:~$ [00:01:12.855,000] <dbg> chip.LogV: [DMG]Reading attribute: Cluster=0x0000_0030 Endpoint=0x0 AttributeId=0x0000_0001 (expanded=1)
09:50:06.019  uart:~$ uart:~$ [00:01:12.855,000] <dbg> chip.LogV: [DMG]<RE:Run> Cluster 30, Attribute 2 is dirty
09:50:06.049  uart:~$ uart:~$ [00:01:12.857,000] <dbg> chip.LogV: [DMG]Reading attribute: Cluster=0x0000_0030 Endpoint=0x0 AttributeId=0x0000_0002 (expanded=1)
09:50:06.069  uart:~$ uart:~$ [00:01:12.860,000] <dbg> chip.LogV: [DMG]<RE:Run> Cluster 30, Attribute 3 is dirty
09:50:06.089  uart:~$ uart:~$ [00:01:12.862,000] <dbg> chip.LogV: [DMG]Reading attribute: Cluster=0x0000_0030 Endpoint=0x0 AttributeId=0x0000_0003 (expanded=1)
09:50:06.121  uart:~$ uart:~$ [00:01:12.862,000] <dbg> chip.LogV: [DMG]<RE:Run> Cluster 30, Attribute 4 is dirty
09:50:06.163  uart:~$ uart:~$ [00:01:13.105,000] <dbg> chip.LogV: [DMG]Reading attribute: Cluster=0x0000_0030 Endpoint=0x0 AttributeId=0x0000_0004 (expanded=1)
09:50:06.183  uart:~$ uart:~$ [00:01:13.105,000] <dbg> chip.LogV: [DMG]<RE:Run> Cluster 30, Attribute fffc is dirty
09:50:06.203  uart:~$ uart:~$ [00:01:13.107,000] <dbg> chip.LogV: [DMG]Reading attribute: Cluster=0x0000_0030 Endpoint=0x0 AttributeId=0x0000_FFFC (expanded=1)
09:50:06.223  uart:~$ uart:~$ [00:01:13.108,000] <dbg> chip.LogV: [DMG]<RE:Run> Cluster 30, Attribute fffd is dirty
09:50:06.253  uart:~$ uart:~$ [00:01:13.109,000] <dbg> chip.LogV: [DMG]Reading attribute: Cluster=0x0000_0030 Endpoint=0x0 AttributeId=0x0000_FFFD (expanded=1)
09:50:06.273  uart:~$ uart:~$ [00:01:13.110,000] <dbg> chip.LogV: [DMG]<RE:Run> Cluster 30, Attribute fff8 is dirty
09:50:06.294  uart:~$ uart:~$ [00:01:13.112,000] <dbg> chip.LogV: [DMG]<RE:Run> Cluster 30, Attribute fff9 is dirty
09:50:06.314  uart:~$ uart:~$ [00:01:13.114,000] <dbg> chip.LogV: [DMG]<RE:Run> Cluster 30, Attribute fffb is dirty
09:50:06.334  uart:~$ uart:~$ [00:01:13.117,000] <dbg> chip.LogV: [DMG]<RE:Run> Cluster 2a, Attribute 0 is dirty
09:50:06.364  uart:~$ uart:~$ [00:01:13.119,000] <dbg> chip.LogV: [DMG]Reading attribute: Cluster=0x0000_002A Endpoint=0x0 AttributeId=0x0000_0000 (expanded=1)
09:50:06.420  uart:~$ uart:~$ [00:01:13.353,000] <dbg> chip.LogV: [DMG]<RE:Run> Cluster 2a, Attribute 1 is dirty
09:50:06.450  uart:~$ uart:~$ [00:01:13.355,000] <dbg> chip.LogV: [DMG]Reading attribute: Cluster=0x0000_002A Endpoint=0x0 AttributeId=0x0000_0001 (expanded=1)
09:50:06.481  uart:~$ uart:~$ [00:01:13.355,000] <dbg> chip.LogV: [DMG]Next attribute value does not fit in packet, roll back on clusterId: 0x0000_002A, attributeId: 0x0000_0001, err = b
09:50:06.511  uart:~$ uart:~$ [00:01:13.356,000] <dbg> chip.LogV: [DMG]<RE:Run> We cannot put more chunks into this report. Enable chunking.
09:50:06.531  uart:~$ uart:~$ [00:01:13.356,000] <dbg> chip.LogV: [DMG]<RE:Run> first cluster event is too big so that it fails to fit in the packet!
09:50:06.551  uart:~$ uart:~$ [00:01:13.357,000] <dbg> chip.LogV: [DMG]Fetched 0 events
09:50:06.571  uart:~$ uart:~$ [00:01:13.357,000] <dbg> chip.LogV: [DMG]<RE> Sending report (payload has 1161 bytes)...
09:50:06.611  uart:~$ uart:~$ [00:01:13.360,000] <inf> chip: [EM]<<< [E:37525r S:31644 M:228593575 (Ack:223098056)] (S) Msg TX from 00000000DCF2A6E2 to 1:0000000033CFE2F6 [4145] [UDP:[fe80::1c59:aaca:1932:e904%ETH_W5500]:51433] --- Type 0001:05 (IM:ReportData) (B:1195)
09:50:06.651  uart:~$ uart:~$ [00:01:13.390,000] <inf> chip: [EM]??1 [E:37525r S:31644 M:228593575] (S) Msg Retransmission to 1:0000000033CFE2F6 scheduled for 359ms from now [State:Active II:500 AI:300 AT:4000]
09:50:06.672  uart:~$ uart:~$ [00:01:13.390,000] <dbg> chip.LogV: [DMG]IM RH moving to [AwaitingReportResponse]
09:50:06.714  uart:~$ uart:~$ [00:01:13.659,000] <dbg> chip.LogV: [DMG]<RE> ReportsInFlight = 1 with readHandler 0, RE has more messages
09:50:06.744  uart:~$ uart:~$ [00:01:13.661,000] <inf> chip: [EM]>>> [E:37526r S:31644 M:223098057 (Ack:228593561)] (S) Msg RX from 1:0000000033CFE2F6 [4145] to 00000000DCF2A6E2 --- Type 0000:10 (SecureChannel:StandaloneAck) (B:34)
09:50:06.785  uart:~$ uart:~$ [00:01:13.662,000] <dbg> chip.LogV: [IN]Received a duplicate message with MessageCounter:223098056 on exchange 37525r
09:50:06.815  uart:~$ uart:~$ [00:01:13.663,000] <inf> chip: [EM]>>> [E:37525r S:31644 M:223098056 (Ack:228593568)] (S) Msg RX from 1:0000000033CFE2F6 [4145] to 00000000DCF2A6E2 --- Type 0001:01 (IM:StatusResponse) (B:42)
09:50:06.835  uart:~$ uart:~$ [00:01:13.663,000] <dbg> chip.LogV: [EM]Found matching exchange: 37525r, Delegate: 0x200161e8
09:50:06.865  uart:~$ uart:~$ [00:01:13.663,000] <dbg> chip.LogV: [EM]Forcing tx of solitary ack for duplicate MessageCounter:223098056 on exchange 37525r
09:50:06.915  uart:~$ uart:~$ [00:01:13.665,000] <inf> chip: [EM]<<< [E:37525r S:31644 M:228593576 (Ack:223098056)] (S) Msg TX from 00000000DCF2A6E2 to 1:0000000033CFE2F6 [4145] [UDP:[fe80::1c59:aaca:1932:e904%ETH_W5500]:51433] --- Type 0000:10 (SecureChannel:StandaloneAck) (B:34)
09:50:06.945  uart:~$ uart:~$ [00:01:13.674,000] <inf> chip: [EM]>>> [E:37525r S:31644 M:223098058 (Ack:228593568)] (S) Msg RX from 1:0000000033CFE2F6 [4145] to 00000000DCF2A6E2 --- Type 0000:10 (SecureChannel:StandaloneAck) (B:34)
09:50:06.976  uart:~$ uart:~$ [00:01:13.674,000] <dbg> chip.LogV: [EM]Found matching exchange: 37525r, Delegate: 0x200161e8
09:50:07.007  uart:~$ uart:~$ [00:01:13.674,000] <dbg> chip.LogV: [EM]CHIP MessageCounter:228593568 not in RetransTable on exchange 37525r
09:50:07.075  uart:~$ uart:~$ [00:01:13.990,000] <inf> chip: [EM]<<1 [E:37525r S:31644 M:228593575] (S) Msg Retransmission to 1:0000000033CFE2F6
09:50:07.115  uart:~$ uart:~$ [00:01:14.027,000] <inf> chip: [EM]??2 [E:37525r S:31644 M:228593575] (S) Msg Retransmission to 1:0000000033CFE2F6 scheduled for 370ms from now [State:Active II:500 AI:300 AT:4000]
09:50:07.135  uart:~$ uart:~$ [00:01:14.028,000] <dbg> chip.LogV: [IN]Received a duplicate message with MessageCounter:223098056 on exchange 37525r
09:50:07.176  uart:~$ uart:~$ [00:01:14.029,000] <inf> chip: [EM]>>> [E:37525r S:31644 M:223098056 (Ack:228593568)] (S) Msg RX from 1:0000000033CFE2F6 [4145] to 00000000DCF2A6E2 --- Type 0001:01 (IM:StatusResponse) (B:42)
09:50:07.196  uart:~$ uart:~$ [00:01:14.029,000] <dbg> chip.LogV: [EM]Found matching exchange: 37525r, Delegate: 0x200161e8
09:50:07.226  uart:~$ uart:~$ [00:01:14.029,000] <dbg> chip.LogV: [EM]Forcing tx of solitary ack for duplicate MessageCounter:223098056 on exchange 37525r
09:50:07.266  uart:~$ uart:~$ [00:01:14.030,000] <inf> chip: [EM]<<< [E:37525r S:31644 M:228593577 (Ack:223098056)] (S) Msg TX from 00000000DCF2A6E2 to 1:0000000033CFE2F6 [4145] [UDP:[fe80::1c59:aaca:1932:e904%ETH_W5500]:51433] --- Type 0000:10 (SecureChannel:StandaloneAck) (B:34)
09:50:07.296  uart:~$ uart:~$ [00:01:14.039,000] <dbg> chip.LogV: [IN]Received a duplicate message with MessageCounter:223098056 on exchange 37525r
09:50:07.326  uart:~$ uart:~$ [00:01:14.040,000] <inf> chip: [EM]>>> [E:37525r S:31644 M:223098056 (Ack:228593568)] (S) Msg RX from 1:0000000033CFE2F6 [4145] to 00000000DCF2A6E2 --- Type 0001:01 (IM:StatusResponse) (B:42)
09:50:07.357  uart:~$ uart:~$ [00:01:14.040,000] <dbg> chip.LogV: [EM]Found matching exchange: 37525r, Delegate: 0x200161e8
09:50:07.399  uart:~$ uart:~$ [00:01:14.342,000] <dbg> chip.LogV: [EM]Forcing tx of solitary ack for duplicate MessageCounter:223098056 on exchange 37525r
09:50:07.439  uart:~$ uart:~$ [00:01:14.343,000] <inf> chip: [EM]<<< [E:37525r S:31644 M:228593578 (Ack:223098056)] (S) Msg TX from 00000000DCF2A6E2 to 1:0000000033CFE2F6 [4145] [UDP:[fe80::1c59:aaca:1932:e904%ETH_W5500]:51433] --- Type 0000:10 (SecureChannel:StandaloneAck) (B:34)
09:50:07.479  uart:~$ uart:~$ [00:01:14.352,000] <inf> chip: [EM]>>> [E:37525r S:31644 M:223098059 (Ack:228593568)] (S) Msg RX from 1:0000000033CFE2F6 [4145] to 00000000DCF2A6E2 --- Type 0000:10 (SecureChannel:StandaloneAck) (B:34)
09:50:07.499  uart:~$ uart:~$ [00:01:14.352,000] <dbg> chip.LogV: [EM]Found matching exchange: 37525r, Delegate: 0x200161e8
09:50:07.519  uart:~$ uart:~$ [00:01:14.352,000] <dbg> chip.LogV: [EM]CHIP MessageCounter:228593568 not in RetransTable on exchange 37525r
09:50:07.559  uart:~$ uart:~$ [00:01:14.354,000] <inf> chip: [EM]>>> [E:37525r S:31644 M:223098060 (Ack:228593575)] (S) Msg RX from 1:0000000033CFE2F6 [4145] to 00000000DCF2A6E2 --- Type 0001:01 (IM:StatusResponse) (B:42)
09:50:07.580  uart:~$ uart:~$ [00:01:14.354,000] <dbg> chip.LogV: [EM]Found matching exchange: 37525r, Delegate: 0x200161e8
09:50:07.610  uart:~$ uart:~$ [00:01:14.355,000] <dbg> chip.LogV: [EM]Rxd Ack; Removing MessageCounter:228593575 from Retrans Table on exchange 37525r
09:50:07.630  uart:~$ uart:~$ [00:01:14.356,000] <inf> chip: [IM]Received status response, status is 0x00
09:50:07.651  uart:~$ uart:~$ [00:01:14.356,000] <dbg> chip.LogV: [DMG]<RE> OnReportConfirm: NumReports = 0
09:50:07.683  uart:~$ uart:~$ [00:01:14.634,000] <dbg> chip.LogV: [DMG]IM RH moving to [CanStartReporting]
09:50:07.723  uart:~$ uart:~$ [00:01:14.636,000] <inf> chip: [EM]<<< [E:37525r S:31644 M:228593579 (Ack:223098060)] (S) Msg TX from 00000000DCF2A6E2 to 1:0000000033CFE2F6 [4145] [UDP:[fe80::1c59:aaca:1932:e904%ETH_W5500]:51433] --- Type 0000:10 (SecureChannel:StandaloneAck) (B:34)
09:50:07.754  uart:~$ uart:~$ [00:01:14.643,000] <dbg> chip.LogV: [DMG]Building Reports for ReadHandler with LastReportGeneration = 0x00000000 DirtyGeneration = 0x00000000
09:50:07.774  uart:~$ uart:~$ [00:01:14.644,000] <dbg> chip.LogV: [DMG]<RE:Run> Cluster 2a, Attribute 1 is dirty
09:50:07.804  uart:~$ uart:~$ [00:01:14.646,000] <dbg> chip.LogV: [DMG]Reading attribute: Cluster=0x0000_002A Endpoint=0x0 AttributeId=0x0000_0001 (expanded=1)
09:50:07.824  uart:~$ uart:~$ [00:01:14.646,000] <dbg> chip.LogV: [DMG]<RE:Run> Cluster 2a, Attribute 2 is dirty
09:50:07.854  uart:~$ uart:~$ [00:01:14.648,000] <dbg> chip.LogV: [DMG]Reading attribute: Cluster=0x0000_002A Endpoint=0x0 AttributeId=0x0000_0002 (expanded=1)
09:50:07.874  uart:~$ uart:~$ [00:01:14.649,000] <dbg> chip.LogV: [DMG]<RE:Run> Cluster 2a, Attribute 3 is dirty
09:50:07.894  uart:~$ uart:~$ [00:01:14.650,000] <dbg> chip.LogV: [DMG]Reading attribute: Cluster=0x0000_002A Endpoint=0x0 AttributeId=0x0000_0003 (expanded=1)
09:50:07.926  uart:~$ uart:~$ [00:01:14.651,000] <dbg> chip.LogV: [DMG]<RE:Run> Cluster 2a, Attribute fffc is dirty
09:50:07.968  uart:~$ uart:~$ [00:01:14.910,000] <dbg> chip.LogV: [DMG]Reading attribute: Cluster=0x0000_002A Endpoint=0x0 AttributeId=0x0000_FFFC (expanded=1)
09:50:07.988  uart:~$ uart:~$ [00:01:14.911,000] <dbg> chip.LogV: [DMG]<RE:Run> Cluster 2a, Attribute fffd is dirty
09:50:08.008  uart:~$ uart:~$ [00:01:14.913,000] <dbg> chip.LogV: [DMG]Reading attribute: Cluster=0x0000_002A Endpoint=0x0 AttributeId=0x0000_FFFD (expanded=1)
09:50:08.039  uart:~$ uart:~$ [00:01:14.913,000] <dbg> chip.LogV: [DMG]<RE:Run> Cluster 2a, Attribute fff8 is dirty
09:50:08.059  uart:~$ uart:~$ [00:01:14.915,000] <dbg> chip.LogV: [DMG]<RE:Run> Cluster 2a, Attribute fff9 is dirty
09:50:08.079  uart:~$ uart:~$ [00:01:14.917,000] <dbg> chip.LogV: [DMG]<RE:Run> Cluster 2a, Attribute fffb is dirty
09:50:08.099  uart:~$ uart:~$ [00:01:14.921,000] <dbg> chip.LogV: [DMG]<RE:Run> Cluster 28, Attribute 0 is dirty
09:50:08.119  uart:~$ uart:~$ [00:01:14.923,000] <dbg> chip.LogV: [DMG]Reading attribute: Cluster=0x0000_0028 Endpoint=0x0 AttributeId=0x0000_0000 (expanded=1)
09:50:08.139  uart:~$ uart:~$ [00:01:14.923,000] <dbg> chip.LogV: [DMG]<RE:Run> Cluster 28, Attribute 1 is dirty
09:50:08.169  uart:~$ uart:~$ [00:01:14.925,000] <dbg> chip.LogV: [DMG]Reading attribute: Cluster=0x0000_0028 Endpoint=0x0 AttributeId=0x0000_0001 (expanded=1)
09:50:08.201  uart:~$ uart:~$ [00:01:15.160,000] <dbg> chip.LogV: [DMG]<RE:Run> Cluster 28, Attribute 2 is dirty
09:50:08.231  uart:~$ uart:~$ [00:01:15.161,000] <dbg> chip.LogV: [DMG]Reading attribute: Cluster=0x0000_0028 Endpoint=0x0 AttributeId=0x0000_0002 (expanded=1)
09:50:08.252  uart:~$ uart:~$ [00:01:15.162,000] <dbg> chip.LogV: [DMG]<RE:Run> Cluster 28, Attribute 3 is dirty
09:50:08.282  uart:~$ uart:~$ [00:01:15.164,000] <dbg> chip.LogV: [DMG]Reading attribute: Cluster=0x0000_0028 Endpoint=0x0 AttributeId=0x0000_0003 (expanded=1)
09:50:08.302  uart:~$ uart:~$ [00:01:15.164,000] <dbg> chip.LogV: [DMG]<RE:Run> Cluster 28, Attribute 4 is dirty
09:50:08.322  uart:~$ uart:~$ [00:01:15.166,000] <dbg> chip.LogV: [DMG]Reading attribute: Cluster=0x0000_0028 Endpoint=0x0 AttributeId=0x0000_0004 (expanded=1)
09:50:08.342  uart:~$ uart:~$ [00:01:15.167,000] <dbg> chip.LogV: [DMG]<RE:Run> Cluster 28, Attribute 5 is dirty
09:50:08.372  uart:~$ uart:~$ [00:01:15.169,000] <dbg> chip.LogV: [DMG]Reading attribute: Cluster=0x0000_0028 Endpoint=0x0 AttributeId=0x0000_0005 (expanded=1)
09:50:08.392  uart:~$ uart:~$ [00:01:15.169,000] <dbg> chip.LogV: [DMG]<RE:Run> Cluster 28, Attribute 6 is dirty
09:50:08.422  uart:~$ uart:~$ [00:01:15.171,000] <dbg> chip.LogV: [DMG]Reading attribute: Cluster=0x0000_0028 Endpoint=0x0 AttributeId=0x0000_0006 (expanded=1)
09:50:08.502  uart:~$ uart:~$ [00:01:15.412,000] <dbg> chip.LogV: [DMG]<RE:Run> Cluster 28, Attribute 7 is dirty
09:50:08.532  uart:~$ uart:~$ [00:01:15.414,000] <dbg> chip.LogV: [DMG]Reading attribute: Cluster=0x0000_0028 Endpoint=0x0 AttributeId=0x0000_0007 (expanded=1)
09:50:08.552  uart:~$ uart:~$ [00:01:15.459,000] <dbg> chip.LogV: [DMG]<RE:Run> Cluster 28, Attribute 8 is dirty
09:50:08.572  uart:~$ uart:~$ [00:01:15.461,000] <dbg> chip.LogV: [DMG]Reading attribute: Cluster=0x0000_0028 Endpoint=0x0 AttributeId=0x0000_0008 (expanded=1)
09:50:08.602  uart:~$ uart:~$ [00:01:15.462,000] <dbg> chip.LogV: [DMG]<RE:Run> Cluster 28, Attribute 9 is dirty
09:50:08.622  uart:~$ uart:~$ [00:01:15.464,000] <dbg> chip.LogV: [DMG]Reading attribute: Cluster=0x0000_0028 Endpoint=0x0 AttributeId=0x0000_0009 (expanded=1)
09:50:08.642  uart:~$ uart:~$ [00:01:15.464,000] <dbg> chip.LogV: [DMG]<RE:Run> Cluster 28, Attribute a is dirty
09:50:08.672  uart:~$ uart:~$ [00:01:15.466,000] <dbg> chip.LogV: [DMG]Reading attribute: Cluster=0x0000_0028 Endpoint=0x0 AttributeId=0x0000_000A (expanded=1)
09:50:08.692  uart:~$ uart:~$ [00:01:15.467,000] <dbg> chip.LogV: [DMG]<RE:Run> Cluster 28, Attribute 13 is dirty
09:50:08.723  uart:~$ uart:~$ [00:01:15.469,000] <dbg> chip.LogV: [DMG]Reading attribute: Cluster=0x0000_0028 Endpoint=0x0 AttributeId=0x0000_0013 (expanded=1)
09:50:08.799  uart:~$ uart:~$ [00:01:15.708,000] <dbg> chip.LogV: [DMG]<RE:Run> Cluster 28, Attribute 15 is dirty
09:50:08.829  uart:~$ uart:~$ [00:01:15.710,000] <dbg> chip.LogV: [DMG]Reading attribute: Cluster=0x0000_0028 Endpoint=0x0 AttributeId=0x0000_0015 (expanded=1)
09:50:08.849  uart:~$ uart:~$ [00:01:15.711,000] <dbg> chip.LogV: [DMG]<RE:Run> Cluster 28, Attribute 16 is dirty
09:50:08.869  uart:~$ uart:~$ [00:01:15.713,000] <dbg> chip.LogV: [DMG]Reading attribute: Cluster=0x0000_0028 Endpoint=0x0 AttributeId=0x0000_0016 (expanded=1)
09:50:08.890  uart:~$ uart:~$ [00:01:15.713,000] <dbg> chip.LogV: [DMG]<RE:Run> Cluster 28, Attribute 18 is dirty
09:50:08.920  uart:~$ uart:~$ [00:01:15.715,000] <dbg> chip.LogV: [DMG]Reading attribute: Cluster=0x0000_0028 Endpoint=0x0 AttributeId=0x0000_0018 (expanded=1)
09:50:08.940  uart:~$ uart:~$ [00:01:15.716,000] <dbg> chip.LogV: [DMG]<RE:Run> Cluster 28, Attribute b is dirty
09:50:08.970  uart:~$ uart:~$ [00:01:15.718,000] <dbg> chip.LogV: [DMG]Reading attribute: Cluster=0x0000_0028 Endpoint=0x0 AttributeId=0x0000_000B (expanded=1)
09:50:08.990  uart:~$ uart:~$ [00:01:15.763,000] <dbg> chip.LogV: [DMG]<RE:Run> Cluster 28, Attribute c is dirty
09:50:09.010  uart:~$ uart:~$ [00:01:15.765,000] <dbg> chip.LogV: [DMG]Reading attribute: Cluster=0x0000_0028 Endpoint=0x0 AttributeId=0x0000_000C (expanded=1)
09:50:09.092  uart:~$ uart:~$ [00:01:16.004,000] <dbg> chip.LogV: [DMG]<RE:Run> Cluster 28, Attribute d is dirty
09:50:09.122  uart:~$ uart:~$ [00:01:16.006,000] <dbg> chip.LogV: [DMG]Reading attribute: Cluster=0x0000_0028 Endpoint=0x0 AttributeId=0x0000_000D (expanded=1)
09:50:09.143  uart:~$ uart:~$ [00:01:16.007,000] <dbg> chip.LogV: [DMG]<RE:Run> Cluster 28, Attribute e is dirty
09:50:09.163  uart:~$ uart:~$ [00:01:16.009,000] <dbg> chip.LogV: [DMG]Reading attribute: Cluster=0x0000_0028 Endpoint=0x0 AttributeId=0x0000_000E (expanded=1)
09:50:09.193  uart:~$ uart:~$ [00:01:16.009,000] <dbg> chip.LogV: [DMG]<RE:Run> Cluster 28, Attribute f is dirty
09:50:09.213  uart:~$ uart:~$ [00:01:16.011,000] <dbg> chip.LogV: [DMG]Reading attribute: Cluster=0x0000_0028 Endpoint=0x0 AttributeId=0x0000_000F (expanded=1)
09:50:09.233  uart:~$ uart:~$ [00:01:16.056,000] <dbg> chip.LogV: [DMG]<RE:Run> Cluster 28, Attribute 10 is dirty
09:50:09.263  uart:~$ uart:~$ [00:01:16.058,000] <dbg> chip.LogV: [DMG]Reading attribute: Cluster=0x0000_0028 Endpoint=0x0 AttributeId=0x0000_0010 (expanded=1)
09:50:09.284  uart:~$ uart:~$ [00:01:16.059,000] <dbg> chip.LogV: [DMG]<RE:Run> Cluster 28, Attribute 12 is dirty
09:50:09.314  uart:~$ uart:~$ [00:01:16.060,000] <dbg> chip.LogV: [DMG]Reading attribute: Cluster=0x0000_0028 Endpoint=0x0 AttributeId=0x0000_0012 (expanded=1)
09:50:09.347  uart:~$ uart:~$ [00:01:16.302,000] <dbg> chip.LogV: [DMG]<RE:Run> Cluster 28, Attribute fffc is dirty
09:50:09.377  uart:~$ uart:~$ [00:01:16.304,000] <dbg> chip.LogV: [DMG]Reading attribute: Cluster=0x0000_0028 Endpoint=0x0 AttributeId=0x0000_FFFC (expanded=1)
09:50:09.397  uart:~$ uart:~$ [00:01:16.304,000] <dbg> chip.LogV: [DMG]<RE:Run> Cluster 28, Attribute fffd is dirty
09:50:09.428  uart:~$ uart:~$ [00:01:16.306,000] <dbg> chip.LogV: [DMG]Reading attribute: Cluster=0x0000_0028 Endpoint=0x0 AttributeId=0x0000_FFFD (expanded=1)
09:50:09.448  uart:~$ uart:~$ [00:01:16.307,000] <dbg> chip.LogV: [DMG]<RE:Run> Cluster 28, Attribute fff8 is dirty
09:50:09.468  uart:~$ uart:~$ [00:01:16.309,000] <dbg> chip.LogV: [DMG]<RE:Run> Cluster 28, Attribute fff9 is dirty
09:50:09.488  uart:~$ uart:~$ [00:01:16.311,000] <dbg> chip.LogV: [DMG]<RE:Run> Cluster 28, Attribute fffb is dirty
09:50:09.509  uart:~$ uart:~$ [00:01:16.313,000] <dbg> chip.LogV: [DMG]<RE:Run> Cluster 1f, Attribute 0 is dirty
09:50:09.529  uart:~$ uart:~$ [00:01:16.315,000] <dbg> chip.LogV: [DMG]Reading attribute: Cluster=0x0000_001F Endpoint=0x0 AttributeId=0x0000_0000 (expanded=1)
09:50:09.560  uart:~$ uart:~$ [00:01:16.316,000] <dbg> chip.LogV: [DMG]<RE:Run> Cluster 1f, Attribute 2 is dirty
09:50:09.600  uart:~$ uart:~$ [00:01:16.545,000] <dbg> chip.LogV: [DMG]Reading attribute: Cluster=0x0000_001F Endpoint=0x0 AttributeId=0x0000_0002 (expanded=1)
09:50:09.630  uart:~$ uart:~$ [00:01:16.545,000] <dbg> chip.LogV: [DMG]Next attribute value does not fit in packet, roll back on clusterId: 0x0000_001F, attributeId: 0x0000_0002, err = b
09:50:09.651  uart:~$ uart:~$ [00:01:16.545,000] <dbg> chip.LogV: [DMG]<RE:Run> We cannot put more chunks into this report. Enable chunking.
09:50:09.706  uart:~$ uart:~$ [00:01:16.546,000] <dbg> chip.LogV: [DMG]<RE:Run> first cluster event is too big so that it fails to fit in the packet!
09:50:09.726  uart:~$ uart:~$ [00:01:16.546,000] <dbg> chip.LogV: [DMG]Fetched 0 events
09:50:09.746  uart:~$ uart:~$ [00:01:16.547,000] <dbg> chip.LogV: [DMG]<RE> Sending report (payload has 1158 bytes)...
09:50:09.796  uart:~$ uart:~$ [00:01:16.550,000] <inf> chip: [EM]<<< [E:37525r S:31644 M:228593580 (Ack:223098060)] (S) Msg TX from 00000000DCF2A6E2 to 1:0000000033CFE2F6 [4145] [UDP:[fe80::1c59:aaca:1932:e904%ETH_W5500]:51433] --- Type 0001:05 (IM:ReportData) (B:1192)
09:50:09.826  uart:~$ uart:~$ [00:01:16.557,000] <inf> chip: [EM]??1 [E:37525r S:31644 M:228593580] (S) Msg Retransmission to 1:0000000033CFE2F6 scheduled for 330ms from now [State:Active II:500 AI:300 AT:4000]
09:50:09.846  uart:~$ uart:~$ [00:01:16.558,000] <dbg> chip.LogV: [DMG]IM RH moving to [AwaitingReportResponse]
09:50:09.877  uart:~$ uart:~$ [00:01:16.558,000] <dbg> chip.LogV: [DMG]<RE> ReportsInFlight = 1 with readHandler 0, RE has more messages
09:50:09.910  uart:~$ uart:~$ [00:01:16.862,000] <dbg> chip.LogV: [IN]Received a duplicate message with MessageCounter:223098060 on exchange 37525r
09:50:09.950  uart:~$ uart:~$ [00:01:16.862,000] <inf> chip: [EM]>>> [E:37525r S:31644 M:223098060 (Ack:228593575)] (S) Msg RX from 1:0000000033CFE2F6 [4145] to 00000000DCF2A6E2 --- Type 0001:01 (IM:StatusResponse) (B:42)
09:50:09.970  uart:~$ uart:~$ [00:01:16.863,000] <dbg> chip.LogV: [EM]Found matching exchange: 37525r, Delegate: 0x200161e8
09:50:10.000  uart:~$ uart:~$ [00:01:16.863,000] <dbg> chip.LogV: [EM]Forcing tx of solitary ack for duplicate MessageCounter:223098060 on exchange 37525r
09:50:10.040  uart:~$ uart:~$ [00:01:16.864,000] <inf> chip: [EM]<<< [E:37525r S:31644 M:228593581 (Ack:223098060)] (S) Msg TX from 00000000DCF2A6E2 to 1:0000000033CFE2F6 [4145] [UDP:[fe80::1c59:aaca:1932:e904%ETH_W5500]:51433] --- Type 0000:10 (SecureChannel:StandaloneAck) (B:34)
09:50:10.080  uart:~$ uart:~$ [00:01:16.873,000] <inf> chip: [EM]>>> [E:37525r S:31644 M:223098061 (Ack:228593575)] (S) Msg RX from 1:0000000033CFE2F6 [4145] to 00000000DCF2A6E2 --- Type 0000:10 (SecureChannel:StandaloneAck) (B:34)
09:50:10.101  uart:~$ uart:~$ [00:01:16.873,000] <dbg> chip.LogV: [EM]Found matching exchange: 37525r, Delegate: 0x200161e8
09:50:10.131  uart:~$ uart:~$ [00:01:16.873,000] <dbg> chip.LogV: [EM]CHIP MessageCounter:228593575 not in RetransTable on exchange 37525r
09:50:10.151  uart:~$ uart:~$ [00:01:16.875,000] <dbg> chip.LogV: [IN]Received a duplicate message with MessageCounter:223098060 on exchange 37525r
09:50:10.191  uart:~$ uart:~$ [00:01:16.875,000] <inf> chip: [EM]>>> [E:37525r S:31644 M:223098060 (Ack:228593575)] (S) Msg RX from 1:0000000033CFE2F6 [4145] to 00000000DCF2A6E2 --- Type 0001:01 (IM:StatusResponse) (B:42)
09:50:10.258  uart:~$ uart:~$ [00:01:17.179,000] <dbg> chip.LogV: [EM]Found matching exchange: 37525r, Delegate: 0x200161e8
09:50:10.288  uart:~$ uart:~$ [00:01:17.180,000] <dbg> chip.LogV: [EM]Forcing tx of solitary ack for duplicate MessageCounter:223098060 on exchange 37525r
09:50:10.328  uart:~$ uart:~$ [00:01:17.181,000] <inf> chip: [EM]<<< [E:37525r S:31644 M:228593582 (Ack:223098060)] (S) Msg TX from 00000000DCF2A6E2 to 1:0000000033CFE2F6 [4145] [UDP:[fe80::1c59:aaca:1932:e904%ETH_W5500]:51433] --- Type 0000:10 (SecureChannel:StandaloneAck) (B:34)
09:50:10.359  uart:~$ uart:~$ [00:01:17.188,000] <inf> chip: [EM]<<1 [E:37525r S:31644 M:228593580] (S) Msg Retransmission to 1:0000000033CFE2F6
09:50:10.389  uart:~$ uart:~$ [00:01:17.218,000] <inf> chip: [EM]??2 [E:37525r S:31644 M:228593580] (S) Msg Retransmission to 1:0000000033CFE2F6 scheduled for 407ms from now [State:Active II:500 AI:300 AT:4000]
09:50:10.429  uart:~$ uart:~$ [00:01:17.220,000] <inf> chip: [EM]>>> [E:37525r S:31644 M:223098062 (Ack:228593580)] (S) Msg RX from 1:0000000033CFE2F6 [4145] to 00000000DCF2A6E2 --- Type 0001:01 (IM:StatusResponse) (B:42)
09:50:10.449  uart:~$ uart:~$ [00:01:17.220,000] <dbg> chip.LogV: [EM]Found matching exchange: 37525r, Delegate: 0x200161e8
09:50:10.479  uart:~$ uart:~$ [00:01:17.221,000] <dbg> chip.LogV: [EM]Rxd Ack; Removing MessageCounter:228593580 from Retrans Table on exchange 37525r
09:50:10.499  uart:~$ uart:~$ [00:01:17.221,000] <inf> chip: [IM]Received status response, status is 0x00
09:50:10.520  uart:~$ uart:~$ [00:01:17.222,000] <dbg> chip.LogV: [DMG]<RE> OnReportConfirm: NumReports = 0
09:50:10.553  uart:~$ uart:~$ [00:01:17.504,000] <dbg> chip.LogV: [DMG]IM RH moving to [CanStartReporting]
09:50:10.593  uart:~$ uart:~$ [00:01:17.506,000] <inf> chip: [EM]<<< [E:37525r S:31644 M:228593583 (Ack:223098062)] (S) Msg TX from 00000000DCF2A6E2 to 1:0000000033CFE2F6 [4145] [UDP:[fe80::1c59:aaca:1932:e904%ETH_W5500]:51433] --- Type 0000:10 (SecureChannel:StandaloneAck) (B:34)
09:50:10.623  uart:~$ uart:~$ [00:01:17.513,000] <dbg> chip.LogV: [DMG]Building Reports for ReadHandler with LastReportGeneration = 0x00000000 DirtyGeneration = 0x00000000
09:50:10.643  uart:~$ uart:~$ [00:01:17.514,000] <dbg> chip.LogV: [DMG]<RE:Run> Cluster 1f, Attribute 2 is dirty
09:50:10.673  uart:~$ uart:~$ [00:01:17.515,000] <dbg> chip.LogV: [DMG]Reading attribute: Cluster=0x0000_001F Endpoint=0x0 AttributeId=0x0000_0002 (expanded=1)
09:50:10.693  uart:~$ uart:~$ [00:01:17.516,000] <dbg> chip.LogV: [DMG]<RE:Run> Cluster 1f, Attribute 3 is dirty
09:50:10.724  uart:~$ uart:~$ [00:01:17.518,000] <dbg> chip.LogV: [DMG]Reading attribute: Cluster=0x0000_001F Endpoint=0x0 AttributeId=0x0000_0003 (expanded=1)
09:50:10.744  uart:~$ uart:~$ [00:01:17.518,000] <dbg> chip.LogV: [DMG]<RE:Run> Cluster 1f, Attribute 4 is dirty
09:50:10.774  uart:~$ uart:~$ [00:01:17.520,000] <dbg> chip.LogV: [DMG]Reading attribute: Cluster=0x0000_001F Endpoint=0x0 AttributeId=0x0000_0004 (expanded=1)
09:50:10.794  uart:~$ uart:~$ [00:01:17.521,000] <dbg> chip.LogV: [DMG]<RE:Run> Cluster 1f, Attribute fffc is dirty
09:50:10.837  uart:~$ uart:~$ [00:01:17.780,000] <dbg> chip.LogV: [DMG]Reading attribute: Cluster=0x0000_001F Endpoint=0x0 AttributeId=0x0000_FFFC (expanded=1)
09:50:10.857  uart:~$ uart:~$ [00:01:17.781,000] <dbg> chip.LogV: [DMG]<RE:Run> Cluster 1f, Attribute fffd is dirty
09:50:10.887  uart:~$ uart:~$ [00:01:17.782,000] <dbg> chip.LogV: [DMG]Reading attribute: Cluster=0x0000_001F Endpoint=0x0 AttributeId=0x0000_FFFD (expanded=1)
09:50:10.907  uart:~$ uart:~$ [00:01:17.783,000] <dbg> chip.LogV: [DMG]<RE:Run> Cluster 1f, Attribute fff8 is dirty
09:50:10.927  uart:~$ uart:~$ [00:01:17.785,000] <dbg> chip.LogV: [DMG]<RE:Run> Cluster 1f, Attribute fff9 is dirty
09:50:10.947  uart:~$ uart:~$ [00:01:17.787,000] <dbg> chip.LogV: [DMG]<RE:Run> Cluster 1f, Attribute fffb is dirty
09:50:10.967  uart:~$ uart:~$ [00:01:17.791,000] <dbg> chip.LogV: [DMG]<RE:Run> Cluster 1d, Attribute 0 is dirty
09:50:10.987  uart:~$ uart:~$ [00:01:17.793,000] <dbg> chip.LogV: [DMG]Reading attribute: Cluster=0x0000_001D Endpoint=0x0 AttributeId=0x0000_0000 (expanded=1)
09:50:11.018  uart:~$ uart:~$ [00:01:17.793,000] <dbg> chip.LogV: [DMG]<RE:Run> Cluster 1d, Attribute 1 is dirty
09:50:11.038  uart:~$ uart:~$ [00:01:17.795,000] <dbg> chip.LogV: [DMG]Reading attribute: Cluster=0x0000_001D Endpoint=0x0 AttributeId=0x0000_0001 (expanded=1)
09:50:11.080  uart:~$ uart:~$ [00:01:18.030,000] <dbg> chip.LogV: [DMG]<RE:Run> Cluster 1d, Attribute 2 is dirty
09:50:11.100  uart:~$ uart:~$ [00:01:18.032,000] <dbg> chip.LogV: [DMG]Reading attribute: Cluster=0x0000_001D Endpoint=0x0 AttributeId=0x0000_0002 (expanded=1)
09:50:11.120  uart:~$ uart:~$ [00:01:18.033,000] <dbg> chip.LogV: [DMG]<RE:Run> Cluster 1d, Attribute 3 is dirty
09:50:11.150  uart:~$ uart:~$ [00:01:18.035,000] <dbg> chip.LogV: [DMG]Reading attribute: Cluster=0x0000_001D Endpoint=0x0 AttributeId=0x0000_0003 (expanded=1)
09:50:11.170  uart:~$ uart:~$ [00:01:18.036,000] <dbg> chip.LogV: [DMG]<RE:Run> Cluster 1d, Attribute fffc is dirty
09:50:11.200  uart:~$ uart:~$ [00:01:18.037,000] <dbg> chip.LogV: [DMG]Reading attribute: Cluster=0x0000_001D Endpoint=0x0 AttributeId=0x0000_FFFC (expanded=1)
09:50:11.220  uart:~$ uart:~$ [00:01:18.038,000] <dbg> chip.LogV: [DMG]<RE:Run> Cluster 1d, Attribute fffd is dirty
09:50:11.241  uart:~$ uart:~$ [00:01:18.040,000] <dbg> chip.LogV: [DMG]Reading attribute: Cluster=0x0000_001D Endpoint=0x0 AttributeId=0x0000_FFFD (expanded=1)
09:50:11.271  uart:~$ uart:~$ [00:01:18.040,000] <dbg> chip.LogV: [DMG]<RE:Run> Cluster 1d, Attribute fff8 is dirty
09:50:11.291  uart:~$ uart:~$ [00:01:18.043,000] <dbg> chip.LogV: [DMG]<RE:Run> Cluster 1d, Attribute fff9 is dirty
09:50:11.321  uart:~$ uart:~$ [00:01:18.278,000] <dbg> chip.LogV: [DMG]<RE:Run> Cluster 1d, Attribute fffb is dirty
09:50:11.341  uart:~$ uart:~$ [00:01:18.280,000] <dbg> chip.LogV: [DMG]<RE:Run> Cluster 3, Attribute 0 is dirty
09:50:11.372  uart:~$ uart:~$ [00:01:18.282,000] <dbg> chip.LogV: [DMG]Reading attribute: Cluster=0x0000_0003 Endpoint=0x0 AttributeId=0x0000_0000 (expanded=1)
09:50:11.392  uart:~$ uart:~$ [00:01:18.283,000] <dbg> chip.LogV: [DMG]<RE:Run> Cluster 3, Attribute 1 is dirty
09:50:11.422  uart:~$ uart:~$ [00:01:18.284,000] <dbg> chip.LogV: [DMG]Reading attribute: Cluster=0x0000_0003 Endpoint=0x0 AttributeId=0x0000_0001 (expanded=1)
09:50:11.443  uart:~$ uart:~$ [00:01:18.285,000] <dbg> chip.LogV: [DMG]<RE:Run> Cluster 3, Attribute fffc is dirty
09:50:11.463  uart:~$ uart:~$ [00:01:18.287,000] <dbg> chip.LogV: [DMG]Reading attribute: Cluster=0x0000_0003 Endpoint=0x0 AttributeId=0x0000_FFFC (expanded=1)
09:50:11.483  uart:~$ uart:~$ [00:01:18.287,000] <dbg> chip.LogV: [DMG]<RE:Run> Cluster 3, Attribute fffd is dirty
09:50:11.513  uart:~$ uart:~$ [00:01:18.289,000] <dbg> chip.LogV: [DMG]Reading attribute: Cluster=0x0000_0003 Endpoint=0x0 AttributeId=0x0000_FFFD (expanded=1)
09:50:11.533  uart:~$ uart:~$ [00:01:18.290,000] <dbg> chip.LogV: [DMG]<RE:Run> Cluster 3, Attribute fff8 is dirty
09:50:11.575  uart:~$ uart:~$ [00:01:18.524,000] <dbg> chip.LogV: [DMG]<RE:Run> Cluster 3, Attribute fff9 is dirty
09:50:11.595  uart:~$ uart:~$ [00:01:18.527,000] <dbg> chip.LogV: [DMG]<RE:Run> Cluster 3, Attribute fffb is dirty
09:50:11.615  uart:~$ uart:~$ [00:01:18.529,000] <dbg> chip.LogV: [DMG]<RE:Run> Cluster 31, Attribute 0 is dirty
09:50:11.635  uart:~$ uart:~$ [00:01:18.531,000] <dbg> chip.LogV: [DMG]Reading attribute: Cluster=0x0000_0031 Endpoint=0x0 AttributeId=0x0000_0000 (expanded=1)
09:50:11.655  uart:~$ uart:~$ [00:01:18.531,000] <dbg> chip.LogV: [DMG]<RE:Run> Cluster 31, Attribute 1 is dirty
09:50:11.685  uart:~$ uart:~$ [00:01:18.533,000] <dbg> chip.LogV: [DMG]Reading attribute: Cluster=0x0000_0031 Endpoint=0x0 AttributeId=0x0000_0001 (expanded=1)
09:50:11.705  uart:~$ uart:~$ [00:01:18.534,000] <dbg> chip.LogV: [DMG]<RE:Run> Cluster 31, Attribute 4 is dirty
09:50:11.735  uart:~$ uart:~$ [00:01:18.536,000] <dbg> chip.LogV: [DMG]Reading attribute: Cluster=0x0000_0031 Endpoint=0x0 AttributeId=0x0000_0004 (expanded=1)
09:50:11.756  uart:~$ uart:~$ [00:01:18.536,000] <dbg> chip.LogV: [DMG]<RE:Run> Cluster 31, Attribute 5 is dirty
09:50:11.787  uart:~$ uart:~$ [00:01:18.538,000] <dbg> chip.LogV: [DMG]Reading attribute: Cluster=0x0000_0031 Endpoint=0x0 AttributeId=0x0000_0005 (expanded=1)
09:50:11.817  uart:~$ uart:~$ [00:01:18.771,000] <dbg> chip.LogV: [DMG]<RE:Run> Cluster 31, Attribute 6 is dirty
09:50:11.837  uart:~$ uart:~$ [00:01:18.773,000] <dbg> chip.LogV: [DMG]Reading attribute: Cluster=0x0000_0031 Endpoint=0x0 AttributeId=0x0000_0006 (expanded=1)
09:50:11.857  uart:~$ uart:~$ [00:01:18.773,000] <dbg> chip.LogV: [DMG]<RE:Run> Cluster 31, Attribute 7 is dirty
09:50:11.887  uart:~$ uart:~$ [00:01:18.775,000] <dbg> chip.LogV: [DMG]Reading attribute: Cluster=0x0000_0031 Endpoint=0x0 AttributeId=0x0000_0007 (expanded=1)
09:50:11.907  uart:~$ uart:~$ [00:01:18.775,000] <dbg> chip.LogV: [DMG]<RE:Run> Cluster 31, Attribute fffc is dirty
09:50:11.938  uart:~$ uart:~$ [00:01:18.777,000] <dbg> chip.LogV: [DMG]Reading attribute: Cluster=0x0000_0031 Endpoint=0x0 AttributeId=0x0000_FFFC (expanded=1)
09:50:11.958  uart:~$ uart:~$ [00:01:18.778,000] <dbg> chip.LogV: [DMG]<RE:Run> Cluster 31, Attribute fffd is dirty
09:50:11.988  uart:~$ uart:~$ [00:01:18.780,000] <dbg> chip.LogV: [DMG]Reading attribute: Cluster=0x0000_0031 Endpoint=0x0 AttributeId=0x0000_FFFD (expanded=1)
09:50:12.008  uart:~$ uart:~$ [00:01:18.780,000] <dbg> chip.LogV: [DMG]<RE:Run> Cluster 31, Attribute fff8 is dirty
09:50:12.028  uart:~$ uart:~$ [00:01:18.782,000] <dbg> chip.LogV: [DMG]<RE:Run> Cluster 31, Attribute fff9 is dirty
09:50:12.061  uart:~$ uart:~$ [00:01:19.017,000] <dbg> chip.LogV: [DMG]<RE:Run> Cluster 31, Attribute fffb is dirty
09:50:12.081  uart:~$ uart:~$ [00:01:19.020,000] <dbg> chip.LogV: [DMG]<RE:Run> Cluster 1d, Attribute 0 is dirty
09:50:12.111  uart:~$ uart:~$ [00:01:19.022,000] <dbg> chip.LogV: [DMG]Reading attribute: Cluster=0x0000_001D Endpoint=0x1 AttributeId=0x0000_0000 (expanded=1)
09:50:12.131  uart:~$ uart:~$ [00:01:19.022,000] <dbg> chip.LogV: [DMG]<RE:Run> Cluster 1d, Attribute 1 is dirty
09:50:12.151  uart:~$ uart:~$ [00:01:19.024,000] <dbg> chip.LogV: [DMG]Reading attribute: Cluster=0x0000_001D Endpoint=0x1 AttributeId=0x0000_0001 (expanded=1)
09:50:12.171  uart:~$ uart:~$ [00:01:19.025,000] <dbg> chip.LogV: [DMG]<RE:Run> Cluster 1d, Attribute 2 is dirty
09:50:12.202  uart:~$ uart:~$ [00:01:19.026,000] <dbg> chip.LogV: [DMG]Reading attribute: Cluster=0x0000_001D Endpoint=0x1 AttributeId=0x0000_0002 (expanded=1)
09:50:12.232  uart:~$ uart:~$ [00:01:19.027,000] <dbg> chip.LogV: [DMG]Next attribute value does not fit in packet, roll back on clusterId: 0x0000_001D, attributeId: 0x0000_0002, err = b
09:50:12.262  uart:~$ uart:~$ [00:01:19.027,000] <dbg> chip.LogV: [DMG]<RE:Run> We cannot put more chunks into this report. Enable chunking.
09:50:12.282  uart:~$ uart:~$ [00:01:19.028,000] <dbg> chip.LogV: [DMG]<RE:Run> first cluster event is too big so that it fails to fit in the packet!
09:50:12.338  uart:~$ uart:~$ [00:01:19.273,000] <dbg> chip.LogV: [DMG]Fetched 0 events
09:50:12.358  uart:~$ uart:~$ [00:01:19.274,000] <dbg> chip.LogV: [DMG]<RE> Sending report (payload has 1168 bytes)...
09:50:12.408  uart:~$ uart:~$ [00:01:19.277,000] <inf> chip: [EM]<<< [E:37525r S:31644 M:228593584 (Ack:223098062)] (S) Msg TX from 00000000DCF2A6E2 to 1:0000000033CFE2F6 [4145] [UDP:[fe80::1c59:aaca:1932:e904%ETH_W5500]:51433] --- Type 0001:05 (IM:ReportData) (B:1202)
09:50:12.438  uart:~$ uart:~$ [00:01:19.307,000] <inf> chip: [EM]??1 [E:37525r S:31644 M:228593584] (S) Msg Retransmission to 1:0000000033CFE2F6 scheduled for 382ms from now [State:Active II:500 AI:300 AT:4000]
09:50:12.459  uart:~$ uart:~$ [00:01:19.307,000] <dbg> chip.LogV: [DMG]IM RH moving to [AwaitingReportResponse]
09:50:12.489  uart:~$ uart:~$ [00:01:19.307,000] <dbg> chip.LogV: [DMG]<RE> ReportsInFlight = 1 with readHandler 0, RE has more messages
09:50:12.509  uart:~$ uart:~$ [00:01:19.309,000] <dbg> chip.LogV: [IN]Received a duplicate message with MessageCounter:223098062 on exchange 37525r
09:50:12.549  uart:~$ uart:~$ [00:01:19.309,000] <inf> chip: [EM]>>> [E:37525r S:31644 M:223098062 (Ack:228593580)] (S) Msg RX from 1:0000000033CFE2F6 [4145] to 00000000DCF2A6E2 --- Type 0001:01 (IM:StatusResponse) (B:42)
09:50:12.569  uart:~$ uart:~$ [00:01:19.309,000] <dbg> chip.LogV: [EM]Found matching exchange: 37525r, Delegate: 0x200161e8
09:50:12.589  uart:~$ uart:~$ [00:01:19.310,000] <dbg> chip.LogV: [EM]Forcing tx of solitary ack for duplicate MessageCounter:223098062 on exchange 37525r
09:50:12.663  uart:~$ uart:~$ [00:01:19.584,000] <inf> chip: [EM]<<< [E:37525r S:31644 M:228593585 (Ack:223098062)] (S) Msg TX from 00000000DCF2A6E2 to 1:0000000033CFE2F6 [4145] [UDP:[fe80::1c59:aaca:1932:e904%ETH_W5500]:51433] --- Type 0000:10 (SecureChannel:StandaloneAck) (B:34)
09:50:12.703  uart:~$ uart:~$ [00:01:19.593,000] <inf> chip: [EM]>>> [E:37525r S:31644 M:223098063 (Ack:228593580)] (S) Msg RX from 1:0000000033CFE2F6 [4145] to 00000000DCF2A6E2 --- Type 0000:10 (SecureChannel:StandaloneAck) (B:34)
09:50:12.723  uart:~$ uart:~$ [00:01:19.593,000] <dbg> chip.LogV: [EM]Found matching exchange: 37525r, Delegate: 0x200161e8
09:50:12.754  uart:~$ uart:~$ [00:01:19.594,000] <dbg> chip.LogV: [EM]CHIP MessageCounter:228593580 not in RetransTable on exchange 37525r
09:50:12.774  uart:~$ uart:~$ [00:01:19.595,000] <dbg> chip.LogV: [IN]Received a duplicate message with MessageCounter:223098062 on exchange 37525r
09:50:12.814  uart:~$ uart:~$ [00:01:19.596,000] <inf> chip: [EM]>>> [E:37525r S:31644 M:223098062 (Ack:228593580)] (S) Msg RX from 1:0000000033CFE2F6 [4145] to 00000000DCF2A6E2 --- Type 0001:01 (IM:StatusResponse) (B:42)
09:50:12.835  uart:~$ uart:~$ [00:01:19.596,000] <dbg> chip.LogV: [EM]Found matching exchange: 37525r, Delegate: 0x200161e8
09:50:12.855  uart:~$ uart:~$ [00:01:19.596,000] <dbg> chip.LogV: [EM]Forcing tx of solitary ack for duplicate MessageCounter:223098062 on exchange 37525r
09:50:12.905  uart:~$ uart:~$ [00:01:19.597,000] <inf> chip: [EM]<<< [E:37525r S:31644 M:228593586 (Ack:223098062)] (S) Msg TX from 00000000DCF2A6E2 to 1:0000000033CFE2F6 [4145] [UDP:[fe80::1c59:aaca:1932:e904%ETH_W5500]:51433] --- Type 0000:10 (SecureChannel:StandaloneAck) (B:34)
09:50:12.946  uart:~$ uart:~$ [00:01:19.606,000] <inf> chip: [EM]>>> [E:37525r S:31644 M:223098064 (Ack:228593584)] (S) Msg RX from 1:0000000033CFE2F6 [4145] to 00000000DCF2A6E2 --- Type 0001:01 (IM:StatusResponse) (B:42)
09:50:12.966  uart:~$ uart:~$ [00:01:19.930,000] <dbg> chip.LogV: [EM]Found matching exchange: 37525r, Delegate: 0x200161e8
09:50:12.996  uart:~$ uart:~$ [00:01:19.930,000] <dbg> chip.LogV: [EM]Rxd Ack; Removing MessageCounter:228593584 from Retrans Table on exchange 37525r
09:50:13.017  uart:~$ uart:~$ [00:01:19.931,000] <inf> chip: [IM]Received status response, status is 0x00
09:50:13.037  uart:~$ uart:~$ [00:01:19.931,000] <dbg> chip.LogV: [DMG]<RE> OnReportConfirm: NumReports = 0
09:50:13.057  uart:~$ uart:~$ [00:01:19.931,000] <dbg> chip.LogV: [DMG]IM RH moving to [CanStartReporting]
09:50:13.087  uart:~$ uart:~$ [00:01:19.932,000] <dbg> chip.LogV: [DMG]Building Reports for ReadHandler with LastReportGeneration = 0x00000000 DirtyGeneration = 0x00000000
09:50:13.107  uart:~$ uart:~$ [00:01:19.933,000] <dbg> chip.LogV: [DMG]<RE:Run> Cluster 1d, Attribute 2 is dirty
09:50:13.137  uart:~$ uart:~$ [00:01:19.934,000] <dbg> chip.LogV: [DMG]Reading attribute: Cluster=0x0000_001D Endpoint=0x1 AttributeId=0x0000_0002 (expanded=1)
09:50:13.157  uart:~$ uart:~$ [00:01:19.935,000] <dbg> chip.LogV: [DMG]<RE:Run> Cluster 1d, Attribute 3 is dirty
09:50:13.177  uart:~$ uart:~$ [00:01:19.936,000] <dbg> chip.LogV: [DMG]Reading attribute: Cluster=0x0000_001D Endpoint=0x1 AttributeId=0x0000_0003 (expanded=1)
09:50:13.219  uart:~$ uart:~$ [00:01:20.171,000] <dbg> chip.LogV: [DMG]<RE:Run> Cluster 1d, Attribute fffc is dirty
09:50:13.239  uart:~$ uart:~$ [00:01:20.172,000] <dbg> chip.LogV: [DMG]Reading attribute: Cluster=0x0000_001D Endpoint=0x1 AttributeId=0x0000_FFFC (expanded=1)
09:50:13.259  uart:~$ uart:~$ [00:01:20.173,000] <dbg> chip.LogV: [DMG]<RE:Run> Cluster 1d, Attribute fffd is dirty
09:50:13.289  uart:~$ uart:~$ [00:01:20.174,000] <dbg> chip.LogV: [DMG]Reading attribute: Cluster=0x0000_001D Endpoint=0x1 AttributeId=0x0000_FFFD (expanded=1)
09:50:13.309  uart:~$ uart:~$ [00:01:20.175,000] <dbg> chip.LogV: [DMG]<RE:Run> Cluster 1d, Attribute fff8 is dirty
09:50:13.329  uart:~$ uart:~$ [00:01:20.176,000] <dbg> chip.LogV: [DMG]<RE:Run> Cluster 1d, Attribute fff9 is dirty
09:50:13.349  uart:~$ uart:~$ [00:01:20.178,000] <dbg> chip.LogV: [DMG]<RE:Run> Cluster 1d, Attribute fffb is dirty
09:50:13.369  uart:~$ uart:~$ [00:01:20.180,000] <dbg> chip.LogV: [DMG]<RE:Run> Cluster 4, Attribute 0 is dirty
09:50:13.399  uart:~$ uart:~$ [00:01:20.181,000] <dbg> chip.LogV: [DMG]Reading attribute: Cluster=0x0000_0004 Endpoint=0x1 AttributeId=0x0000_0000 (expanded=1)
09:50:13.420  uart:~$ uart:~$ [00:01:20.182,000] <dbg> chip.LogV: [DMG]<RE:Run> Cluster 4, Attribute fffc is dirty
09:50:13.462  uart:~$ uart:~$ [00:01:20.410,000] <dbg> chip.LogV: [DMG]Reading attribute: Cluster=0x0000_0004 Endpoint=0x1 AttributeId=0x0000_FFFC (expanded=1)
09:50:13.482  uart:~$ uart:~$ [00:01:20.411,000] <dbg> chip.LogV: [DMG]<RE:Run> Cluster 4, Attribute fffd is dirty
09:50:13.502  uart:~$ uart:~$ [00:01:20.412,000] <dbg> chip.LogV: [DMG]Reading attribute: Cluster=0x0000_0004 Endpoint=0x1 AttributeId=0x0000_FFFD (expanded=1)
09:50:13.532  uart:~$ uart:~$ [00:01:20.413,000] <dbg> chip.LogV: [DMG]<RE:Run> Cluster 4, Attribute fff8 is dirty
09:50:13.552  uart:~$ uart:~$ [00:01:20.414,000] <dbg> chip.LogV: [DMG]<RE:Run> Cluster 4, Attribute fff9 is dirty
09:50:13.572  uart:~$ uart:~$ [00:01:20.416,000] <dbg> chip.LogV: [DMG]<RE:Run> Cluster 4, Attribute fffb is dirty
09:50:13.592  uart:~$ uart:~$ [00:01:20.418,000] <dbg> chip.LogV: [DMG]<RE:Run> Cluster 3, Attribute 0 is dirty
09:50:13.613  uart:~$ uart:~$ [00:01:20.419,000] <dbg> chip.LogV: [DMG]Reading attribute: Cluster=0x0000_0003 Endpoint=0x1 AttributeId=0x0000_0000 (expanded=1)
09:50:13.633  uart:~$ uart:~$ [00:01:20.419,000] <dbg> chip.LogV: [DMG]<RE:Run> Cluster 3, Attribute 1 is dirty
09:50:13.663  uart:~$ uart:~$ [00:01:20.420,000] <dbg> chip.LogV: [DMG]Reading attribute: Cluster=0x0000_0003 Endpoint=0x1 AttributeId=0x0000_0001 (expanded=1)
09:50:13.695  uart:~$ uart:~$ [00:01:20.653,000] <dbg> chip.LogV: [DMG]<RE:Run> Cluster 3, Attribute fffc is dirty
09:50:13.725  uart:~$ uart:~$ [00:01:20.655,000] <dbg> chip.LogV: [DMG]Reading attribute: Cluster=0x0000_0003 Endpoint=0x1 AttributeId=0x0000_FFFC (expanded=1)
09:50:13.745  uart:~$ uart:~$ [00:01:20.655,000] <dbg> chip.LogV: [DMG]<RE:Run> Cluster 3, Attribute fffd is dirty
09:50:13.776  uart:~$ uart:~$ [00:01:20.657,000] <dbg> chip.LogV: [DMG]Reading attribute: Cluster=0x0000_0003 Endpoint=0x1 AttributeId=0x0000_FFFD (expanded=1)
09:50:13.796  uart:~$ uart:~$ [00:01:20.657,000] <dbg> chip.LogV: [DMG]<RE:Run> Cluster 3, Attribute fff8 is dirty
09:50:13.816  uart:~$ uart:~$ [00:01:20.659,000] <dbg> chip.LogV: [DMG]<RE:Run> Cluster 3, Attribute fff9 is dirty
09:50:13.836  uart:~$ uart:~$ [00:01:20.660,000] <dbg> chip.LogV: [DMG]<RE:Run> Cluster 3, Attribute fffb is dirty
09:50:13.856  uart:~$ uart:~$ [00:01:20.662,000] <dbg> chip.LogV: [DMG]<RE:Run> Cluster 6, Attribute 0 is dirty
09:50:13.886  uart:~$ uart:~$ [00:01:20.663,000] <dbg> chip.LogV: [DMG]Reading attribute: Cluster=0x0000_0006 Endpoint=0x1 AttributeId=0x0000_0000 (expanded=1)
09:50:13.907  uart:~$ uart:~$ [00:01:20.664,000] <dbg> chip.LogV: [DMG]<RE:Run> Cluster 6, Attribute 4000 is dirty
09:50:13.948  uart:~$ uart:~$ [00:01:20.895,000] <dbg> chip.LogV: [DMG]Reading attribute: Cluster=0x0000_0006 Endpoint=0x1 AttributeId=0x0000_4000 (expanded=1)
09:50:13.969  uart:~$ uart:~$ [00:01:20.896,000] <dbg> chip.LogV: [DMG]<RE:Run> Cluster 6, Attribute 4001 is dirty
09:50:13.989  uart:~$ uart:~$ [00:01:20.898,000] <dbg> chip.LogV: [DMG]Reading attribute: Cluster=0x0000_0006 Endpoint=0x1 AttributeId=0x0000_4001 (expanded=1)
09:50:14.009  uart:~$ uart:~$ [00:01:20.898,000] <dbg> chip.LogV: [DMG]<RE:Run> Cluster 6, Attribute 4002 is dirty
09:50:14.039  uart:~$ uart:~$ [00:01:20.900,000] <dbg> chip.LogV: [DMG]Reading attribute: Cluster=0x0000_0006 Endpoint=0x1 AttributeId=0x0000_4002 (expanded=1)
09:50:14.059  uart:~$ uart:~$ [00:01:20.901,000] <dbg> chip.LogV: [DMG]<RE:Run> Cluster 6, Attribute 4003 is dirty
09:50:14.089  uart:~$ uart:~$ [00:01:20.902,000] <dbg> chip.LogV: [DMG]Reading attribute: Cluster=0x0000_0006 Endpoint=0x1 AttributeId=0x0000_4003 (expanded=1)
09:50:14.109  uart:~$ uart:~$ [00:01:20.903,000] <dbg> chip.LogV: [DMG]<RE:Run> Cluster 6, Attribute fffc is dirty
09:50:14.140  uart:~$ uart:~$ [00:01:20.904,000] <dbg> chip.LogV: [DMG]Reading attribute: Cluster=0x0000_0006 Endpoint=0x1 AttributeId=0x0000_FFFC (expanded=1)
09:50:14.161  uart:~$ uart:~$ [00:01:20.905,000] <dbg> chip.LogV: [DMG]<RE:Run> Cluster 6, Attribute fffd is dirty
09:50:14.201  uart:~$ uart:~$ [00:01:21.146,000] <dbg> chip.LogV: [DMG]Reading attribute: Cluster=0x0000_0006 Endpoint=0x1 AttributeId=0x0000_FFFD (expanded=1)
09:50:14.221  uart:~$ uart:~$ [00:01:21.147,000] <dbg> chip.LogV: [DMG]<RE:Run> Cluster 6, Attribute fff8 is dirty
09:50:14.241  uart:~$ uart:~$ [00:01:21.148,000] <dbg> chip.LogV: [DMG]<RE:Run> Cluster 6, Attribute fff9 is dirty
09:50:14.262  uart:~$ uart:~$ [00:01:21.150,000] <dbg> chip.LogV: [DMG]<RE:Run> Cluster 6, Attribute fffb is dirty
09:50:14.282  uart:~$ uart:~$ [00:01:21.153,000] <dbg> chip.LogV: [DMG]<RE:Run> Cluster 1d, Attribute 0 is dirty
09:50:14.312  uart:~$ uart:~$ [00:01:21.154,000] <dbg> chip.LogV: [DMG]Reading attribute: Cluster=0x0000_001D Endpoint=0x2 AttributeId=0x0000_0000 (expanded=1)
09:50:14.332  uart:~$ uart:~$ [00:01:21.155,000] <dbg> chip.LogV: [DMG]<RE:Run> Cluster 1d, Attribute 1 is dirty
09:50:14.352  uart:~$ uart:~$ [00:01:21.156,000] <dbg> chip.LogV: [DMG]Reading attribute: Cluster=0x0000_001D Endpoint=0x2 AttributeId=0x0000_0001 (expanded=1)
09:50:14.372  uart:~$ uart:~$ [00:01:21.157,000] <dbg> chip.LogV: [DMG]<RE:Run> Cluster 1d, Attribute 2 is dirty
09:50:14.403  uart:~$ uart:~$ [00:01:21.159,000] <dbg> chip.LogV: [DMG]Reading attribute: Cluster=0x0000_001D Endpoint=0x2 AttributeId=0x0000_0002 (expanded=1)
09:50:14.435  uart:~$ uart:~$ [00:01:21.392,000] <dbg> chip.LogV: [DMG]<RE:Run> Cluster 1d, Attribute 3 is dirty
09:50:14.465  uart:~$ uart:~$ [00:01:21.394,000] <dbg> chip.LogV: [DMG]Reading attribute: Cluster=0x0000_001D Endpoint=0x2 AttributeId=0x0000_0003 (expanded=1)
09:50:14.485  uart:~$ uart:~$ [00:01:21.394,000] <dbg> chip.LogV: [DMG]<RE:Run> Cluster 1d, Attribute fffc is dirty
09:50:14.505  uart:~$ uart:~$ [00:01:21.396,000] <dbg> chip.LogV: [DMG]Reading attribute: Cluster=0x0000_001D Endpoint=0x2 AttributeId=0x0000_FFFC (expanded=1)
09:50:14.525  uart:~$ uart:~$ [00:01:21.396,000] <dbg> chip.LogV: [DMG]<RE:Run> Cluster 1d, Attribute fffd is dirty
09:50:14.567  uart:~$ uart:~$ [00:01:21.398,000] <dbg> chip.LogV: [DMG]Reading attribute: Cluster=0x0000_001D Endpoint=0x2 AttributeId=0x0000_FFFD (expanded=1)
09:50:14.587  uart:~$ uart:~$ [00:01:21.398,000] <dbg> chip.LogV: [DMG]<RE:Run> Cluster 1d, Attribute fff8 is dirty
09:50:14.607  uart:~$ uart:~$ [00:01:21.400,000] <dbg> chip.LogV: [DMG]<RE:Run> Cluster 1d, Attribute fff9 is dirty
09:50:14.627  uart:~$ uart:~$ [00:01:21.401,000] <dbg> chip.LogV: [DMG]<RE:Run> Cluster 1d, Attribute fffb is dirty
09:50:14.668  uart:~$ uart:~$ [00:01:21.403,000] <dbg> chip.LogV: [DMG]Next attribute value does not fit in packet, roll back on clusterId: 0x0000_001D, attributeId: 0x0000_FFFB, err = b
09:50:14.723  uart:~$ uart:~$ [00:01:21.652,000] <dbg> chip.LogV: [DMG]<RE:Run> We cannot put more chunks into this report. Enable chunking.
09:50:14.753  uart:~$ uart:~$ [00:01:21.653,000] <dbg> chip.LogV: [DMG]<RE:Run> first cluster event is too big so that it fails to fit in the packet!
09:50:14.773  uart:~$ uart:~$ [00:01:21.653,000] <dbg> chip.LogV: [DMG]Fetched 0 events
09:50:14.793  uart:~$ uart:~$ [00:01:21.653,000] <dbg> chip.LogV: [DMG]<RE> Sending report (payload has 1175 bytes)...
09:50:14.834  uart:~$ uart:~$ [00:01:21.656,000] <inf> chip: [EM]<<< [E:37525r S:31644 M:228593587 (Ack:223098064)] (S) Msg TX from 00000000DCF2A6E2 to 1:0000000033CFE2F6 [4145] [UDP:[fe80::1c59:aaca:1932:e904%ETH_W5500]:51433] --- Type 0001:05 (IM:ReportData) (B:1209)
09:50:14.864  uart:~$ uart:~$ [00:01:21.686,000] <inf> chip: [EM]??1 [E:37525r S:31644 M:228593587] (S) Msg Retransmission to 1:0000000033CFE2F6 scheduled for 396ms from now [State:Active II:500 AI:300 AT:4000]
09:50:14.884  uart:~$ uart:~$ [00:01:21.686,000] <dbg> chip.LogV: [DMG]IM RH moving to [AwaitingReportResponse]
09:50:14.914  uart:~$ uart:~$ [00:01:21.687,000] <dbg> chip.LogV: [DMG]<RE> ReportsInFlight = 1 with readHandler 0, RE has more messages
09:50:14.935  uart:~$ uart:~$ [00:01:21.688,000] <dbg> chip.LogV: [IN]Received a duplicate message with MessageCounter:223098064 on exchange 37525r
09:50:14.975  uart:~$ uart:~$ [00:01:21.688,000] <inf> chip: [EM]>>> [E:37525r S:31644 M:223098064 (Ack:228593584)] (S) Msg RX from 1:0000000033CFE2F6 [4145] to 00000000DCF2A6E2 --- Type 0001:01 (IM:StatusResponse) (B:42)
09:50:15.019  uart:~$ uart:~$ [00:01:21.963,000] <dbg> chip.LogV: [EM]Found matching exchange: 37525r, Delegate: 0x200161e8
09:50:15.049  uart:~$ uart:~$ [00:01:21.964,000] <dbg> chip.LogV: [EM]Forcing tx of solitary ack for duplicate MessageCounter:223098064 on exchange 37525r
09:50:15.089  uart:~$ uart:~$ [00:01:21.965,000] <inf> chip: [EM]<<< [E:37525r S:31644 M:228593588 (Ack:223098064)] (S) Msg TX from 00000000DCF2A6E2 to 1:0000000033CFE2F6 [4145] [UDP:[fe80::1c59:aaca:1932:e904%ETH_W5500]:51433] --- Type 0000:10 (SecureChannel:StandaloneAck) (B:34)
09:50:15.119  uart:~$ uart:~$ [00:01:21.973,000] <dbg> chip.LogV: [IN]Received a duplicate message with MessageCounter:223098064 on exchange 37525r
09:50:15.159  uart:~$ uart:~$ [00:01:21.974,000] <inf> chip: [EM]>>> [E:37525r S:31644 M:223098064 (Ack:228593584)] (S) Msg RX from 1:0000000033CFE2F6 [4145] to 00000000DCF2A6E2 --- Type 0001:01 (IM:StatusResponse) (B:42)
09:50:15.180  uart:~$ uart:~$ [00:01:21.974,000] <dbg> chip.LogV: [EM]Found matching exchange: 37525r, Delegate: 0x200161e8
09:50:15.200  uart:~$ uart:~$ [00:01:21.974,000] <dbg> chip.LogV: [EM]Forcing tx of solitary ack for duplicate MessageCounter:223098064 on exchange 37525r
09:50:15.250  uart:~$ uart:~$ [00:01:21.975,000] <inf> chip: [EM]<<< [E:37525r S:31644 M:228593589 (Ack:223098064)] (S) Msg TX from 00000000DCF2A6E2 to 1:0000000033CFE2F6 [4145] [UDP:[fe80::1c59:aaca:1932:e904%ETH_W5500]:51433] --- Type 0000:10 (SecureChannel:StandaloneAck) (B:34)
09:50:15.280  uart:~$ uart:~$ [00:01:21.985,000] <dbg> chip.LogV: [IN]Received a duplicate message with MessageCounter:223098064 on exchange 37525r
09:50:15.310  uart:~$ uart:~$ [00:01:21.985,000] <inf> chip: [EM]>>> [E:37525r S:31644 M:223098064 (Ack:228593584)] (S) Msg RX from 1:0000000033CFE2F6 [4145] to 00000000DCF2A6E2 --- Type 0001:01 (IM:StatusResponse) (B:42)
09:50:15.377  uart:~$ uart:~$ [00:01:22.303,000] <dbg> chip.LogV: [EM]Found matching exchange: 37525r, Delegate: 0x200161e8
09:50:15.407  uart:~$ uart:~$ [00:01:22.304,000] <dbg> chip.LogV: [EM]Forcing tx of solitary ack for duplicate MessageCounter:223098064 on exchange 37525r
09:50:15.457  uart:~$ uart:~$ [00:01:22.305,000] <inf> chip: [EM]<<< [E:37525r S:31644 M:228593590 (Ack:223098064)] (S) Msg TX from 00000000DCF2A6E2 to 1:0000000033CFE2F6 [4145] [UDP:[fe80::1c59:aaca:1932:e904%ETH_W5500]:51433] --- Type 0000:10 (SecureChannel:StandaloneAck) (B:34)
09:50:15.487  uart:~$ uart:~$ [00:01:22.312,000] <inf> chip: [EM]<<1 [E:37525r S:31644 M:228593587] (S) Msg Retransmission to 1:0000000033CFE2F6
09:50:15.517  uart:~$ uart:~$ [00:01:22.343,000] <inf> chip: [EM]??2 [E:37525r S:31644 M:228593587] (S) Msg Retransmission to 1:0000000033CFE2F6 scheduled for 371ms from now [State:Active II:500 AI:300 AT:4000]
09:50:15.547  uart:~$ uart:~$ [00:01:22.344,000] <dbg> chip.LogV: [IN]Received a duplicate message with MessageCounter:223098064 on exchange 37525r
09:50:15.578  uart:~$ uart:~$ [00:01:22.345,000] <inf> chip: [EM]>>> [E:37525r S:31644 M:223098064 (Ack:228593584)] (S) Msg RX from 1:0000000033CFE2F6 [4145] to 00000000DCF2A6E2 --- Type 0001:01 (IM:StatusResponse) (B:42)
09:50:15.598  uart:~$ uart:~$ [00:01:22.345,000] <dbg> chip.LogV: [EM]Found matching exchange: 37525r, Delegate: 0x200161e8
09:50:15.628  uart:~$ uart:~$ [00:01:22.345,000] <dbg> chip.LogV: [EM]Forcing tx of solitary ack for duplicate MessageCounter:223098064 on exchange 37525r
09:50:15.668  uart:~$ uart:~$ [00:01:22.346,000] <inf> chip: [EM]<<< [E:37525r S:31644 M:228593591 (Ack:223098064)] (S) Msg TX from 00000000DCF2A6E2 to 1:0000000033CFE2F6 [4145] [UDP:[fe80::1c59:aaca:1932:e904%ETH_W5500]:51433] --- Type 0000:10 (SecureChannel:StandaloneAck) (B:34)
09:50:15.720  uart:~$ uart:~$ [00:01:22.669,000] <inf> chip: [EM]>>> [E:37525r S:31644 M:223098065 (Ack:228593587)] (S) Msg RX from 1:0000000033CFE2F6 [4145] to 00000000DCF2A6E2 --- Type 0001:01 (IM:StatusResponse) (B:42)
09:50:15.750  uart:~$ uart:~$ [00:01:22.669,000] <dbg> chip.LogV: [EM]Found matching exchange: 37525r, Delegate: 0x200161e8
09:50:15.770  uart:~$ uart:~$ [00:01:22.670,000] <dbg> chip.LogV: [EM]Rxd Ack; Removing MessageCounter:228593587 from Retrans Table on exchange 37525r
09:50:15.790  uart:~$ uart:~$ [00:01:22.670,000] <inf> chip: [IM]Received status response, status is 0x00
09:50:15.810  uart:~$ uart:~$ [00:01:22.671,000] <dbg> chip.LogV: [DMG]<RE> OnReportConfirm: NumReports = 0
09:50:15.831  uart:~$ uart:~$ [00:01:22.671,000] <dbg> chip.LogV: [DMG]IM RH moving to [CanStartReporting]
09:50:15.861  uart:~$ uart:~$ [00:01:22.672,000] <dbg> chip.LogV: [DMG]Building Reports for ReadHandler with LastReportGeneration = 0x00000000 DirtyGeneration = 0x00000000
09:50:15.881  uart:~$ uart:~$ [00:01:22.672,000] <dbg> chip.LogV: [DMG]<RE:Run> Cluster 1d, Attribute fffb is dirty
09:50:15.901  uart:~$ uart:~$ [00:01:22.675,000] <dbg> chip.LogV: [DMG]<RE:Run> Cluster 4, Attribute 0 is dirty
09:50:15.921  uart:~$ uart:~$ [00:01:22.676,000] <dbg> chip.LogV: [DMG]Reading attribute: Cluster=0x0000_0004 Endpoint=0x2 AttributeId=0x0000_0000 (expanded=1)
09:50:15.962  uart:~$ uart:~$ [00:01:22.916,000] <dbg> chip.LogV: [DMG]<RE:Run> Cluster 4, Attribute fffc is dirty
09:50:15.982  uart:~$ uart:~$ [00:01:22.917,000] <dbg> chip.LogV: [DMG]Reading attribute: Cluster=0x0000_0004 Endpoint=0x2 AttributeId=0x0000_FFFC (expanded=1)
09:50:16.002  uart:~$ uart:~$ [00:01:22.918,000] <dbg> chip.LogV: [DMG]<RE:Run> Cluster 4, Attribute fffd is dirty
09:50:16.033  uart:~$ uart:~$ [00:01:22.919,000] <dbg> chip.LogV: [DMG]Reading attribute: Cluster=0x0000_0004 Endpoint=0x2 AttributeId=0x0000_FFFD (expanded=1)
09:50:16.053  uart:~$ uart:~$ [00:01:22.920,000] <dbg> chip.LogV: [DMG]<RE:Run> Cluster 4, Attribute fff8 is dirty
09:50:16.073  uart:~$ uart:~$ [00:01:22.921,000] <dbg> chip.LogV: [DMG]<RE:Run> Cluster 4, Attribute fff9 is dirty
09:50:16.103  uart:~$ uart:~$ [00:01:22.923,000] <dbg> chip.LogV: [DMG]<RE:Run> Cluster 4, Attribute fffb is dirty
09:50:16.123  uart:~$ uart:~$ [00:01:22.925,000] <dbg> chip.LogV: [DMG]<RE:Run> Cluster 3, Attribute 0 is dirty
09:50:16.143  uart:~$ uart:~$ [00:01:22.926,000] <dbg> chip.LogV: [DMG]Reading attribute: Cluster=0x0000_0003 Endpoint=0x2 AttributeId=0x0000_0000 (expanded=1)
09:50:16.163  uart:~$ uart:~$ [00:01:22.926,000] <dbg> chip.LogV: [DMG]<RE:Run> Cluster 3, Attribute 1 is dirty
09:50:16.205  uart:~$ uart:~$ [00:01:23.157,000] <dbg> chip.LogV: [DMG]Reading attribute: Cluster=0x0000_0003 Endpoint=0x2 AttributeId=0x0000_0001 (expanded=1)
09:50:16.225  uart:~$ uart:~$ [00:01:23.157,000] <dbg> chip.LogV: [DMG]<RE:Run> Cluster 3, Attribute fffc is dirty
09:50:16.255  uart:~$ uart:~$ [00:01:23.159,000] <dbg> chip.LogV: [DMG]Reading attribute: Cluster=0x0000_0003 Endpoint=0x2 AttributeId=0x0000_FFFC (expanded=1)
09:50:16.276  uart:~$ uart:~$ [00:01:23.159,000] <dbg> chip.LogV: [DMG]<RE:Run> Cluster 3, Attribute fffd is dirty
09:50:16.306  uart:~$ uart:~$ [00:01:23.160,000] <dbg> chip.LogV: [DMG]Reading attribute: Cluster=0x0000_0003 Endpoint=0x2 AttributeId=0x0000_FFFD (expanded=1)
09:50:16.326  uart:~$ uart:~$ [00:01:23.161,000] <dbg> chip.LogV: [DMG]<RE:Run> Cluster 3, Attribute fff8 is dirty
09:50:16.346  uart:~$ uart:~$ [00:01:23.162,000] <dbg> chip.LogV: [DMG]<RE:Run> Cluster 3, Attribute fff9 is dirty
09:50:16.366  uart:~$ uart:~$ [00:01:23.164,000] <dbg> chip.LogV: [DMG]<RE:Run> Cluster 3, Attribute fffb is dirty
09:50:16.386  uart:~$ uart:~$ [00:01:23.166,000] <dbg> chip.LogV: [DMG]<RE:Run> Cluster 6, Attribute 0 is dirty
09:50:16.406  uart:~$ uart:~$ [00:01:23.167,000] <dbg> chip.LogV: [DMG]Reading attribute: Cluster=0x0000_0006 Endpoint=0x2 AttributeId=0x0000_0000 (expanded=1)
09:50:16.447  uart:~$ uart:~$ [00:01:23.401,000] <dbg> chip.LogV: [DMG]<RE:Run> Cluster 6, Attribute 4000 is dirty
09:50:16.467  uart:~$ uart:~$ [00:01:23.402,000] <dbg> chip.LogV: [DMG]Reading attribute: Cluster=0x0000_0006 Endpoint=0x2 AttributeId=0x0000_4000 (expanded=1)
09:50:16.487  uart:~$ uart:~$ [00:01:23.403,000] <dbg> chip.LogV: [DMG]<RE:Run> Cluster 6, Attribute 4001 is dirty
09:50:16.517  uart:~$ uart:~$ [00:01:23.405,000] <dbg> chip.LogV: [DMG]Reading attribute: Cluster=0x0000_0006 Endpoint=0x2 AttributeId=0x0000_4001 (expanded=1)
09:50:16.537  uart:~$ uart:~$ [00:01:23.405,000] <dbg> chip.LogV: [DMG]<RE:Run> Cluster 6, Attribute 4002 is dirty
09:50:16.567  uart:~$ uart:~$ [00:01:23.407,000] <dbg> chip.LogV: [DMG]Reading attribute: Cluster=0x0000_0006 Endpoint=0x2 AttributeId=0x0000_4002 (expanded=1)
09:50:16.588  uart:~$ uart:~$ [00:01:23.407,000] <dbg> chip.LogV: [DMG]<RE:Run> Cluster 6, Attribute 4003 is dirty
09:50:16.618  uart:~$ uart:~$ [00:01:23.409,000] <dbg> chip.LogV: [DMG]Reading attribute: Cluster=0x0000_0006 Endpoint=0x2 AttributeId=0x0000_4003 (expanded=1)
09:50:16.638  uart:~$ uart:~$ [00:01:23.410,000] <dbg> chip.LogV: [DMG]<RE:Run> Cluster 6, Attribute fffc is dirty
09:50:16.658  uart:~$ uart:~$ [00:01:23.411,000] <dbg> chip.LogV: [DMG]Reading attribute: Cluster=0x0000_0006 Endpoint=0x2 AttributeId=0x0000_FFFC (expanded=1)
09:50:16.700  uart:~$ uart:~$ [00:01:23.651,000] <dbg> chip.LogV: [DMG]<RE:Run> Cluster 6, Attribute fffd is dirty
09:50:16.720  uart:~$ uart:~$ [00:01:23.653,000] <dbg> chip.LogV: [DMG]Reading attribute: Cluster=0x0000_0006 Endpoint=0x2 AttributeId=0x0000_FFFD (expanded=1)
09:50:16.740  uart:~$ uart:~$ [00:01:23.654,000] <dbg> chip.LogV: [DMG]<RE:Run> Cluster 6, Attribute fff8 is dirty
09:50:16.770  uart:~$ uart:~$ [00:01:23.655,000] <dbg> chip.LogV: [DMG]<RE:Run> Cluster 6, Attribute fff9 is dirty
09:50:16.790  uart:~$ uart:~$ [00:01:23.657,000] <dbg> chip.LogV: [DMG]<RE:Run> Cluster 6, Attribute fffb is dirty
09:50:16.810  uart:~$ uart:~$ [00:01:23.660,000] <dbg> chip.LogV: [DMG]<RE:Run> Cluster 1d, Attribute 0 is dirty
09:50:16.830  uart:~$ uart:~$ [00:01:23.661,000] <dbg> chip.LogV: [DMG]Reading attribute: Cluster=0x0000_001D Endpoint=0x3 AttributeId=0x0000_0000 (expanded=1)
09:50:16.850  uart:~$ uart:~$ [00:01:23.662,000] <dbg> chip.LogV: [DMG]<RE:Run> Cluster 1d, Attribute 1 is dirty
09:50:16.880  uart:~$ uart:~$ [00:01:23.663,000] <dbg> chip.LogV: [DMG]Reading attribute: Cluster=0x0000_001D Endpoint=0x3 AttributeId=0x0000_0001 (expanded=1)
09:50:16.901  uart:~$ uart:~$ [00:01:23.665,000] <dbg> chip.LogV: [DMG]<RE:Run> Cluster 1d, Attribute 2 is dirty
09:50:16.942  uart:~$ uart:~$ [00:01:23.895,000] <dbg> chip.LogV: [DMG]Reading attribute: Cluster=0x0000_001D Endpoint=0x3 AttributeId=0x0000_0002 (expanded=1)
09:50:16.962  uart:~$ uart:~$ [00:01:23.896,000] <dbg> chip.LogV: [DMG]<RE:Run> Cluster 1d, Attribute 3 is dirty
09:50:16.993  uart:~$ uart:~$ [00:01:23.897,000] <dbg> chip.LogV: [DMG]Reading attribute: Cluster=0x0000_001D Endpoint=0x3 AttributeId=0x0000_0003 (expanded=1)
09:50:17.013  uart:~$ uart:~$ [00:01:23.898,000] <dbg> chip.LogV: [DMG]<RE:Run> Cluster 1d, Attribute fffc is dirty
09:50:17.043  uart:~$ uart:~$ [00:01:23.899,000] <dbg> chip.LogV: [DMG]Reading attribute: Cluster=0x0000_001D Endpoint=0x3 AttributeId=0x0000_FFFC (expanded=1)
09:50:17.063  uart:~$ uart:~$ [00:01:23.900,000] <dbg> chip.LogV: [DMG]<RE:Run> Cluster 1d, Attribute fffd is dirty
09:50:17.083  uart:~$ uart:~$ [00:01:23.901,000] <dbg> chip.LogV: [DMG]Reading attribute: Cluster=0x0000_001D Endpoint=0x3 AttributeId=0x0000_FFFD (expanded=1)
09:50:17.103  uart:~$ uart:~$ [00:01:23.902,000] <dbg> chip.LogV: [DMG]<RE:Run> Cluster 1d, Attribute fff8 is dirty
09:50:17.123  uart:~$ uart:~$ [00:01:23.903,000] <dbg> chip.LogV: [DMG]<RE:Run> Cluster 1d, Attribute fff9 is dirty
09:50:17.155  uart:~$ uart:~$ [00:01:23.905,000] <dbg> chip.LogV: [DMG]<RE:Run> Cluster 1d, Attribute fffb is dirty
09:50:17.185  uart:~$ uart:~$ [00:01:24.140,000] <dbg> chip.LogV: [DMG]<RE:Run> Cluster 4, Attribute 0 is dirty
09:50:17.205  uart:~$ uart:~$ [00:01:24.142,000] <dbg> chip.LogV: [DMG]Reading attribute: Cluster=0x0000_0004 Endpoint=0x3 AttributeId=0x0000_0000 (expanded=1)
09:50:17.225  uart:~$ uart:~$ [00:01:24.142,000] <dbg> chip.LogV: [DMG]<RE:Run> Cluster 4, Attribute fffc is dirty
09:50:17.255  uart:~$ uart:~$ [00:01:24.143,000] <dbg> chip.LogV: [DMG]Reading attribute: Cluster=0x0000_0004 Endpoint=0x3 AttributeId=0x0000_FFFC (expanded=1)
09:50:17.275  uart:~$ uart:~$ [00:01:24.144,000] <dbg> chip.LogV: [DMG]<RE:Run> Cluster 4, Attribute fffd is dirty
09:50:17.305  uart:~$ uart:~$ [00:01:24.145,000] <dbg> chip.LogV: [DMG]Reading attribute: Cluster=0x0000_0004 Endpoint=0x3 AttributeId=0x0000_FFFD (expanded=1)
09:50:17.326  uart:~$ uart:~$ [00:01:24.146,000] <dbg> chip.LogV: [DMG]<RE:Run> Cluster 4, Attribute fff8 is dirty
09:50:17.356  uart:~$ uart:~$ [00:01:24.147,000] <dbg> chip.LogV: [DMG]List does not fit in packet, chunk between list items for clusterId: 0x0000_0004, attributeId: 0x0000_FFF8
09:50:17.376  uart:~$ uart:~$ [00:01:24.148,000] <dbg> chip.LogV: [DMG]<RE:Run> We cannot put more chunks into this report. Enable chunking.
09:50:17.407  uart:~$ uart:~$ [00:01:24.149,000] <dbg> chip.LogV: [DMG]<RE:Run> first cluster event is too big so that it fails to fit in the packet!
09:50:17.452  uart:~$ uart:~$ [00:01:24.393,000] <dbg> chip.LogV: [DMG]Fetched 0 events
09:50:17.482  uart:~$ uart:~$ [00:01:24.393,000] <dbg> chip.LogV: [DMG]<RE> Sending report (payload has 1174 bytes)...
09:50:17.523  uart:~$ uart:~$ [00:01:24.396,000] <inf> chip: [EM]<<< [E:37525r S:31644 M:228593592 (Ack:223098065)] (S) Msg TX from 00000000DCF2A6E2 to 1:0000000033CFE2F6 [4145] [UDP:[fe80::1c59:aaca:1932:e904%ETH_W5500]:51433] --- Type 0001:05 (IM:ReportData) (B:1208)
09:50:17.553  uart:~$ uart:~$ [00:01:24.426,000] <inf> chip: [EM]??1 [E:37525r S:31644 M:228593592] (S) Msg Retransmission to 1:0000000033CFE2F6 scheduled for 366ms from now [State:Active II:500 AI:300 AT:4000]
09:50:17.573  uart:~$ uart:~$ [00:01:24.427,000] <dbg> chip.LogV: [DMG]IM RH moving to [AwaitingReportResponse]
09:50:17.603  uart:~$ uart:~$ [00:01:24.427,000] <dbg> chip.LogV: [DMG]<RE> ReportsInFlight = 1 with readHandler 0, RE has more messages
09:50:17.623  uart:~$ uart:~$ [00:01:24.428,000] <dbg> chip.LogV: [IN]Received a duplicate message with MessageCounter:223098065 on exchange 37525r
09:50:17.663  uart:~$ uart:~$ [00:01:24.429,000] <inf> chip: [EM]>>> [E:37525r S:31644 M:223098065 (Ack:228593587)] (S) Msg RX from 1:0000000033CFE2F6 [4145] to 00000000DCF2A6E2 --- Type 0001:01 (IM:StatusResponse) (B:42)
09:50:17.683  uart:~$ uart:~$ [00:01:24.429,000] <dbg> chip.LogV: [EM]Found matching exchange: 37525r, Delegate: 0x200161e8
09:50:17.714  uart:~$ uart:~$ [00:01:24.429,000] <dbg> chip.LogV: [EM]Forcing tx of solitary ack for duplicate MessageCounter:223098065 on exchange 37525r
09:50:17.777  uart:~$ uart:~$ [00:01:24.701,000] <inf> chip: [EM]<<< [E:37525r S:31644 M:228593593 (Ack:223098065)] (S) Msg TX from 00000000DCF2A6E2 to 1:0000000033CFE2F6 [4145] [UDP:[fe80::1c59:aaca:1932:e904%ETH_W5500]:51433] --- Type 0000:10 (SecureChannel:StandaloneAck) (B:34)
09:50:17.817  uart:~$ uart:~$ [00:01:24.710,000] <inf> chip: [EM]>>> [E:37525r S:31644 M:223098066 (Ack:228593587)] (S) Msg RX from 1:0000000033CFE2F6 [4145] to 00000000DCF2A6E2 --- Type 0000:10 (SecureChannel:StandaloneAck) (B:34)
09:50:17.837  uart:~$ uart:~$ [00:01:24.710,000] <dbg> chip.LogV: [EM]Found matching exchange: 37525r, Delegate: 0x200161e8
09:50:17.857  uart:~$ uart:~$ [00:01:24.710,000] <dbg> chip.LogV: [EM]CHIP MessageCounter:228593587 not in RetransTable on exchange 37525r
09:50:17.888  uart:~$ uart:~$ [00:01:24.712,000] <dbg> chip.LogV: [IN]Received a duplicate message with MessageCounter:223098065 on exchange 37525r
09:50:17.928  uart:~$ uart:~$ [00:01:24.712,000] <inf> chip: [EM]>>> [E:37525r S:31644 M:223098065 (Ack:228593587)] (S) Msg RX from 1:0000000033CFE2F6 [4145] to 00000000DCF2A6E2 --- Type 0001:01 (IM:StatusResponse) (B:42)
09:50:17.948  uart:~$ uart:~$ [00:01:24.712,000] <dbg> chip.LogV: [EM]Found matching exchange: 37525r, Delegate: 0x200161e8
09:50:17.968  uart:~$ uart:~$ [00:01:24.713,000] <dbg> chip.LogV: [EM]Forcing tx of solitary ack for duplicate MessageCounter:223098065 on exchange 37525r
09:50:18.018  uart:~$ uart:~$ [00:01:24.714,000] <inf> chip: [EM]<<< [E:37525r S:31644 M:228593594 (Ack:223098065)] (S) Msg TX from 00000000DCF2A6E2 to 1:0000000033CFE2F6 [4145] [UDP:[fe80::1c59:aaca:1932:e904%ETH_W5500]:51433] --- Type 0000:10 (SecureChannel:StandaloneAck) (B:34)
09:50:18.038  uart:~$ uart:~$ [00:01:24.723,000] <dbg> chip.LogV: [IN]Received a duplicate message with MessageCounter:223098065 on exchange 37525r
09:50:18.125  uart:~$ uart:~$ [00:01:25.032,000] <inf> chip: [EM]>>> [E:37525r S:31644 M:223098065 (Ack:228593587)] (S) Msg RX from 1:0000000033CFE2F6 [4145] to 00000000DCF2A6E2 --- Type 0001:01 (IM:StatusResponse) (B:42)
09:50:18.145  uart:~$ uart:~$ [00:01:25.032,000] <dbg> chip.LogV: [EM]Found matching exchange: 37525r, Delegate: 0x200161e8
09:50:18.176  uart:~$ uart:~$ [00:01:25.032,000] <dbg> chip.LogV: [EM]Forcing tx of solitary ack for duplicate MessageCounter:223098065 on exchange 37525r
09:50:18.216  uart:~$ uart:~$ [00:01:25.034,000] <inf> chip: [EM]<<< [E:37525r S:31644 M:228593595 (Ack:223098065)] (S) Msg TX from 00000000DCF2A6E2 to 1:0000000033CFE2F6 [4145] [UDP:[fe80::1c59:aaca:1932:e904%ETH_W5500]:51433] --- Type 0000:10 (SecureChannel:StandaloneAck) (B:34)
09:50:18.246  uart:~$ uart:~$ [00:01:25.041,000] <inf> chip: [EM]<<1 [E:37525r S:31644 M:228593592] (S) Msg Retransmission to 1:0000000033CFE2F6
09:50:18.276  uart:~$ uart:~$ [00:01:25.075,000] <inf> chip: [EM]??2 [E:37525r S:31644 M:228593592] (S) Msg Retransmission to 1:0000000033CFE2F6 scheduled for 382ms from now [State:Active II:500 AI:300 AT:4000]
09:50:18.306  uart:~$ uart:~$ [00:01:25.076,000] <dbg> chip.LogV: [IN]Received a duplicate message with MessageCounter:223098065 on exchange 37525r
09:50:18.346  uart:~$ uart:~$ [00:01:25.077,000] <inf> chip: [EM]>>> [E:37525r S:31644 M:223098065 (Ack:228593587)] (S) Msg RX from 1:0000000033CFE2F6 [4145] to 00000000DCF2A6E2 --- Type 0001:01 (IM:StatusResponse) (B:42)
09:50:18.366  uart:~$ uart:~$ [00:01:25.077,000] <dbg> chip.LogV: [EM]Found matching exchange: 37525r, Delegate: 0x200161e8
09:50:18.387  uart:~$ uart:~$ [00:01:25.077,000] <dbg> chip.LogV: [EM]Forcing tx of solitary ack for duplicate MessageCounter:223098065 on exchange 37525r
09:50:18.448  uart:~$ uart:~$ [00:01:25.381,000] <inf> chip: [EM]<<< [E:37525r S:31644 M:228593596 (Ack:223098065)] (S) Msg TX from 00000000DCF2A6E2 to 1:0000000033CFE2F6 [4145] [UDP:[fe80::1c59:aaca:1932:e904%ETH_W5500]:51433] --- Type 0000:10 (SecureChannel:StandaloneAck) (B:34)
09:50:18.488  uart:~$ uart:~$ [00:01:25.389,000] <inf> chip: [EM]>>> [E:37525r S:31644 M:223098067 (Ack:228593592)] (S) Msg RX from 1:0000000033CFE2F6 [4145] to 00000000DCF2A6E2 --- Type 0001:01 (IM:StatusResponse) (B:42)
09:50:18.509  uart:~$ uart:~$ [00:01:25.390,000] <dbg> chip.LogV: [EM]Found matching exchange: 37525r, Delegate: 0x200161e8
09:50:18.539  uart:~$ uart:~$ [00:01:25.390,000] <dbg> chip.LogV: [EM]Rxd Ack; Removing MessageCounter:228593592 from Retrans Table on exchange 37525r
09:50:18.559  uart:~$ uart:~$ [00:01:25.391,000] <inf> chip: [IM]Received status response, status is 0x00
09:50:18.579  uart:~$ uart:~$ [00:01:25.391,000] <dbg> chip.LogV: [DMG]<RE> OnReportConfirm: NumReports = 0
09:50:18.599  uart:~$ uart:~$ [00:01:25.391,000] <dbg> chip.LogV: [DMG]IM RH moving to [CanStartReporting]
09:50:18.619  uart:~$ uart:~$ [00:01:25.392,000] <dbg> chip.LogV: [DMG]Building Reports for ReadHandler with LastReportGeneration = 0x00000000 DirtyGeneration = 0x00000000
09:50:18.649  uart:~$ uart:~$ [00:01:25.393,000] <dbg> chip.LogV: [DMG]<RE:Run> Cluster 4, Attribute fff8 is dirty
09:50:18.670  uart:~$ uart:~$ [00:01:25.394,000] <dbg> chip.LogV: [DMG]<RE:Run> Cluster 4, Attribute fff9 is dirty
09:50:18.700  uart:~$ uart:~$ [00:01:25.656,000] <dbg> chip.LogV: [DMG]<RE:Run> Cluster 4, Attribute fffb is dirty
09:50:18.720  uart:~$ uart:~$ [00:01:25.659,000] <dbg> chip.LogV: [DMG]<RE:Run> Cluster 3, Attribute 0 is dirty
09:50:18.741  uart:~$ uart:~$ [00:01:25.660,000] <dbg> chip.LogV: [DMG]Reading attribute: Cluster=0x0000_0003 Endpoint=0x3 AttributeId=0x0000_0000 (expanded=1)
09:50:18.781  uart:~$ uart:~$ [00:01:25.661,000] <dbg> chip.LogV: [DMG]<RE:Run> Cluster 3, Attribute 1 is dirty
09:50:18.811  uart:~$ uart:~$ [00:01:25.662,000] <dbg> chip.LogV: [DMG]Reading attribute: Cluster=0x0000_0003 Endpoint=0x3 AttributeId=0x0000_0001 (expanded=1)
09:50:18.831  uart:~$ uart:~$ [00:01:25.662,000] <dbg> chip.LogV: [DMG]<RE:Run> Cluster 3, Attribute fffc is dirty
09:50:18.861  uart:~$ uart:~$ [00:01:25.664,000] <dbg> chip.LogV: [DMG]Reading attribute: Cluster=0x0000_0003 Endpoint=0x3 AttributeId=0x0000_FFFC (expanded=1)
09:50:18.882  uart:~$ uart:~$ [00:01:25.664,000] <dbg> chip.LogV: [DMG]<RE:Run> Cluster 3, Attribute fffd is dirty
09:50:18.902  uart:~$ uart:~$ [00:01:25.665,000] <dbg> chip.LogV: [DMG]Reading attribute: Cluster=0x0000_0003 Endpoint=0x3 AttributeId=0x0000_FFFD (expanded=1)
09:50:18.933  uart:~$ uart:~$ [00:01:25.666,000] <dbg> chip.LogV: [DMG]<RE:Run> Cluster 3, Attribute fff8 is dirty
09:50:18.963  uart:~$ uart:~$ [00:01:25.918,000] <dbg> chip.LogV: [DMG]<RE:Run> Cluster 3, Attribute fff9 is dirty
09:50:18.984  uart:~$ uart:~$ [00:01:25.920,000] <dbg> chip.LogV: [DMG]<RE:Run> Cluster 3, Attribute fffb is dirty
09:50:19.004  uart:~$ uart:~$ [00:01:25.922,000] <dbg> chip.LogV: [DMG]<RE:Run> Cluster 6, Attribute 0 is dirty
09:50:19.034  uart:~$ uart:~$ [00:01:25.923,000] <dbg> chip.LogV: [DMG]Reading attribute: Cluster=0x0000_0006 Endpoint=0x3 AttributeId=0x0000_0000 (expanded=1)
09:50:19.056  uart:~$ uart:~$ [00:01:25.924,000] <dbg> chip.LogV: [DMG]<RE:Run> Cluster 6, Attribute 4000 is dirty
09:50:19.097  uart:~$ uart:~$ [00:01:25.925,000] <dbg> chip.LogV: [DMG]Reading attribute: Cluster=0x0000_0006 Endpoint=0x3 AttributeId=0x0000_4000 (expanded=1)
09:50:19.118  uart:~$ uart:~$ [00:01:25.926,000] <dbg> chip.LogV: [DMG]<RE:Run> Cluster 6, Attribute 4001 is dirty
09:50:19.148  uart:~$ uart:~$ [00:01:25.927,000] <dbg> chip.LogV: [DMG]Reading attribute: Cluster=0x0000_0006 Endpoint=0x3 AttributeId=0x0000_4001 (expanded=1)
09:50:19.168  uart:~$ uart:~$ [00:01:25.928,000] <dbg> chip.LogV: [DMG]<RE:Run> Cluster 6, Attribute 4002 is dirty
09:50:19.188  uart:~$ uart:~$ [00:01:25.930,000] <dbg> chip.LogV: [DMG]Reading attribute: Cluster=0x0000_0006 Endpoint=0x3 AttributeId=0x0000_4002 (expanded=1)
09:50:19.229  uart:~$ uart:~$ [00:01:26.182,000] <dbg> chip.LogV: [DMG]<RE:Run> Cluster 6, Attribute 4003 is dirty
09:50:19.250  uart:~$ uart:~$ [00:01:26.183,000] <dbg> chip.LogV: [DMG]Reading attribute: Cluster=0x0000_0006 Endpoint=0x3 AttributeId=0x0000_4003 (expanded=1)
09:50:19.270  uart:~$ uart:~$ [00:01:26.184,000] <dbg> chip.LogV: [DMG]<RE:Run> Cluster 6, Attribute fffc is dirty
09:50:19.300  uart:~$ uart:~$ [00:01:26.185,000] <dbg> chip.LogV: [DMG]Reading attribute: Cluster=0x0000_0006 Endpoint=0x3 AttributeId=0x0000_FFFC (expanded=1)
09:50:19.320  uart:~$ uart:~$ [00:01:26.186,000] <dbg> chip.LogV: [DMG]<RE:Run> Cluster 6, Attribute fffd is dirty
09:50:19.350  uart:~$ uart:~$ [00:01:26.188,000] <dbg> chip.LogV: [DMG]Reading attribute: Cluster=0x0000_0006 Endpoint=0x3 AttributeId=0x0000_FFFD (expanded=1)
09:50:19.370  uart:~$ uart:~$ [00:01:26.188,000] <dbg> chip.LogV: [DMG]<RE:Run> Cluster 6, Attribute fff8 is dirty
09:50:19.390  uart:~$ uart:~$ [00:01:26.190,000] <dbg> chip.LogV: [DMG]<RE:Run> Cluster 6, Attribute fff9 is dirty
09:50:19.411  uart:~$ uart:~$ [00:01:26.192,000] <dbg> chip.LogV: [DMG]<RE:Run> Cluster 6, Attribute fffb is dirty
09:50:19.431  uart:~$ uart:~$ [00:01:26.195,000] <dbg> chip.LogV: [DMG]<RE:Run> Cluster 1d, Attribute 0 is dirty
09:50:19.473  uart:~$ uart:~$ [00:01:26.423,000] <dbg> chip.LogV: [DMG]Reading attribute: Cluster=0x0000_001D Endpoint=0x4 AttributeId=0x0000_0000 (expanded=1)
09:50:19.493  uart:~$ uart:~$ [00:01:26.423,000] <dbg> chip.LogV: [DMG]<RE:Run> Cluster 1d, Attribute 1 is dirty
09:50:19.523  uart:~$ uart:~$ [00:01:26.425,000] <dbg> chip.LogV: [DMG]Reading attribute: Cluster=0x0000_001D Endpoint=0x4 AttributeId=0x0000_0001 (expanded=1)
09:50:19.544  uart:~$ uart:~$ [00:01:26.426,000] <dbg> chip.LogV: [DMG]<RE:Run> Cluster 1d, Attribute 2 is dirty
09:50:19.574  uart:~$ uart:~$ [00:01:26.427,000] <dbg> chip.LogV: [DMG]Reading attribute: Cluster=0x0000_001D Endpoint=0x4 AttributeId=0x0000_0002 (expanded=1)
09:50:19.594  uart:~$ uart:~$ [00:01:26.428,000] <dbg> chip.LogV: [DMG]<RE:Run> Cluster 1d, Attribute 3 is dirty
09:50:19.614  uart:~$ uart:~$ [00:01:26.429,000] <dbg> chip.LogV: [DMG]Reading attribute: Cluster=0x0000_001D Endpoint=0x4 AttributeId=0x0000_0003 (expanded=1)
09:50:19.634  uart:~$ uart:~$ [00:01:26.430,000] <dbg> chip.LogV: [DMG]<RE:Run> Cluster 1d, Attribute fffc is dirty
09:50:19.664  uart:~$ uart:~$ [00:01:26.431,000] <dbg> chip.LogV: [DMG]Reading attribute: Cluster=0x0000_001D Endpoint=0x4 AttributeId=0x0000_FFFC (expanded=1)
09:50:19.684  uart:~$ uart:~$ [00:01:26.432,000] <dbg> chip.LogV: [DMG]<RE:Run> Cluster 1d, Attribute fffd is dirty
09:50:19.727  uart:~$ uart:~$ [00:01:26.676,000] <dbg> chip.LogV: [DMG]Reading attribute: Cluster=0x0000_001D Endpoint=0x4 AttributeId=0x0000_FFFD (expanded=1)
09:50:19.747  uart:~$ uart:~$ [00:01:26.677,000] <dbg> chip.LogV: [DMG]<RE:Run> Cluster 1d, Attribute fff8 is dirty
09:50:19.767  uart:~$ uart:~$ [00:01:26.679,000] <dbg> chip.LogV: [DMG]<RE:Run> Cluster 1d, Attribute fff9 is dirty
09:50:19.787  uart:~$ uart:~$ [00:01:26.680,000] <dbg> chip.LogV: [DMG]<RE:Run> Cluster 1d, Attribute fffb is dirty
09:50:19.807  uart:~$ uart:~$ [00:01:26.682,000] <dbg> chip.LogV: [DMG]<RE:Run> Cluster 4, Attribute 0 is dirty
09:50:19.838  uart:~$ uart:~$ [00:01:26.683,000] <dbg> chip.LogV: [DMG]Reading attribute: Cluster=0x0000_0004 Endpoint=0x4 AttributeId=0x0000_0000 (expanded=1)
09:50:19.858  uart:~$ uart:~$ [00:01:26.684,000] <dbg> chip.LogV: [DMG]<RE:Run> Cluster 4, Attribute fffc is dirty
09:50:19.878  uart:~$ uart:~$ [00:01:26.685,000] <dbg> chip.LogV: [DMG]Reading attribute: Cluster=0x0000_0004 Endpoint=0x4 AttributeId=0x0000_FFFC (expanded=1)
09:50:19.908  uart:~$ uart:~$ [00:01:26.686,000] <dbg> chip.LogV: [DMG]<RE:Run> Cluster 4, Attribute fffd is dirty
09:50:19.928  uart:~$ uart:~$ [00:01:26.687,000] <dbg> chip.LogV: [DMG]Reading attribute: Cluster=0x0000_0004 Endpoint=0x4 AttributeId=0x0000_FFFD (expanded=1)
09:50:19.960  uart:~$ uart:~$ [00:01:26.921,000] <dbg> chip.LogV: [DMG]<RE:Run> Cluster 4, Attribute fff8 is dirty
09:50:19.980  uart:~$ uart:~$ [00:01:26.922,000] <dbg> chip.LogV: [DMG]<RE:Run> Cluster 4, Attribute fff9 is dirty
09:50:20.000  uart:~$ uart:~$ [00:01:26.924,000] <dbg> chip.LogV: [DMG]<RE:Run> Cluster 4, Attribute fffb is dirty
09:50:20.020  uart:~$ uart:~$ [00:01:26.926,000] <dbg> chip.LogV: [DMG]<RE:Run> Cluster 3, Attribute 0 is dirty
09:50:20.051  uart:~$ uart:~$ [00:01:26.927,000] <dbg> chip.LogV: [DMG]Reading attribute: Cluster=0x0000_0003 Endpoint=0x4 AttributeId=0x0000_0000 (expanded=1)
09:50:20.081  uart:~$ uart:~$ [00:01:26.927,000] <dbg> chip.LogV: [DMG]Next attribute value does not fit in packet, roll back on clusterId: 0x0000_0003, attributeId: 0x0000_0000, err = b
09:50:20.101  uart:~$ uart:~$ [00:01:26.928,000] <dbg> chip.LogV: [DMG]<RE:Run> We cannot put more chunks into this report. Enable chunking.
09:50:20.131  uart:~$ uart:~$ [00:01:26.929,000] <dbg> chip.LogV: [DMG]<RE:Run> first cluster event is too big so that it fails to fit in the packet!
09:50:20.151  uart:~$ uart:~$ [00:01:26.929,000] <dbg> chip.LogV: [DMG]Fetched 0 events
09:50:20.172  uart:~$ uart:~$ [00:01:26.929,000] <dbg> chip.LogV: [DMG]<RE> Sending report (payload has 1154 bytes)...
09:50:20.248  uart:~$ uart:~$ [00:01:27.160,000] <inf> chip: [EM]<<< [E:37525r S:31644 M:228593597 (Ack:223098067)] (S) Msg TX from 00000000DCF2A6E2 to 1:0000000033CFE2F6 [4145] [UDP:[fe80::1c59:aaca:1932:e904%ETH_W5500]:51433] --- Type 0001:05 (IM:ReportData) (B:1188)
09:50:20.288  uart:~$ uart:~$ [00:01:27.190,000] <inf> chip: [EM]??1 [E:37525r S:31644 M:228593597] (S) Msg Retransmission to 1:0000000033CFE2F6 scheduled for 365ms from now [State:Active II:500 AI:300 AT:4000]
09:50:20.308  uart:~$ uart:~$ [00:01:27.190,000] <dbg> chip.LogV: [DMG]IM RH moving to [AwaitingReportResponse]
09:50:20.329  uart:~$ uart:~$ [00:01:27.191,000] <dbg> chip.LogV: [DMG]<RE> ReportsInFlight = 1 with readHandler 0, RE has more messages
09:50:20.369  uart:~$ uart:~$ [00:01:27.192,000] <inf> chip: [EM]>>> [E:37525r S:31644 M:223098068 (Ack:228593592)] (S) Msg RX from 1:0000000033CFE2F6 [4145] to 00000000DCF2A6E2 --- Type 0000:10 (SecureChannel:StandaloneAck) (B:34)
09:50:20.389  uart:~$ uart:~$ [00:01:27.192,000] <dbg> chip.LogV: [EM]Found matching exchange: 37525r, Delegate: 0x200161e8
09:50:20.419  uart:~$ uart:~$ [00:01:27.193,000] <dbg> chip.LogV: [EM]CHIP MessageCounter:228593592 not in RetransTable on exchange 37525r
09:50:20.439  uart:~$ uart:~$ [00:01:27.194,000] <dbg> chip.LogV: [IN]Received a duplicate message with MessageCounter:223098067 on exchange 37525r
09:50:20.479  uart:~$ uart:~$ [00:01:27.195,000] <inf> chip: [EM]>>> [E:37525r S:31644 M:223098067 (Ack:228593592)] (S) Msg RX from 1:0000000033CFE2F6 [4145] to 00000000DCF2A6E2 --- Type 0001:01 (IM:StatusResponse) (B:42)
09:50:20.499  uart:~$ uart:~$ [00:01:27.195,000] <dbg> chip.LogV: [EM]Found matching exchange: 37525r, Delegate: 0x200161e8
09:50:20.543  uart:~$ uart:~$ [00:01:27.488,000] <dbg> chip.LogV: [EM]Forcing tx of solitary ack for duplicate MessageCounter:223098067 on exchange 37525r
09:50:20.593  uart:~$ uart:~$ [00:01:27.489,000] <inf> chip: [EM]<<< [E:37525r S:31644 M:228593598 (Ack:223098067)] (S) Msg TX from 00000000DCF2A6E2 to 1:0000000033CFE2F6 [4145] [UDP:[fe80::1c59:aaca:1932:e904%ETH_W5500]:51433] --- Type 0000:10 (SecureChannel:StandaloneAck) (B:34)
09:50:20.613  uart:~$ uart:~$ [00:01:27.498,000] <dbg> chip.LogV: [IN]Received a duplicate message with MessageCounter:223098067 on exchange 37525r
09:50:20.653  uart:~$ uart:~$ [00:01:27.499,000] <inf> chip: [EM]>>> [E:37525r S:31644 M:223098067 (Ack:228593592)] (S) Msg RX from 1:0000000033CFE2F6 [4145] to 00000000DCF2A6E2 --- Type 0001:01 (IM:StatusResponse) (B:42)
09:50:20.673  uart:~$ uart:~$ [00:01:27.499,000] <dbg> chip.LogV: [EM]Found matching exchange: 37525r, Delegate: 0x200161e8
09:50:20.704  uart:~$ uart:~$ [00:01:27.499,000] <dbg> chip.LogV: [EM]Forcing tx of solitary ack for duplicate MessageCounter:223098067 on exchange 37525r
09:50:20.754  uart:~$ uart:~$ [00:01:27.500,000] <inf> chip: [EM]<<< [E:37525r S:31644 M:228593599 (Ack:223098067)] (S) Msg TX from 00000000DCF2A6E2 to 1:0000000033CFE2F6 [4145] [UDP:[fe80::1c59:aaca:1932:e904%ETH_W5500]:51433] --- Type 0000:10 (SecureChannel:StandaloneAck) (B:34)
09:50:20.774  uart:~$ uart:~$ [00:01:27.510,000] <dbg> chip.LogV: [IN]Received a duplicate message with MessageCounter:223098067 on exchange 37525r
09:50:20.814  uart:~$ uart:~$ [00:01:27.510,000] <inf> chip: [EM]>>> [E:37525r S:31644 M:223098067 (Ack:228593592)] (S) Msg RX from 1:0000000033CFE2F6 [4145] to 00000000DCF2A6E2 --- Type 0001:01 (IM:StatusResponse) (B:42)
09:50:20.837  uart:~$ uart:~$ [00:01:27.510,000] <dbg> chip.LogV: [EM]Found matching exchange: 37525r, Delegate: 0x200161e8
09:50:20.903  uart:~$ uart:~$ [00:01:27.823,000] <dbg> chip.LogV: [EM]Forcing tx of solitary ack for duplicate MessageCounter:223098067 on exchange 37525r
09:50:20.954  uart:~$ uart:~$ [00:01:27.825,000] <inf> chip: [EM]<<< [E:37525r S:31644 M:228593600 (Ack:223098067)] (S) Msg TX from 00000000DCF2A6E2 to 1:0000000033CFE2F6 [4145] [UDP:[fe80::1c59:aaca:1932:e904%ETH_W5500]:51433] --- Type 0000:10 (SecureChannel:StandaloneAck) (B:34)
09:50:20.974  uart:~$ uart:~$ [00:01:27.833,000] <inf> chip: [EM]<<1 [E:37525r S:31644 M:228593597] (S) Msg Retransmission to 1:0000000033CFE2F6
09:50:21.014  uart:~$ uart:~$ [00:01:27.862,000] <inf> chip: [EM]??2 [E:37525r S:31644 M:228593597] (S) Msg Retransmission to 1:0000000033CFE2F6 scheduled for 337ms from now [State:Active II:500 AI:300 AT:4000]
09:50:21.044  uart:~$ uart:~$ [00:01:27.864,000] <inf> chip: [EM]>>> [E:37525r S:31644 M:223098069 (Ack:228593597)] (S) Msg RX from 1:0000000033CFE2F6 [4145] to 00000000DCF2A6E2 --- Type 0001:01 (IM:StatusResponse) (B:42)
09:50:21.064  uart:~$ uart:~$ [00:01:27.865,000] <dbg> chip.LogV: [EM]Found matching exchange: 37525r, Delegate: 0x200161e8
09:50:21.094  uart:~$ uart:~$ [00:01:27.869,000] <dbg> chip.LogV: [EM]Rxd Ack; Removing MessageCounter:228593597 from Retrans Table on exchange 37525r
09:50:21.114  uart:~$ uart:~$ [00:01:27.869,000] <inf> chip: [IM]Received status response, status is 0x00
09:50:21.134  uart:~$ uart:~$ [00:01:27.870,000] <dbg> chip.LogV: [DMG]<RE> OnReportConfirm: NumReports = 0
09:50:21.155  uart:~$ uart:~$ [00:01:27.870,000] <dbg> chip.LogV: [DMG]IM RH moving to [CanStartReporting]
09:50:21.216  uart:~$ uart:~$ [00:01:28.146,000] <inf> chip: [EM]<<< [E:37525r S:31644 M:228593601 (Ack:223098069)] (S) Msg TX from 00000000DCF2A6E2 to 1:0000000033CFE2F6 [4145] [UDP:[fe80::1c59:aaca:1932:e904%ETH_W5500]:51433] --- Type 0000:10 (SecureChannel:StandaloneAck) (B:34)
09:50:21.246  uart:~$ uart:~$ [00:01:28.153,000] <dbg> chip.LogV: [DMG]Building Reports for ReadHandler with LastReportGeneration = 0x00000000 DirtyGeneration = 0x00000000
09:50:21.266  uart:~$ uart:~$ [00:01:28.154,000] <dbg> chip.LogV: [DMG]<RE:Run> Cluster 3, Attribute 0 is dirty
09:50:21.296  uart:~$ uart:~$ [00:01:28.155,000] <dbg> chip.LogV: [DMG]Reading attribute: Cluster=0x0000_0003 Endpoint=0x4 AttributeId=0x0000_0000 (expanded=1)
09:50:21.317  uart:~$ uart:~$ [00:01:28.156,000] <dbg> chip.LogV: [DMG]<RE:Run> Cluster 3, Attribute 1 is dirty
09:50:21.347  uart:~$ uart:~$ [00:01:28.157,000] <dbg> chip.LogV: [DMG]Reading attribute: Cluster=0x0000_0003 Endpoint=0x4 AttributeId=0x0000_0001 (expanded=1)
09:50:21.367  uart:~$ uart:~$ [00:01:28.158,000] <dbg> chip.LogV: [DMG]<RE:Run> Cluster 3, Attribute fffc is dirty
09:50:21.387  uart:~$ uart:~$ [00:01:28.159,000] <dbg> chip.LogV: [DMG]Reading attribute: Cluster=0x0000_0003 Endpoint=0x4 AttributeId=0x0000_FFFC (expanded=1)
09:50:21.407  uart:~$ uart:~$ [00:01:28.160,000] <dbg> chip.LogV: [DMG]<RE:Run> Cluster 3, Attribute fffd is dirty
09:50:21.437  uart:~$ uart:~$ [00:01:28.161,000] <dbg> chip.LogV: [DMG]Reading attribute: Cluster=0x0000_0003 Endpoint=0x4 AttributeId=0x0000_FFFD (expanded=1)
09:50:21.468  uart:~$ uart:~$ [00:01:28.429,000] <dbg> chip.LogV: [DMG]<RE:Run> Cluster 3, Attribute fff8 is dirty
09:50:21.489  uart:~$ uart:~$ [00:01:28.430,000] <dbg> chip.LogV: [DMG]<RE:Run> Cluster 3, Attribute fff9 is dirty
09:50:21.509  uart:~$ uart:~$ [00:01:28.432,000] <dbg> chip.LogV: [DMG]<RE:Run> Cluster 3, Attribute fffb is dirty
09:50:21.529  uart:~$ uart:~$ [00:01:28.434,000] <dbg> chip.LogV: [DMG]<RE:Run> Cluster 6, Attribute 0 is dirty
09:50:21.559  uart:~$ uart:~$ [00:01:28.435,000] <dbg> chip.LogV: [DMG]Reading attribute: Cluster=0x0000_0006 Endpoint=0x4 AttributeId=0x0000_0000 (expanded=1)
09:50:21.579  uart:~$ uart:~$ [00:01:28.436,000] <dbg> chip.LogV: [DMG]<RE:Run> Cluster 6, Attribute 4000 is dirty
09:50:21.609  uart:~$ uart:~$ [00:01:28.437,000] <dbg> chip.LogV: [DMG]Reading attribute: Cluster=0x0000_0006 Endpoint=0x4 AttributeId=0x0000_4000 (expanded=1)
09:50:21.629  uart:~$ uart:~$ [00:01:28.438,000] <dbg> chip.LogV: [DMG]<RE:Run> Cluster 6, Attribute 4001 is dirty
09:50:21.659  uart:~$ uart:~$ [00:01:28.440,000] <dbg> chip.LogV: [DMG]Reading attribute: Cluster=0x0000_0006 Endpoint=0x4 AttributeId=0x0000_4001 (expanded=1)
09:50:21.679  uart:~$ uart:~$ [00:01:28.440,000] <dbg> chip.LogV: [DMG]<RE:Run> Cluster 6, Attribute 4002 is dirty
09:50:21.722  uart:~$ uart:~$ [00:01:28.668,000] <dbg> chip.LogV: [DMG]Reading attribute: Cluster=0x0000_0006 Endpoint=0x4 AttributeId=0x0000_4002 (expanded=1)
09:50:21.742  uart:~$ uart:~$ [00:01:28.669,000] <dbg> chip.LogV: [DMG]<RE:Run> Cluster 6, Attribute 4003 is dirty
09:50:21.762  uart:~$ uart:~$ [00:01:28.670,000] <dbg> chip.LogV: [DMG]Reading attribute: Cluster=0x0000_0006 Endpoint=0x4 AttributeId=0x0000_4003 (expanded=1)
09:50:21.782  uart:~$ uart:~$ [00:01:28.671,000] <dbg> chip.LogV: [DMG]<RE:Run> Cluster 6, Attribute fffc is dirty
09:50:21.812  uart:~$ uart:~$ [00:01:28.672,000] <dbg> chip.LogV: [DMG]Reading attribute: Cluster=0x0000_0006 Endpoint=0x4 AttributeId=0x0000_FFFC (expanded=1)
09:50:21.832  uart:~$ uart:~$ [00:01:28.673,000] <dbg> chip.LogV: [DMG]<RE:Run> Cluster 6, Attribute fffd is dirty
09:50:21.862  uart:~$ uart:~$ [00:01:28.675,000] <dbg> chip.LogV: [DMG]Reading attribute: Cluster=0x0000_0006 Endpoint=0x4 AttributeId=0x0000_FFFD (expanded=1)
09:50:21.883  uart:~$ uart:~$ [00:01:28.675,000] <dbg> chip.LogV: [DMG]<RE:Run> Cluster 6, Attribute fff8 is dirty
09:50:21.903  uart:~$ uart:~$ [00:01:28.677,000] <dbg> chip.LogV: [DMG]<RE:Run> Cluster 6, Attribute fff9 is dirty
09:50:21.923  uart:~$ uart:~$ [00:01:28.679,000] <dbg> chip.LogV: [DMG]<RE:Run> Cluster 6, Attribute fffb is dirty
09:50:21.956  uart:~$ uart:~$ [00:01:28.915,000] <dbg> chip.LogV: [DMG]<RE:Run> Cluster 3b, Attribute 0 is dirty
09:50:21.986  uart:~$ uart:~$ [00:01:28.916,000] <dbg> chip.LogV: [DMG]Reading attribute: Cluster=0x0000_003B Endpoint=0x5 AttributeId=0x0000_0000 (expanded=1)
09:50:22.006  uart:~$ uart:~$ [00:01:28.917,000] <dbg> chip.LogV: [DMG]<RE:Run> Cluster 3b, Attribute 1 is dirty
09:50:22.026  uart:~$ uart:~$ [00:01:28.918,000] <dbg> chip.LogV: [DMG]Reading attribute: Cluster=0x0000_003B Endpoint=0x5 AttributeId=0x0000_0001 (expanded=1)
09:50:22.046  uart:~$ uart:~$ [00:01:28.918,000] <dbg> chip.LogV: [DMG]<RE:Run> Cluster 3b, Attribute fffc is dirty
09:50:22.076  uart:~$ uart:~$ [00:01:28.920,000] <dbg> chip.LogV: [DMG]Reading attribute: Cluster=0x0000_003B Endpoint=0x5 AttributeId=0x0000_FFFC (expanded=1)
09:50:22.096  uart:~$ uart:~$ [00:01:28.920,000] <dbg> chip.LogV: [DMG]<RE:Run> Cluster 3b, Attribute fffd is dirty
09:50:22.127  uart:~$ uart:~$ [00:01:28.921,000] <dbg> chip.LogV: [DMG]Reading attribute: Cluster=0x0000_003B Endpoint=0x5 AttributeId=0x0000_FFFD (expanded=1)
09:50:22.147  uart:~$ uart:~$ [00:01:28.922,000] <dbg> chip.LogV: [DMG]<RE:Run> Cluster 3b, Attribute fff8 is dirty
09:50:22.167  uart:~$ uart:~$ [00:01:28.923,000] <dbg> chip.LogV: [DMG]<RE:Run> Cluster 3b, Attribute fff9 is dirty
09:50:22.200  uart:~$ uart:~$ [00:01:29.158,000] <dbg> chip.LogV: [DMG]<RE:Run> Cluster 3b, Attribute fffb is dirty
09:50:22.221  uart:~$ uart:~$ [00:01:29.160,000] <dbg> chip.LogV: [DMG]<RE:Run> Cluster 1d, Attribute 0 is dirty
09:50:22.251  uart:~$ uart:~$ [00:01:29.161,000] <dbg> chip.LogV: [DMG]Reading attribute: Cluster=0x0000_001D Endpoint=0x5 AttributeId=0x0000_0000 (expanded=1)
09:50:22.271  uart:~$ uart:~$ [00:01:29.161,000] <dbg> chip.LogV: [DMG]<RE:Run> Cluster 1d, Attribute 1 is dirty
09:50:22.291  uart:~$ uart:~$ [00:01:29.163,000] <dbg> chip.LogV: [DMG]Reading attribute: Cluster=0x0000_001D Endpoint=0x5 AttributeId=0x0000_0001 (expanded=1)
09:50:22.311  uart:~$ uart:~$ [00:01:29.164,000] <dbg> chip.LogV: [DMG]<RE:Run> Cluster 1d, Attribute 2 is dirty
09:50:22.341  uart:~$ uart:~$ [00:01:29.165,000] <dbg> chip.LogV: [DMG]Reading attribute: Cluster=0x0000_001D Endpoint=0x5 AttributeId=0x0000_0002 (expanded=1)
09:50:22.361  uart:~$ uart:~$ [00:01:29.166,000] <dbg> chip.LogV: [DMG]<RE:Run> Cluster 1d, Attribute 3 is dirty
09:50:22.392  uart:~$ uart:~$ [00:01:29.167,000] <dbg> chip.LogV: [DMG]Reading attribute: Cluster=0x0000_001D Endpoint=0x5 AttributeId=0x0000_0003 (expanded=1)
09:50:22.412  uart:~$ uart:~$ [00:01:29.168,000] <dbg> chip.LogV: [DMG]<RE:Run> Cluster 1d, Attribute fffc is dirty
09:50:22.454  uart:~$ uart:~$ [00:01:29.401,000] <dbg> chip.LogV: [DMG]Reading attribute: Cluster=0x0000_001D Endpoint=0x5 AttributeId=0x0000_FFFC (expanded=1)
09:50:22.474  uart:~$ uart:~$ [00:01:29.402,000] <dbg> chip.LogV: [DMG]<RE:Run> Cluster 1d, Attribute fffd is dirty
09:50:22.494  uart:~$ uart:~$ [00:01:29.403,000] <dbg> chip.LogV: [DMG]Reading attribute: Cluster=0x0000_001D Endpoint=0x5 AttributeId=0x0000_FFFD (expanded=1)
09:50:22.514  uart:~$ uart:~$ [00:01:29.404,000] <dbg> chip.LogV: [DMG]<RE:Run> Cluster 1d, Attribute fff8 is dirty
09:50:22.534  uart:~$ uart:~$ [00:01:29.405,000] <dbg> chip.LogV: [DMG]<RE:Run> Cluster 1d, Attribute fff9 is dirty
09:50:22.554  uart:~$ uart:~$ [00:01:29.407,000] <dbg> chip.LogV: [DMG]<RE:Run> Cluster 1d, Attribute fffb is dirty
09:50:22.574  uart:~$ uart:~$ [00:01:29.408,000] <dbg> chip.LogV: [DMG]<RE:Run> Cluster 3, Attribute 0 is dirty
09:50:22.605  uart:~$ uart:~$ [00:01:29.410,000] <dbg> chip.LogV: [DMG]Reading attribute: Cluster=0x0000_0003 Endpoint=0x5 AttributeId=0x0000_0000 (expanded=1)
09:50:22.625  uart:~$ uart:~$ [00:01:29.410,000] <dbg> chip.LogV: [DMG]<RE:Run> Cluster 3, Attribute 1 is dirty
09:50:22.655  uart:~$ uart:~$ [00:01:29.411,000] <dbg> chip.LogV: [DMG]Reading attribute: Cluster=0x0000_0003 Endpoint=0x5 AttributeId=0x0000_0001 (expanded=1)
09:50:22.685  uart:~$ uart:~$ [00:01:29.645,000] <dbg> chip.LogV: [DMG]<RE:Run> Cluster 3, Attribute fffc is dirty
09:50:22.705  uart:~$ uart:~$ [00:01:29.646,000] <dbg> chip.LogV: [DMG]Reading attribute: Cluster=0x0000_0003 Endpoint=0x5 AttributeId=0x0000_FFFC (expanded=1)
09:50:22.735  uart:~$ uart:~$ [00:01:29.647,000] <dbg> chip.LogV: [DMG]<RE:Run> Cluster 3, Attribute fffd is dirty
09:50:22.755  uart:~$ uart:~$ [00:01:29.648,000] <dbg> chip.LogV: [DMG]Reading attribute: Cluster=0x0000_0003 Endpoint=0x5 AttributeId=0x0000_FFFD (expanded=1)
09:50:22.776  uart:~$ uart:~$ [00:01:29.648,000] <dbg> chip.LogV: [DMG]<RE:Run> Cluster 3, Attribute fff8 is dirty
09:50:22.796  uart:~$ uart:~$ [00:01:29.650,000] <dbg> chip.LogV: [DMG]<RE:Run> Cluster 3, Attribute fff9 is dirty
09:50:22.826  uart:~$ uart:~$ [00:01:29.651,000] <dbg> chip.LogV: [DMG]Next attribute value does not fit in packet, roll back on clusterId: 0x0000_0003, attributeId: 0x0000_FFF9, err = b
09:50:22.856  uart:~$ uart:~$ [00:01:29.651,000] <dbg> chip.LogV: [DMG]<RE:Run> We cannot put more chunks into this report. Enable chunking.
09:50:22.876  uart:~$ uart:~$ [00:01:29.652,000] <dbg> chip.LogV: [DMG]<RE:Run> first cluster event is too big so that it fails to fit in the packet!
09:50:22.896  uart:~$ uart:~$ [00:01:29.652,000] <dbg> chip.LogV: [DMG]Fetched 0 events
09:50:22.964  uart:~$ uart:~$ [00:01:29.887,000] <dbg> chip.LogV: [DMG]<RE> Sending report (payload has 1149 bytes)...
09:50:23.004  uart:~$ uart:~$ [00:01:29.891,000] <inf> chip: [EM]<<< [E:37525r S:31644 M:228593602 (Ack:223098069)] (S) Msg TX from 00000000DCF2A6E2 to 1:0000000033CFE2F6 [4145] [UDP:[fe80::1c59:aaca:1932:e904%ETH_W5500]:51433] --- Type 0001:05 (IM:ReportData) (B:1183)
09:50:23.034  uart:~$ uart:~$ [00:01:29.921,000] <inf> chip: [EM]??1 [E:37525r S:31644 M:228593602] (S) Msg Retransmission to 1:0000000033CFE2F6 scheduled for 340ms from now [State:Active II:500 AI:300 AT:4000]
09:50:23.054  uart:~$ uart:~$ [00:01:29.921,000] <dbg> chip.LogV: [DMG]IM RH moving to [AwaitingReportResponse]
09:50:23.084  uart:~$ uart:~$ [00:01:29.921,000] <dbg> chip.LogV: [DMG]<RE> ReportsInFlight = 1 with readHandler 0, RE has more messages
09:50:23.104  uart:~$ uart:~$ [00:01:29.922,000] <dbg> chip.LogV: [IN]Received a duplicate message with MessageCounter:223098069 on exchange 37525r
09:50:23.145  uart:~$ uart:~$ [00:01:29.923,000] <inf> chip: [EM]>>> [E:37525r S:31644 M:223098069 (Ack:228593597)] (S) Msg RX from 1:0000000033CFE2F6 [4145] to 00000000DCF2A6E2 --- Type 0001:01 (IM:StatusResponse) (B:42)
09:50:23.165  uart:~$ uart:~$ [00:01:29.923,000] <dbg> chip.LogV: [EM]Found matching exchange: 37525r, Delegate: 0x200161e8
09:50:23.195  uart:~$ uart:~$ [00:01:29.923,000] <dbg> chip.LogV: [EM]Forcing tx of solitary ack for duplicate MessageCounter:223098069 on exchange 37525r
09:50:23.235  uart:~$ uart:~$ [00:01:29.925,000] <inf> chip: [EM]<<< [E:37525r S:31644 M:228593603 (Ack:223098069)] (S) Msg TX from 00000000DCF2A6E2 to 1:0000000033CFE2F6 [4145] [UDP:[fe80::1c59:aaca:1932:e904%ETH_W5500]:51433] --- Type 0000:10 (SecureChannel:StandaloneAck) (B:34)
09:50:23.298  uart:~$ uart:~$ [00:01:30.235,000] <inf> chip: [EM]>>> [E:37525r S:31644 M:223098070 (Ack:228593597)] (S) Msg RX from 1:0000000033CFE2F6 [4145] to 00000000DCF2A6E2 --- Type 0000:10 (SecureChannel:StandaloneAck) (B:34)
09:50:23.318  uart:~$ uart:~$ [00:01:30.236,000] <dbg> chip.LogV: [EM]Found matching exchange: 37525r, Delegate: 0x200161e8
09:50:23.348  uart:~$ uart:~$ [00:01:30.236,000] <dbg> chip.LogV: [EM]CHIP MessageCounter:228593597 not in RetransTable on exchange 37525r
09:50:23.368  uart:~$ uart:~$ [00:01:30.238,000] <dbg> chip.LogV: [IN]Received a duplicate message with MessageCounter:223098069 on exchange 37525r
09:50:23.408  uart:~$ uart:~$ [00:01:30.238,000] <inf> chip: [EM]>>> [E:37525r S:31644 M:223098069 (Ack:228593597)] (S) Msg RX from 1:0000000033CFE2F6 [4145] to 00000000DCF2A6E2 --- Type 0001:01 (IM:StatusResponse) (B:42)
09:50:23.428  uart:~$ uart:~$ [00:01:30.238,000] <dbg> chip.LogV: [EM]Found matching exchange: 37525r, Delegate: 0x200161e8
09:50:23.458  uart:~$ uart:~$ [00:01:30.238,000] <dbg> chip.LogV: [EM]Forcing tx of solitary ack for duplicate MessageCounter:223098069 on exchange 37525r
09:50:23.498  uart:~$ uart:~$ [00:01:30.240,000] <inf> chip: [EM]<<< [E:37525r S:31644 M:228593604 (Ack:223098069)] (S) Msg TX from 00000000DCF2A6E2 to 1:0000000033CFE2F6 [4145] [UDP:[fe80::1c59:aaca:1932:e904%ETH_W5500]:51433] --- Type 0000:10 (SecureChannel:StandaloneAck) (B:34)
09:50:23.539  uart:~$ uart:~$ [00:01:30.249,000] <inf> chip: [EM]>>> [E:37525r S:31644 M:223098071 (Ack:228593602)] (S) Msg RX from 1:0000000033CFE2F6 [4145] to 00000000DCF2A6E2 --- Type 0001:01 (IM:StatusResponse) (B:42)
09:50:23.559  uart:~$ uart:~$ [00:01:30.249,000] <dbg> chip.LogV: [EM]Found matching exchange: 37525r, Delegate: 0x200161e8
09:50:23.590  uart:~$ uart:~$ [00:01:30.549,000] <dbg> chip.LogV: [EM]Rxd Ack; Removing MessageCounter:228593602 from Retrans Table on exchange 37525r
09:50:23.610  uart:~$ uart:~$ [00:01:30.550,000] <inf> chip: [IM]Received status response, status is 0x00
09:50:23.630  uart:~$ uart:~$ [00:01:30.550,000] <dbg> chip.LogV: [DMG]<RE> OnReportConfirm: NumReports = 0
09:50:23.650  uart:~$ uart:~$ [00:01:30.550,000] <dbg> chip.LogV: [DMG]IM RH moving to [CanStartReporting]
09:50:23.691  uart:~$ uart:~$ [00:01:30.551,000] <dbg> chip.LogV: [DMG]Building Reports for ReadHandler with LastReportGeneration = 0x00000000 DirtyGeneration = 0x00000000
09:50:23.711  uart:~$ uart:~$ [00:01:30.552,000] <dbg> chip.LogV: [DMG]<RE:Run> Cluster 3, Attribute fff9 is dirty
09:50:23.731  uart:~$ uart:~$ [00:01:30.553,000] <dbg> chip.LogV: [DMG]<RE:Run> Cluster 3, Attribute fffb is dirty
09:50:23.751  uart:~$ uart:~$ [00:01:30.556,000] <dbg> chip.LogV: [DMG]<RE:Run> Cluster 3b, Attribute 0 is dirty
09:50:23.792  uart:~$ uart:~$ [00:01:30.557,000] <dbg> chip.LogV: [DMG]Reading attribute: Cluster=0x0000_003B Endpoint=0x6 AttributeId=0x0000_0000 (expanded=1)
09:50:23.813  uart:~$ uart:~$ [00:01:30.558,000] <dbg> chip.LogV: [DMG]<RE:Run> Cluster 3b, Attribute 1 is dirty
09:50:23.843  uart:~$ uart:~$ [00:01:30.799,000] <dbg> chip.LogV: [DMG]Reading attribute: Cluster=0x0000_003B Endpoint=0x6 AttributeId=0x0000_0001 (expanded=1)
09:50:23.863  uart:~$ uart:~$ [00:01:30.800,000] <dbg> chip.LogV: [DMG]<RE:Run> Cluster 3b, Attribute fffc is dirty
09:50:23.893  uart:~$ uart:~$ [00:01:30.801,000] <dbg> chip.LogV: [DMG]Reading attribute: Cluster=0x0000_003B Endpoint=0x6 AttributeId=0x0000_FFFC (expanded=1)
09:50:23.913  uart:~$ uart:~$ [00:01:30.802,000] <dbg> chip.LogV: [DMG]<RE:Run> Cluster 3b, Attribute fffd is dirty
09:50:23.943  uart:~$ uart:~$ [00:01:30.803,000] <dbg> chip.LogV: [DMG]Reading attribute: Cluster=0x0000_003B Endpoint=0x6 AttributeId=0x0000_FFFD (expanded=1)
09:50:23.963  uart:~$ uart:~$ [00:01:30.803,000] <dbg> chip.LogV: [DMG]<RE:Run> Cluster 3b, Attribute fff8 is dirty
09:50:23.984  uart:~$ uart:~$ [00:01:30.805,000] <dbg> chip.LogV: [DMG]<RE:Run> Cluster 3b, Attribute fff9 is dirty
09:50:24.014  uart:~$ uart:~$ [00:01:30.806,000] <dbg> chip.LogV: [DMG]<RE:Run> Cluster 3b, Attribute fffb is dirty
09:50:24.034  uart:~$ uart:~$ [00:01:30.808,000] <dbg> chip.LogV: [DMG]<RE:Run> Cluster 1d, Attribute 0 is dirty
09:50:24.065  uart:~$ uart:~$ [00:01:30.809,000] <dbg> chip.LogV: [DMG]Reading attribute: Cluster=0x0000_001D Endpoint=0x6 AttributeId=0x0000_0000 (expanded=1)
09:50:24.095  uart:~$ uart:~$ [00:01:31.051,000] <dbg> chip.LogV: [DMG]<RE:Run> Cluster 1d, Attribute 1 is dirty
09:50:24.115  uart:~$ uart:~$ [00:01:31.052,000] <dbg> chip.LogV: [DMG]Reading attribute: Cluster=0x0000_001D Endpoint=0x6 AttributeId=0x0000_0001 (expanded=1)
09:50:24.135  uart:~$ uart:~$ [00:01:31.053,000] <dbg> chip.LogV: [DMG]<RE:Run> Cluster 1d, Attribute 2 is dirty
09:50:24.165  uart:~$ uart:~$ [00:01:31.054,000] <dbg> chip.LogV: [DMG]Reading attribute: Cluster=0x0000_001D Endpoint=0x6 AttributeId=0x0000_0002 (expanded=1)
09:50:24.186  uart:~$ uart:~$ [00:01:31.055,000] <dbg> chip.LogV: [DMG]<RE:Run> Cluster 1d, Attribute 3 is dirty
09:50:24.216  uart:~$ uart:~$ [00:01:31.056,000] <dbg> chip.LogV: [DMG]Reading attribute: Cluster=0x0000_001D Endpoint=0x6 AttributeId=0x0000_0003 (expanded=1)
09:50:24.236  uart:~$ uart:~$ [00:01:31.057,000] <dbg> chip.LogV: [DMG]<RE:Run> Cluster 1d, Attribute fffc is dirty
09:50:24.266  uart:~$ uart:~$ [00:01:31.058,000] <dbg> chip.LogV: [DMG]Reading attribute: Cluster=0x0000_001D Endpoint=0x6 AttributeId=0x0000_FFFC (expanded=1)
09:50:24.287  uart:~$ uart:~$ [00:01:31.059,000] <dbg> chip.LogV: [DMG]<RE:Run> Cluster 1d, Attribute fffd is dirty
09:50:24.318  uart:~$ uart:~$ [00:01:31.060,000] <dbg> chip.LogV: [DMG]Reading attribute: Cluster=0x0000_001D Endpoint=0x6 AttributeId=0x0000_FFFD (expanded=1)
09:50:24.348  uart:~$ uart:~$ [00:01:31.303,000] <dbg> chip.LogV: [DMG]<RE:Run> Cluster 1d, Attribute fff8 is dirty
09:50:24.368  uart:~$ uart:~$ [00:01:31.304,000] <dbg> chip.LogV: [DMG]<RE:Run> Cluster 1d, Attribute fff9 is dirty
09:50:24.388  uart:~$ uart:~$ [00:01:31.306,000] <dbg> chip.LogV: [DMG]<RE:Run> Cluster 1d, Attribute fffb is dirty
09:50:24.408  uart:~$ uart:~$ [00:01:31.308,000] <dbg> chip.LogV: [DMG]<RE:Run> Cluster 3, Attribute 0 is dirty
09:50:24.428  uart:~$ uart:~$ [00:01:31.309,000] <dbg> chip.LogV: [DMG]Reading attribute: Cluster=0x0000_0003 Endpoint=0x6 AttributeId=0x0000_0000 (expanded=1)
09:50:24.448  uart:~$ uart:~$ [00:01:31.309,000] <dbg> chip.LogV: [DMG]<RE:Run> Cluster 3, Attribute 1 is dirty
09:50:24.478  uart:~$ uart:~$ [00:01:31.310,000] <dbg> chip.LogV: [DMG]Reading attribute: Cluster=0x0000_0003 Endpoint=0x6 AttributeId=0x0000_0001 (expanded=1)
09:50:24.498  uart:~$ uart:~$ [00:01:31.311,000] <dbg> chip.LogV: [DMG]<RE:Run> Cluster 3, Attribute fffc is dirty
09:50:24.529  uart:~$ uart:~$ [00:01:31.312,000] <dbg> chip.LogV: [DMG]Reading attribute: Cluster=0x0000_0003 Endpoint=0x6 AttributeId=0x0000_FFFC (expanded=1)
09:50:24.549  uart:~$ uart:~$ [00:01:31.313,000] <dbg> chip.LogV: [DMG]<RE:Run> Cluster 3, Attribute fffd is dirty
09:50:24.591  uart:~$ uart:~$ [00:01:31.540,000] <dbg> chip.LogV: [DMG]Reading attribute: Cluster=0x0000_0003 Endpoint=0x6 AttributeId=0x0000_FFFD (expanded=1)
09:50:24.611  uart:~$ uart:~$ [00:01:31.541,000] <dbg> chip.LogV: [DMG]<RE:Run> Cluster 3, Attribute fff8 is dirty
09:50:24.631  uart:~$ uart:~$ [00:01:31.542,000] <dbg> chip.LogV: [DMG]<RE:Run> Cluster 3, Attribute fff9 is dirty
09:50:24.651  uart:~$ uart:~$ [00:01:31.543,000] <dbg> chip.LogV: [DMG]<RE:Run> Cluster 3, Attribute fffb is dirty
09:50:24.672  uart:~$ uart:~$ [00:01:31.546,000] <dbg> chip.LogV: [DMG]<RE:Run> Cluster 3b, Attribute 0 is dirty
09:50:24.702  uart:~$ uart:~$ [00:01:31.547,000] <dbg> chip.LogV: [DMG]Reading attribute: Cluster=0x0000_003B Endpoint=0x7 AttributeId=0x0000_0000 (expanded=1)
09:50:24.732  uart:~$ uart:~$ [00:01:31.547,000] <dbg> chip.LogV: [DMG]<RE:Run> Cluster 3b, Attribute 1 is dirty
09:50:24.752  uart:~$ uart:~$ [00:01:31.549,000] <dbg> chip.LogV: [DMG]Reading attribute: Cluster=0x0000_003B Endpoint=0x7 AttributeId=0x0000_0001 (expanded=1)
09:50:24.772  uart:~$ uart:~$ [00:01:31.549,000] <dbg> chip.LogV: [DMG]<RE:Run> Cluster 3b, Attribute fffc is dirty
09:50:24.802  uart:~$ uart:~$ [00:01:31.550,000] <dbg> chip.LogV: [DMG]Reading attribute: Cluster=0x0000_003B Endpoint=0x7 AttributeId=0x0000_FFFC (expanded=1)
09:50:24.835  uart:~$ uart:~$ [00:01:31.793,000] <dbg> chip.LogV: [DMG]<RE:Run> Cluster 3b, Attribute fffd is dirty
09:50:24.865  uart:~$ uart:~$ [00:01:31.794,000] <dbg> chip.LogV: [DMG]Reading attribute: Cluster=0x0000_003B Endpoint=0x7 AttributeId=0x0000_FFFD (expanded=1)
09:50:24.885  uart:~$ uart:~$ [00:01:31.795,000] <dbg> chip.LogV: [DMG]<RE:Run> Cluster 3b, Attribute fff8 is dirty
09:50:24.905  uart:~$ uart:~$ [00:01:31.796,000] <dbg> chip.LogV: [DMG]<RE:Run> Cluster 3b, Attribute fff9 is dirty
09:50:24.926  uart:~$ uart:~$ [00:01:31.797,000] <dbg> chip.LogV: [DMG]<RE:Run> Cluster 3b, Attribute fffb is dirty
09:50:24.946  uart:~$ uart:~$ [00:01:31.799,000] <dbg> chip.LogV: [DMG]<RE:Run> Cluster 1d, Attribute 0 is dirty
09:50:24.976  uart:~$ uart:~$ [00:01:31.800,000] <dbg> chip.LogV: [DMG]Reading attribute: Cluster=0x0000_001D Endpoint=0x7 AttributeId=0x0000_0000 (expanded=1)
09:50:24.996  uart:~$ uart:~$ [00:01:31.801,000] <dbg> chip.LogV: [DMG]<RE:Run> Cluster 1d, Attribute 1 is dirty
09:50:25.016  uart:~$ uart:~$ [00:01:31.802,000] <dbg> chip.LogV: [DMG]Reading attribute: Cluster=0x0000_001D Endpoint=0x7 AttributeId=0x0000_0001 (expanded=1)
09:50:25.036  uart:~$ uart:~$ [00:01:31.803,000] <dbg> chip.LogV: [DMG]<RE:Run> Cluster 1d, Attribute 2 is dirty
09:50:25.078  uart:~$ uart:~$ [00:01:32.031,000] <dbg> chip.LogV: [DMG]Reading attribute: Cluster=0x0000_001D Endpoint=0x7 AttributeId=0x0000_0002 (expanded=1)
09:50:25.099  uart:~$ uart:~$ [00:01:32.032,000] <dbg> chip.LogV: [DMG]<RE:Run> Cluster 1d, Attribute 3 is dirty
09:50:25.129  uart:~$ uart:~$ [00:01:32.033,000] <dbg> chip.LogV: [DMG]Reading attribute: Cluster=0x0000_001D Endpoint=0x7 AttributeId=0x0000_0003 (expanded=1)
09:50:25.149  uart:~$ uart:~$ [00:01:32.034,000] <dbg> chip.LogV: [DMG]<RE:Run> Cluster 1d, Attribute fffc is dirty
09:50:25.179  uart:~$ uart:~$ [00:01:32.035,000] <dbg> chip.LogV: [DMG]Reading attribute: Cluster=0x0000_001D Endpoint=0x7 AttributeId=0x0000_FFFC (expanded=1)
09:50:25.199  uart:~$ uart:~$ [00:01:32.036,000] <dbg> chip.LogV: [DMG]<RE:Run> Cluster 1d, Attribute fffd is dirty
09:50:25.220  uart:~$ uart:~$ [00:01:32.037,000] <dbg> chip.LogV: [DMG]Reading attribute: Cluster=0x0000_001D Endpoint=0x7 AttributeId=0x0000_FFFD (expanded=1)
09:50:25.240  uart:~$ uart:~$ [00:01:32.038,000] <dbg> chip.LogV: [DMG]<RE:Run> Cluster 1d, Attribute fff8 is dirty
09:50:25.280  uart:~$ uart:~$ [00:01:32.039,000] <dbg> chip.LogV: [DMG]Next attribute value does not fit in packet, roll back on clusterId: 0x0000_001D, attributeId: 0x0000_FFF8, err = b
09:50:25.300  uart:~$ uart:~$ [00:01:32.039,000] <dbg> chip.LogV: [DMG]<RE:Run> We cannot put more chunks into this report. Enable chunking.
09:50:25.367  uart:~$ uart:~$ [00:01:32.291,000] <dbg> chip.LogV: [DMG]<RE:Run> first cluster event is too big so that it fails to fit in the packet!
09:50:25.377  uart:~$ uart:~$ [00:01:32.291,000] <dbg> chip.LogV: [DMG]Fetched 0 events
09:50:25.397  uart:~$ uart:~$ [00:01:32.292,000] <dbg> chip.LogV: [DMG]<RE> Sending report (payload has 1163 bytes)...
09:50:25.447  uart:~$ uart:~$ [00:01:32.295,000] <inf> chip: [EM]<<< [E:37525r S:31644 M:228593605 (Ack:223098071)] (S) Msg TX from 00000000DCF2A6E2 to 1:0000000033CFE2F6 [4145] [UDP:[fe80::1c59:aaca:1932:e904%ETH_W5500]:51433] --- Type 0001:05 (IM:ReportData) (B:1197)
09:50:25.477  uart:~$ uart:~$ [00:01:32.325,000] <inf> chip: [EM]??1 [E:37525r S:31644 M:228593605] (S) Msg Retransmission to 1:0000000033CFE2F6 scheduled for 396ms from now [State:Active II:500 AI:300 AT:4000]
09:50:25.497  uart:~$ uart:~$ [00:01:32.325,000] <dbg> chip.LogV: [DMG]IM RH moving to [AwaitingReportResponse]
09:50:25.528  uart:~$ uart:~$ [00:01:32.325,000] <dbg> chip.LogV: [DMG]<RE> ReportsInFlight = 1 with readHandler 0, RE has more messages
09:50:25.548  uart:~$ uart:~$ [00:01:32.327,000] <dbg> chip.LogV: [IN]Received a duplicate message with MessageCounter:223098071 on exchange 37525r
09:50:25.588  uart:~$ uart:~$ [00:01:32.327,000] <inf> chip: [EM]>>> [E:37525r S:31644 M:223098071 (Ack:228593602)] (S) Msg RX from 1:0000000033CFE2F6 [4145] to 00000000DCF2A6E2 --- Type 0001:01 (IM:StatusResponse) (B:42)
09:50:25.608  uart:~$ uart:~$ [00:01:32.327,000] <dbg> chip.LogV: [EM]Found matching exchange: 37525r, Delegate: 0x200161e8
09:50:25.651  uart:~$ uart:~$ [00:01:32.597,000] <dbg> chip.LogV: [EM]Forcing tx of solitary ack for duplicate MessageCounter:223098071 on exchange 37525r
09:50:25.701  uart:~$ uart:~$ [00:01:32.598,000] <inf> chip: [EM]<<< [E:37525r S:31644 M:228593606 (Ack:223098071)] (S) Msg TX from 00000000DCF2A6E2 to 1:0000000033CFE2F6 [4145] [UDP:[fe80::1c59:aaca:1932:e904%ETH_W5500]:51433] --- Type 0000:10 (SecureChannel:StandaloneAck) (B:34)
09:50:25.721  uart:~$ uart:~$ [00:01:32.606,000] <dbg> chip.LogV: [IN]Received a duplicate message with MessageCounter:223098071 on exchange 37525r
09:50:25.762  uart:~$ uart:~$ [00:01:32.607,000] <inf> chip: [EM]>>> [E:37525r S:31644 M:223098071 (Ack:228593602)] (S) Msg RX from 1:0000000033CFE2F6 [4145] to 00000000DCF2A6E2 --- Type 0001:01 (IM:StatusResponse) (B:42)
09:50:25.782  uart:~$ uart:~$ [00:01:32.607,000] <dbg> chip.LogV: [EM]Found matching exchange: 37525r, Delegate: 0x200161e8
09:50:25.812  uart:~$ uart:~$ [00:01:32.607,000] <dbg> chip.LogV: [EM]Forcing tx of solitary ack for duplicate MessageCounter:223098071 on exchange 37525r
09:50:25.862  uart:~$ uart:~$ [00:01:32.609,000] <inf> chip: [EM]<<< [E:37525r S:31644 M:228593607 (Ack:223098071)] (S) Msg TX from 00000000DCF2A6E2 to 1:0000000033CFE2F6 [4145] [UDP:[fe80::1c59:aaca:1932:e904%ETH_W5500]:51433] --- Type 0000:10 (SecureChannel:StandaloneAck) (B:34)
09:50:25.882  uart:~$ uart:~$ [00:01:32.618,000] <dbg> chip.LogV: [IN]Received a duplicate message with MessageCounter:223098071 on exchange 37525r
09:50:25.922  uart:~$ uart:~$ [00:01:32.618,000] <inf> chip: [EM]>>> [E:37525r S:31644 M:223098071 (Ack:228593602)] (S) Msg RX from 1:0000000033CFE2F6 [4145] to 00000000DCF2A6E2 --- Type 0001:01 (IM:StatusResponse) (B:42)
09:50:25.943  uart:~$ uart:~$ [00:01:32.619,000] <dbg> chip.LogV: [EM]Found matching exchange: 37525r, Delegate: 0x200161e8
09:50:26.023  uart:~$ uart:~$ [00:01:32.932,000] <dbg> chip.LogV: [EM]Forcing tx of solitary ack for duplicate MessageCounter:223098071 on exchange 37525r
09:50:26.073  uart:~$ uart:~$ [00:01:32.933,000] <inf> chip: [EM]<<< [E:37525r S:31644 M:228593608 (Ack:223098071)] (S) Msg TX from 00000000DCF2A6E2 to 1:0000000033CFE2F6 [4145] [UDP:[fe80::1c59:aaca:1932:e904%ETH_W5500]:51433] --- Type 0000:10 (SecureChannel:StandaloneAck) (B:34)
09:50:26.094  uart:~$ uart:~$ [00:01:32.942,000] <inf> chip: [EM]<<1 [E:37525r S:31644 M:228593605] (S) Msg Retransmission to 1:0000000033CFE2F6
09:50:26.134  uart:~$ uart:~$ [00:01:32.972,000] <inf> chip: [EM]??2 [E:37525r S:31644 M:228593605] (S) Msg Retransmission to 1:0000000033CFE2F6 scheduled for 381ms from now [State:Active II:500 AI:300 AT:4000]
09:50:26.154  uart:~$ uart:~$ [00:01:32.973,000] <dbg> chip.LogV: [IN]Received a duplicate message with MessageCounter:223098071 on exchange 37525r
09:50:26.195  uart:~$ uart:~$ [00:01:32.974,000] <inf> chip: [EM]>>> [E:37525r S:31644 M:223098071 (Ack:228593602)] (S) Msg RX from 1:0000000033CFE2F6 [4145] to 00000000DCF2A6E2 --- Type 0001:01 (IM:StatusResponse) (B:42)
09:50:26.215  uart:~$ uart:~$ [00:01:32.974,000] <dbg> chip.LogV: [EM]Found matching exchange: 37525r, Delegate: 0x200161e8
09:50:26.245  uart:~$ uart:~$ [00:01:32.974,000] <dbg> chip.LogV: [EM]Forcing tx of solitary ack for duplicate MessageCounter:223098071 on exchange 37525r
09:50:26.285  uart:~$ uart:~$ [00:01:32.975,000] <inf> chip: [EM]<<< [E:37525r S:31644 M:228593609 (Ack:223098071)] (S) Msg TX from 00000000DCF2A6E2 to 1:0000000033CFE2F6 [4145] [UDP:[fe80::1c59:aaca:1932:e904%ETH_W5500]:51433] --- Type 0000:10 (SecureChannel:StandaloneAck) (B:34)
09:50:26.326  uart:~$ uart:~$ [00:01:32.984,000] <inf> chip: [EM]>>> [E:37525r S:31644 M:223098072 (Ack:228593605)] (S) Msg RX from 1:0000000033CFE2F6 [4145] to 00000000DCF2A6E2 --- Type 0001:01 (IM:StatusResponse) (B:42)
09:50:26.357  uart:~$ uart:~$ [00:01:33.313,000] <dbg> chip.LogV: [EM]Found matching exchange: 37525r, Delegate: 0x200161e8
09:50:26.377  uart:~$ uart:~$ [00:01:33.313,000] <dbg> chip.LogV: [EM]Rxd Ack; Removing MessageCounter:228593605 from Retrans Table on exchange 37525r
09:50:26.397  uart:~$ uart:~$ [00:01:33.314,000] <inf> chip: [IM]Received status response, status is 0x00
09:50:26.417  uart:~$ uart:~$ [00:01:33.314,000] <dbg> chip.LogV: [DMG]<RE> OnReportConfirm: NumReports = 0
09:50:26.437  uart:~$ uart:~$ [00:01:33.314,000] <dbg> chip.LogV: [DMG]IM RH moving to [CanStartReporting]
09:50:26.478  uart:~$ uart:~$ [00:01:33.316,000] <dbg> chip.LogV: [DMG]Building Reports for ReadHandler with LastReportGeneration = 0x00000000 DirtyGeneration = 0x00000000
09:50:26.498  uart:~$ uart:~$ [00:01:33.317,000] <dbg> chip.LogV: [DMG]<RE:Run> Cluster 1d, Attribute fff8 is dirty
09:50:26.518  uart:~$ uart:~$ [00:01:33.318,000] <dbg> chip.LogV: [DMG]<RE:Run> Cluster 1d, Attribute fff9 is dirty
09:50:26.538  uart:~$ uart:~$ [00:01:33.319,000] <dbg> chip.LogV: [DMG]<RE:Run> Cluster 1d, Attribute fffb is dirty
09:50:26.558  uart:~$ uart:~$ [00:01:33.322,000] <dbg> chip.LogV: [DMG]<RE:Run> Cluster 3, Attribute 0 is dirty
09:50:26.600  uart:~$ uart:~$ [00:01:33.554,000] <dbg> chip.LogV: [DMG]Reading attribute: Cluster=0x0000_0003 Endpoint=0x7 AttributeId=0x0000_0000 (expanded=1)
09:50:26.620  uart:~$ uart:~$ [00:01:33.555,000] <dbg> chip.LogV: [DMG]<RE:Run> Cluster 3, Attribute 1 is dirty
09:50:26.650  uart:~$ uart:~$ [00:01:33.556,000] <dbg> chip.LogV: [DMG]Reading attribute: Cluster=0x0000_0003 Endpoint=0x7 AttributeId=0x0000_0001 (expanded=1)
09:50:26.670  uart:~$ uart:~$ [00:01:33.557,000] <dbg> chip.LogV: [DMG]<RE:Run> Cluster 3, Attribute fffc is dirty
09:50:26.691  uart:~$ uart:~$ [00:01:33.558,000] <dbg> chip.LogV: [DMG]Reading attribute: Cluster=0x0000_0003 Endpoint=0x7 AttributeId=0x0000_FFFC (expanded=1)
09:50:26.721  uart:~$ uart:~$ [00:01:33.558,000] <dbg> chip.LogV: [DMG]<RE:Run> Cluster 3, Attribute fffd is dirty
09:50:26.741  uart:~$ uart:~$ [00:01:33.559,000] <dbg> chip.LogV: [DMG]Reading attribute: Cluster=0x0000_0003 Endpoint=0x7 AttributeId=0x0000_FFFD (expanded=1)
09:50:26.761  uart:~$ uart:~$ [00:01:33.560,000] <dbg> chip.LogV: [DMG]<RE:Run> Cluster 3, Attribute fff8 is dirty
09:50:26.791  uart:~$ uart:~$ [00:01:33.561,000] <dbg> chip.LogV: [DMG]<RE:Run> Cluster 3, Attribute fff9 is dirty
09:50:26.811  uart:~$ uart:~$ [00:01:33.563,000] <dbg> chip.LogV: [DMG]<RE:Run> Cluster 3, Attribute fffb is dirty
09:50:26.856  uart:~$ uart:~$ [00:01:33.806,000] <dbg> chip.LogV: [DMG]Fetched 4 events
09:50:26.876  uart:~$ uart:~$ [00:01:33.807,000] <dbg> chip.LogV: [DMG]<RE> Sending report (payload has 538 bytes)...
09:50:26.916  uart:~$ uart:~$ [00:01:33.809,000] <inf> chip: [EM]<<< [E:37525r S:31644 M:228593610 (Ack:223098072)] (S) Msg TX from 00000000DCF2A6E2 to 1:0000000033CFE2F6 [4145] [UDP:[fe80::1c59:aaca:1932:e904%ETH_W5500]:51433] --- Type 0001:05 (IM:ReportData) (B:572)
09:50:26.957  uart:~$ uart:~$ [00:01:33.826,000] <inf> chip: [EM]??1 [E:37525r S:31644 M:228593610] (S) Msg Retransmission to 1:0000000033CFE2F6 scheduled for 360ms from now [State:Active II:500 AI:300 AT:4000]
09:50:26.977  uart:~$ uart:~$ [00:01:33.827,000] <dbg> chip.LogV: [DMG]IM RH moving to [AwaitingReportResponse]
09:50:27.008  uart:~$ uart:~$ [00:01:33.827,000] <dbg> chip.LogV: [DMG]<RE> ReportsInFlight = 1 with readHandler 0, RE has no more messages
09:50:27.028  uart:~$ uart:~$ [00:01:33.827,000] <dbg> chip.LogV: [DMG]All ReadHandler-s are clean, clear GlobalDirtySet
09:50:27.068  uart:~$ uart:~$ [00:01:33.829,000] <inf> chip: [EM]>>> [E:37525r S:31644 M:223098073 (Ack:228593605)] (S) Msg RX from 1:0000000033CFE2F6 [4145] to 00000000DCF2A6E2 --- Type 0000:10 (SecureChannel:StandaloneAck) (B:34)
09:50:27.088  uart:~$ uart:~$ [00:01:33.829,000] <dbg> chip.LogV: [EM]Found matching exchange: 37525r, Delegate: 0x200161e8
09:50:27.108  uart:~$ uart:~$ [00:01:33.829,000] <dbg> chip.LogV: [EM]CHIP MessageCounter:228593605 not in RetransTable on exchange 37525r
09:50:27.149  uart:~$ uart:~$ [00:01:34.102,000] <dbg> chip.LogV: [IN]Received a duplicate message with MessageCounter:223098072 on exchange 37525r
09:50:27.189  uart:~$ uart:~$ [00:01:34.103,000] <inf> chip: [EM]>>> [E:37525r S:31644 M:223098072 (Ack:228593605)] (S) Msg RX from 1:0000000033CFE2F6 [4145] to 00000000DCF2A6E2 --- Type 0001:01 (IM:StatusResponse) (B:42)
09:50:27.209  uart:~$ uart:~$ [00:01:34.103,000] <dbg> chip.LogV: [EM]Found matching exchange: 37525r, Delegate: 0x200161e8
09:50:27.239  uart:~$ uart:~$ [00:01:34.103,000] <dbg> chip.LogV: [EM]Forcing tx of solitary ack for duplicate MessageCounter:223098072 on exchange 37525r
09:50:27.279  uart:~$ uart:~$ [00:01:34.104,000] <inf> chip: [EM]<<< [E:37525r S:31644 M:228593611 (Ack:223098072)] (S) Msg TX from 00000000DCF2A6E2 to 1:0000000033CFE2F6 [4145] [UDP:[fe80::1c59:aaca:1932:e904%ETH_W5500]:51433] --- Type 0000:10 (SecureChannel:StandaloneAck) (B:34)
09:50:27.310  uart:~$ uart:~$ [00:01:34.114,000] <dbg> chip.LogV: [IN]Received a duplicate message with MessageCounter:223098072 on exchange 37525r
09:50:27.350  uart:~$ uart:~$ [00:01:34.114,000] <inf> chip: [EM]>>> [E:37525r S:31644 M:223098072 (Ack:228593605)] (S) Msg RX from 1:0000000033CFE2F6 [4145] to 00000000DCF2A6E2 --- Type 0001:01 (IM:StatusResponse) (B:42)
09:50:27.371  uart:~$ uart:~$ [00:01:34.114,000] <dbg> chip.LogV: [EM]Found matching exchange: 37525r, Delegate: 0x200161e8
09:50:27.401  uart:~$ uart:~$ [00:01:34.115,000] <dbg> chip.LogV: [EM]Forcing tx of solitary ack for duplicate MessageCounter:223098072 on exchange 37525r
09:50:27.441  uart:~$ uart:~$ [00:01:34.116,000] <inf> chip: [EM]<<< [E:37525r S:31644 M:228593612 (Ack:223098072)] (S) Msg TX from 00000000DCF2A6E2 to 1:0000000033CFE2F6 [4145] [UDP:[fe80::1c59:aaca:1932:e904%ETH_W5500]:51433] --- Type 0000:10 (SecureChannel:StandaloneAck) (B:34)
09:50:27.507  uart:~$ uart:~$ [00:01:34.440,000] <inf> chip: [EM]<<1 [E:37525r S:31644 M:228593610] (S) Msg Retransmission to 1:0000000033CFE2F6
09:50:27.548  uart:~$ uart:~$ [00:01:34.458,000] <inf> chip: [EM]??2 [E:37525r S:31644 M:228593610] (S) Msg Retransmission to 1:0000000033CFE2F6 scheduled for 384ms from now [State:Active II:500 AI:300 AT:4000]
09:50:27.578  uart:~$ uart:~$ [00:01:34.460,000] <inf> chip: [EM]>>> [E:37525r S:31644 M:223098074 (Ack:228593610)] (S) Msg RX from 1:0000000033CFE2F6 [4145] to 00000000DCF2A6E2 --- Type 0001:01 (IM:StatusResponse) (B:42)
09:50:27.608  uart:~$ uart:~$ [00:01:34.460,000] <dbg> chip.LogV: [EM]Found matching exchange: 37525r, Delegate: 0x200161e8
09:50:27.628  uart:~$ uart:~$ [00:01:34.460,000] <dbg> chip.LogV: [EM]Rxd Ack; Removing MessageCounter:228593610 from Retrans Table on exchange 37525r
09:50:27.648  uart:~$ uart:~$ [00:01:34.461,000] <inf> chip: [IM]Received status response, status is 0x00
09:50:27.688  uart:~$ uart:~$ [00:01:34.463,000] <inf> chip: [EM]<<< [E:37525r S:31644 M:228593613 (Ack:223098074)] (S) Msg TX from 00000000DCF2A6E2 to 1:0000000033CFE2F6 [4145] [UDP:[fe80::1c59:aaca:1932:e904%ETH_W5500]:51433] --- Type 0001:04 (IM:SubscribeResponse) (B:49)
09:50:27.729  uart:~$ uart:~$ [00:01:34.470,000] <inf> chip: [EM]??1 [E:37525r S:31644 M:228593613] (S) Msg Retransmission to 1:0000000033CFE2F6 scheduled for 381ms from now [State:Active II:500 AI:300 AT:4000]
09:50:27.769  uart:~$ uart:~$ [00:01:34.470,000] <inf> chip: [DMG]Registered a ReadHandler that will schedule a report between system Timestamp: 0x0000000000017106 and system Timestamp 0x00000000000A98C6.
09:50:27.790  uart:~$ uart:~$ [00:01:34.471,000] <dbg> chip.LogV: [DMG]<RE> OnReportConfirm: NumReports = 0
09:50:27.822  uart:~$ uart:~$ [00:01:34.775,000] <dbg> chip.LogV: [DMG]IM RH moving to [CanStartReporting]
09:50:27.862  uart:~$ uart:~$ [00:01:34.777,000] <inf> chip: [EM]>>> [E:37527r S:31644 M:223098075] (S) Msg RX from 1:0000000033CFE2F6 [4145] to 00000000DCF2A6E2 --- Type 0001:02 (IM:ReadRequest) (B:51)
09:50:27.882  uart:~$ uart:~$ [00:01:34.778,000] <dbg> chip.LogV: [EM]Handling via exchange: 37527r, Delegate: 0x20014644
09:50:27.902  uart:~$ uart:~$ [00:01:34.778,000] <dbg> chip.LogV: [IM]Received Read request
09:50:27.913  uart:~$ uart:~$ [00:01:34.780,000] <dbg> chip.LogV: [DMG]IM RH moving to [CanStartReporting]
09:50:27.943  uart:~$ uart:~$ [00:01:34.781,000] <dbg> chip.LogV: [DMG]Building Reports for ReadHandler with LastReportGeneration = 0x00000000 DirtyGeneration = 0x00000000
09:50:27.963  uart:~$ uart:~$ [00:01:34.783,000] <dbg> chip.LogV: [DMG]<RE:Run> Cluster 3e, Attribute 1 is dirty
09:50:27.993  uart:~$ uart:~$ [00:01:34.785,000] <dbg> chip.LogV: [DMG]Reading attribute: Cluster=0x0000_003E Endpoint=0x0 AttributeId=0x0000_0001 (expanded=0)
09:50:28.013  uart:~$ uart:~$ [00:01:34.794,000] <dbg> chip.LogV: [DMG]<RE> Sending report (payload has 128 bytes)...
09:50:28.053  uart:~$ uart:~$ [00:01:34.796,000] <inf> chip: [EM]<<< [E:37527r S:31644 M:228593614 (Ack:223098075)] (S) Msg TX from 00000000DCF2A6E2 to 1:0000000033CFE2F6 [4145] [UDP:[fe80::1c59:aaca:1932:e904%ETH_W5500]:51433] --- Type 0001:05 (IM:ReportData) (B:162)
09:50:28.105  uart:~$ uart:~$ [00:01:35.057,000] <inf> chip: [EM]??1 [E:37527r S:31644 M:228593614] (S) Msg Retransmission to 1:0000000033CFE2F6 scheduled for 342ms from now [State:Active II:500 AI:300 AT:4000]
09:50:28.125  uart:~$ uart:~$ [00:01:35.058,000] <dbg> chip.LogV: [DMG]<RE> OnReportConfirm: NumReports = 0
09:50:28.155  uart:~$ uart:~$ [00:01:35.058,000] <dbg> chip.LogV: [DMG]<RE> ReportsInFlight = 0 with readHandler 1, RE has no more messages
09:50:28.165  uart:~$ uart:~$ [00:01:35.058,000] <dbg> chip.LogV: [DMG]IM RH moving to [AwaitingDestruction]
09:50:28.195  uart:~$ uart:~$ [00:01:35.058,000] <dbg> chip.LogV: [DMG]All ReadHandler-s are clean, clear GlobalDirtySet
09:50:28.225  uart:~$ uart:~$ [00:01:35.060,000] <dbg> chip.LogV: [IN]Received a duplicate message with MessageCounter:223098074 on exchange 37525r
09:50:28.256  uart:~$ uart:~$ [00:01:35.060,000] <inf> chip: [EM]>>> [E:37525r S:31644 M:223098074 (Ack:228593610)] (S) Msg RX from 1:0000000033CFE2F6 [4145] to 00000000DCF2A6E2 --- Type 0001:01 (IM:StatusResponse) (B:42)
09:50:28.276  uart:~$ uart:~$ [00:01:35.060,000] <dbg> chip.LogV: [EM]Found matching exchange: 37525r, Delegate: 0
09:50:28.306  uart:~$ uart:~$ [00:01:35.061,000] <dbg> chip.LogV: [EM]Forcing tx of solitary ack for duplicate MessageCounter:223098074 on exchange 37525r
09:50:28.357  uart:~$ uart:~$ [00:01:35.062,000] <inf> chip: [EM]<<< [E:37525r S:31644 M:228593615 (Ack:223098074)] (S) Msg TX from 00000000DCF2A6E2 to 1:0000000033CFE2F6 [4145] [UDP:[fe80::1c59:aaca:1932:e904%ETH_W5500]:51433] --- Type 0000:10 (SecureChannel:StandaloneAck) (B:34)
09:50:28.412  uart:~$ uart:~$ [00:01:35.349,000] <inf> chip: [EM]<<1 [E:37525r S:31644 M:228593613] (S) Msg Retransmission to 1:0000000033CFE2F6
09:50:28.443  uart:~$ uart:~$ [00:01:35.356,000] <inf> chip: [EM]??2 [E:37525r S:31644 M:228593613] (S) Msg Retransmission to 1:0000000033CFE2F6 scheduled for 393ms from now [State:Active II:500 AI:300 AT:4000]
09:50:28.473  uart:~$ uart:~$ [00:01:35.362,000] <dbg> chip.LogV: [IN]Received a duplicate message with MessageCounter:223098075 on exchange 37527r
09:50:28.503  uart:~$ uart:~$ [00:01:35.362,000] <inf> chip: [EM]>>> [E:37527r S:31644 M:223098075] (S) Msg RX from 1:0000000033CFE2F6 [4145] to 00000000DCF2A6E2 --- Type 0001:02 (IM:ReadRequest) (B:51)
09:50:28.523  uart:~$ uart:~$ [00:01:35.363,000] <dbg> chip.LogV: [EM]Found matching exchange: 37527r, Delegate: 0
09:50:28.553  uart:~$ uart:~$ [00:01:35.363,000] <dbg> chip.LogV: [EM]Forcing tx of solitary ack for duplicate MessageCounter:223098075 on exchange 37527r
09:50:28.594  uart:~$ uart:~$ [00:01:35.364,000] <inf> chip: [EM]<<< [E:37527r S:31644 M:228593616 (Ack:223098075)] (S) Msg TX from 00000000DCF2A6E2 to 1:0000000033CFE2F6 [4145] [UDP:[fe80::1c59:aaca:1932:e904%ETH_W5500]:51433] --- Type 0000:10 (SecureChannel:StandaloneAck) (B:34)
09:50:28.634  uart:~$ uart:~$ [00:01:35.373,000] <inf> chip: [EM]>>> [E:37525r S:31644 M:223098076 (Ack:228593610)] (S) Msg RX from 1:0000000033CFE2F6 [4145] to 00000000DCF2A6E2 --- Type 0000:10 (SecureChannel:StandaloneAck) (B:34)
09:50:28.654  uart:~$ uart:~$ [00:01:35.373,000] <dbg> chip.LogV: [EM]Found matching exchange: 37525r, Delegate: 0
09:50:28.674  uart:~$ uart:~$ [00:01:35.373,000] <dbg> chip.LogV: [EM]CHIP MessageCounter:228593610 not in RetransTable on exchange 37525r
09:50:28.727  uart:~$ uart:~$ [00:01:35.667,000] <inf> chip: [EM]<<1 [E:37527r S:31644 M:228593614] (S) Msg Retransmission to 1:0000000033CFE2F6
09:50:28.757  uart:~$ uart:~$ [00:01:35.676,000] <inf> chip: [EM]??2 [E:37527r S:31644 M:228593614] (S) Msg Retransmission to 1:0000000033CFE2F6 scheduled for 392ms from now [State:Active II:500 AI:300 AT:4000]
09:50:28.797  uart:~$ uart:~$ [00:01:35.678,000] <inf> chip: [EM]>>> [E:37525r S:31644 M:223098077 (Ack:228593613)] (S) Msg RX from 1:0000000033CFE2F6 [4145] to 00000000DCF2A6E2 --- Type 0000:10 (SecureChannel:StandaloneAck) (B:34)
09:50:28.817  uart:~$ uart:~$ [00:01:35.678,000] <dbg> chip.LogV: [EM]Found matching exchange: 37525r, Delegate: 0
09:50:28.838  uart:~$ uart:~$ [00:01:35.679,000] <dbg> chip.LogV: [EM]Rxd Ack; Removing MessageCounter:228593613 from Retrans Table on exchange 37525r
09:50:28.868  uart:~$ uart:~$ [00:01:35.681,000] <dbg> chip.LogV: [IN]Received a duplicate message with MessageCounter:223098075 on exchange 37527r
09:50:28.898  uart:~$ uart:~$ [00:01:35.681,000] <inf> chip: [EM]>>> [E:37527r S:31644 M:223098075] (S) Msg RX from 1:0000000033CFE2F6 [4145] to 00000000DCF2A6E2 --- Type 0001:02 (IM:ReadRequest) (B:51)
09:50:28.918  uart:~$ uart:~$ [00:01:35.682,000] <dbg> chip.LogV: [EM]Found matching exchange: 37527r, Delegate: 0
09:50:28.949  uart:~$ uart:~$ [00:01:35.682,000] <dbg> chip.LogV: [EM]Forcing tx of solitary ack for duplicate MessageCounter:223098075 on exchange 37527r
09:50:28.999  uart:~$ uart:~$ [00:01:35.683,000] <inf> chip: [EM]<<< [E:37527r S:31644 M:228593617 (Ack:223098075)] (S) Msg TX from 00000000DCF2A6E2 to 1:0000000033CFE2F6 [4145] [UDP:[fe80::1c59:aaca:1932:e904%ETH_W5500]:51433] --- Type 0000:10 (SecureChannel:StandaloneAck) (B:34)
09:50:29.052  uart:~$ uart:~$ [00:01:35.998,000] <inf> chip: [EM]>>> [E:37527r S:31644 M:223098078 (Ack:228593614)] (S) Msg RX from 1:0000000033CFE2F6 [4145] to 00000000DCF2A6E2 --- Type 0000:10 (SecureChannel:StandaloneAck) (B:34)
09:50:29.072  uart:~$ uart:~$ [00:01:35.998,000] <dbg> chip.LogV: [EM]Found matching exchange: 37527r, Delegate: 0
09:50:29.102  uart:~$ uart:~$ [00:01:35.998,000] <dbg> chip.LogV: [EM]Rxd Ack; Removing MessageCounter:228593614 from Retrans Table on exchange 37527r
09:50:29.132  uart:~$ uart:~$ [00:01:36.001,000] <inf> chip: [EM]>>> [E:37528r S:31644 M:223098079] (S) Msg RX from 1:0000000033CFE2F6 [4145] to 00000000DCF2A6E2 --- Type 0001:08 (IM:InvokeCommandRequest) (B:65)
09:50:29.162  uart:~$ uart:~$ [00:01:36.001,000] <dbg> chip.LogV: [EM]Handling via exchange: 37528r, Delegate: 0x20014644
09:50:29.182  uart:~$ uart:~$ [00:01:36.003,000] <dbg> chip.LogV: [DMG]Received command for Endpoint=0 Cluster=0x0000_0030 Command=0x0000_0000
09:50:29.202  uart:~$ uart:~$ [00:01:36.003,000] <inf> chip: [FS]GeneralCommissioning: Received ArmFailSafe (30s)
09:50:29.222  uart:~$ uart:~$ [00:01:36.004,000] <dbg> chip.LogV: [DMG]Command handler moving to [NewRespons]
09:50:29.242  uart:~$ uart:~$ [00:01:36.004,000] <dbg> chip.LogV: [DMG]Command handler moving to [ Preparing]
09:50:29.263  uart:~$ uart:~$ [00:01:36.004,000] <dbg> chip.LogV: [DMG]Command handler moving to [AddingComm]
09:50:29.305  uart:~$ uart:~$ [00:01:36.253,000] <dbg> chip.LogV: [DMG]Command handler moving to [AddedComma]
09:50:29.325  uart:~$ uart:~$ [00:01:36.254,000] <dbg> chip.LogV: [DMG]Decreasing reference count for CommandHandlerImpl, remaining 1
09:50:29.345  uart:~$ uart:~$ [00:01:36.254,000] <dbg> chip.LogV: [DMG]Decreasing reference count for CommandHandlerImpl, remaining 0
09:50:29.365  uart:~$ uart:~$ [00:01:36.255,000] <dbg> chip.LogV: [DMG]Command handler moving to [AwaitingDe]
09:50:29.416  uart:~$ uart:~$ [00:01:36.256,000] <inf> chip: [EM]<<< [E:37528r S:31644 M:228593618 (Ack:223098079)] (S) Msg TX from 00000000DCF2A6E2 to 1:0000000033CFE2F6 [4145] [UDP:[fe80::1c59:aaca:1932:e904%ETH_W5500]:51433] --- Type 0001:09 (IM:InvokeCommandResponse) (B:70)
09:50:29.456  uart:~$ uart:~$ [00:01:36.264,000] <inf> chip: [EM]??1 [E:37528r S:31644 M:228593618] (S) Msg Retransmission to 1:0000000033CFE2F6 scheduled for 357ms from now [State:Active II:500 AI:300 AT:4000]
09:50:29.476  uart:~$ uart:~$ [00:01:36.264,000] <dbg> chip.LogV: [DMG]Command response sender moving to [AllInvokeR]
09:50:29.506  uart:~$ uart:~$ [00:01:36.270,000] <inf> chip: [EM]>>> [E:37525r S:31644 M:223098080 (Ack:228593613)] (S) Msg RX from 1:0000000033CFE2F6 [4145] to 00000000DCF2A6E2 --- Type 0000:10 (SecureChannel:StandaloneAck) (B:34)
09:50:29.536  uart:~$ uart:~$ [00:01:36.272,000] <dbg> chip.LogV: [IN]Received a duplicate message with MessageCounter:223098079 on exchange 37528r
09:50:29.566  uart:~$ uart:~$ [00:01:36.272,000] <inf> chip: [EM]>>> [E:37528r S:31644 M:223098079] (S) Msg RX from 1:0000000033CFE2F6 [4145] to 00000000DCF2A6E2 --- Type 0001:08 (IM:InvokeCommandRequest) (B:65)
09:50:29.611  uart:~$ uart:~$ [00:01:36.561,000] <dbg> chip.LogV: [EM]Found matching exchange: 37528r, Delegate: 0
09:50:29.641  uart:~$ uart:~$ [00:01:36.561,000] <dbg> chip.LogV: [EM]Forcing tx of solitary ack for duplicate MessageCounter:223098079 on exchange 37528r
09:50:29.691  uart:~$ uart:~$ [00:01:36.562,000] <inf> chip: [EM]<<< [E:37528r S:31644 M:228593619 (Ack:223098079)] (S) Msg TX from 00000000DCF2A6E2 to 1:0000000033CFE2F6 [4145] [UDP:[fe80::1c59:aaca:1932:e904%ETH_W5500]:51433] --- Type 0000:10 (SecureChannel:StandaloneAck) (B:34)
09:50:29.722  uart:~$ uart:~$ [00:01:36.571,000] <inf> chip: [EM]>>> [E:37527r S:31644 M:223098081 (Ack:228593614)] (S) Msg RX from 1:0000000033CFE2F6 [4145] to 00000000DCF2A6E2 --- Type 0000:10 (SecureChannel:StandaloneAck) (B:34)
09:50:29.752  uart:~$ uart:~$ [00:01:36.573,000] <dbg> chip.LogV: [IN]Received a duplicate message with MessageCounter:223098079 on exchange 37528r
09:50:29.782  uart:~$ uart:~$ [00:01:36.573,000] <inf> chip: [EM]>>> [E:37528r S:31644 M:223098079] (S) Msg RX from 1:0000000033CFE2F6 [4145] to 00000000DCF2A6E2 --- Type 0001:08 (IM:InvokeCommandRequest) (B:65)
09:50:29.802  uart:~$ uart:~$ [00:01:36.574,000] <dbg> chip.LogV: [EM]Found matching exchange: 37528r, Delegate: 0
09:50:29.832  uart:~$ uart:~$ [00:01:36.574,000] <dbg> chip.LogV: [EM]Forcing tx of solitary ack for duplicate MessageCounter:223098079 on exchange 37528r
09:50:29.882  uart:~$ uart:~$ [00:01:36.575,000] <inf> chip: [EM]<<< [E:37528r S:31644 M:228593620 (Ack:223098079)] (S) Msg TX from 00000000DCF2A6E2 to 1:0000000033CFE2F6 [4145] [UDP:[fe80::1c59:aaca:1932:e904%ETH_W5500]:51433] --- Type 0000:10 (SecureChannel:StandaloneAck) (B:34)
09:50:29.912  uart:~$ uart:~$ [00:01:36.584,000] <inf> chip: [EM]>>> [E:37528r S:31644 M:223098082 (Ack:228593618)] (S) Msg RX from 1:0000000033CFE2F6 [4145] to 00000000DCF2A6E2 --- Type 0000:10 (SecureChannel:StandaloneAck) (B:34)
09:50:30.003  uart:~$ uart:~$ [00:01:36.906,000] <dbg> chip.LogV: [EM]Found matching exchange: 37528r, Delegate: 0
09:50:30.024  uart:~$ uart:~$ [00:01:36.907,000] <dbg> chip.LogV: [EM]Rxd Ack; Removing MessageCounter:228593618 from Retrans Table on exchange 37528r
09:50:30.064  uart:~$ uart:~$ [00:01:36.909,000] <inf> chip: [EM]>>> [E:37529r S:31644 M:223098083] (S) Msg RX from 1:0000000033CFE2F6 [4145] to 00000000DCF2A6E2 --- Type 0001:08 (IM:InvokeCommandRequest) (B:94)
09:50:30.084  uart:~$ uart:~$ [00:01:36.910,000] <dbg> chip.LogV: [EM]Handling via exchange: 37529r, Delegate: 0x20014644
09:50:30.114  uart:~$ uart:~$ [00:01:36.911,000] <dbg> chip.LogV: [DMG]Received command for Endpoint=0 Cluster=0x0000_003E Command=0x0000_0004
09:50:30.134  uart:~$ uart:~$ [00:01:36.912,000] <inf> chip: [ZCL]OpCreds: Received a CSRRequest command
09:50:30.154  uart:~$ uart:~$ [00:01:36.950,000] <inf> chip: [ZCL]OpCreds: AllocatePendingOperationalKey succeeded
09:50:30.164  uart:~$ uart:~$ [00:01:36.969,000] <inf> chip: [ZCL]OpCreds: CSRRequest successful.
09:50:30.185  uart:~$ uart:~$ [00:01:36.970,000] <dbg> chip.LogV: [DMG]Command handler moving to [NewRespons]
09:50:30.205  uart:~$ uart:~$ [00:01:36.970,000] <dbg> chip.LogV: [DMG]Command handler moving to [ Preparing]
09:50:30.258  uart:~$ uart:~$ [00:01:37.199,000] <dbg> chip.LogV: [DMG]Command handler moving to [AddingComm]
09:50:30.278  uart:~$ uart:~$ [00:01:37.199,000] <dbg> chip.LogV: [DMG]Command handler moving to [AddedComma]
09:50:30.299  uart:~$ uart:~$ [00:01:37.200,000] <dbg> chip.LogV: [DMG]Decreasing reference count for CommandHandlerImpl, remaining 1
09:50:30.329  uart:~$ uart:~$ [00:01:37.200,000] <dbg> chip.LogV: [DMG]Decreasing reference count for CommandHandlerImpl, remaining 0
09:50:30.349  uart:~$ uart:~$ [00:01:37.200,000] <dbg> chip.LogV: [DMG]Command handler moving to [AwaitingDe]
09:50:30.389  uart:~$ uart:~$ [00:01:37.202,000] <inf> chip: [EM]<<< [E:37529r S:31644 M:228593621 (Ack:223098083)] (S) Msg TX from 00000000DCF2A6E2 to 1:0000000033CFE2F6 [4145] [UDP:[fe80::1c59:aaca:1932:e904%ETH_W5500]:51433] --- Type 0001:09 (IM:InvokeCommandResponse) (B:396)
09:50:30.419  uart:~$ uart:~$ [00:01:37.216,000] <inf> chip: [EM]??1 [E:37529r S:31644 M:228593621] (S) Msg Retransmission to 1:0000000033CFE2F6 scheduled for 397ms from now [State:Active II:500 AI:300 AT:4000]
09:50:30.449  uart:~$ uart:~$ [00:01:37.216,000] <dbg> chip.LogV: [DMG]Command response sender moving to [AllInvokeR]
09:50:30.469  uart:~$ uart:~$ [00:01:37.218,000] <dbg> chip.LogV: [IN]Received a duplicate message with MessageCounter:223098083 on exchange 37529r
09:50:30.510  uart:~$ uart:~$ [00:01:37.228,000] <inf> chip: [EM]>>> [E:37529r S:31644 M:223098083] (S) Msg RX from 1:0000000033CFE2F6 [4145] to 00000000DCF2A6E2 --- Type 0001:08 (IM:InvokeCommandRequest) (B:94)
09:50:30.543  uart:~$ uart:~$ [00:01:37.496,000] <dbg> chip.LogV: [EM]Found matching exchange: 37529r, Delegate: 0
09:50:30.574  uart:~$ uart:~$ [00:01:37.497,000] <dbg> chip.LogV: [EM]Forcing tx of solitary ack for duplicate MessageCounter:223098083 on exchange 37529r
09:50:30.624  uart:~$ uart:~$ [00:01:37.498,000] <inf> chip: [EM]<<< [E:37529r S:31644 M:228593622 (Ack:223098083)] (S) Msg TX from 00000000DCF2A6E2 to 1:0000000033CFE2F6 [4145] [UDP:[fe80::1c59:aaca:1932:e904%ETH_W5500]:51433] --- Type 0000:10 (SecureChannel:StandaloneAck) (B:34)
09:50:30.654  uart:~$ uart:~$ [00:01:37.506,000] <dbg> chip.LogV: [IN]Received a duplicate message with MessageCounter:223098083 on exchange 37529r
09:50:30.684  uart:~$ uart:~$ [00:01:37.507,000] <inf> chip: [EM]>>> [E:37529r S:31644 M:223098083] (S) Msg RX from 1:0000000033CFE2F6 [4145] to 00000000DCF2A6E2 --- Type 0001:08 (IM:InvokeCommandRequest) (B:94)
09:50:30.704  uart:~$ uart:~$ [00:01:37.507,000] <dbg> chip.LogV: [EM]Found matching exchange: 37529r, Delegate: 0
09:50:30.734  uart:~$ uart:~$ [00:01:37.507,000] <dbg> chip.LogV: [EM]Forcing tx of solitary ack for duplicate MessageCounter:223098083 on exchange 37529r
09:50:30.774  uart:~$ uart:~$ [00:01:37.508,000] <inf> chip: [EM]<<< [E:37529r S:31644 M:228593623 (Ack:223098083)] (S) Msg TX from 00000000DCF2A6E2 to 1:0000000033CFE2F6 [4145] [UDP:[fe80::1c59:aaca:1932:e904%ETH_W5500]:51433] --- Type 0000:10 (SecureChannel:StandaloneAck) (B:34)
09:50:30.814  uart:~$ uart:~$ [00:01:37.517,000] <inf> chip: [EM]>>> [E:37529r S:31644 M:223098084 (Ack:228593621)] (S) Msg RX from 1:0000000033CFE2F6 [4145] to 00000000DCF2A6E2 --- Type 0000:10 (SecureChannel:StandaloneAck) (B:34)
09:50:30.835  uart:~$ uart:~$ [00:01:37.518,000] <dbg> chip.LogV: [EM]Found matching exchange: 37529r, Delegate: 0
09:50:30.888  uart:~$ uart:~$ [00:01:37.826,000] <dbg> chip.LogV: [EM]Rxd Ack; Removing MessageCounter:228593621 from Retrans Table on exchange 37529r
09:50:30.928  uart:~$ uart:~$ [00:01:37.829,000] <inf> chip: [EM]>>> [E:37530r S:31644 M:223098085] (S) Msg RX from 1:0000000033CFE2F6 [4145] to 00000000DCF2A6E2 --- Type 0001:08 (IM:InvokeCommandRequest) (B:316)
09:50:30.948  uart:~$ uart:~$ [00:01:37.829,000] <dbg> chip.LogV: [EM]Handling via exchange: 37530r, Delegate: 0x20014644
09:50:30.978  uart:~$ uart:~$ [00:01:37.831,000] <dbg> chip.LogV: [DMG]Received command for Endpoint=0 Cluster=0x0000_003E Command=0x0000_000B
09:50:30.999  uart:~$ uart:~$ [00:01:37.831,000] <inf> chip: [ZCL]OpCreds: Received an AddTrustedRootCertificate command
09:50:31.019  uart:~$ uart:~$ [00:01:37.852,000] <inf> chip: [ZCL]OpCreds: AddTrustedRootCertificate successful.
09:50:31.039  uart:~$ uart:~$ [00:01:37.853,000] <dbg> chip.LogV: [DMG]Command handler moving to [NewRespons]
09:50:31.059  uart:~$ uart:~$ [00:01:37.853,000] <dbg> chip.LogV: [DMG]Command handler moving to [ Preparing]
09:50:31.079  uart:~$ uart:~$ [00:01:37.853,000] <dbg> chip.LogV: [DMG]Command handler moving to [AddingComm]
09:50:31.100  uart:~$ uart:~$ [00:01:37.853,000] <dbg> chip.LogV: [DMG]Command handler moving to [AddedComma]
09:50:31.133  uart:~$ uart:~$ [00:01:38.088,000] <dbg> chip.LogV: [DMG]Decreasing reference count for CommandHandlerImpl, remaining 1
09:50:31.163  uart:~$ uart:~$ [00:01:38.088,000] <dbg> chip.LogV: [DMG]Decreasing reference count for CommandHandlerImpl, remaining 0
09:50:31.183  uart:~$ uart:~$ [00:01:38.089,000] <dbg> chip.LogV: [DMG]Command handler moving to [AwaitingDe]
09:50:31.233  uart:~$ uart:~$ [00:01:38.090,000] <inf> chip: [EM]<<< [E:37530r S:31644 M:228593624 (Ack:223098085)] (S) Msg TX from 00000000DCF2A6E2 to 1:0000000033CFE2F6 [4145] [UDP:[fe80::1c59:aaca:1932:e904%ETH_W5500]:51433] --- Type 0001:09 (IM:InvokeCommandResponse) (B:67)
09:50:31.263  uart:~$ uart:~$ [00:01:38.098,000] <inf> chip: [EM]??1 [E:37530r S:31644 M:228593624] (S) Msg Retransmission to 1:0000000033CFE2F6 scheduled for 404ms from now [State:Active II:500 AI:300 AT:4000]
09:50:31.284  uart:~$ uart:~$ [00:01:38.098,000] <dbg> chip.LogV: [DMG]Command response sender moving to [AllInvokeR]
09:50:31.314  uart:~$ uart:~$ [00:01:38.104,000] <dbg> chip.LogV: [IN]Received a duplicate message with MessageCounter:223098085 on exchange 37530r
09:50:31.344  uart:~$ uart:~$ [00:01:38.104,000] <inf> chip: [EM]>>> [E:37530r S:31644 M:223098085] (S) Msg RX from 1:0000000033CFE2F6 [4145] to 00000000DCF2A6E2 --- Type 0001:08 (IM:InvokeCommandRequest) (B:316)
09:50:31.364  uart:~$ uart:~$ [00:01:38.105,000] <dbg> chip.LogV: [EM]Found matching exchange: 37530r, Delegate: 0
09:50:31.394  uart:~$ uart:~$ [00:01:38.105,000] <dbg> chip.LogV: [EM]Forcing tx of solitary ack for duplicate MessageCounter:223098085 on exchange 37530r
09:50:31.468  uart:~$ uart:~$ [00:01:38.386,000] <inf> chip: [EM]<<< [E:37530r S:31644 M:228593625 (Ack:223098085)] (S) Msg TX from 00000000DCF2A6E2 to 1:0000000033CFE2F6 [4145] [UDP:[fe80::1c59:aaca:1932:e904%ETH_W5500]:51433] --- Type 0000:10 (SecureChannel:StandaloneAck) (B:34)
09:50:31.488  uart:~$ uart:~$ [00:01:38.395,000] <dbg> chip.LogV: [IN]Received a duplicate message with MessageCounter:223098085 on exchange 37530r
09:50:31.528  uart:~$ uart:~$ [00:01:38.395,000] <inf> chip: [EM]>>> [E:37530r S:31644 M:223098085] (S) Msg RX from 1:0000000033CFE2F6 [4145] to 00000000DCF2A6E2 --- Type 0001:08 (IM:InvokeCommandRequest) (B:316)
09:50:31.548  uart:~$ uart:~$ [00:01:38.395,000] <dbg> chip.LogV: [EM]Found matching exchange: 37530r, Delegate: 0
09:50:31.568  uart:~$ uart:~$ [00:01:38.396,000] <dbg> chip.LogV: [EM]Forcing tx of solitary ack for duplicate MessageCounter:223098085 on exchange 37530r
09:50:31.629  uart:~$ uart:~$ [00:01:38.397,000] <inf> chip: [EM]<<< [E:37530r S:31644 M:228593626 (Ack:223098085)] (S) Msg TX from 00000000DCF2A6E2 to 1:0000000033CFE2F6 [4145] [UDP:[fe80::1c59:aaca:1932:e904%ETH_W5500]:51433] --- Type 0000:10 (SecureChannel:StandaloneAck) (B:34)
09:50:31.671  uart:~$ uart:~$ [00:01:38.406,000] <inf> chip: [EM]>>> [E:37530r S:31644 M:223098086 (Ack:228593624)] (S) Msg RX from 1:0000000033CFE2F6 [4145] to 00000000DCF2A6E2 --- Type 0000:10 (SecureChannel:StandaloneAck) (B:34)
09:50:31.701  uart:~$ uart:~$ [00:01:38.406,000] <dbg> chip.LogV: [EM]Found matching exchange: 37530r, Delegate: 0
09:50:31.721  uart:~$ uart:~$ [00:01:38.406,000] <dbg> chip.LogV: [EM]Rxd Ack; Removing MessageCounter:228593624 from Retrans Table on exchange 37530r
09:50:31.773  uart:~$ uart:~$ [00:01:38.409,000] <inf> chip: [EM]>>> [E:37531r S:31644 M:223098087] (S) Msg RX from 1:0000000033CFE2F6 [4145] to 00000000DCF2A6E2 --- Type 0001:08 (IM:InvokeCommandRequest) (B:349)
09:50:31.829  uart:~$ uart:~$ [00:01:38.759,000] <dbg> chip.LogV: [EM]Handling via exchange: 37531r, Delegate: 0x20014644
09:50:31.859  uart:~$ uart:~$ [00:01:38.761,000] <dbg> chip.LogV: [DMG]Received command for Endpoint=0 Cluster=0x0000_003E Command=0x0000_0006
09:50:31.869  uart:~$ uart:~$ [00:01:38.761,000] <inf> chip: [ZCL]OpCreds: Received an AddNOC command
09:50:31.889  uart:~$ uart:~$ [00:01:38.763,000] <inf> chip: [FP]Validating NOC chain
09:50:31.909  uart:~$ uart:~$ [00:01:38.797,000] <inf> chip: [FP]NOC chain validation successful
09:50:31.930  uart:~$ uart:~$ [00:01:38.798,000] <inf> chip: [FP]Added new fabric at index: 0x2
09:50:31.960  uart:~$ uart:~$ [00:01:38.798,000] <inf> chip: [FP]Assigned compressed fabric ID: 0x0276B5DAA1937E6D, node ID: 0x00000000E08AF3D9
09:50:31.980  uart:~$ uart:~$ [00:01:38.798,000] <inf> chip: [TS]Last Known Good Time: 2026-09-15T06:49:52
09:50:32.000  uart:~$ uart:~$ [00:01:38.798,000] <inf> chip: [TS]New proposed Last Known Good Time: 2026-09-15T06:50:31
09:50:32.020  uart:~$ uart:~$ [00:01:38.798,000] <inf> chip: [TS]Updating pending Last Known Good Time to 2026-09-15T06:50:31
09:50:32.065  uart:~$ uart:~$ [00:01:39.013,000] <dbg> chip.LogV: [DMG]Cannot merge the new path into any existing path, create one.
09:50:32.095  uart:~$ uart:~$ [00:01:39.014,000] <dbg> chip.LogV: [DMG]Cannot merge the new path into any existing path, create one.
09:50:32.125  uart:~$ uart:~$ [00:01:39.035,000] <dbg> chip.LogV: [EVL]LogEvent event number: 0x0000000000000004 priority: 1, endpoint id:  0x0 cluster id: 0x0000_001F event id: 0x0 Sys timestamp: 0x00000000000178CE
09:50:32.156  uart:~$ uart:~$ [00:01:39.035,000] <dbg> chip.LogV: [DMG]Urgent event will be sent once reporting is not blocked by the min interval
09:50:32.176  uart:~$ uart:~$ [00:01:39.035,000] <inf> chip: [ZCL]OpCreds: ACL entry created for Fabric index 0x2 CASE Admin Subject 0x00000000D35B173B
09:50:32.196  uart:~$ uart:~$ [00:01:39.035,000] <dbg> chip.LogV: [DL]Using WiFi MAC for hostname
09:50:32.226  uart:~$ uart:~$ [00:01:39.036,000] <inf> chip: [DIS]Advertise operational node 3700EC0D6DAB4145-00000000DCF2A6E2
09:50:32.246  uart:~$ uart:~$ [00:01:39.037,000] <dbg> chip.LogV: [DIS]Responding with _matter._tcp.local
09:50:32.266  uart:~$ uart:~$ [00:01:39.037,000] <dbg> chip.LogV: [DIS]Responding with 3700EC0D6DAB4145-00000000DCF2A6E2._matter._tcp.local
09:50:32.286  uart:~$ uart:~$ [00:01:39.037,000] <dbg> chip.LogV: [DIS]Responding with 3700EC0D6DAB4145-00000000DCF2A6E2._matter._tcp.local
09:50:32.329  uart:~$ uart:~$ [00:01:39.282,000] <dbg> chip.LogV: [DIS]Responding with 803428106A1D.local
09:50:32.349  uart:~$ uart:~$ [00:01:39.283,000] <dbg> chip.LogV: [DIS]Responding with _I3700EC0D6DAB4145._sub._matter._tcp.local
09:50:32.379  uart:~$ uart:~$ [00:01:39.283,000] <inf> chip: [DIS]CHIP minimal mDNS configured as 'Operational device'; instance name: 3700EC0D6DAB4145-00000000DCF2A6E2.
09:50:32.399  uart:~$ uart:~$ [00:01:39.296,000] <inf> chip: [DIS]mDNS service published: _matter._tcp
09:50:32.420  uart:~$ uart:~$ [00:01:39.296,000] <dbg> chip.LogV: [DL]Using WiFi MAC for hostname
09:50:32.440  uart:~$ uart:~$ [00:01:39.296,000] <inf> chip: [DIS]Advertise operational node 0276B5DAA1937E6D-00000000E08AF3D9
09:50:32.460  uart:~$ uart:~$ [00:01:39.297,000] <dbg> chip.LogV: [DIS]Responding with _matter._tcp.local
09:50:32.480  uart:~$ uart:~$ [00:01:39.297,000] <dbg> chip.LogV: [DIS]Responding with 0276B5DAA1937E6D-00000000E08AF3D9._matter._tcp.local
09:50:32.510  uart:~$ uart:~$ [00:01:39.297,000] <dbg> chip.LogV: [DIS]Responding with 0276B5DAA1937E6D-00000000E08AF3D9._matter._tcp.local
09:50:32.531  uart:~$ uart:~$ [00:01:39.298,000] <dbg> chip.LogV: [DIS]Responding with 803428106A1D.local
09:50:32.576  uart:~$ uart:~$ [00:01:39.524,000] <dbg> chip.LogV: [DIS]Responding with _I0276B5DAA1937E6D._sub._matter._tcp.local
09:50:32.606  uart:~$ uart:~$ [00:01:39.524,000] <inf> chip: [DIS]CHIP minimal mDNS configured as 'Operational device'; instance name: 0276B5DAA1937E6D-00000000E08AF3D9.
09:50:32.626  uart:~$ uart:~$ [00:01:39.540,000] <inf> chip: [DIS]mDNS service published: _matter._tcp
09:50:32.646  uart:~$ uart:~$ [00:01:39.541,000] <dbg> chip.LogV: [DMG]Command handler moving to [NewRespons]
09:50:32.666  uart:~$ uart:~$ [00:01:39.541,000] <dbg> chip.LogV: [DMG]Command handler moving to [ Preparing]
09:50:32.686  uart:~$ uart:~$ [00:01:39.541,000] <dbg> chip.LogV: [DMG]Command handler moving to [AddingComm]
09:50:32.706  uart:~$ uart:~$ [00:01:39.541,000] <dbg> chip.LogV: [DMG]Command handler moving to [AddedComma]
09:50:32.726  uart:~$ uart:~$ [00:01:39.541,000] <inf> chip: [ZCL]OpCreds: successfully created fabric index 0x2 via AddNOC
09:50:32.747  uart:~$ uart:~$ [00:01:39.544,000] <dbg> chip.LogV: [DMG]Decreasing reference count for CommandHandlerImpl, remaining 1
09:50:32.778  uart:~$ uart:~$ [00:01:39.545,000] <dbg> chip.LogV: [DMG]Decreasing reference count for CommandHandlerImpl, remaining 0
09:50:32.843  uart:~$ uart:~$ [00:01:39.764,000] <dbg> chip.LogV: [DMG]Command handler moving to [AwaitingDe]
09:50:32.883  uart:~$ uart:~$ [00:01:39.766,000] <inf> chip: [EM]<<< [E:37531r S:31644 M:228593627 (Ack:223098087)] (S) Msg TX from 00000000DCF2A6E2 to 1:0000000033CFE2F6 [4145] [UDP:[fe80::1c59:aaca:1932:e904%ETH_W5500]:51433] --- Type 0001:09 (IM:InvokeCommandResponse) (B:70)
09:50:32.914  uart:~$ uart:~$ [00:01:39.773,000] <inf> chip: [EM]??1 [E:37531r S:31644 M:228593627] (S) Msg Retransmission to 1:0000000033CFE2F6 scheduled for 360ms from now [State:Active II:500 AI:300 AT:4000]
09:50:32.944  uart:~$ uart:~$ [00:01:39.774,000] <dbg> chip.LogV: [DMG]Command response sender moving to [AllInvokeR]
09:50:32.964  uart:~$ uart:~$ [00:01:39.775,000] <dbg> chip.LogV: [DMG]Building Reports for ReadHandler with LastReportGeneration = 0x0000000A DirtyGeneration = 0x0000000E
09:50:32.984  uart:~$ uart:~$ [00:01:39.777,000] <dbg> chip.LogV: [DMG]<RE:Run> Cluster 3e, Attribute 1 is dirty
09:50:33.014  uart:~$ uart:~$ [00:01:39.779,000] <dbg> chip.LogV: [DMG]Reading attribute: Cluster=0x0000_003E Endpoint=0x0 AttributeId=0x0000_0001 (expanded=1)
09:50:33.034  uart:~$ uart:~$ [00:01:39.787,000] <dbg> chip.LogV: [DMG]<RE:Run> Cluster 3e, Attribute 3 is dirty
09:50:33.064  uart:~$ uart:~$ [00:01:39.789,000] <dbg> chip.LogV: [DMG]Reading attribute: Cluster=0x0000_003E Endpoint=0x0 AttributeId=0x0000_0003 (expanded=1)
09:50:33.085  uart:~$ uart:~$ [00:01:39.810,000] <dbg> chip.LogV: [DMG]Fetched 1 events
09:50:33.127  uart:~$ uart:~$ [00:01:40.076,000] <dbg> chip.LogV: [DMG]<RE> Sending report (payload has 305 bytes)...
09:50:33.167  uart:~$ uart:~$ [00:01:40.077,000] <inf> chip: [EM]<<< [E:25094i S:31644 M:228593628] (S) Msg TX from 00000000DCF2A6E2 to 1:0000000033CFE2F6 [4145] [UDP:[fe80::1c59:aaca:1932:e904%ETH_W5500]:51433] --- Type 0001:05 (IM:ReportData) (B:335)
09:50:33.207  uart:~$ uart:~$ [00:01:40.091,000] <inf> chip: [EM]??1 [E:25094i S:31644 M:228593628] (S) Msg Retransmission to 1:0000000033CFE2F6 scheduled for 353ms from now [State:Active II:500 AI:300 AT:4000]
09:50:33.227  uart:~$ uart:~$ [00:01:40.091,000] <dbg> chip.LogV: [DMG]IM RH moving to [AwaitingReportResponse]
09:50:33.247  uart:~$ uart:~$ [00:01:40.091,000] <dbg> chip.LogV: [DMG]<RE> ReportsInFlight = 1 with readHandler 0, RE has no more messages
09:50:33.267  uart:~$ uart:~$ [00:01:40.092,000] <dbg> chip.LogV: [DMG]All ReadHandler-s are clean, clear GlobalDirtySet
09:50:33.298  uart:~$ uart:~$ [00:01:40.093,000] <dbg> chip.LogV: [IN]Received a duplicate message with MessageCounter:223098087 on exchange 37531r
09:50:33.328  uart:~$ uart:~$ [00:01:40.094,000] <inf> chip: [EM]>>> [E:37531r S:31644 M:223098087] (S) Msg RX from 1:0000000033CFE2F6 [4145] to 00000000DCF2A6E2 --- Type 0001:08 (IM:InvokeCommandRequest) (B:349)
09:50:33.348  uart:~$ uart:~$ [00:01:40.094,000] <dbg> chip.LogV: [EM]Found matching exchange: 37531r, Delegate: 0
09:50:33.378  uart:~$ uart:~$ [00:01:40.094,000] <dbg> chip.LogV: [EM]Forcing tx of solitary ack for duplicate MessageCounter:223098087 on exchange 37531r
09:50:33.454  uart:~$ uart:~$ [00:01:40.369,000] <inf> chip: [EM]<<< [E:37531r S:31644 M:228593629 (Ack:223098087)] (S) Msg TX from 00000000DCF2A6E2 to 1:0000000033CFE2F6 [4145] [UDP:[fe80::1c59:aaca:1932:e904%ETH_W5500]:51433] --- Type 0000:10 (SecureChannel:StandaloneAck) (B:34)
09:50:33.484  uart:~$ uart:~$ [00:01:40.377,000] <inf> chip: [EM]<<1 [E:37531r S:31644 M:228593627] (S) Msg Retransmission to 1:0000000033CFE2F6
09:50:33.514  uart:~$ uart:~$ [00:01:40.385,000] <inf> chip: [EM]??2 [E:37531r S:31644 M:228593627] (S) Msg Retransmission to 1:0000000033CFE2F6 scheduled for 330ms from now [State:Active II:500 AI:300 AT:4000]
09:50:33.544  uart:~$ uart:~$ [00:01:40.387,000] <dbg> chip.LogV: [IN]Received a duplicate message with MessageCounter:223098087 on exchange 37531r
09:50:33.584  uart:~$ uart:~$ [00:01:40.388,000] <inf> chip: [EM]>>> [E:37531r S:31644 M:223098087] (S) Msg RX from 1:0000000033CFE2F6 [4145] to 00000000DCF2A6E2 --- Type 0001:08 (IM:InvokeCommandRequest) (B:349)
09:50:33.604  uart:~$ uart:~$ [00:01:40.388,000] <dbg> chip.LogV: [EM]Found matching exchange: 37531r, Delegate: 0
09:50:33.624  uart:~$ uart:~$ [00:01:40.388,000] <dbg> chip.LogV: [EM]Forcing tx of solitary ack for duplicate MessageCounter:223098087 on exchange 37531r
09:50:33.675  uart:~$ uart:~$ [00:01:40.389,000] <inf> chip: [EM]<<< [E:37531r S:31644 M:228593630 (Ack:223098087)] (S) Msg TX from 00000000DCF2A6E2 to 1:0000000033CFE2F6 [4145] [UDP:[fe80::1c59:aaca:1932:e904%ETH_W5500]:51433] --- Type 0000:10 (SecureChannel:StandaloneAck) (B:34)
09:50:33.705  uart:~$ uart:~$ [00:01:40.399,000] <dbg> chip.LogV: [IN]Received a duplicate message with MessageCounter:223098087 on exchange 37531r
09:50:33.736  uart:~$ uart:~$ [00:01:40.399,000] <inf> chip: [EM]>>> [E:37531r S:31644 M:223098087] (S) Msg RX from 1:0000000033CFE2F6 [4145] to 00000000DCF2A6E2 --- Type 0001:08 (IM:InvokeCommandRequest) (B:349)
09:50:33.792  uart:~$ uart:~$ [00:01:40.727,000] <dbg> chip.LogV: [EM]Found matching exchange: 37531r, Delegate: 0
09:50:33.812  uart:~$ uart:~$ [00:01:40.727,000] <dbg> chip.LogV: [EM]Forcing tx of solitary ack for duplicate MessageCounter:223098087 on exchange 37531r
09:50:33.862  uart:~$ uart:~$ [00:01:40.729,000] <inf> chip: [EM]<<< [E:37531r S:31644 M:228593631 (Ack:223098087)] (S) Msg TX from 00000000DCF2A6E2 to 1:0000000033CFE2F6 [4145] [UDP:[fe80::1c59:aaca:1932:e904%ETH_W5500]:51433] --- Type 0000:10 (SecureChannel:StandaloneAck) (B:34)
09:50:33.882  uart:~$ uart:~$ [00:01:40.737,000] <inf> chip: [EM]<<2 [E:37531r S:31644 M:228593627] (S) Msg Retransmission to 1:0000000033CFE2F6
09:50:33.924  uart:~$ uart:~$ [00:01:40.745,000] <inf> chip: [EM]??3 [E:37531r S:31644 M:228593627] (S) Msg Retransmission to 1:0000000033CFE2F6 scheduled for 535ms from now [State:Active II:500 AI:300 AT:4000]
09:50:33.954  uart:~$ uart:~$ [00:01:40.745,000] <inf> chip: [EM]<<1 [E:25094i S:31644 M:228593628] (S) Msg Retransmission to 1:0000000033CFE2F6
09:50:33.994  uart:~$ uart:~$ [00:01:40.758,000] <inf> chip: [EM]??2 [E:25094i S:31644 M:228593628] (S) Msg Retransmission to 1:0000000033CFE2F6 scheduled for 337ms from now [State:Active II:500 AI:300 AT:4000]
09:50:34.024  uart:~$ uart:~$ [00:01:40.760,000] <inf> chip: [EM]>>> [E:37531r S:31644 M:223098088 (Ack:228593627)] (S) Msg RX from 1:0000000033CFE2F6 [4145] to 00000000DCF2A6E2 --- Type 0000:10 (SecureChannel:StandaloneAck) (B:34)
09:50:34.044  uart:~$ uart:~$ [00:01:40.760,000] <dbg> chip.LogV: [EM]Found matching exchange: 37531r, Delegate: 0
09:50:34.074  uart:~$ uart:~$ [00:01:40.760,000] <dbg> chip.LogV: [EM]Rxd Ack; Removing MessageCounter:228593627 from Retrans Table on exchange 37531r
09:50:34.201  uart:~$ uart:~$ [00:01:41.067,000] <inf> chip: [EM]>>> [E:37532r S:0 M:259948095] (U) Msg RX from 0:412414442C7F12E2 [0000] to 0000000000000000 --- Type 0000:30 (SecureChannel:CASE_Sigma1) (B:196)
09:50:34.221  uart:~$ uart:~$ [00:01:41.068,000] <dbg> chip.LogV: [EM]Handling via exchange: 37532r, Delegate: 0x700025c0
09:50:34.241  uart:~$ uart:~$ [00:01:41.068,000] <inf> chip: [IN]CASE Server received Sigma1 message . Starting handshake. EC 0x70003170
09:50:34.291  uart:~$ uart:~$ [00:01:41.069,000] <inf> chip: [EM]<<< [E:37532r S:0 M:133067086 (Ack:259948095)] (U) Msg TX from 0000000000000000 to 0:412414442C7F12E2 [0000] [UDP:[fe80::1c59:aaca:1932:e904%ETH_W5500]:51433] --- Type 0000:10 (SecureChannel:StandaloneAck) (B:26)
09:50:34.322  uart:~$ uart:~$ [00:01:41.076,000] <dbg> chip.LogV: [EM]Flushed pending ack for MessageCounter:259948095 on exchange 37532r
09:50:34.332  uart:~$ uart:~$ [00:01:41.076,000] <inf> chip: [SC]Received Sigma1 msg
09:50:34.353  uart:~$ uart:~$ [00:01:41.076,000] <dbg> chip.LogV: [SC]Found MRP parameters in the message
09:50:34.373  uart:~$ uart:~$ [00:01:41.077,000] <dbg> chip.LogV: [SC]Peer (Initiator) assigned session ID 46165
09:50:34.393  uart:~$ uart:~$ [00:01:41.095,000] <inf> chip: [SC]CASE matched destination ID: fabricIndex 2, NodeID 0x00000000E08AF3D9
09:50:34.436  uart:~$ uart:~$ [00:01:41.156,000] <dbg> chip.LogV: [CR]AES_CCM_encrypt: Using aad == null path
09:50:34.520  uart:~$ uart:~$ [00:01:41.428,000] <inf> chip: [EM]<<< [E:37532r S:0 M:133067087 (Ack:259948095)] (U) Msg TX from 0000000000000000 to 0:412414442C7F12E2 [0000] [UDP:[fe80::1c59:aaca:1932:e904%ETH_W5500]:51433] --- Type 0000:31 (SecureChannel:CASE_Sigma2) (B:534)
09:50:34.562  uart:~$ uart:~$ [00:01:41.445,000] <inf> chip: [EM]??1 [E:37532r S:0 M:133067087] (U) Msg Retransmission to 0:0000000000000000 scheduled for 358ms from now [State:Active II:500 AI:300 AT:4000]
09:50:34.572  uart:~$ uart:~$ [00:01:41.446,000] <inf> chip: [SC]Sent Sigma2 msg
09:50:34.603  uart:~$ uart:~$ [00:01:41.447,000] <inf> chip: [EM]<<2 [E:25094i S:31644 M:228593628] (S) Msg Retransmission to 1:0000000033CFE2F6
09:50:34.633  uart:~$ uart:~$ [00:01:41.459,000] <inf> chip: [EM]??3 [E:25094i S:31644 M:228593628] (S) Msg Retransmission to 1:0000000033CFE2F6 scheduled for 588ms from now [State:Active II:500 AI:300 AT:4000]
09:50:34.673  uart:~$ uart:~$ [00:01:41.461,000] <inf> chip: [EM]>>> [E:25094i S:31644 M:223098089 (Ack:228593628)] (S) Msg RX from 1:0000000033CFE2F6 [4145] to 00000000DCF2A6E2 --- Type 0001:01 (IM:StatusResponse) (B:42)
09:50:34.693  uart:~$ uart:~$ [00:01:41.461,000] <dbg> chip.LogV: [EM]Found matching exchange: 25094i, Delegate: 0x200161e8
09:50:34.723  uart:~$ uart:~$ [00:01:41.462,000] <dbg> chip.LogV: [EM]Rxd Ack; Removing MessageCounter:228593628 from Retrans Table on exchange 25094i
09:50:34.743  uart:~$ uart:~$ [00:01:41.463,000] <inf> chip: [IM]Received status response, status is 0x00
09:50:34.764  uart:~$ uart:~$ [00:01:41.463,000] <dbg> chip.LogV: [DMG]<RE> OnReportConfirm: NumReports = 0
09:50:34.806  uart:~$ uart:~$ [00:01:41.750,000] <dbg> chip.LogV: [DMG]IM RH moving to [CanStartReporting]
09:50:34.847  uart:~$ uart:~$ [00:01:41.753,000] <inf> chip: [EM]<<< [E:25094i S:31644 M:228593632 (Ack:223098089)] (S) Msg TX from 00000000DCF2A6E2 to 1:0000000033CFE2F6 [4145] [UDP:[fe80::1c59:aaca:1932:e904%ETH_W5500]:51433] --- Type 0000:10 (SecureChannel:StandaloneAck) (B:34)
09:50:34.877  uart:~$ uart:~$ [00:01:41.759,000] <dbg> chip.LogV: [EM]Flushed pending ack for MessageCounter:223098089 on exchange 25094i
09:50:34.917  uart:~$ uart:~$ [00:01:41.763,000] <inf> chip: [EM]>>> [E:37531r S:31644 M:223098090 (Ack:228593627)] (S) Msg RX from 1:0000000033CFE2F6 [4145] to 00000000DCF2A6E2 --- Type 0000:10 (SecureChannel:StandaloneAck) (B:34)
09:50:34.937  uart:~$ uart:~$ [00:01:41.764,000] <dbg> chip.LogV: [IN]Received a duplicate message with MessageCounter:223098089 on exchange 25094i
09:50:34.978  uart:~$ uart:~$ [00:01:41.765,000] <inf> chip: [EM]>>> [E:25094i S:31644 M:223098089 (Ack:228593628)] (S) Msg RX from 1:0000000033CFE2F6 [4145] to 00000000DCF2A6E2 --- Type 0001:01 (IM:StatusResponse) (B:42)
09:50:34.998  uart:~$ uart:~$ [00:01:41.765,000] <dbg> chip.LogV: [EM]Generating StandaloneAck via exchange: 25094i
09:50:35.028  uart:~$ uart:~$ [00:01:41.765,000] <dbg> chip.LogV: [EM]Forcing tx of solitary ack for duplicate MessageCounter:223098089 on exchange 25094i
09:50:35.068  uart:~$ uart:~$ [00:01:41.767,000] <inf> chip: [EM]<<< [E:25094i S:31644 M:228593633 (Ack:223098089)] (S) Msg TX from 00000000DCF2A6E2 to 1:0000000033CFE2F6 [4145] [UDP:[fe80::1c59:aaca:1932:e904%ETH_W5500]:51433] --- Type 0000:10 (SecureChannel:StandaloneAck) (B:34)
09:50:35.098  uart:~$ uart:~$ [00:01:41.775,000] <dbg> chip.LogV: [IN]Received a duplicate message with MessageCounter:259948095 on exchange 37532r
09:50:35.153  uart:~$ uart:~$ [00:01:42.086,000] <inf> chip: [EM]>>> [E:37532r S:0 M:259948095] (U) Msg RX from 0:412414442C7F12E2 [0000] to 0000000000000000 --- Type 0000:30 (SecureChannel:CASE_Sigma1) (B:196)
09:50:35.183  uart:~$ uart:~$ [00:01:42.087,000] <dbg> chip.LogV: [EM]Found matching exchange: 37532r, Delegate: 0x700025dc
09:50:35.213  uart:~$ uart:~$ [00:01:42.087,000] <dbg> chip.LogV: [EM]Forcing tx of solitary ack for duplicate MessageCounter:259948095 on exchange 37532r
09:50:35.264  uart:~$ uart:~$ [00:01:42.088,000] <inf> chip: [EM]<<< [E:37532r S:0 M:133067088 (Ack:259948095)] (U) Msg TX from 0000000000000000 to 0:412414442C7F12E2 [0000] [UDP:[fe80::1c59:aaca:1932:e904%ETH_W5500]:51433] --- Type 0000:10 (SecureChannel:StandaloneAck) (B:26)
09:50:35.284  uart:~$ uart:~$ [00:01:42.095,000] <inf> chip: [EM]<<1 [E:37532r S:0 M:133067087] (U) Msg Retransmission to 0:0000000000000000
09:50:35.314  uart:~$ uart:~$ [00:01:42.112,000] <inf> chip: [EM]??2 [E:37532r S:0 M:133067087] (U) Msg Retransmission to 0:0000000000000000 scheduled for 370ms from now [State:Active II:500 AI:300 AT:4000]
09:50:35.344  uart:~$ uart:~$ [00:01:42.114,000] <dbg> chip.LogV: [IN]Received a duplicate message with MessageCounter:223098089 on exchange 25094i
09:50:35.374  uart:~$ uart:~$ [00:01:42.114,000] <inf> chip: [EM]>>> [E:25094i S:31644 M:223098089 (Ack:228593628)] (S) Msg RX from 1:0000000033CFE2F6 [4145] to 00000000DCF2A6E2 --- Type 0001:01 (IM:StatusResponse) (B:42)
09:50:35.404  uart:~$ uart:~$ [00:01:42.114,000] <dbg> chip.LogV: [EM]Generating StandaloneAck via exchange: 25094i
09:50:35.425  uart:~$ uart:~$ [00:01:42.115,000] <dbg> chip.LogV: [EM]Forcing tx of solitary ack for duplicate MessageCounter:223098089 on exchange 25094i
09:50:35.500  uart:~$ uart:~$ [00:01:42.419,000] <inf> chip: [EM]<<< [E:25094i S:31644 M:228593634 (Ack:223098089)] (S) Msg TX from 00000000DCF2A6E2 to 1:0000000033CFE2F6 [4145] [UDP:[fe80::1c59:aaca:1932:e904%ETH_W5500]:51433] --- Type 0000:10 (SecureChannel:StandaloneAck) (B:34)
09:50:35.540  uart:~$ uart:~$ [00:01:42.428,000] <inf> chip: [EM]>>> [E:37531r S:31644 M:223098091 (Ack:228593627)] (S) Msg RX from 1:0000000033CFE2F6 [4145] to 00000000DCF2A6E2 --- Type 0000:10 (SecureChannel:StandaloneAck) (B:34)
09:50:35.581  uart:~$ uart:~$ [00:01:42.430,000] <inf> chip: [EM]>>> [E:25094i S:31644 M:223098092 (Ack:228593628)] (S) Msg RX from 1:0000000033CFE2F6 [4145] to 00000000DCF2A6E2 --- Type 0000:10 (SecureChannel:StandaloneAck) (B:34)
09:50:35.601  uart:~$ uart:~$ [00:01:42.431,000] <dbg> chip.LogV: [IN]Received a duplicate message with MessageCounter:259948095 on exchange 37532r
09:50:35.641  uart:~$ uart:~$ [00:01:42.432,000] <inf> chip: [EM]>>> [E:37532r S:0 M:259948095] (U) Msg RX from 0:412414442C7F12E2 [0000] to 0000000000000000 --- Type 0000:30 (SecureChannel:CASE_Sigma1) (B:196)
09:50:35.661  uart:~$ uart:~$ [00:01:42.432,000] <dbg> chip.LogV: [EM]Found matching exchange: 37532r, Delegate: 0x700025dc
09:50:35.691  uart:~$ uart:~$ [00:01:42.432,000] <dbg> chip.LogV: [EM]Forcing tx of solitary ack for duplicate MessageCounter:259948095 on exchange 37532r
09:50:35.731  uart:~$ uart:~$ [00:01:42.433,000] <inf> chip: [EM]<<< [E:37532r S:0 M:133067089 (Ack:259948095)] (U) Msg TX from 0000000000000000 to 0:412414442C7F12E2 [0000] [UDP:[fe80::1c59:aaca:1932:e904%ETH_W5500]:51433] --- Type 0000:10 (SecureChannel:StandaloneAck) (B:26)
09:50:35.751  uart:~$ uart:~$ [00:01:42.441,000] <dbg> chip.LogV: [IN]Received a duplicate message with MessageCounter:223098089 on exchange 25094i
09:50:35.792  uart:~$ uart:~$ [00:01:42.442,000] <inf> chip: [EM]>>> [E:25094i S:31644 M:223098089 (Ack:228593628)] (S) Msg RX from 1:0000000033CFE2F6 [4145] to 00000000DCF2A6E2 --- Type 0001:01 (IM:StatusResponse) (B:42)
09:50:35.859  uart:~$ uart:~$ [00:01:42.784,000] <dbg> chip.LogV: [EM]Generating StandaloneAck via exchange: 25094i
09:50:35.879  uart:~$ uart:~$ [00:01:42.785,000] <dbg> chip.LogV: [EM]Forcing tx of solitary ack for duplicate MessageCounter:223098089 on exchange 25094i
09:50:35.929  uart:~$ uart:~$ [00:01:42.786,000] <inf> chip: [EM]<<< [E:25094i S:31644 M:228593635 (Ack:223098089)] (S) Msg TX from 00000000DCF2A6E2 to 1:0000000033CFE2F6 [4145] [UDP:[fe80::1c59:aaca:1932:e904%ETH_W5500]:51433] --- Type 0000:10 (SecureChannel:StandaloneAck) (B:34)
09:50:35.950  uart:~$ uart:~$ [00:01:42.793,000] <inf> chip: [EM]<<2 [E:37532r S:0 M:133067087] (U) Msg Retransmission to 0:0000000000000000
09:50:35.990  uart:~$ uart:~$ [00:01:42.817,000] <inf> chip: [EM]??3 [E:37532r S:0 M:133067087] (U) Msg Retransmission to 0:0000000000000000 scheduled for 572ms from now [State:Active II:500 AI:300 AT:4000]
09:50:36.030  uart:~$ uart:~$ [00:01:42.818,000] <inf> chip: [EM]>>> [E:37532r S:0 M:259948096 (Ack:133067087)] (U) Msg RX from 0:412414442C7F12E2 [0000] to 0000000000000000 --- Type 0000:32 (SecureChannel:CASE_Sigma3) (B:378)
09:50:36.050  uart:~$ uart:~$ [00:01:42.818,000] <dbg> chip.LogV: [EM]Found matching exchange: 37532r, Delegate: 0x700025dc
09:50:36.070  uart:~$ uart:~$ [00:01:42.819,000] <dbg> chip.LogV: [EM]Rxd Ack; Removing MessageCounter:133067087 from Retrans Table on exchange 37532r
09:50:36.121  uart:~$ uart:~$ [00:01:42.820,000] <inf> chip: [EM]<<< [E:37532r S:0 M:133067090 (Ack:259948096)] (U) Msg TX from 0000000000000000 to 0:412414442C7F12E2 [0000] [UDP:[fe80::1c59:aaca:1932:e904%ETH_W5500]:51433] --- Type 0000:10 (SecureChannel:StandaloneAck) (B:26)
09:50:36.141  uart:~$ uart:~$ [00:01:42.826,000] <dbg> chip.LogV: [EM]Flushed pending ack for MessageCounter:259948096 on exchange 37532r
09:50:36.229  uart:~$ uart:~$ [00:01:43.136,000] <inf> chip: [SC]Received Sigma3 msg
09:50:36.259  uart:~$ uart:~$ [00:01:43.139,000] <dbg> chip.LogV: [CR]AES_CCM_decrypt: Using aad == null path
09:50:36.290  uart:~$ uart:~$ [00:01:43.140,000] <err> chip: [SC]The device does not support GetClock_RealTimeMS() API: 3.  Falling back to Last Known Good UTC Time
09:50:36.310  uart:~$ uart:~$ [00:01:43.197,000] <dbg> chip.LogV: [SC]Sending status report. Protocol code 0, exchange 37532
09:50:36.350  uart:~$ uart:~$ [00:01:43.198,000] <inf> chip: [EM]<<< [E:37532r S:0 M:133067091 (Ack:259948096)] (U) Msg TX from 0000000000000000 to 0:412414442C7F12E2 [0000] [UDP:[fe80::1c59:aaca:1932:e904%ETH_W5500]:51433] --- Type 0000:40 (SecureChannel:StatusReport) (B:34)
09:50:36.390  uart:~$ uart:~$ [00:01:43.204,000] <inf> chip: [EM]??1 [E:37532r S:0 M:133067091] (U) Msg Retransmission to 0:0000000000000000 scheduled for 357ms from now [State:Active II:500 AI:300 AT:4000]
09:50:36.410  uart:~$ uart:~$ [00:01:43.207,000] <inf> chip: [SC]SecureSession[0x700018d8, LSID:31646]: State change 'kEstablishing' --> 'kActive'
09:50:36.440  uart:~$ uart:~$ [00:01:43.207,000] <dbg> chip.LogV: [IN]SecureSession[0x700018d8]: Activated - Type:2 LSID:31646
09:50:36.460  uart:~$ uart:~$ [00:01:43.208,000] <dbg> chip.LogV: [IN]New secure session activated for device <00000000D35B173B, 2>, LSID:31646 PSID:46165!
09:50:36.480  uart:~$ uart:~$ [00:01:43.208,000] <inf> chip: [IN]CASE Session established to peer: <00000000D35B173B, 2>
09:50:36.522  uart:~$ uart:~$ [00:01:43.476,000] <dbg> chip.LogV: [IN]SecureSession[0x70001800]: Allocated Type:2 LSID:31647
09:50:36.542  uart:~$ uart:~$ [00:01:43.477,000] <dbg> chip.LogV: [SC]Allocated SecureSession (0x70001800) - waiting for Sigma1 msg
09:50:36.562  uart:~$ uart:~$ [00:01:43.477,000] <err> chip: [DL]Long dispatch time: 294 ms, for event type 2
09:50:36.603  uart:~$ uart:~$ [00:01:43.479,000] <inf> chip: [EM]>>> [E:25094i S:31644 M:223098093 (Ack:228593628)] (S) Msg RX from 1:0000000033CFE2F6 [4145] to 00000000DCF2A6E2 --- Type 0000:10 (SecureChannel:StandaloneAck) (B:34)
09:50:36.633  uart:~$ uart:~$ [00:01:43.481,000] <dbg> chip.LogV: [IN]Received a duplicate message with MessageCounter:259948096 on exchange 37532r
09:50:36.663  uart:~$ uart:~$ [00:01:43.481,000] <inf> chip: [EM]>>> [E:37532r S:0 M:259948096 (Ack:133067087)] (U) Msg RX from 0:412414442C7F12E2 [0000] to 0000000000000000 --- Type 0000:32 (SecureChannel:CASE_Sigma3) (B:378)
09:50:36.683  uart:~$ uart:~$ [00:01:43.481,000] <dbg> chip.LogV: [EM]Found matching exchange: 37532r, Delegate: 0
09:50:36.713  uart:~$ uart:~$ [00:01:43.481,000] <dbg> chip.LogV: [EM]Forcing tx of solitary ack for duplicate MessageCounter:259948096 on exchange 37532r
09:50:36.764  uart:~$ uart:~$ [00:01:43.482,000] <inf> chip: [EM]<<< [E:37532r S:0 M:133067092 (Ack:259948096)] (U) Msg TX from 0000000000000000 to 0:412414442C7F12E2 [0000] [UDP:[fe80::1c59:aaca:1932:e904%ETH_W5500]:51433] --- Type 0000:10 (SecureChannel:StandaloneAck) (B:26)
09:50:36.794  uart:~$ uart:~$ [00:01:43.490,000] <inf> chip: [EM]>>> [E:37532r S:0 M:259948097 (Ack:133067087)] (U) Msg RX from 0:412414442C7F12E2 [0000] to 0000000000000000 --- Type 0000:10 (SecureChannel:StandaloneAck) (B:26)
09:50:36.837  uart:~$ uart:~$ [00:01:43.788,000] <dbg> chip.LogV: [EM]Found matching exchange: 37532r, Delegate: 0
09:50:36.858  uart:~$ uart:~$ [00:01:43.788,000] <dbg> chip.LogV: [EM]CHIP MessageCounter:133067087 not in RetransTable on exchange 37532r
09:50:36.888  uart:~$ uart:~$ [00:01:43.789,000] <inf> chip: [EM]<<1 [E:37532r S:0 M:133067091] (U) Msg Retransmission to 0:0000000000000000
09:50:36.918  uart:~$ uart:~$ [00:01:43.796,000] <inf> chip: [EM]??2 [E:37532r S:0 M:133067091] (U) Msg Retransmission to 0:0000000000000000 scheduled for 341ms from now [State:Active II:500 AI:300 AT:4000]
09:50:36.949  uart:~$ uart:~$ [00:01:43.797,000] <dbg> chip.LogV: [IN]Received a duplicate message with MessageCounter:259948096 on exchange 37532r
09:50:36.990  uart:~$ uart:~$ [00:01:43.797,000] <inf> chip: [EM]>>> [E:37532r S:0 M:259948096 (Ack:133067087)] (U) Msg RX from 0:412414442C7F12E2 [0000] to 0000000000000000 --- Type 0000:32 (SecureChannel:CASE_Sigma3) (B:378)
09:50:37.010  uart:~$ uart:~$ [00:01:43.797,000] <dbg> chip.LogV: [EM]Found matching exchange: 37532r, Delegate: 0
09:50:37.040  uart:~$ uart:~$ [00:01:43.798,000] <dbg> chip.LogV: [EM]Forcing tx of solitary ack for duplicate MessageCounter:259948096 on exchange 37532r
09:50:37.080  uart:~$ uart:~$ [00:01:43.798,000] <inf> chip: [EM]<<< [E:37532r S:0 M:133067093 (Ack:259948096)] (U) Msg TX from 0000000000000000 to 0:412414442C7F12E2 [0000] [UDP:[fe80::1c59:aaca:1932:e904%ETH_W5500]:51433] --- Type 0000:10 (SecureChannel:StandaloneAck) (B:26)
09:50:37.111  uart:~$ uart:~$ [00:01:43.806,000] <dbg> chip.LogV: [IN]Received a duplicate message with MessageCounter:259948096 on exchange 37532r
09:50:37.164  uart:~$ uart:~$ [00:01:44.099,000] <inf> chip: [EM]>>> [E:37532r S:0 M:259948096 (Ack:133067087)] (U) Msg RX from 0:412414442C7F12E2 [0000] to 0000000000000000 --- Type 0000:32 (SecureChannel:CASE_Sigma3) (B:378)
09:50:37.184  uart:~$ uart:~$ [00:01:44.100,000] <dbg> chip.LogV: [EM]Found matching exchange: 37532r, Delegate: 0
09:50:37.204  uart:~$ uart:~$ [00:01:44.100,000] <dbg> chip.LogV: [EM]Forcing tx of solitary ack for duplicate MessageCounter:259948096 on exchange 37532r
09:50:37.254  uart:~$ uart:~$ [00:01:44.101,000] <inf> chip: [EM]<<< [E:37532r S:0 M:133067094 (Ack:259948096)] (U) Msg TX from 0000000000000000 to 0:412414442C7F12E2 [0000] [UDP:[fe80::1c59:aaca:1932:e904%ETH_W5500]:51433] --- Type 0000:10 (SecureChannel:StandaloneAck) (B:26)
09:50:37.284  uart:~$ uart:~$ [00:01:44.109,000] <inf> chip: [EM]>>> [E:37532r S:0 M:259948098 (Ack:133067087)] (U) Msg RX from 0:412414442C7F12E2 [0000] to 0000000000000000 --- Type 0000:10 (SecureChannel:StandaloneAck) (B:26)
09:50:37.304  uart:~$ uart:~$ [00:01:44.109,000] <dbg> chip.LogV: [EM]Found matching exchange: 37532r, Delegate: 0
09:50:37.335  uart:~$ uart:~$ [00:01:44.109,000] <dbg> chip.LogV: [EM]CHIP MessageCounter:133067087 not in RetransTable on exchange 37532r
09:50:37.365  uart:~$ uart:~$ [00:01:44.112,000] <inf> chip: [EM]>>> [E:37533r S:31646 M:181201068] (S) Msg RX from 2:00000000D35B173B [7E6D] to 00000000E08AF3D9 --- Type 0001:08 (IM:InvokeCommandRequest) (B:59)
09:50:37.385  uart:~$ uart:~$ [00:01:44.112,000] <dbg> chip.LogV: [EM]Handling via exchange: 37533r, Delegate: 0x20014644
09:50:37.415  uart:~$ uart:~$ [00:01:44.114,000] <dbg> chip.LogV: [DMG]Received command for Endpoint=0 Cluster=0x0000_0030 Command=0x0000_0004
09:50:37.672  uart:~$ uart:~$ [00:01:44.406,000] <inf> chip: [FS]GeneralCommissioning: Received CommissioningComplete
09:50:37.693  uart:~$ uart:~$ [00:01:44.412,000] <inf> chip: [FP]Metadata for Fabric 0x2 persisted to storage.
09:50:37.713  uart:~$ uart:~$ [00:01:44.627,000] <inf> chip: [TS]Committing Last Known Good Time to storage: 2026-09-15T06:50:31
09:50:37.753  uart:~$ uart:~$ [00:01:44.632,000] <inf> chip: [ZCL]OpCreds: Fabric index 0x2 was committed to storage. Compressed Fabric Id 0x0276B5DAA1937E6D, FabricId 0000000039C07483, NodeId 00000000E08AF3D9, VendorId 0x1384
09:50:37.773  uart:~$ uart:~$ [00:01:44.639,000] <inf> chip: [FS]GeneralCommissioning: Successfully committed pending fabric data
09:50:37.793  uart:~$ uart:~$ [00:01:44.639,000] <inf> chip: [FS]Fail-safe cleanly disarmed
09:50:37.813  uart:~$ uart:~$ [00:01:44.639,000] <dbg> chip.LogV: [DMG]Command handler moving to [NewRespons]
09:50:37.833  uart:~$ uart:~$ [00:01:44.640,000] <dbg> chip.LogV: [DMG]Command handler moving to [ Preparing]
09:50:37.853  uart:~$ uart:~$ [00:01:44.640,000] <dbg> chip.LogV: [DMG]Command handler moving to [AddingComm]
09:50:37.874  uart:~$ uart:~$ [00:01:44.640,000] <dbg> chip.LogV: [DMG]Command handler moving to [AddedComma]
09:50:37.917  uart:~$ uart:~$ [00:01:44.862,000] <dbg> chip.LogV: [DMG]Decreasing reference count for CommandHandlerImpl, remaining 1
09:50:37.937  uart:~$ uart:~$ [00:01:44.863,000] <dbg> chip.LogV: [DMG]Decreasing reference count for CommandHandlerImpl, remaining 0
09:50:37.957  uart:~$ uart:~$ [00:01:44.863,000] <dbg> chip.LogV: [DMG]Command handler moving to [AwaitingDe]
09:50:38.018  uart:~$ uart:~$ [00:01:44.864,000] <inf> chip: [EM]<<< [E:37533r S:31646 M:121557900 (Ack:181201068)] (S) Msg TX from 00000000E08AF3D9 to 2:00000000D35B173B [7E6D] [UDP:[fe80::1c59:aaca:1932:e904%ETH_W5500]:51433] --- Type 0001:09 (IM:InvokeCommandResponse) (B:70)
09:50:38.048  uart:~$ uart:~$ [00:01:44.872,000] <inf> chip: [EM]??1 [E:37533r S:31646 M:121557900] (S) Msg Retransmission to 2:00000000D35B173B scheduled for 370ms from now [State:Active II:500 AI:300 AT:4000]
09:50:38.068  uart:~$ uart:~$ [00:01:44.872,000] <dbg> chip.LogV: [DMG]Command response sender moving to [AllInvokeR]
09:50:38.098  uart:~$ uart:~$ [00:01:44.873,000] <inf> chip: [EM]<<2 [E:37532r S:0 M:133067091] (U) Msg Retransmission to 0:0000000000000000
09:50:38.129  uart:~$ uart:~$ [00:01:44.880,000] <inf> chip: [EM]??3 [E:37532r S:0 M:133067091] (U) Msg Retransmission to 0:0000000000000000 scheduled for 588ms from now [State:Active II:500 AI:300 AT:4000]
09:50:38.169  uart:~$ uart:~$ [00:01:44.881,000] <inf> chip: [EM]>>> [E:37532r S:0 M:259948099 (Ack:133067091)] (U) Msg RX from 0:412414442C7F12E2 [0000] to 0000000000000000 --- Type 0000:10 (SecureChannel:StandaloneAck) (B:26)
09:50:38.190  uart:~$ uart:~$ [00:01:44.882,000] <dbg> chip.LogV: [EM]Found matching exchange: 37532r, Delegate: 0
09:50:38.222  uart:~$ uart:~$ [00:01:45.178,000] <dbg> chip.LogV: [EM]Rxd Ack; Removing MessageCounter:133067091 from Retrans Table on exchange 37532r
09:50:38.252  uart:~$ uart:~$ [00:01:45.180,000] <dbg> chip.LogV: [IN]Received a duplicate message with MessageCounter:181201068 on exchange 37533r
09:50:38.282  uart:~$ uart:~$ [00:01:45.181,000] <inf> chip: [EM]>>> [E:37533r S:31646 M:181201068] (S) Msg RX from 2:00000000D35B173B [7E6D] to 00000000E08AF3D9 --- Type 0001:08 (IM:InvokeCommandRequest) (B:59)
09:50:38.313  uart:~$ uart:~$ [00:01:45.181,000] <dbg> chip.LogV: [EM]Found matching exchange: 37533r, Delegate: 0
09:50:38.333  uart:~$ uart:~$ [00:01:45.181,000] <dbg> chip.LogV: [EM]Forcing tx of solitary ack for duplicate MessageCounter:181201068 on exchange 37533r
09:50:38.383  uart:~$ uart:~$ [00:01:45.182,000] <inf> chip: [EM]<<< [E:37533r S:31646 M:121557901 (Ack:181201068)] (S) Msg TX from 00000000E08AF3D9 to 2:00000000D35B173B [7E6D] [UDP:[fe80::1c59:aaca:1932:e904%ETH_W5500]:51433] --- Type 0000:10 (SecureChannel:StandaloneAck) (B:34)
09:50:38.403  uart:~$ uart:~$ [00:01:45.191,000] <dbg> chip.LogV: [IN]Received a duplicate message with MessageCounter:181201068 on exchange 37533r
09:50:38.444  uart:~$ uart:~$ [00:01:45.192,000] <inf> chip: [EM]>>> [E:37533r S:31646 M:181201068] (S) Msg RX from 2:00000000D35B173B [7E6D] to 00000000E08AF3D9 --- Type 0001:08 (IM:InvokeCommandRequest) (B:59)
09:50:38.464  uart:~$ uart:~$ [00:01:45.192,000] <dbg> chip.LogV: [EM]Found matching exchange: 37533r, Delegate: 0
09:50:38.495  uart:~$ uart:~$ [00:01:45.192,000] <dbg> chip.LogV: [EM]Forcing tx of solitary ack for duplicate MessageCounter:181201068 on exchange 37533r
09:50:38.560  uart:~$ uart:~$ [00:01:45.483,000] <inf> chip: [EM]<<< [E:37533r S:31646 M:121557902 (Ack:181201068)] (S) Msg TX from 00000000E08AF3D9 to 2:00000000D35B173B [7E6D] [UDP:[fe80::1c59:aaca:1932:e904%ETH_W5500]:51433] --- Type 0000:10 (SecureChannel:StandaloneAck) (B:34)
09:50:38.590  uart:~$ uart:~$ [00:01:45.491,000] <inf> chip: [EM]<<1 [E:37533r S:31646 M:121557900] (S) Msg Retransmission to 2:00000000D35B173B
09:50:38.621  uart:~$ uart:~$ [00:01:45.498,000] <inf> chip: [EM]??2 [E:37533r S:31646 M:121557900] (S) Msg Retransmission to 2:00000000D35B173B scheduled for 356ms from now [State:Active II:500 AI:300 AT:4000]
09:50:38.651  uart:~$ uart:~$ [00:01:45.500,000] <dbg> chip.LogV: [IN]Received a duplicate message with MessageCounter:181201068 on exchange 37533r
09:50:38.692  uart:~$ uart:~$ [00:01:45.500,000] <inf> chip: [EM]>>> [E:37533r S:31646 M:181201068] (S) Msg RX from 2:00000000D35B173B [7E6D] to 00000000E08AF3D9 --- Type 0001:08 (IM:InvokeCommandRequest) (B:59)
09:50:38.712  uart:~$ uart:~$ [00:01:45.500,000] <dbg> chip.LogV: [EM]Found matching exchange: 37533r, Delegate: 0
09:50:38.742  uart:~$ uart:~$ [00:01:45.501,000] <dbg> chip.LogV: [EM]Forcing tx of solitary ack for duplicate MessageCounter:181201068 on exchange 37533r
09:50:38.782  uart:~$ uart:~$ [00:01:45.502,000] <inf> chip: [EM]<<< [E:37533r S:31646 M:121557903 (Ack:181201068)] (S) Msg TX from 00000000E08AF3D9 to 2:00000000D35B173B [7E6D] [UDP:[fe80::1c59:aaca:1932:e904%ETH_W5500]:51433] --- Type 0000:10 (SecureChannel:StandaloneAck) (B:34)
09:50:38.822  uart:~$ uart:~$ [00:01:45.511,000] <inf> chip: [EM]>>> [E:37533r S:31646 M:181201069 (Ack:121557900)] (S) Msg RX from 2:00000000D35B173B [7E6D] to 00000000E08AF3D9 --- Type 0000:10 (SecureChannel:StandaloneAck) (B:34)
09:50:38.843  uart:~$ uart:~$ [00:01:45.511,000] <dbg> chip.LogV: [EM]Found matching exchange: 37533r, Delegate: 0
09:50:38.960  uart:~$ uart:~$ [00:01:45.833,000] <dbg> chip.LogV: [EM]Rxd Ack; Removing MessageCounter:121557900 from Retrans Table on exchange 37533r
09:50:39.001  uart:~$ uart:~$ [00:01:45.835,000] <inf> chip: [EM]>>> [E:37534r S:31646 M:181201070] (S) Msg RX from 2:00000000D35B173B [7E6D] to 00000000E08AF3D9 --- Type 0001:02 (IM:ReadRequest) (B:51)
09:50:39.022  uart:~$ uart:~$ [00:01:45.836,000] <dbg> chip.LogV: [EM]Handling via exchange: 37534r, Delegate: 0x20014644
09:50:39.042  uart:~$ uart:~$ [00:01:45.836,000] <dbg> chip.LogV: [IM]Received Read request
09:50:39.062  uart:~$ uart:~$ [00:01:45.837,000] <dbg> chip.LogV: [DMG]IM RH moving to [CanStartReporting]
09:50:39.092  uart:~$ uart:~$ [00:01:45.839,000] <dbg> chip.LogV: [DMG]Building Reports for ReadHandler with LastReportGeneration = 0x00000000 DirtyGeneration = 0x00000000
09:50:39.112  uart:~$ uart:~$ [00:01:45.841,000] <dbg> chip.LogV: [DMG]<RE:Run> Cluster 28, Attribute f is dirty
09:50:39.132  uart:~$ uart:~$ [00:01:45.842,000] <dbg> chip.LogV: [DMG]Reading attribute: Cluster=0x0000_0028 Endpoint=0x0 AttributeId=0x0000_000F (expanded=0)
09:50:39.153  uart:~$ uart:~$ [00:01:45.925,000] <dbg> chip.LogV: [DMG]<RE> Sending report (payload has 43 bytes)...
09:50:39.203  uart:~$ uart:~$ [00:01:45.927,000] <inf> chip: [EM]<<< [E:37534r S:31646 M:121557904 (Ack:181201070)] (S) Msg TX from 00000000E08AF3D9 to 2:00000000D35B173B [7E6D] [UDP:[fe80::1c59:aaca:1932:e904%ETH_W5500]:51433] --- Type 0001:05 (IM:ReportData) (B:77)
09:50:39.255  uart:~$ uart:~$ [00:01:46.200,000] <inf> chip: [EM]??1 [E:37534r S:31646 M:121557904] (S) Msg Retransmission to 2:00000000D35B173B scheduled for 352ms from now [State:Active II:500 AI:300 AT:4000]
09:50:39.275  uart:~$ uart:~$ [00:01:46.201,000] <dbg> chip.LogV: [DMG]<RE> OnReportConfirm: NumReports = 0
09:50:39.295  uart:~$ uart:~$ [00:01:46.201,000] <dbg> chip.LogV: [DMG]<RE> ReportsInFlight = 0 with readHandler 1, RE has no more messages
09:50:39.315  uart:~$ uart:~$ [00:01:46.201,000] <dbg> chip.LogV: [DMG]IM RH moving to [AwaitingDestruction]
09:50:39.335  uart:~$ uart:~$ [00:01:46.201,000] <dbg> chip.LogV: [DMG]All ReadHandler-s are clean, clear GlobalDirtySet
09:50:39.366  uart:~$ uart:~$ [00:01:46.203,000] <dbg> chip.LogV: [IN]Received a duplicate message with MessageCounter:181201070 on exchange 37534r
09:50:39.396  uart:~$ uart:~$ [00:01:46.203,000] <inf> chip: [EM]>>> [E:37534r S:31646 M:181201070] (S) Msg RX from 2:00000000D35B173B [7E6D] to 00000000E08AF3D9 --- Type 0001:02 (IM:ReadRequest) (B:51)
09:50:39.416  uart:~$ uart:~$ [00:01:46.203,000] <dbg> chip.LogV: [EM]Found matching exchange: 37534r, Delegate: 0
09:50:39.446  uart:~$ uart:~$ [00:01:46.203,000] <dbg> chip.LogV: [EM]Forcing tx of solitary ack for duplicate MessageCounter:181201070 on exchange 37534r
09:50:39.497  uart:~$ uart:~$ [00:01:46.205,000] <inf> chip: [EM]<<< [E:37534r S:31646 M:121557905 (Ack:181201070)] (S) Msg TX from 00000000E08AF3D9 to 2:00000000D35B173B [7E6D] [UDP:[fe80::1c59:aaca:1932:e904%ETH_W5500]:51433] --- Type 0000:10 (SecureChannel:StandaloneAck) (B:34)
09:50:39.558  uart:~$ uart:~$ [00:01:46.494,000] <inf> chip: [EM]>>> [E:37533r S:31646 M:181201071 (Ack:121557900)] (S) Msg RX from 2:00000000D35B173B [7E6D] to 00000000E08AF3D9 --- Type 0000:10 (SecureChannel:StandaloneAck) (B:34)
09:50:39.578  uart:~$ uart:~$ [00:01:46.496,000] <dbg> chip.LogV: [IN]Received a duplicate message with MessageCounter:181201070 on exchange 37534r
09:50:39.609  uart:~$ uart:~$ [00:01:46.497,000] <inf> chip: [EM]>>> [E:37534r S:31646 M:181201070] (S) Msg RX from 2:00000000D35B173B [7E6D] to 00000000E08AF3D9 --- Type 0001:02 (IM:ReadRequest) (B:51)
09:50:39.629  uart:~$ uart:~$ [00:01:46.497,000] <dbg> chip.LogV: [EM]Found matching exchange: 37534r, Delegate: 0
09:50:39.659  uart:~$ uart:~$ [00:01:46.497,000] <dbg> chip.LogV: [EM]Forcing tx of solitary ack for duplicate MessageCounter:181201070 on exchange 37534r
09:50:39.709  uart:~$ uart:~$ [00:01:46.498,000] <inf> chip: [EM]<<< [E:37534r S:31646 M:121557906 (Ack:181201070)] (S) Msg TX from 00000000E08AF3D9 to 2:00000000D35B173B [7E6D] [UDP:[fe80::1c59:aaca:1932:e904%ETH_W5500]:51433] --- Type 0000:10 (SecureChannel:StandaloneAck) (B:34)
09:50:39.729  uart:~$ uart:~$ [00:01:46.507,000] <dbg> chip.LogV: [IN]Received a duplicate message with MessageCounter:181201070 on exchange 37534r
09:50:39.759  uart:~$ uart:~$ [00:01:46.507,000] <inf> chip: [EM]>>> [E:37534r S:31646 M:181201070] (S) Msg RX from 2:00000000D35B173B [7E6D] to 00000000E08AF3D9 --- Type 0001:02 (IM:ReadRequest) (B:51)
09:50:39.780  uart:~$ uart:~$ [00:01:46.507,000] <dbg> chip.LogV: [EM]Found matching exchange: 37534r, Delegate: 0
09:50:39.810  uart:~$ uart:~$ [00:01:46.508,000] <dbg> chip.LogV: [EM]Forcing tx of solitary ack for duplicate MessageCounter:181201070 on exchange 37534r
09:50:40.044  uart:~$ uart:~$ [00:01:46.804,000] <inf> chip: [EM]<<< [E:37534r S:31646 M:121557907 (Ack:181201070)] (S) Msg TX from 00000000E08AF3D9 to 2:00000000D35B173B [7E6D] [UDP:[fe80::1c59:aaca:1932:e904%ETH_W5500]:51433] --- Type 0000:10 (SecureChannel:StandaloneAck) (B:34)
09:50:40.074  uart:~$ uart:~$ [00:01:46.811,000] <inf> chip: [EM]<<1 [E:37534r S:31646 M:121557904] (S) Msg Retransmission to 2:00000000D35B173B
09:50:40.114  uart:~$ uart:~$ [00:01:46.819,000] <inf> chip: [EM]??2 [E:37534r S:31646 M:121557904] (S) Msg Retransmission to 2:00000000D35B173B scheduled for 357ms from now [State:Active II:500 AI:300 AT:4000]
09:50:40.145  uart:~$ uart:~$ [00:01:46.821,000] <inf> chip: [EM]>>> [E:37534r S:31646 M:181201072 (Ack:121557904)] (S) Msg RX from 2:00000000D35B173B [7E6D] to 00000000E08AF3D9 --- Type 0000:10 (SecureChannel:StandaloneAck) (B:34)
09:50:40.165  uart:~$ uart:~$ [00:01:46.825,000] <dbg> chip.LogV: [EM]Found matching exchange: 37534r, Delegate: 0
09:50:40.195  uart:~$ uart:~$ [00:01:46.826,000] <dbg> chip.LogV: [EM]Rxd Ack; Removing MessageCounter:121557904 from Retrans Table on exchange 37534r
09:50:40.235  uart:~$ uart:~$ [00:01:46.828,000] <inf> chip: [EM]>>> [E:37534r S:31646 M:181201073 (Ack:121557904)] (S) Msg RX from 2:00000000D35B173B [7E6D] to 00000000E08AF3D9 --- Type 0000:10 (SecureChannel:StandaloneAck) (B:34)
09:50:40.265  uart:~$ uart:~$ [00:01:46.979,000] <inf> chip: [EM]>>> [E:37535r S:31644 M:223098094] (S) Msg RX from 1:0000000033CFE2F6 [4145] to 00000000DCF2A6E2 --- Type 0001:08 (IM:InvokeCommandRequest) (B:75)
09:50:40.286  uart:~$ uart:~$ [00:01:46.980,000] <dbg> chip.LogV: [EM]Handling via exchange: 37535r, Delegate: 0x20014644
09:50:40.317  uart:~$ uart:~$ [00:01:46.981,000] <dbg> chip.LogV: [DMG]Received command for Endpoint=0 Cluster=0x0000_003E Command=0x0000_0009
09:50:40.348  uart:~$ uart:~$ [00:01:47.313,000] <inf> chip: [ZCL]OpCreds: Received an UpdateFabricLabel command
09:50:40.368  uart:~$ uart:~$ [00:01:47.316,000] <inf> chip: [FP]Metadata for Fabric 0x1 persisted to storage.
09:50:40.388  uart:~$ uart:~$ [00:01:47.316,000] <dbg> chip.LogV: [DMG]Command handler moving to [NewRespons]
09:50:40.409  uart:~$ uart:~$ [00:01:47.317,000] <dbg> chip.LogV: [DMG]Command handler moving to [ Preparing]
09:50:40.429  uart:~$ uart:~$ [00:01:47.317,000] <dbg> chip.LogV: [DMG]Command handler moving to [AddingComm]
09:50:40.449  uart:~$ uart:~$ [00:01:47.317,000] <dbg> chip.LogV: [DMG]Command handler moving to [AddedComma]
09:50:40.469  uart:~$ uart:~$ [00:01:47.319,000] <dbg> chip.LogV: [DMG]Cannot merge the new path into any existing path, create one.
09:50:40.499  uart:~$ uart:~$ [00:01:47.319,000] <dbg> chip.LogV: [DMG]Decreasing reference count for CommandHandlerImpl, remaining 1
09:50:40.519  uart:~$ uart:~$ [00:01:47.319,000] <dbg> chip.LogV: [DMG]Decreasing reference count for CommandHandlerImpl, remaining 0
09:50:40.539  uart:~$ uart:~$ [00:01:47.319,000] <dbg> chip.LogV: [DMG]Command handler moving to [AwaitingDe]
09:50:40.700  uart:~$ uart:~$ [00:01:47.532,000] <inf> chip: [EM]<<< [E:37535r S:31644 M:228593636 (Ack:223098094)] (S) Msg TX from 00000000DCF2A6E2 to 1:0000000033CFE2F6 [4145] [UDP:[fe80::1c59:aaca:1932:e904%ETH_W5500]:51433] --- Type 0001:09 (IM:InvokeCommandResponse) (B:70)
09:50:40.730  uart:~$ uart:~$ [00:01:47.540,000] <inf> chip: [EM]??1 [E:37535r S:31644 M:228593636] (S) Msg Retransmission to 1:0000000033CFE2F6 scheduled for 399ms from now [State:Active II:500 AI:300 AT:4000]
09:50:40.750  uart:~$ uart:~$ [00:01:47.540,000] <dbg> chip.LogV: [DMG]Command response sender moving to [AllInvokeR]
09:50:40.780  uart:~$ uart:~$ [00:01:47.541,000] <dbg> chip.LogV: [DMG]Building Reports for ReadHandler with LastReportGeneration = 0x0000000E DirtyGeneration = 0x0000000F
09:50:40.800  uart:~$ uart:~$ [00:01:47.547,000] <dbg> chip.LogV: [DMG]<RE:Run> Cluster 3e, Attribute 1 is dirty
09:50:40.831  uart:~$ uart:~$ [00:01:47.549,000] <dbg> chip.LogV: [DMG]Reading attribute: Cluster=0x0000_003E Endpoint=0x0 AttributeId=0x0000_0001 (expanded=1)
09:50:40.851  uart:~$ uart:~$ [00:01:47.603,000] <dbg> chip.LogV: [DMG]Fetched 0 events
09:50:40.871  uart:~$ uart:~$ [00:01:47.603,000] <dbg> chip.LogV: [DMG]<RE> Sending report (payload has 237 bytes)...
09:50:40.911  uart:~$ uart:~$ [00:01:47.605,000] <inf> chip: [EM]<<< [E:25095i S:31644 M:228593637] (S) Msg TX from 00000000DCF2A6E2 to 1:0000000033CFE2F6 [4145] [UDP:[fe80::1c59:aaca:1932:e904%ETH_W5500]:51433] --- Type 0001:05 (IM:ReportData) (B:267)
09:50:40.942  uart:~$ uart:~$ [00:01:47.616,000] <inf> chip: [EM]??1 [E:25095i S:31644 M:228593637] (S) Msg Retransmission to 1:0000000033CFE2F6 scheduled for 407ms from now [State:Active II:500 AI:300 AT:4000]
09:50:40.995  uart:~$ uart:~$ [00:01:47.935,000] <dbg> chip.LogV: [DMG]IM RH moving to [AwaitingReportResponse]
09:50:41.015  uart:~$ uart:~$ [00:01:47.935,000] <dbg> chip.LogV: [DMG]<RE> ReportsInFlight = 1 with readHandler 0, RE has no more messages
09:50:41.035  uart:~$ uart:~$ [00:01:47.935,000] <dbg> chip.LogV: [DMG]All ReadHandler-s are clean, clear GlobalDirtySet
09:50:41.075  uart:~$ uart:~$ [00:01:47.937,000] <inf> chip: [EM]>>> [E:63717r S:0 M:102310652] (U) Msg RX from 0:B6E8AFE5E7901B4C [0000] to 0000000000000000 --- Type 0000:30 (SecureChannel:CASE_Sigma1) (B:196)
09:50:41.095  uart:~$ uart:~$ [00:01:47.937,000] <dbg> chip.LogV: [EM]Handling via exchange: 63717r, Delegate: 0x700025c0
09:50:41.115  uart:~$ uart:~$ [00:01:47.938,000] <inf> chip: [IN]CASE Server received Sigma1 message . Starting handshake. EC 0x70003210
09:50:41.166  uart:~$ uart:~$ [00:01:47.938,000] <inf> chip: [EM]<<< [E:63717r S:0 M:133067095 (Ack:102310652)] (U) Msg TX from 0000000000000000 to 0:B6E8AFE5E7901B4C [0000] [UDP:[fe80::84a:18c1:cea4:c124%ETH_W5500]:52967] --- Type 0000:10 (SecureChannel:StandaloneAck) (B:26)
09:50:41.186  uart:~$ uart:~$ [00:01:47.961,000] <dbg> chip.LogV: [EM]Flushed pending ack for MessageCounter:102310652 on exchange 63717r
09:50:41.206  uart:~$ uart:~$ [00:01:47.961,000] <inf> chip: [SC]Received Sigma1 msg
09:50:41.227  uart:~$ uart:~$ [00:01:47.961,000] <dbg> chip.LogV: [SC]Found MRP parameters in the message
09:50:41.384  uart:~$ uart:~$ [00:01:48.215,000] <dbg> chip.LogV: [SC]Peer (Initiator) assigned session ID 61192
09:50:41.404  uart:~$ uart:~$ [00:01:48.224,000] <inf> chip: [SC]CASE matched destination ID: fabricIndex 1, NodeID 0x00000000DCF2A6E2
09:50:41.424  uart:~$ uart:~$ [00:01:48.294,000] <dbg> chip.LogV: [CR]AES_CCM_encrypt: Using aad == null path
09:50:41.464  uart:~$ uart:~$ [00:01:48.297,000] <inf> chip: [EM]<<< [E:63717r S:0 M:133067096 (Ack:102310652)] (U) Msg TX from 0000000000000000 to 0:B6E8AFE5E7901B4C [0000] [UDP:[fe80::84a:18c1:cea4:c124%ETH_W5500]:52967] --- Type 0000:31 (SecureChannel:CASE_Sigma2) (B:529)
09:50:41.505  uart:~$ uart:~$ [00:01:48.313,000] <inf> chip: [EM]??1 [E:63717r S:0 M:133067096] (U) Msg Retransmission to 0:0000000000000000 scheduled for 364ms from now [State:Active II:500 AI:300 AT:4000]
09:50:41.515  uart:~$ uart:~$ [00:01:48.314,000] <inf> chip: [SC]Sent Sigma2 msg
09:50:41.545  uart:~$ uart:~$ [00:01:48.316,000] <inf> chip: [EM]<<1 [E:37535r S:31644 M:228593636] (S) Msg Retransmission to 1:0000000033CFE2F6
09:50:41.576  uart:~$ uart:~$ [00:01:48.332,000] <inf> chip: [EM]??2 [E:37535r S:31644 M:228593636] (S) Msg Retransmission to 1:0000000033CFE2F6 scheduled for 391ms from now [State:Active II:500 AI:300 AT:4000]
09:50:41.628  uart:~$ uart:~$ [00:01:48.333,000] <inf> chip: [EM]<<1 [E:25095i S:31644 M:228593637] (S) Msg Retransmission to 1:0000000033CFE2F6
09:50:41.669  uart:~$ uart:~$ [00:01:48.352,000] <inf> chip: [EM]??2 [E:25095i S:31644 M:228593637] (S) Msg Retransmission to 1:0000000033CFE2F6 scheduled for 396ms from now [State:Active II:500 AI:300 AT:4000]
09:50:41.709  uart:~$ uart:~$ [00:01:48.660,000] <inf> chip: [EM]>>> [E:37535r S:31644 M:223098095 (Ack:228593636)] (S) Msg RX from 1:0000000033CFE2F6 [4145] to 00000000DCF2A6E2 --- Type 0000:10 (SecureChannel:StandaloneAck) (B:34)
09:50:41.729  uart:~$ uart:~$ [00:01:48.660,000] <dbg> chip.LogV: [EM]Found matching exchange: 37535r, Delegate: 0
09:50:41.769  uart:~$ uart:~$ [00:01:48.660,000] <dbg> chip.LogV: [EM]Rxd Ack; Removing MessageCounter:228593636 from Retrans Table on exchange 37535r
09:50:41.800  uart:~$ uart:~$ [00:01:48.663,000] <inf> chip: [EM]>>> [E:25095i S:31644 M:223098096 (Ack:228593637)] (S) Msg RX from 1:0000000033CFE2F6 [4145] to 00000000DCF2A6E2 --- Type 0001:01 (IM:StatusResponse) (B:42)
09:50:41.830  uart:~$ uart:~$ [00:01:48.663,000] <dbg> chip.LogV: [EM]Found matching exchange: 25095i, Delegate: 0x200161e8
09:50:41.850  uart:~$ uart:~$ [00:01:48.664,000] <dbg> chip.LogV: [EM]Rxd Ack; Removing MessageCounter:228593637 from Retrans Table on exchange 25095i
09:50:41.870  uart:~$ uart:~$ [00:01:48.665,000] <inf> chip: [IM]Received status response, status is 0x00
09:50:41.891  uart:~$ uart:~$ [00:01:48.665,000] <dbg> chip.LogV: [DMG]<RE> OnReportConfirm: NumReports = 0
09:50:41.911  uart:~$ uart:~$ [00:01:48.665,000] <dbg> chip.LogV: [DMG]IM RH moving to [CanStartReporting]
09:50:41.962  uart:~$ uart:~$ [00:01:48.667,000] <inf> chip: [EM]<<< [E:25095i S:31644 M:228593638 (Ack:223098096)] (S) Msg TX from 00000000DCF2A6E2 to 1:0000000033CFE2F6 [4145] [UDP:[fe80::1c59:aaca:1932:e904%ETH_W5500]:51433] --- Type 0000:10 (SecureChannel:StandaloneAck) (B:34)
09:50:42.019  uart:~$ uart:~$ [00:01:48.956,000] <dbg> chip.LogV: [EM]Flushed pending ack for MessageCounter:223098096 on exchange 25095i
09:50:42.050  uart:~$ uart:~$ [00:01:48.958,000] <inf> chip: [EM]<<1 [E:63717r S:0 M:133067096] (U) Msg Retransmission to 0:0000000000000000
09:50:42.080  uart:~$ uart:~$ [00:01:48.975,000] <inf> chip: [EM]??2 [E:63717r S:0 M:133067096] (U) Msg Retransmission to 0:0000000000000000 scheduled for 352ms from now [State:Active II:500 AI:300 AT:4000]
09:50:42.110  uart:~$ uart:~$ [00:01:48.976,000] <dbg> chip.LogV: [IN]Received a duplicate message with MessageCounter:102310652 on exchange 63717r
09:50:42.151  uart:~$ uart:~$ [00:01:48.977,000] <inf> chip: [EM]>>> [E:63717r S:0 M:102310652] (U) Msg RX from 0:B6E8AFE5E7901B4C [0000] to 0000000000000000 --- Type 0000:30 (SecureChannel:CASE_Sigma1) (B:196)
09:50:42.171  uart:~$ uart:~$ [00:01:48.977,000] <dbg> chip.LogV: [EM]Found matching exchange: 63717r, Delegate: 0x700025dc
09:50:42.191  uart:~$ uart:~$ [00:01:48.977,000] <dbg> chip.LogV: [EM]Forcing tx of solitary ack for duplicate MessageCounter:102310652 on exchange 63717r
09:50:42.241  uart:~$ uart:~$ [00:01:48.982,000] <inf> chip: [EM]<<< [E:63717r S:0 M:133067097 (Ack:102310652)] (U) Msg TX from 0000000000000000 to 0:B6E8AFE5E7901B4C [0000] [UDP:[fe80::84a:18c1:cea4:c124%ETH_W5500]:52967] --- Type 0000:10 (SecureChannel:StandaloneAck) (B:26)
09:50:42.262  uart:~$ uart:~$ [00:01:48.990,000] <dbg> chip.LogV: [IN]Received a duplicate message with MessageCounter:223098096 on exchange 25095i
09:50:42.302  uart:~$ uart:~$ [00:01:48.991,000] <inf> chip: [EM]>>> [E:25095i S:31644 M:223098096 (Ack:228593637)] (S) Msg RX from 1:0000000033CFE2F6 [4145] to 00000000DCF2A6E2 --- Type 0001:01 (IM:StatusResponse) (B:42)
09:50:42.346  uart:~$ uart:~$ [00:01:49.294,000] <dbg> chip.LogV: [EM]Generating StandaloneAck via exchange: 25095i
09:50:42.376  uart:~$ uart:~$ [00:01:49.294,000] <dbg> chip.LogV: [EM]Forcing tx of solitary ack for duplicate MessageCounter:223098096 on exchange 25095i
09:50:42.416  uart:~$ uart:~$ [00:01:49.295,000] <inf> chip: [EM]<<< [E:25095i S:31644 M:228593639 (Ack:223098096)] (S) Msg TX from 00000000DCF2A6E2 to 1:0000000033CFE2F6 [4145] [UDP:[fe80::1c59:aaca:1932:e904%ETH_W5500]:51433] --- Type 0000:10 (SecureChannel:StandaloneAck) (B:34)
09:50:42.457  uart:~$ uart:~$ [00:01:49.304,000] <inf> chip: [EM]>>> [E:63717r S:0 M:102310653 (Ack:133067096)] (U) Msg RX from 0:B6E8AFE5E7901B4C [0000] to 0000000000000000 --- Type 0000:32 (SecureChannel:CASE_Sigma3) (B:373)
09:50:42.477  uart:~$ uart:~$ [00:01:49.305,000] <dbg> chip.LogV: [EM]Found matching exchange: 63717r, Delegate: 0x700025dc
09:50:42.497  uart:~$ uart:~$ [00:01:49.305,000] <dbg> chip.LogV: [EM]Rxd Ack; Removing MessageCounter:133067096 from Retrans Table on exchange 63717r
09:50:42.547  uart:~$ uart:~$ [00:01:49.306,000] <inf> chip: [EM]<<< [E:63717r S:0 M:133067098 (Ack:102310653)] (U) Msg TX from 0000000000000000 to 0:B6E8AFE5E7901B4C [0000] [UDP:[fe80::84a:18c1:cea4:c124%ETH_W5500]:52967] --- Type 0000:10 (SecureChannel:StandaloneAck) (B:26)
09:50:42.568  uart:~$ uart:~$ [00:01:49.313,000] <dbg> chip.LogV: [EM]Flushed pending ack for MessageCounter:102310653 on exchange 63717r
09:50:42.591  uart:~$ uart:~$ [00:01:49.313,000] <inf> chip: [SC]Received Sigma3 msg
09:50:42.601  uart:~$ uart:~$ [00:01:49.316,000] <dbg> chip.LogV: [CR]AES_CCM_decrypt: Using aad == null path
09:50:42.702  uart:~$ uart:~$ [00:01:49.601,000] <err> chip: [SC]The device does not support GetClock_RealTimeMS() API: 3.  Falling back to Last Known Good UTC Time
09:50:42.734  uart:~$ uart:~$ [00:01:49.658,000] <dbg> chip.LogV: [SC]Sending status report. Protocol code 0, exchange 63717
09:50:42.785  uart:~$ uart:~$ [00:01:49.659,000] <inf> chip: [EM]<<< [E:63717r S:0 M:133067099 (Ack:102310653)] (U) Msg TX from 0000000000000000 to 0:B6E8AFE5E7901B4C [0000] [UDP:[fe80::84a:18c1:cea4:c124%ETH_W5500]:52967] --- Type 0000:40 (SecureChannel:StatusReport) (B:34)
09:50:42.815  uart:~$ uart:~$ [00:01:49.666,000] <inf> chip: [EM]??1 [E:63717r S:0 M:133067099] (U) Msg Retransmission to 0:0000000000000000 scheduled for 365ms from now [State:Active II:500 AI:300 AT:4000]
09:50:42.846  uart:~$ uart:~$ [00:01:49.669,000] <inf> chip: [SC]SecureSession[0x70001800, LSID:31647]: State change 'kEstablishing' --> 'kActive'
09:50:42.866  uart:~$ uart:~$ [00:01:49.669,000] <dbg> chip.LogV: [IN]SecureSession[0x70001800]: Activated - Type:2 LSID:31647
09:50:42.886  uart:~$ uart:~$ [00:01:49.669,000] <dbg> chip.LogV: [IN]New secure session activated for device <0000000072197CCC, 1>, LSID:31647 PSID:61192!
09:50:42.917  uart:~$ uart:~$ [00:01:49.670,000] <inf> chip: [IN]CASE Session established to peer: <0000000072197CCC, 1>
09:50:42.937  uart:~$ uart:~$ [00:01:49.671,000] <dbg> chip.LogV: [IN]SecureSession[0x700019b0]: Allocated Type:2 LSID:31648
09:50:42.957  uart:~$ uart:~$ [00:01:49.671,000] <dbg> chip.LogV: [SC]Allocated SecureSession (0x700019b0) - waiting for Sigma1 msg
09:50:42.999  uart:~$ uart:~$ [00:01:49.950,000] <err> chip: [DL]Long dispatch time: 305 ms, for event type 2
09:50:43.040  uart:~$ uart:~$ [00:01:49.952,000] <inf> chip: [EM]>>> [E:37535r S:31644 M:223098097 (Ack:228593636)] (S) Msg RX from 1:0000000033CFE2F6 [4145] to 00000000DCF2A6E2 --- Type 0000:10 (SecureChannel:StandaloneAck) (B:34)
09:50:43.060  uart:~$ uart:~$ [00:01:49.955,000] <dbg> chip.LogV: [IN]Received a duplicate message with MessageCounter:223098096 on exchange 25095i
09:50:43.100  uart:~$ uart:~$ [00:01:49.955,000] <inf> chip: [EM]>>> [E:25095i S:31644 M:223098096 (Ack:228593637)] (S) Msg RX from 1:0000000033CFE2F6 [4145] to 00000000DCF2A6E2 --- Type 0001:01 (IM:StatusResponse) (B:42)
09:50:43.120  uart:~$ uart:~$ [00:01:49.955,000] <dbg> chip.LogV: [EM]Generating StandaloneAck via exchange: 25095i
09:50:43.150  uart:~$ uart:~$ [00:01:49.956,000] <dbg> chip.LogV: [EM]Forcing tx of solitary ack for duplicate MessageCounter:223098096 on exchange 25095i
09:50:43.190  uart:~$ uart:~$ [00:01:49.957,000] <inf> chip: [EM]<<< [E:25095i S:31644 M:228593640 (Ack:223098096)] (S) Msg TX from 00000000DCF2A6E2 to 1:0000000033CFE2F6 [4145] [UDP:[fe80::1c59:aaca:1932:e904%ETH_W5500]:51433] --- Type 0000:10 (SecureChannel:StandaloneAck) (B:34)
09:50:43.231  uart:~$ uart:~$ [00:01:49.966,000] <inf> chip: [EM]>>> [E:25095i S:31644 M:223098098 (Ack:228593637)] (S) Msg RX from 1:0000000033CFE2F6 [4145] to 00000000DCF2A6E2 --- Type 0000:10 (SecureChannel:StandaloneAck) (B:34)
09:50:43.261  uart:~$ uart:~$ [00:01:49.968,000] <dbg> chip.LogV: [IN]Received a duplicate message with MessageCounter:102310653 on exchange 63717r
09:50:43.291  uart:~$ uart:~$ [00:01:49.969,000] <inf> chip: [EM]>>> [E:63717r S:0 M:102310653 (Ack:133067096)] (U) Msg RX from 0:B6E8AFE5E7901B4C [0000] to 0000000000000000 --- Type 0000:32 (SecureChannel:CASE_Sigma3) (B:373)
09:50:43.334  uart:~$ uart:~$ [00:01:50.288,000] <dbg> chip.LogV: [EM]Found matching exchange: 63717r, Delegate: 0
09:50:43.364  uart:~$ uart:~$ [00:01:50.288,000] <dbg> chip.LogV: [EM]Forcing tx of solitary ack for duplicate MessageCounter:102310653 on exchange 63717r
09:50:43.404  uart:~$ uart:~$ [00:01:50.289,000] <inf> chip: [EM]<<< [E:63717r S:0 M:133067100 (Ack:102310653)] (U) Msg TX from 0000000000000000 to 0:B6E8AFE5E7901B4C [0000] [UDP:[fe80::84a:18c1:cea4:c124%ETH_W5500]:52967] --- Type 0000:10 (SecureChannel:StandaloneAck) (B:26)
09:50:43.435  uart:~$ uart:~$ [00:01:50.297,000] <inf> chip: [EM]<<1 [E:63717r S:0 M:133067099] (U) Msg Retransmission to 0:0000000000000000
09:50:43.465  uart:~$ uart:~$ [00:01:50.304,000] <inf> chip: [EM]??2 [E:63717r S:0 M:133067099] (U) Msg Retransmission to 0:0000000000000000 scheduled for 387ms from now [State:Active II:500 AI:300 AT:4000]
09:50:43.495  uart:~$ uart:~$ [00:01:50.305,000] <dbg> chip.LogV: [IN]Received a duplicate message with MessageCounter:223098096 on exchange 25095i
09:50:43.536  uart:~$ uart:~$ [00:01:50.306,000] <inf> chip: [EM]>>> [E:25095i S:31644 M:223098096 (Ack:228593637)] (S) Msg RX from 1:0000000033CFE2F6 [4145] to 00000000DCF2A6E2 --- Type 0001:01 (IM:StatusResponse) (B:42)
09:50:43.556  uart:~$ uart:~$ [00:01:50.306,000] <dbg> chip.LogV: [EM]Generating StandaloneAck via exchange: 25095i
09:50:43.576  uart:~$ uart:~$ [00:01:50.306,000] <dbg> chip.LogV: [EM]Forcing tx of solitary ack for duplicate MessageCounter:223098096 on exchange 25095i
09:50:43.627  uart:~$ uart:~$ [00:01:50.308,000] <inf> chip: [EM]<<< [E:25095i S:31644 M:228593641 (Ack:223098096)] (S) Msg TX from 00000000DCF2A6E2 to 1:0000000033CFE2F6 [4145] [UDP:[fe80::1c59:aaca:1932:e904%ETH_W5500]:51433] --- Type 0000:10 (SecureChannel:StandaloneAck) (B:34)
09:50:43.679  uart:~$ uart:~$ [00:01:50.626,000] <inf> chip: [EM]>>> [E:63717r S:0 M:102310654 (Ack:133067096)] (U) Msg RX from 0:B6E8AFE5E7901B4C [0000] to 0000000000000000 --- Type 0000:10 (SecureChannel:StandaloneAck) (B:26)
09:50:43.710  uart:~$ uart:~$ [00:01:50.627,000] <dbg> chip.LogV: [EM]Found matching exchange: 63717r, Delegate: 0
09:50:43.730  uart:~$ uart:~$ [00:01:50.627,000] <dbg> chip.LogV: [EM]CHIP MessageCounter:133067096 not in RetransTable on exchange 63717r
09:50:43.750  uart:~$ uart:~$ [00:01:50.628,000] <dbg> chip.LogV: [IN]Received a duplicate message with MessageCounter:102310653 on exchange 63717r
09:50:43.790  uart:~$ uart:~$ [00:01:50.629,000] <inf> chip: [EM]>>> [E:63717r S:0 M:102310653 (Ack:133067096)] (U) Msg RX from 0:B6E8AFE5E7901B4C [0000] to 0000000000000000 --- Type 0000:32 (SecureChannel:CASE_Sigma3) (B:373)
09:50:43.810  uart:~$ uart:~$ [00:01:50.629,000] <dbg> chip.LogV: [EM]Found matching exchange: 63717r, Delegate: 0
09:50:43.840  uart:~$ uart:~$ [00:01:50.629,000] <dbg> chip.LogV: [EM]Forcing tx of solitary ack for duplicate MessageCounter:102310653 on exchange 63717r
09:50:43.881  uart:~$ uart:~$ [00:01:50.630,000] <inf> chip: [EM]<<< [E:63717r S:0 M:133067101 (Ack:102310653)] (U) Msg TX from 0000000000000000 to 0:B6E8AFE5E7901B4C [0000] [UDP:[fe80::84a:18c1:cea4:c124%ETH_W5500]:52967] --- Type 0000:10 (SecureChannel:StandaloneAck) (B:26)
09:50:43.911  uart:~$ uart:~$ [00:01:50.639,000] <inf> chip: [EM]>>> [E:63718r S:31647 M:187350694] (S) Msg RX from 1:0000000072197CCC [4145] to 00000000DCF2A6E2 --- Type 0001:02 (IM:ReadRequest) (B:51)
09:50:43.942  uart:~$ uart:~$ [00:01:50.639,000] <dbg> chip.LogV: [EM]Handling via exchange: 63718r, Delegate: 0x20014644
09:50:43.985  uart:~$ uart:~$ [00:01:50.930,000] <dbg> chip.LogV: [IM]Received Read request
09:50:44.005  uart:~$ uart:~$ [00:01:50.932,000] <dbg> chip.LogV: [DMG]IM RH moving to [CanStartReporting]
09:50:44.035  uart:~$ uart:~$ [00:01:50.933,000] <inf> chip: [EM]<<2 [E:63717r S:0 M:133067099] (U) Msg Retransmission to 0:0000000000000000
09:50:44.065  uart:~$ uart:~$ [00:01:50.940,000] <inf> chip: [EM]??3 [E:63717r S:0 M:133067099] (U) Msg Retransmission to 0:0000000000000000 scheduled for 533ms from now [State:Active II:500 AI:300 AT:4000]
09:50:44.096  uart:~$ uart:~$ [00:01:50.940,000] <dbg> chip.LogV: [DMG]Building Reports for ReadHandler with LastReportGeneration = 0x00000000 DirtyGeneration = 0x00000000
09:50:44.116  uart:~$ uart:~$ [00:01:50.942,000] <dbg> chip.LogV: [DMG]<RE:Run> Cluster 3e, Attribute 3 is dirty
09:50:44.146  uart:~$ uart:~$ [00:01:50.944,000] <dbg> chip.LogV: [DMG]Reading attribute: Cluster=0x0000_003E Endpoint=0x0 AttributeId=0x0000_0003 (expanded=0)
09:50:44.166  uart:~$ uart:~$ [00:01:50.946,000] <dbg> chip.LogV: [DMG]<RE> Sending report (payload has 36 bytes)...
09:50:44.206  uart:~$ uart:~$ [00:01:50.948,000] <inf> chip: [EM]<<< [E:63718r S:31647 M:100831385 (Ack:187350694)] (S) Msg TX from 00000000DCF2A6E2 to 1:0000000072197CCC [4145] [UDP:[fe80::84a:18c1:cea4:c124%ETH_W5500]:52967] --- Type 0001:05 (IM:ReportData) (B:70)
09:50:44.246  uart:~$ uart:~$ [00:01:50.956,000] <inf> chip: [EM]??1 [E:63718r S:31647 M:100831385] (S) Msg Retransmission to 1:0000000072197CCC scheduled for 368ms from now [State:Active II:500 AI:300 AT:4000]
09:50:44.277  uart:~$ uart:~$ [00:01:51.238,000] <dbg> chip.LogV: [DMG]<RE> OnReportConfirm: NumReports = 0
09:50:44.297  uart:~$ uart:~$ [00:01:51.239,000] <dbg> chip.LogV: [DMG]<RE> ReportsInFlight = 0 with readHandler 1, RE has no more messages
09:50:44.317  uart:~$ uart:~$ [00:01:51.239,000] <dbg> chip.LogV: [DMG]IM RH moving to [AwaitingDestruction]
09:50:44.347  uart:~$ uart:~$ [00:01:51.239,000] <dbg> chip.LogV: [DMG]All ReadHandler-s are clean, clear GlobalDirtySet
09:50:44.378  uart:~$ uart:~$ [00:01:51.241,000] <inf> chip: [EM]>>> [E:63719r S:31647 M:187350695] (S) Msg RX from 1:0000000072197CCC [4145] to 00000000DCF2A6E2 --- Type 0001:02 (IM:ReadRequest) (B:51)
09:50:44.398  uart:~$ uart:~$ [00:01:51.241,000] <dbg> chip.LogV: [EM]Handling via exchange: 63719r, Delegate: 0x20014644
09:50:44.418  uart:~$ uart:~$ [00:01:51.242,000] <dbg> chip.LogV: [IM]Received Read request
09:50:44.438  uart:~$ uart:~$ [00:01:51.243,000] <dbg> chip.LogV: [DMG]IM RH moving to [CanStartReporting]
09:50:44.468  uart:~$ uart:~$ [00:01:51.244,000] <dbg> chip.LogV: [DMG]Building Reports for ReadHandler with LastReportGeneration = 0x00000000 DirtyGeneration = 0x00000000
09:50:44.489  uart:~$ uart:~$ [00:01:51.246,000] <dbg> chip.LogV: [DMG]<RE:Run> Cluster 3e, Attribute 3 is dirty
09:50:44.532  uart:~$ uart:~$ [00:01:51.482,000] <dbg> chip.LogV: [DMG]Reading attribute: Cluster=0x0000_003E Endpoint=0x0 AttributeId=0x0000_0003 (expanded=0)
09:50:44.553  uart:~$ uart:~$ [00:01:51.484,000] <dbg> chip.LogV: [DMG]<RE> Sending report (payload has 36 bytes)...
09:50:44.604  uart:~$ uart:~$ [00:01:51.486,000] <inf> chip: [EM]<<< [E:63719r S:31647 M:100831386 (Ack:187350695)] (S) Msg TX from 00000000DCF2A6E2 to 1:0000000072197CCC [4145] [UDP:[fe80::84a:18c1:cea4:c124%ETH_W5500]:52967] --- Type 0001:05 (IM:ReportData) (B:70)
09:50:44.646  uart:~$ uart:~$ [00:01:51.493,000] <inf> chip: [EM]??1 [E:63719r S:31647 M:100831386] (S) Msg Retransmission to 1:0000000072197CCC scheduled for 339ms from now [State:Active II:500 AI:300 AT:4000]
09:50:44.666  uart:~$ uart:~$ [00:01:51.494,000] <dbg> chip.LogV: [DMG]<RE> OnReportConfirm: NumReports = 0
09:50:44.696  uart:~$ uart:~$ [00:01:51.494,000] <dbg> chip.LogV: [DMG]<RE> ReportsInFlight = 0 with readHandler 1, RE has no more messages
09:50:44.716  uart:~$ uart:~$ [00:01:51.494,000] <dbg> chip.LogV: [DMG]IM RH moving to [AwaitingDestruction]
09:50:44.737  uart:~$ uart:~$ [00:01:51.494,000] <dbg> chip.LogV: [DMG]All ReadHandler-s are clean, clear GlobalDirtySet
09:50:44.777  uart:~$ uart:~$ [00:01:51.495,000] <inf> chip: [EM]>>> [E:63717r S:0 M:102310655 (Ack:133067099)] (U) Msg RX from 0:B6E8AFE5E7901B4C [0000] to 0000000000000000 --- Type 0000:10 (SecureChannel:StandaloneAck) (B:26)
09:50:44.797  uart:~$ uart:~$ [00:01:51.496,000] <dbg> chip.LogV: [EM]Found matching exchange: 63717r, Delegate: 0
09:50:44.852  uart:~$ uart:~$ [00:01:51.793,000] <dbg> chip.LogV: [EM]Rxd Ack; Removing MessageCounter:133067099 from Retrans Table on exchange 63717r
09:50:44.882  uart:~$ uart:~$ [00:01:51.794,000] <inf> chip: [EM]<<1 [E:63718r S:31647 M:100831385] (S) Msg Retransmission to 1:0000000072197CCC
09:50:44.923  uart:~$ uart:~$ [00:01:51.802,000] <inf> chip: [EM]??2 [E:63718r S:31647 M:100831385] (S) Msg Retransmission to 1:0000000072197CCC scheduled for 347ms from now [State:Active II:500 AI:300 AT:4000]
09:50:44.954  uart:~$ uart:~$ [00:01:51.807,000] <dbg> chip.LogV: [IN]Received a duplicate message with MessageCounter:187350694 on exchange 63718r
09:50:44.984  uart:~$ uart:~$ [00:01:51.808,000] <inf> chip: [EM]>>> [E:63718r S:31647 M:187350694] (S) Msg RX from 1:0000000072197CCC [4145] to 00000000DCF2A6E2 --- Type 0001:02 (IM:ReadRequest) (B:51)
09:50:45.004  uart:~$ uart:~$ [00:01:51.808,000] <dbg> chip.LogV: [EM]Found matching exchange: 63718r, Delegate: 0
09:50:45.034  uart:~$ uart:~$ [00:01:51.808,000] <dbg> chip.LogV: [EM]Forcing tx of solitary ack for duplicate MessageCounter:187350694 on exchange 63718r
09:50:45.074  uart:~$ uart:~$ [00:01:51.809,000] <inf> chip: [EM]<<< [E:63718r S:31647 M:100831387 (Ack:187350694)] (S) Msg TX from 00000000DCF2A6E2 to 1:0000000072197CCC [4145] [UDP:[fe80::84a:18c1:cea4:c124%ETH_W5500]:52967] --- Type 0000:10 (SecureChannel:StandaloneAck) (B:34)
09:50:45.104  uart:~$ uart:~$ [00:01:51.819,000] <dbg> chip.LogV: [IN]Received a duplicate message with MessageCounter:187350695 on exchange 63719r
09:50:45.134  uart:~$ uart:~$ [00:01:51.819,000] <inf> chip: [EM]>>> [E:63719r S:31647 M:187350695] (S) Msg RX from 1:0000000072197CCC [4145] to 00000000DCF2A6E2 --- Type 0001:02 (IM:ReadRequest) (B:51)
09:50:45.179  uart:~$ uart:~$ [00:01:52.127,000] <dbg> chip.LogV: [EM]Found matching exchange: 63719r, Delegate: 0
09:50:45.210  uart:~$ uart:~$ [00:01:52.127,000] <dbg> chip.LogV: [EM]Forcing tx of solitary ack for duplicate MessageCounter:187350695 on exchange 63719r
09:50:45.260  uart:~$ uart:~$ [00:01:52.129,000] <inf> chip: [EM]<<< [E:63719r S:31647 M:100831388 (Ack:187350695)] (S) Msg TX from 00000000DCF2A6E2 to 1:0000000072197CCC [4145] [UDP:[fe80::84a:18c1:cea4:c124%ETH_W5500]:52967] --- Type 0000:10 (SecureChannel:StandaloneAck) (B:34)
09:50:45.281  uart:~$ uart:~$ [00:01:52.137,000] <inf> chip: [EM]<<1 [E:63719r S:31647 M:100831386] (S) Msg Retransmission to 1:0000000072197CCC
09:50:45.321  uart:~$ uart:~$ [00:01:52.144,000] <inf> chip: [EM]??2 [E:63719r S:31647 M:100831386] (S) Msg Retransmission to 1:0000000072197CCC scheduled for 357ms from now [State:Active II:500 AI:300 AT:4000]
09:50:45.351  uart:~$ uart:~$ [00:01:52.146,000] <dbg> chip.LogV: [IN]Received a duplicate message with MessageCounter:187350694 on exchange 63718r
09:50:45.392  uart:~$ uart:~$ [00:01:52.147,000] <inf> chip: [EM]>>> [E:63718r S:31647 M:187350694] (S) Msg RX from 1:0000000072197CCC [4145] to 00000000DCF2A6E2 --- Type 0001:02 (IM:ReadRequest) (B:51)
09:50:45.412  uart:~$ uart:~$ [00:01:52.147,000] <dbg> chip.LogV: [EM]Found matching exchange: 63718r, Delegate: 0
09:50:45.442  uart:~$ uart:~$ [00:01:52.147,000] <dbg> chip.LogV: [EM]Forcing tx of solitary ack for duplicate MessageCounter:187350694 on exchange 63718r
09:50:45.483  uart:~$ uart:~$ [00:01:52.152,000] <inf> chip: [EM]<<< [E:63718r S:31647 M:100831389 (Ack:187350694)] (S) Msg TX from 00000000DCF2A6E2 to 1:0000000072197CCC [4145] [UDP:[fe80::84a:18c1:cea4:c124%ETH_W5500]:52967] --- Type 0000:10 (SecureChannel:StandaloneAck) (B:34)
09:50:45.548  uart:~$ uart:~$ [00:01:52.484,000] <inf> chip: [EM]<<2 [E:63718r S:31647 M:100831385] (S) Msg Retransmission to 1:0000000072197CCC
09:50:45.588  uart:~$ uart:~$ [00:01:52.492,000] <inf> chip: [EM]??3 [E:63718r S:31647 M:100831385] (S) Msg Retransmission to 1:0000000072197CCC scheduled for 601ms from now [State:Active II:500 AI:300 AT:4000]
09:50:45.609  uart:~$ uart:~$ [00:01:52.493,000] <dbg> chip.LogV: [IN]Received a duplicate message with MessageCounter:187350695 on exchange 63719r
09:50:45.649  uart:~$ uart:~$ [00:01:52.494,000] <inf> chip: [EM]>>> [E:63719r S:31647 M:187350695] (S) Msg RX from 1:0000000072197CCC [4145] to 00000000DCF2A6E2 --- Type 0001:02 (IM:ReadRequest) (B:51)
09:50:45.669  uart:~$ uart:~$ [00:01:52.494,000] <dbg> chip.LogV: [EM]Found matching exchange: 63719r, Delegate: 0
09:50:45.689  uart:~$ uart:~$ [00:01:52.494,000] <dbg> chip.LogV: [EM]Forcing tx of solitary ack for duplicate MessageCounter:187350695 on exchange 63719r
09:50:45.740  uart:~$ uart:~$ [00:01:52.495,000] <inf> chip: [EM]<<< [E:63719r S:31647 M:100831390 (Ack:187350695)] (S) Msg TX from 00000000DCF2A6E2 to 1:0000000072197CCC [4145] [UDP:[fe80::84a:18c1:cea4:c124%ETH_W5500]:52967] --- Type 0000:10 (SecureChannel:StandaloneAck) (B:34)
09:50:45.760  uart:~$ uart:~$ [00:01:52.507,000] <inf> chip: [EM]<<2 [E:63719r S:31647 M:100831386] (S) Msg Retransmission to 1:0000000072197CCC
09:50:45.800  uart:~$ uart:~$ [00:01:52.515,000] <inf> chip: [EM]??3 [E:63719r S:31647 M:100831386] (S) Msg Retransmission to 1:0000000072197CCC scheduled for 652ms from now [State:Active II:500 AI:300 AT:4000]
09:50:45.830  uart:~$ uart:~$ [00:01:52.517,000] <inf> chip: [EM]>>> [E:63720r S:31647 M:187350696] (S) Msg RX from 1:0000000072197CCC [4145] to 00000000DCF2A6E2 --- Type 0001:02 (IM:ReadRequest) (B:51)
09:50:45.885  uart:~$ uart:~$ [00:01:52.827,000] <dbg> chip.LogV: [EM]Handling via exchange: 63720r, Delegate: 0x20014644
09:50:45.905  uart:~$ uart:~$ [00:01:52.828,000] <dbg> chip.LogV: [IM]Received Read request
09:50:45.915  uart:~$ uart:~$ [00:01:52.829,000] <dbg> chip.LogV: [DMG]IM RH moving to [CanStartReporting]
09:50:45.945  uart:~$ uart:~$ [00:01:52.831,000] <dbg> chip.LogV: [DMG]Building Reports for ReadHandler with LastReportGeneration = 0x00000000 DirtyGeneration = 0x00000000
09:50:45.976  uart:~$ uart:~$ [00:01:52.833,000] <dbg> chip.LogV: [DMG]<RE:Run> Cluster 1f, Attribute 0 is dirty
09:50:46.006  uart:~$ uart:~$ [00:01:52.834,000] <dbg> chip.LogV: [DMG]Reading attribute: Cluster=0x0000_001F Endpoint=0x0 AttributeId=0x0000_0000 (expanded=0)
09:50:46.026  uart:~$ uart:~$ [00:01:52.837,000] <dbg> chip.LogV: [DMG]<RE> Sending report (payload has 66 bytes)...
09:50:46.066  uart:~$ uart:~$ [00:01:52.838,000] <inf> chip: [EM]<<< [E:63720r S:31647 M:100831391 (Ack:187350696)] (S) Msg TX from 00000000DCF2A6E2 to 1:0000000072197CCC [4145] [UDP:[fe80::84a:18c1:cea4:c124%ETH_W5500]:52967] --- Type 0001:05 (IM:ReportData) (B:100)
09:50:46.107  uart:~$ uart:~$ [00:01:52.846,000] <inf> chip: [EM]??1 [E:63720r S:31647 M:100831391] (S) Msg Retransmission to 1:0000000072197CCC scheduled for 372ms from now [State:Active II:500 AI:300 AT:4000]
09:50:46.127  uart:~$ uart:~$ [00:01:52.847,000] <dbg> chip.LogV: [DMG]<RE> OnReportConfirm: NumReports = 0
09:50:46.157  uart:~$ uart:~$ [00:01:53.115,000] <dbg> chip.LogV: [DMG]<RE> ReportsInFlight = 0 with readHandler 1, RE has no more messages
09:50:46.177  uart:~$ uart:~$ [00:01:53.115,000] <dbg> chip.LogV: [DMG]IM RH moving to [AwaitingDestruction]
09:50:46.197  uart:~$ uart:~$ [00:01:53.116,000] <dbg> chip.LogV: [DMG]All ReadHandler-s are clean, clear GlobalDirtySet
09:50:46.237  uart:~$ uart:~$ [00:01:53.117,000] <inf> chip: [EM]>>> [E:63718r S:31647 M:187350697 (Ack:100831385)] (S) Msg RX from 1:0000000072197CCC [4145] to 00000000DCF2A6E2 --- Type 0000:10 (SecureChannel:StandaloneAck) (B:34)
09:50:46.257  uart:~$ uart:~$ [00:01:53.117,000] <dbg> chip.LogV: [EM]Found matching exchange: 63718r, Delegate: 0
09:50:46.288  uart:~$ uart:~$ [00:01:53.118,000] <dbg> chip.LogV: [EM]Rxd Ack; Removing MessageCounter:100831385 from Retrans Table on exchange 63718r
09:50:46.318  uart:~$ uart:~$ [00:01:53.120,000] <inf> chip: [EM]>>> [E:37536r S:31644 M:223098099] (S) Msg RX from 1:0000000033CFE2F6 [4145] to 00000000DCF2A6E2 --- Type 0001:08 (IM:InvokeCommandRequest) (B:75)
09:50:46.348  uart:~$ uart:~$ [00:01:53.121,000] <dbg> chip.LogV: [EM]Handling via exchange: 37536r, Delegate: 0x20014644
09:50:46.378  uart:~$ uart:~$ [00:01:53.122,000] <dbg> chip.LogV: [DMG]Received command for Endpoint=0 Cluster=0x0000_003E Command=0x0000_0009
09:50:46.398  uart:~$ uart:~$ [00:01:53.123,000] <inf> chip: [ZCL]OpCreds: Received an UpdateFabricLabel command
09:50:46.429  uart:~$ uart:~$ [00:01:53.392,000] <inf> chip: [FP]Metadata for Fabric 0x1 persisted to storage.
09:50:46.449  uart:~$ uart:~$ [00:01:53.392,000] <dbg> chip.LogV: [DMG]Command handler moving to [NewRespons]
09:50:46.469  uart:~$ uart:~$ [00:01:53.392,000] <dbg> chip.LogV: [DMG]Command handler moving to [ Preparing]
09:50:46.490  uart:~$ uart:~$ [00:01:53.392,000] <dbg> chip.LogV: [DMG]Command handler moving to [AddingComm]
09:50:46.510  uart:~$ uart:~$ [00:01:53.393,000] <dbg> chip.LogV: [DMG]Command handler moving to [AddedComma]
09:50:46.531  uart:~$ uart:~$ [00:01:53.394,000] <dbg> chip.LogV: [DMG]Cannot merge the new path into any existing path, create one.
09:50:46.562  uart:~$ uart:~$ [00:01:53.395,000] <dbg> chip.LogV: [DMG]Decreasing reference count for CommandHandlerImpl, remaining 1
09:50:46.582  uart:~$ uart:~$ [00:01:53.395,000] <dbg> chip.LogV: [DMG]Decreasing reference count for CommandHandlerImpl, remaining 0
09:50:46.602  uart:~$ uart:~$ [00:01:53.395,000] <dbg> chip.LogV: [DMG]Command handler moving to [AwaitingDe]
09:50:46.652  uart:~$ uart:~$ [00:01:53.396,000] <inf> chip: [EM]<<< [E:37536r S:31644 M:228593642 (Ack:223098099)] (S) Msg TX from 00000000DCF2A6E2 to 1:0000000033CFE2F6 [4145] [UDP:[fe80::1c59:aaca:1932:e904%ETH_W5500]:51433] --- Type 0001:09 (IM:InvokeCommandResponse) (B:70)
09:50:46.752  uart:~$ uart:~$ [00:01:53.654,000] <inf> chip: [EM]??1 [E:37536r S:31644 M:228593642] (S) Msg Retransmission to 1:0000000033CFE2F6 scheduled for 409ms from now [State:Active II:500 AI:300 AT:4000]
09:50:46.782  uart:~$ uart:~$ [00:01:53.655,000] <dbg> chip.LogV: [DMG]Command response sender moving to [AllInvokeR]
09:50:46.812  uart:~$ uart:~$ [00:01:53.656,000] <dbg> chip.LogV: [DMG]Building Reports for ReadHandler with LastReportGeneration = 0x0000000F DirtyGeneration = 0x00000010
09:50:46.832  uart:~$ uart:~$ [00:01:53.662,000] <dbg> chip.LogV: [DMG]<RE:Run> Cluster 3e, Attribute 1 is dirty
09:50:46.852  uart:~$ uart:~$ [00:01:53.664,000] <dbg> chip.LogV: [DMG]Reading attribute: Cluster=0x0000_003E Endpoint=0x0 AttributeId=0x0000_0001 (expanded=1)
09:50:46.873  uart:~$ uart:~$ [00:01:53.688,000] <dbg> chip.LogV: [DMG]Fetched 0 events
09:50:46.893  uart:~$ uart:~$ [00:01:53.688,000] <dbg> chip.LogV: [DMG]<RE> Sending report (payload has 237 bytes)...
09:50:46.933  uart:~$ uart:~$ [00:01:53.690,000] <inf> chip: [EM]<<< [E:25096i S:31644 M:228593643] (S) Msg TX from 00000000DCF2A6E2 to 1:0000000033CFE2F6 [4145] [UDP:[fe80::1c59:aaca:1932:e904%ETH_W5500]:51433] --- Type 0001:05 (IM:ReportData) (B:267)
09:50:46.974  uart:~$ uart:~$ [00:01:53.709,000] <inf> chip: [EM]??1 [E:25096i S:31644 M:228593643] (S) Msg Retransmission to 1:0000000033CFE2F6 scheduled for 334ms from now [State:Active II:500 AI:300 AT:4000]
09:50:46.995  uart:~$ uart:~$ [00:01:53.710,000] <dbg> chip.LogV: [DMG]IM RH moving to [AwaitingReportResponse]
09:50:47.049  uart:~$ uart:~$ [00:01:53.993,000] <dbg> chip.LogV: [DMG]<RE> ReportsInFlight = 1 with readHandler 0, RE has no more messages
09:50:47.069  uart:~$ uart:~$ [00:01:53.993,000] <dbg> chip.LogV: [DMG]All ReadHandler-s are clean, clear GlobalDirtySet
09:50:47.099  uart:~$ uart:~$ [00:01:53.994,000] <dbg> chip.LogV: [IN]Received a duplicate message with MessageCounter:187350695 on exchange 63719r
09:50:47.130  uart:~$ uart:~$ [00:01:53.995,000] <inf> chip: [EM]>>> [E:63719r S:31647 M:187350695] (S) Msg RX from 1:0000000072197CCC [4145] to 00000000DCF2A6E2 --- Type 0001:02 (IM:ReadRequest) (B:51)
09:50:47.150  uart:~$ uart:~$ [00:01:53.995,000] <dbg> chip.LogV: [EM]Found matching exchange: 63719r, Delegate: 0
09:50:47.180  uart:~$ uart:~$ [00:01:53.995,000] <dbg> chip.LogV: [EM]Forcing tx of solitary ack for duplicate MessageCounter:187350695 on exchange 63719r
09:50:47.221  uart:~$ uart:~$ [00:01:53.996,000] <inf> chip: [EM]<<< [E:63719r S:31647 M:100831392 (Ack:187350695)] (S) Msg TX from 00000000DCF2A6E2 to 1:0000000072197CCC [4145] [UDP:[fe80::84a:18c1:cea4:c124%ETH_W5500]:52967] --- Type 0000:10 (SecureChannel:StandaloneAck) (B:34)
09:50:47.251  uart:~$ uart:~$ [00:01:54.005,000] <inf> chip: [EM]<<1 [E:63720r S:31647 M:100831391] (S) Msg Retransmission to 1:0000000072197CCC
09:50:47.291  uart:~$ uart:~$ [00:01:54.013,000] <inf> chip: [EM]??2 [E:63720r S:31647 M:100831391] (S) Msg Retransmission to 1:0000000072197CCC scheduled for 365ms from now [State:Active II:500 AI:300 AT:4000]
09:50:47.311  uart:~$ uart:~$ [00:01:54.013,000] <inf> chip: [EM]<<3 [E:63719r S:31647 M:100831386] (S) Msg Retransmission to 1:0000000072197CCC
09:50:47.411  uart:~$ uart:~$ [00:01:54.314,000] <inf> chip: [EM]??4 [E:63719r S:31647 M:100831386] (S) Msg Retransmission to 1:0000000072197CCC scheduled for 990ms from now [State:Active II:500 AI:300 AT:4000]
09:50:47.431  uart:~$ uart:~$ [00:01:54.316,000] <dbg> chip.LogV: [IN]Received a duplicate message with MessageCounter:187350696 on exchange 63720r
09:50:47.461  uart:~$ uart:~$ [00:01:54.316,000] <inf> chip: [EM]>>> [E:63720r S:31647 M:187350696] (S) Msg RX from 1:0000000072197CCC [4145] to 00000000DCF2A6E2 --- Type 0001:02 (IM:ReadRequest) (B:51)
09:50:47.494  uart:~$ uart:~$ [00:01:54.316,000] <dbg> chip.LogV: [EM]Found matching exchange: 63720r, Delegate: 0
09:50:47.524  uart:~$ uart:~$ [00:01:54.317,000] <dbg> chip.LogV: [EM]Forcing tx of solitary ack for duplicate MessageCounter:187350696 on exchange 63720r
09:50:47.565  uart:~$ uart:~$ [00:01:54.322,000] <inf> chip: [EM]<<< [E:63720r S:31647 M:100831393 (Ack:187350696)] (S) Msg TX from 00000000DCF2A6E2 to 1:0000000072197CCC [4145] [UDP:[fe80::84a:18c1:cea4:c124%ETH_W5500]:52967] --- Type 0000:10 (SecureChannel:StandaloneAck) (B:34)
09:50:47.595  uart:~$ uart:~$ [00:01:54.330,000] <inf> chip: [EM]<<1 [E:37536r S:31644 M:228593642] (S) Msg Retransmission to 1:0000000033CFE2F6
09:50:47.625  uart:~$ uart:~$ [00:01:54.338,000] <inf> chip: [EM]??2 [E:37536r S:31644 M:228593642] (S) Msg Retransmission to 1:0000000033CFE2F6 scheduled for 330ms from now [State:Active II:500 AI:300 AT:4000]
09:50:47.655  uart:~$ uart:~$ [00:01:54.338,000] <inf> chip: [EM]<<1 [E:25096i S:31644 M:228593643] (S) Msg Retransmission to 1:0000000033CFE2F6
09:50:47.685  uart:~$ uart:~$ [00:01:54.357,000] <inf> chip: [EM]??2 [E:25096i S:31644 M:228593643] (S) Msg Retransmission to 1:0000000033CFE2F6 scheduled for 378ms from now [State:Active II:500 AI:300 AT:4000]
09:50:47.748  uart:~$ uart:~$ [00:01:54.682,000] <dbg> chip.LogV: [IN]Received a duplicate message with MessageCounter:223098099 on exchange 37536r
09:50:47.788  uart:~$ uart:~$ [00:01:54.682,000] <inf> chip: [EM]>>> [E:37536r S:31644 M:223098099] (S) Msg RX from 1:0000000033CFE2F6 [4145] to 00000000DCF2A6E2 --- Type 0001:08 (IM:InvokeCommandRequest) (B:75)
09:50:47.808  uart:~$ uart:~$ [00:01:54.683,000] <dbg> chip.LogV: [EM]Found matching exchange: 37536r, Delegate: 0
09:50:47.829  uart:~$ uart:~$ [00:01:54.683,000] <dbg> chip.LogV: [EM]Forcing tx of solitary ack for duplicate MessageCounter:223098099 on exchange 37536r
09:50:47.879  uart:~$ uart:~$ [00:01:54.684,000] <inf> chip: [EM]<<< [E:37536r S:31644 M:228593644 (Ack:223098099)] (S) Msg TX from 00000000DCF2A6E2 to 1:0000000033CFE2F6 [4145] [UDP:[fe80::1c59:aaca:1932:e904%ETH_W5500]:51433] --- Type 0000:10 (SecureChannel:StandaloneAck) (B:34)
09:50:47.909  uart:~$ uart:~$ [00:01:54.692,000] <inf> chip: [EM]<<2 [E:63720r S:31647 M:100831391] (S) Msg Retransmission to 1:0000000072197CCC
09:50:47.939  uart:~$ uart:~$ [00:01:54.701,000] <inf> chip: [EM]??3 [E:63720r S:31647 M:100831391] (S) Msg Retransmission to 1:0000000072197CCC scheduled for 624ms from now [State:Active II:500 AI:300 AT:4000]
09:50:47.969  uart:~$ uart:~$ [00:01:54.701,000] <inf> chip: [EM]<<2 [E:37536r S:31644 M:228593642] (S) Msg Retransmission to 1:0000000033CFE2F6
09:50:48.009  uart:~$ uart:~$ [00:01:54.715,000] <inf> chip: [EM]??3 [E:37536r S:31644 M:228593642] (S) Msg Retransmission to 1:0000000033CFE2F6 scheduled for 556ms from now [State:Active II:500 AI:300 AT:4000]
09:50:48.039  uart:~$ uart:~$ [00:01:54.717,000] <inf> chip: [EM]>>> [E:63721r S:31647 M:187350698] (S) Msg RX from 1:0000000072197CCC [4145] to 00000000DCF2A6E2 --- Type 0001:03 (IM:SubscribeRequest) (B:58)
09:50:48.097  uart:~$ uart:~$ [00:01:55.034,000] <dbg> chip.LogV: [EM]Handling via exchange: 63721r, Delegate: 0x20014644
09:50:48.117  uart:~$ uart:~$ [00:01:55.035,000] <dbg> chip.LogV: [IM]Received Subscribe request
09:50:48.137  uart:~$ uart:~$ [00:01:55.040,000] <inf> chip: [DMG]Final negotiated min/max parameters: Min = 0s, Max = 600s
09:50:48.157  uart:~$ uart:~$ [00:01:55.040,000] <dbg> chip.LogV: [DMG]IM RH moving to [CanStartReporting]
09:50:48.187  uart:~$ uart:~$ [00:01:55.042,000] <inf> chip: [EM]<<2 [E:25096i S:31644 M:228593643] (S) Msg Retransmission to 1:0000000033CFE2F6
09:50:48.217  uart:~$ uart:~$ [00:01:55.061,000] <inf> chip: [EM]??3 [E:25096i S:31644 M:228593643] (S) Msg Retransmission to 1:0000000033CFE2F6 scheduled for 553ms from now [State:Active II:500 AI:300 AT:4000]
09:50:48.248  uart:~$ uart:~$ [00:01:55.061,000] <dbg> chip.LogV: [DMG]Building Reports for ReadHandler with LastReportGeneration = 0x00000000 DirtyGeneration = 0x00000000
09:50:48.268  uart:~$ uart:~$ [00:01:55.063,000] <dbg> chip.LogV: [DMG]<RE:Run> Cluster 3f, Attribute 0 is dirty
09:50:48.298  uart:~$ uart:~$ [00:01:55.065,000] <dbg> chip.LogV: [DMG]Reading attribute: Cluster=0x0000_003F Endpoint=0x0 AttributeId=0x0000_0000 (expanded=1)
09:50:48.318  uart:~$ uart:~$ [00:01:55.069,000] <dbg> chip.LogV: [DMG]<RE:Run> Cluster 3f, Attribute 1 is dirty
09:50:48.361  uart:~$ uart:~$ [00:01:55.313,000] <dbg> chip.LogV: [DMG]Reading attribute: Cluster=0x0000_003F Endpoint=0x0 AttributeId=0x0000_0001 (expanded=1)
09:50:48.381  uart:~$ uart:~$ [00:01:55.317,000] <dbg> chip.LogV: [DMG]<RE:Run> Cluster 3f, Attribute 2 is dirty
09:50:48.411  uart:~$ uart:~$ [00:01:55.319,000] <dbg> chip.LogV: [DMG]Reading attribute: Cluster=0x0000_003F Endpoint=0x0 AttributeId=0x0000_0002 (expanded=1)
09:50:48.432  uart:~$ uart:~$ [00:01:55.320,000] <dbg> chip.LogV: [DMG]<RE:Run> Cluster 3f, Attribute 3 is dirty
09:50:48.452  uart:~$ uart:~$ [00:01:55.321,000] <dbg> chip.LogV: [DMG]Reading attribute: Cluster=0x0000_003F Endpoint=0x0 AttributeId=0x0000_0003 (expanded=1)
09:50:48.482  uart:~$ uart:~$ [00:01:55.322,000] <dbg> chip.LogV: [DMG]<RE:Run> Cluster 3f, Attribute fffc is dirty
09:50:48.502  uart:~$ uart:~$ [00:01:55.324,000] <dbg> chip.LogV: [DMG]Reading attribute: Cluster=0x0000_003F Endpoint=0x0 AttributeId=0x0000_FFFC (expanded=1)
09:50:48.522  uart:~$ uart:~$ [00:01:55.324,000] <dbg> chip.LogV: [DMG]<RE:Run> Cluster 3f, Attribute fffd is dirty
09:50:48.552  uart:~$ uart:~$ [00:01:55.326,000] <dbg> chip.LogV: [DMG]Reading attribute: Cluster=0x0000_003F Endpoint=0x0 AttributeId=0x0000_FFFD (expanded=1)
09:50:48.572  uart:~$ uart:~$ [00:01:55.327,000] <dbg> chip.LogV: [DMG]<RE:Run> Cluster 3f, Attribute fff8 is dirty
09:50:48.629  uart:~$ uart:~$ [00:01:55.568,000] <dbg> chip.LogV: [DMG]<RE:Run> Cluster 3f, Attribute fff9 is dirty
09:50:48.649  uart:~$ uart:~$ [00:01:55.570,000] <dbg> chip.LogV: [DMG]<RE:Run> Cluster 3f, Attribute fffb is dirty
09:50:48.669  uart:~$ uart:~$ [00:01:55.573,000] <dbg> chip.LogV: [DMG]<RE:Run> Cluster 3e, Attribute 0 is dirty
09:50:48.699  uart:~$ uart:~$ [00:01:55.574,000] <dbg> chip.LogV: [DMG]Reading attribute: Cluster=0x0000_003E Endpoint=0x0 AttributeId=0x0000_0000 (expanded=1)
09:50:48.719  uart:~$ uart:~$ [00:01:55.588,000] <dbg> chip.LogV: [DMG]<RE:Run> Cluster 3e, Attribute 1 is dirty
09:50:48.749  uart:~$ uart:~$ [00:01:55.590,000] <dbg> chip.LogV: [DMG]Reading attribute: Cluster=0x0000_003E Endpoint=0x0 AttributeId=0x0000_0001 (expanded=1)
09:50:48.769  uart:~$ uart:~$ [00:01:55.598,000] <dbg> chip.LogV: [DMG]<RE:Run> Cluster 3e, Attribute 2 is dirty
09:50:48.790  uart:~$ uart:~$ [00:01:55.600,000] <dbg> chip.LogV: [DMG]Reading attribute: Cluster=0x0000_003E Endpoint=0x0 AttributeId=0x0000_0002 (expanded=1)
09:50:48.820  uart:~$ uart:~$ [00:01:55.600,000] <dbg> chip.LogV: [DMG]<RE:Run> Cluster 3e, Attribute 3 is dirty
09:50:48.851  uart:~$ uart:~$ [00:01:55.602,000] <dbg> chip.LogV: [DMG]Reading attribute: Cluster=0x0000_003E Endpoint=0x0 AttributeId=0x0000_0003 (expanded=1)
09:50:48.907  uart:~$ uart:~$ [00:01:55.839,000] <dbg> chip.LogV: [DMG]<RE:Run> Cluster 3e, Attribute 4 is dirty
09:50:48.937  uart:~$ uart:~$ [00:01:55.841,000] <dbg> chip.LogV: [DMG]Reading attribute: Cluster=0x0000_003E Endpoint=0x0 AttributeId=0x0000_0004 (expanded=1)
09:50:48.967  uart:~$ uart:~$ [00:01:55.845,000] <dbg> chip.LogV: [DMG]Next attribute value does not fit in packet, roll back on clusterId: 0x0000_003E, attributeId: 0x0000_0004, err = b
09:50:48.997  uart:~$ uart:~$ [00:01:55.845,000] <dbg> chip.LogV: [DMG]<RE:Run> We cannot put more chunks into this report. Enable chunking.
09:50:49.007  uart:~$ uart:~$ [00:01:55.846,000] <dbg> chip.LogV: [DMG]Fetched 1 events
09:50:49.038  uart:~$ uart:~$ [00:01:55.847,000] <dbg> chip.LogV: [DMG]<RE> Sending report (payload has 1158 bytes)...
09:50:49.078  uart:~$ uart:~$ [00:01:55.849,000] <inf> chip: [EM]<<< [E:63721r S:31647 M:100831394 (Ack:187350698)] (S) Msg TX from 00000000DCF2A6E2 to 1:0000000072197CCC [4145] [UDP:[fe80::84a:18c1:cea4:c124%ETH_W5500]:52967] --- Type 0001:05 (IM:ReportData) (B:1192)
09:50:49.108  uart:~$ uart:~$ [00:01:55.879,000] <inf> chip: [EM]??1 [E:63721r S:31647 M:100831394] (S) Msg Retransmission to 1:0000000072197CCC scheduled for 351ms from now [State:Active II:500 AI:300 AT:4000]
09:50:49.138  uart:~$ uart:~$ [00:01:55.880,000] <dbg> chip.LogV: [DMG]IM RH moving to [AwaitingReportResponse]
09:50:49.158  uart:~$ uart:~$ [00:01:55.880,000] <dbg> chip.LogV: [DMG]<RE> ReportsInFlight = 2 with readHandler 1, RE has more messages
09:50:49.248  uart:~$ uart:~$ [00:01:56.152,000] <inf> chip: [EM]>>> [E:63719r S:31647 M:187350699 (Ack:100831386)] (S) Msg RX from 1:0000000072197CCC [4145] to 00000000DCF2A6E2 --- Type 0000:10 (SecureChannel:StandaloneAck) (B:34)
09:50:49.268  uart:~$ uart:~$ [00:01:56.152,000] <dbg> chip.LogV: [EM]Found matching exchange: 63719r, Delegate: 0
09:50:49.298  uart:~$ uart:~$ [00:01:56.153,000] <dbg> chip.LogV: [EM]Rxd Ack; Removing MessageCounter:100831386 from Retrans Table on exchange 63719r
09:50:49.328  uart:~$ uart:~$ [00:01:56.155,000] <inf> chip: [EM]<<3 [E:63720r S:31647 M:100831391] (S) Msg Retransmission to 1:0000000072197CCC
09:50:49.358  uart:~$ uart:~$ [00:01:56.162,000] <inf> chip: [EM]??4 [E:63720r S:31647 M:100831391] (S) Msg Retransmission to 1:0000000072197CCC scheduled for 973ms from now [State:Active II:500 AI:300 AT:4000]
09:50:49.379  uart:~$ uart:~$ [00:01:56.162,000] <inf> chip: [EM]<<3 [E:37536r S:31644 M:228593642] (S) Msg Retransmission to 1:0000000033CFE2F6
09:50:49.419  uart:~$ uart:~$ [00:01:56.170,000] <inf> chip: [EM]??4 [E:37536r S:31644 M:228593642] (S) Msg Retransmission to 1:0000000033CFE2F6 scheduled for 1045ms from now [State:Active II:500 AI:300 AT:4000]
09:50:49.439  uart:~$ uart:~$ [00:01:56.171,000] <inf> chip: [EM]<<3 [E:25096i S:31644 M:228593643] (S) Msg Retransmission to 1:0000000033CFE2F6
09:50:49.480  uart:~$ uart:~$ [00:01:56.186,000] <inf> chip: [EM]??4 [E:25096i S:31644 M:228593643] (S) Msg Retransmission to 1:0000000033CFE2F6 scheduled for 951ms from now [State:Active II:500 AI:300 AT:4000]
09:50:49.500  uart:~$ uart:~$ [00:01:56.187,000] <dbg> chip.LogV: [IN]Received a duplicate message with MessageCounter:187350696 on exchange 63720r
09:50:49.578  uart:~$ uart:~$ [00:01:56.496,000] <inf> chip: [EM]>>> [E:63720r S:31647 M:187350696] (S) Msg RX from 1:0000000072197CCC [4145] to 00000000DCF2A6E2 --- Type 0001:02 (IM:ReadRequest) (B:51)
09:50:49.608  uart:~$ uart:~$ [00:01:56.497,000] <dbg> chip.LogV: [EM]Found matching exchange: 63720r, Delegate: 0
09:50:49.628  uart:~$ uart:~$ [00:01:56.497,000] <dbg> chip.LogV: [EM]Forcing tx of solitary ack for duplicate MessageCounter:187350696 on exchange 63720r
09:50:49.679  uart:~$ uart:~$ [00:01:56.498,000] <inf> chip: [EM]<<< [E:63720r S:31647 M:100831395 (Ack:187350696)] (S) Msg TX from 00000000DCF2A6E2 to 1:0000000072197CCC [4145] [UDP:[fe80::84a:18c1:cea4:c124%ETH_W5500]:52967] --- Type 0000:10 (SecureChannel:StandaloneAck) (B:34)
09:50:49.709  uart:~$ uart:~$ [00:01:56.506,000] <inf> chip: [EM]<<1 [E:63721r S:31647 M:100831394] (S) Msg Retransmission to 1:0000000072197CCC
09:50:49.749  uart:~$ uart:~$ [00:01:56.536,000] <inf> chip: [EM]??2 [E:63721r S:31647 M:100831394] (S) Msg Retransmission to 1:0000000072197CCC scheduled for 331ms from now [State:Active II:500 AI:300 AT:4000]
09:50:49.779  uart:~$ uart:~$ [00:01:56.537,000] <dbg> chip.LogV: [IN]Received a duplicate message with MessageCounter:223098099 on exchange 37536r
09:50:49.809  uart:~$ uart:~$ [00:01:56.538,000] <inf> chip: [EM]>>> [E:37536r S:31644 M:223098099] (S) Msg RX from 1:0000000033CFE2F6 [4145] to 00000000DCF2A6E2 --- Type 0001:08 (IM:InvokeCommandRequest) (B:75)
09:50:49.829  uart:~$ uart:~$ [00:01:56.538,000] <dbg> chip.LogV: [EM]Found matching exchange: 37536r, Delegate: 0
09:50:49.860  uart:~$ uart:~$ [00:01:56.538,000] <dbg> chip.LogV: [EM]Forcing tx of solitary ack for duplicate MessageCounter:223098099 on exchange 37536r
09:50:49.959  uart:~$ uart:~$ [00:01:56.855,000] <inf> chip: [EM]<<< [E:37536r S:31644 M:228593645 (Ack:223098099)] (S) Msg TX from 00000000DCF2A6E2 to 1:0000000033CFE2F6 [4145] [UDP:[fe80::1c59:aaca:1932:e904%ETH_W5500]:51433] --- Type 0000:10 (SecureChannel:StandaloneAck) (B:34)
09:50:49.999  uart:~$ uart:~$ [00:01:56.864,000] <inf> chip: [EM]>>> [E:63718r S:31647 M:187350700 (Ack:100831385)] (S) Msg RX from 1:0000000072197CCC [4145] to 00000000DCF2A6E2 --- Type 0000:10 (SecureChannel:StandaloneAck) (B:34)
09:50:50.029  uart:~$ uart:~$ [00:01:56.866,000] <dbg> chip.LogV: [IN]Received a duplicate message with MessageCounter:187350698 on exchange 63721r
09:50:50.059  uart:~$ uart:~$ [00:01:56.867,000] <inf> chip: [EM]>>> [E:63721r S:31647 M:187350698] (S) Msg RX from 1:0000000072197CCC [4145] to 00000000DCF2A6E2 --- Type 0001:03 (IM:SubscribeRequest) (B:58)
09:50:50.079  uart:~$ uart:~$ [00:01:56.867,000] <dbg> chip.LogV: [EM]Found matching exchange: 63721r, Delegate: 0x20016268
09:50:50.109  uart:~$ uart:~$ [00:01:56.867,000] <dbg> chip.LogV: [EM]Forcing tx of solitary ack for duplicate MessageCounter:187350698 on exchange 63721r
09:50:50.149  uart:~$ uart:~$ [00:01:56.868,000] <inf> chip: [EM]<<< [E:63721r S:31647 M:100831396 (Ack:187350698)] (S) Msg TX from 00000000DCF2A6E2 to 1:0000000072197CCC [4145] [UDP:[fe80::84a:18c1:cea4:c124%ETH_W5500]:52967] --- Type 0000:10 (SecureChannel:StandaloneAck) (B:34)
09:50:50.180  uart:~$ uart:~$ [00:01:56.876,000] <inf> chip: [EM]<<2 [E:63721r S:31647 M:100831394] (S) Msg Retransmission to 1:0000000072197CCC
09:50:50.210  uart:~$ uart:~$ [00:01:56.906,000] <inf> chip: [EM]??3 [E:63721r S:31647 M:100831394] (S) Msg Retransmission to 1:0000000072197CCC scheduled for 609ms from now [State:Active II:500 AI:300 AT:4000]
09:50:50.250  uart:~$ uart:~$ [00:01:56.908,000] <inf> chip: [EM]>>> [E:63719r S:31647 M:187350701 (Ack:100831386)] (S) Msg RX from 1:0000000072197CCC [4145] to 00000000DCF2A6E2 --- Type 0000:10 (SecureChannel:StandaloneAck) (B:34)
09:50:50.318  uart:~$ uart:~$ [00:01:57.247,000] <inf> chip: [EM]<<4 [E:63720r S:31647 M:100831391] (S) Msg Retransmission to 1:0000000072197CCC
09:50:50.358  uart:~$ uart:~$ [00:01:57.256,000] <inf> chip: [EM]??5 [E:63720r S:31647 M:100831391] (S) Msg Retransmission to 1:0000000072197CCC scheduled for 1424ms from now [State:Active II:500 AI:300 AT:4000]
09:50:50.378  uart:~$ uart:~$ [00:01:57.256,000] <inf> chip: [EM]<<4 [E:37536r S:31644 M:228593642] (S) Msg Retransmission to 1:0000000033CFE2F6
09:50:50.419  uart:~$ uart:~$ [00:01:57.271,000] <inf> chip: [EM]??5 [E:37536r S:31644 M:228593642] (S) Msg Retransmission to 1:0000000033CFE2F6 scheduled for 1486ms from now [State:Active II:500 AI:300 AT:4000]
09:50:50.439  uart:~$ uart:~$ [00:01:57.271,000] <inf> chip: [EM]<<4 [E:25096i S:31644 M:228593643] (S) Msg Retransmission to 1:0000000033CFE2F6
09:50:50.479  uart:~$ uart:~$ [00:01:57.282,000] <inf> chip: [EM]??5 [E:25096i S:31644 M:228593643] (S) Msg Retransmission to 1:0000000033CFE2F6 scheduled for 1575ms from now [State:Active II:500 AI:300 AT:4000]
09:50:50.510  uart:~$ uart:~$ [00:01:57.288,000] <dbg> chip.LogV: [IN]Received a duplicate message with MessageCounter:187350696 on exchange 63720r
09:50:50.541  uart:~$ uart:~$ [00:01:57.288,000] <inf> chip: [EM]>>> [E:63720r S:31647 M:187350696] (S) Msg RX from 1:0000000072197CCC [4145] to 00000000DCF2A6E2 --- Type 0001:02 (IM:ReadRequest) (B:51)
09:50:50.561  uart:~$ uart:~$ [00:01:57.289,000] <dbg> chip.LogV: [EM]Found matching exchange: 63720r, Delegate: 0
09:50:50.591  uart:~$ uart:~$ [00:01:57.289,000] <dbg> chip.LogV: [EM]Forcing tx of solitary ack for duplicate MessageCounter:187350696 on exchange 63720r
09:50:50.689  uart:~$ uart:~$ [00:01:57.584,000] <inf> chip: [EM]<<< [E:63720r S:31647 M:100831397 (Ack:187350696)] (S) Msg TX from 00000000DCF2A6E2 to 1:0000000072197CCC [4145] [UDP:[fe80::84a:18c1:cea4:c124%ETH_W5500]:52967] --- Type 0000:10 (SecureChannel:StandaloneAck) (B:34)
09:50:50.719  uart:~$ uart:~$ [00:01:57.591,000] <inf> chip: [EM]<<3 [E:63721r S:31647 M:100831394] (S) Msg Retransmission to 1:0000000072197CCC
09:50:50.749  uart:~$ uart:~$ [00:01:57.621,000] <inf> chip: [EM]??4 [E:63721r S:31647 M:100831394] (S) Msg Retransmission to 1:0000000072197CCC scheduled for 977ms from now [State:Active II:500 AI:300 AT:4000]
09:50:50.780  uart:~$ uart:~$ [00:01:57.623,000] <dbg> chip.LogV: [IN]Received a duplicate message with MessageCounter:187350698 on exchange 63721r
09:50:50.810  uart:~$ uart:~$ [00:01:57.623,000] <inf> chip: [EM]>>> [E:63721r S:31647 M:187350698] (S) Msg RX from 1:0000000072197CCC [4145] to 00000000DCF2A6E2 --- Type 0001:03 (IM:SubscribeRequest) (B:58)
09:50:50.830  uart:~$ uart:~$ [00:01:57.623,000] <dbg> chip.LogV: [EM]Found matching exchange: 63721r, Delegate: 0x20016268
09:50:50.860  uart:~$ uart:~$ [00:01:57.623,000] <dbg> chip.LogV: [EM]Forcing tx of solitary ack for duplicate MessageCounter:187350698 on exchange 63721r
09:50:50.900  uart:~$ uart:~$ [00:01:57.625,000] <inf> chip: [EM]<<< [E:63721r S:31647 M:100831398 (Ack:187350698)] (S) Msg TX from 00000000DCF2A6E2 to 1:0000000072197CCC [4145] [UDP:[fe80::84a:18c1:cea4:c124%ETH_W5500]:52967] --- Type 0000:10 (SecureChannel:StandaloneAck) (B:34)
09:50:50.930  uart:~$ uart:~$ [00:01:57.638,000] <dbg> chip.LogV: [IN]Received a duplicate message with MessageCounter:223098099 on exchange 37536r
09:50:50.960  uart:~$ uart:~$ [00:01:57.638,000] <inf> chip: [EM]>>> [E:37536r S:31644 M:223098099] (S) Msg RX from 1:0000000033CFE2F6 [4145] to 00000000DCF2A6E2 --- Type 0001:08 (IM:InvokeCommandRequest) (B:75)
09:50:51.003  uart:~$ uart:~$ [00:01:57.955,000] <dbg> chip.LogV: [EM]Found matching exchange: 37536r, Delegate: 0
09:50:51.023  uart:~$ uart:~$ [00:01:57.956,000] <dbg> chip.LogV: [EM]Forcing tx of solitary ack for duplicate MessageCounter:223098099 on exchange 37536r
09:50:51.073  uart:~$ uart:~$ [00:01:57.957,000] <inf> chip: [EM]<<< [E:37536r S:31644 M:228593646 (Ack:223098099)] (S) Msg TX from 00000000DCF2A6E2 to 1:0000000033CFE2F6 [4145] [UDP:[fe80::1c59:aaca:1932:e904%ETH_W5500]:51433] --- Type 0000:10 (SecureChannel:StandaloneAck) (B:34)
09:50:51.113  uart:~$ uart:~$ [00:01:57.966,000] <inf> chip: [EM]>>> [E:63718r S:31647 M:187350702 (Ack:100831385)] (S) Msg RX from 1:0000000072197CCC [4145] to 00000000DCF2A6E2 --- Type 0000:10 (SecureChannel:StandaloneAck) (B:34)
09:50:51.143  uart:~$ uart:~$ [00:01:57.968,000] <inf> chip: [EM]>>> [E:63719r S:31647 M:187350703 (Ack:100831386)] (S) Msg RX from 1:0000000072197CCC [4145] to 00000000DCF2A6E2 --- Type 0000:10 (SecureChannel:StandaloneAck) (B:34)
09:50:51.173  uart:~$ uart:~$ [00:01:57.969,000] <dbg> chip.LogV: [IN]Received a duplicate message with MessageCounter:187350698 on exchange 63721r
09:50:51.203  uart:~$ uart:~$ [00:01:57.970,000] <inf> chip: [EM]>>> [E:63721r S:31647 M:187350698] (S) Msg RX from 1:0000000072197CCC [4145] to 00000000DCF2A6E2 --- Type 0001:03 (IM:SubscribeRequest) (B:58)
09:50:51.234  uart:~$ uart:~$ [00:01:57.970,000] <dbg> chip.LogV: [EM]Found matching exchange: 63721r, Delegate: 0x20016268
09:50:51.254  uart:~$ uart:~$ [00:01:57.970,000] <dbg> chip.LogV: [EM]Forcing tx of solitary ack for duplicate MessageCounter:187350698 on exchange 63721r
09:50:51.305  uart:~$ uart:~$ [00:01:57.972,000] <inf> chip: [EM]<<< [E:63721r S:31647 M:100831399 (Ack:187350698)] (S) Msg TX from 00000000DCF2A6E2 to 1:0000000072197CCC [4145] [UDP:[fe80::84a:18c1:cea4:c124%ETH_W5500]:52967] --- Type 0000:10 (SecureChannel:StandaloneAck) (B:34)
09:50:51.356  uart:~$ uart:~$ [00:01:58.303,000] <inf> chip: [EM]>>> [E:63720r S:31647 M:187350704 (Ack:100831391)] (S) Msg RX from 1:0000000072197CCC [4145] to 00000000DCF2A6E2 --- Type 0000:10 (SecureChannel:StandaloneAck) (B:34)
09:50:51.376  uart:~$ uart:~$ [00:01:58.303,000] <dbg> chip.LogV: [EM]Found matching exchange: 63720r, Delegate: 0
09:50:51.406  uart:~$ uart:~$ [00:01:58.304,000] <dbg> chip.LogV: [EM]Rxd Ack; Removing MessageCounter:100831391 from Retrans Table on exchange 63720r
09:50:51.436  uart:~$ uart:~$ [00:01:58.306,000] <inf> chip: [EM]>>> [E:63722r S:31647 M:187350705] (S) Msg RX from 1:0000000072197CCC [4145] to 00000000DCF2A6E2 --- Type 0001:06 (IM:WriteRequest) (B:88)
09:50:51.456  uart:~$ uart:~$ [00:01:58.306,000] <dbg> chip.LogV: [EM]Handling via exchange: 63722r, Delegate: 0x20014644
09:50:51.477  uart:~$ uart:~$ [00:01:58.307,000] <dbg> chip.LogV: [IM]Received Write request
09:50:51.497  uart:~$ uart:~$ [00:01:58.307,000] <dbg> chip.LogV: [DMG]IM WH moving to [Initialized]
09:50:51.517  uart:~$ uart:~$ [00:01:58.309,000] <dbg> chip.LogV: [DMG]Writing attribute: Cluster=0x0000_001F Endpoint=0x0 AttributeId=0x0000_0000
09:50:51.557  uart:~$ uart:~$ [00:01:58.313,000] <dbg> chip.LogV: [EVL]LogEvent event number: 0x0000000000000005 priority: 1, endpoint id:  0x0 cluster id: 0x0000_001F event id: 0x0 Sys timestamp: 0x000000000001C41C
09:50:51.578  uart:~$ uart:~$ [00:01:58.313,000] <dbg> chip.LogV: [DMG]Urgent event will be sent once reporting is not blocked by the min interval
09:50:51.622  uart:~$ uart:~$ [00:01:58.576,000] <dbg> chip.LogV: [DMG]Cannot merge the new path into any existing path, create one.
09:50:51.642  uart:~$ uart:~$ [00:01:58.576,000] <dbg> chip.LogV: [DMG]IM WH moving to [AddStatus]
09:50:51.682  uart:~$ uart:~$ [00:01:58.578,000] <inf> chip: [EM]<<< [E:63722r S:31647 M:100831400 (Ack:187350705)] (S) Msg TX from 00000000DCF2A6E2 to 1:0000000072197CCC [4145] [UDP:[fe80::84a:18c1:cea4:c124%ETH_W5500]:52967] --- Type 0001:07 (IM:WriteResponse) (B:62)
09:50:51.722  uart:~$ uart:~$ [00:01:58.586,000] <inf> chip: [EM]??1 [E:63722r S:31647 M:100831400] (S) Msg Retransmission to 1:0000000072197CCC scheduled for 389ms from now [State:Active II:500 AI:300 AT:4000]
09:50:51.732  uart:~$ uart:~$ [00:01:58.586,000] <dbg> chip.LogV: [DMG]IM WH moving to [Sending]
09:50:51.752  uart:~$ uart:~$ [00:01:58.586,000] <dbg> chip.LogV: [DMG]IM WH moving to [Uninitialized]
09:50:51.783  uart:~$ uart:~$ [00:01:58.588,000] <dbg> chip.LogV: [IN]Received a duplicate message with MessageCounter:187350705 on exchange 63722r
09:50:51.813  uart:~$ uart:~$ [00:01:58.589,000] <inf> chip: [EM]>>> [E:63722r S:31647 M:187350705] (S) Msg RX from 1:0000000072197CCC [4145] to 00000000DCF2A6E2 --- Type 0001:06 (IM:WriteRequest) (B:88)
09:50:51.833  uart:~$ uart:~$ [00:01:58.589,000] <dbg> chip.LogV: [EM]Found matching exchange: 63722r, Delegate: 0
09:50:51.863  uart:~$ uart:~$ [00:01:58.589,000] <dbg> chip.LogV: [EM]Forcing tx of solitary ack for duplicate MessageCounter:187350705 on exchange 63722r
09:50:51.949  uart:~$ uart:~$ [00:01:58.856,000] <inf> chip: [EM]<<< [E:63722r S:31647 M:100831401 (Ack:187350705)] (S) Msg TX from 00000000DCF2A6E2 to 1:0000000072197CCC [4145] [UDP:[fe80::84a:18c1:cea4:c124%ETH_W5500]:52967] --- Type 0000:10 (SecureChannel:StandaloneAck) (B:34)
09:50:51.979  uart:~$ uart:~$ [00:01:58.864,000] <err> chip: [EM]<<5 [E:37536r S:31644 M:228593642] (S) Msg Retransmission to 1:0000000033CFE2F6 failure (max retries:4)
09:50:52.000  uart:~$ uart:~$ [00:01:58.864,000] <dbg> chip.LogV: [IN]SecureSession[0x70001728]: MarkAsDefunct Type:2 LSID:31644
09:50:52.030  uart:~$ uart:~$ [00:01:58.864,000] <inf> chip: [SC]SecureSession[0x70001728, LSID:31644]: State change 'kActive' --> 'kDefunct'
09:50:52.060  uart:~$ uart:~$ [00:01:58.865,000] <err> chip: [EM]<<5 [E:25096i S:31644 M:228593643] (S) Msg Retransmission to 1:0000000033CFE2F6 failure (max retries:4)
09:50:52.080  uart:~$ uart:~$ [00:01:58.865,000] <inf> chip: [EM]<<4 [E:63721r S:31647 M:100831394] (S) Msg Retransmission to 1:0000000072197CCC
09:50:52.120  uart:~$ uart:~$ [00:01:58.895,000] <inf> chip: [EM]??5 [E:63721r S:31647 M:100831394] (S) Msg Retransmission to 1:0000000072197CCC scheduled for 1477ms from now [State:Active II:500 AI:300 AT:4000]
09:50:52.140  uart:~$ uart:~$ [00:01:58.897,000] <dbg> chip.LogV: [IN]Received a duplicate message with MessageCounter:223098099 on exchange 37536r
09:50:52.170  uart:~$ uart:~$ [00:01:58.897,000] <inf> chip: [SC]SecureSession[0x70001728, LSID:31644]: State change 'kDefunct' --> 'kActive'
09:50:52.201  uart:~$ uart:~$ [00:01:58.897,000] <inf> chip: [EM]>>> [E:37536r S:31644 M:223098099] (S) Msg RX from 1:0000000033CFE2F6 [4145] to 00000000DCF2A6E2 --- Type 0001:08 (IM:InvokeCommandRequest) (B:75)
09:50:52.255  uart:~$ uart:~$ [00:01:59.196,000] <dbg> chip.LogV: [EM]Generating StandaloneAck via exchange: 37536r
09:50:52.275  uart:~$ uart:~$ [00:01:59.196,000] <dbg> chip.LogV: [EM]Forcing tx of solitary ack for duplicate MessageCounter:223098099 on exchange 37536r
09:50:52.325  uart:~$ uart:~$ [00:01:59.197,000] <inf> chip: [EM]<<< [E:37536r S:31644 M:228593647 (Ack:223098099)] (S) Msg TX from 00000000DCF2A6E2 to 1:0000000033CFE2F6 [4145] [UDP:[fe80::1c59:aaca:1932:e904%ETH_W5500]:51433] --- Type 0000:10 (SecureChannel:StandaloneAck) (B:34)
09:50:52.345  uart:~$ uart:~$ [00:01:59.205,000] <inf> chip: [EM]<<1 [E:63722r S:31647 M:100831400] (S) Msg Retransmission to 1:0000000072197CCC
09:50:52.385  uart:~$ uart:~$ [00:01:59.212,000] <inf> chip: [EM]??2 [E:63722r S:31647 M:100831400] (S) Msg Retransmission to 1:0000000072197CCC scheduled for 395ms from now [State:Active II:500 AI:300 AT:4000]
09:50:52.415  uart:~$ uart:~$ [00:01:59.214,000] <inf> chip: [EM]>>> [E:37537r S:31644 M:223098100] (S) Msg RX from 1:0000000033CFE2F6 [4145] to 00000000DCF2A6E2 --- Type 0001:08 (IM:InvokeCommandRequest) (B:62)
09:50:52.435  uart:~$ uart:~$ [00:01:59.214,000] <dbg> chip.LogV: [EM]Handling via exchange: 37537r, Delegate: 0x20014644
09:50:52.465  uart:~$ uart:~$ [00:01:59.220,000] <dbg> chip.LogV: [DMG]Received command for Endpoint=0 Cluster=0x0000_0003 Command=0x0000_0000
09:50:52.485  uart:~$ uart:~$ [00:01:59.222,000] <dbg> chip.LogV: [DMG]Cannot merge the new path into any existing path, create one.
09:50:52.506  uart:~$ uart:~$ [00:01:59.222,000] <inf> chip: [ZCL]Identify start endpoint=0
09:50:52.536  uart:~$ uart:~$ [00:01:59.496,000] <dbg> chip.LogV: [DMG]Command handler moving to [NewRespons]
09:50:52.557  uart:~$ uart:~$ [00:01:59.496,000] <dbg> chip.LogV: [DMG]Command handler moving to [ Preparing]
09:50:52.577  uart:~$ uart:~$ [00:01:59.496,000] <dbg> chip.LogV: [DMG]Command handler moving to [AddingComm]
09:50:52.597  uart:~$ uart:~$ [00:01:59.497,000] <dbg> chip.LogV: [DMG]Command handler moving to [AddedComma]
09:50:52.627  uart:~$ uart:~$ [00:01:59.497,000] <dbg> chip.LogV: [DMG]Decreasing reference count for CommandHandlerImpl, remaining 1
09:50:52.647  uart:~$ uart:~$ [00:01:59.497,000] <dbg> chip.LogV: [DMG]Decreasing reference count for CommandHandlerImpl, remaining 0
09:50:52.667  uart:~$ uart:~$ [00:01:59.497,000] <dbg> chip.LogV: [DMG]Command handler moving to [AwaitingDe]
09:50:52.707  uart:~$ uart:~$ [00:01:59.499,000] <inf> chip: [EM]<<< [E:37537r S:31644 M:228593648 (Ack:223098100)] (S) Msg TX from 00000000DCF2A6E2 to 1:0000000033CFE2F6 [4145] [UDP:[fe80::1c59:aaca:1932:e904%ETH_W5500]:51433] --- Type 0001:09 (IM:InvokeCommandResponse) (B:67)
09:50:52.747  uart:~$ uart:~$ [00:01:59.507,000] <inf> chip: [EM]??1 [E:37537r S:31644 M:228593648] (S) Msg Retransmission to 1:0000000033CFE2F6 scheduled for 338ms from now [State:Active II:500 AI:300 AT:4000]
09:50:52.768  uart:~$ uart:~$ [00:01:59.507,000] <dbg> chip.LogV: [DMG]Command response sender moving to [AllInvokeR]
09:50:52.821  uart:~$ uart:~$ [00:01:59.761,000] <inf> chip: [EM]<<2 [E:63722r S:31647 M:100831400] (S) Msg Retransmission to 1:0000000072197CCC
09:50:52.851  uart:~$ uart:~$ [00:01:59.769,000] <inf> chip: [EM]??3 [E:63722r S:31647 M:100831400] (S) Msg Retransmission to 1:0000000072197CCC scheduled for 597ms from now [State:Active II:500 AI:300 AT:4000]
09:50:52.881  uart:~$ uart:~$ [00:01:59.770,000] <dbg> chip.LogV: [IN]Received a duplicate message with MessageCounter:187350705 on exchange 63722r
09:50:52.912  uart:~$ uart:~$ [00:01:59.771,000] <inf> chip: [EM]>>> [E:63722r S:31647 M:187350705] (S) Msg RX from 1:0000000072197CCC [4145] to 00000000DCF2A6E2 --- Type 0001:06 (IM:WriteRequest) (B:88)
09:50:52.932  uart:~$ uart:~$ [00:01:59.775,000] <dbg> chip.LogV: [EM]Found matching exchange: 63722r, Delegate: 0
09:50:52.962  uart:~$ uart:~$ [00:01:59.775,000] <dbg> chip.LogV: [EM]Forcing tx of solitary ack for duplicate MessageCounter:187350705 on exchange 63722r
09:50:53.013  uart:~$ uart:~$ [00:01:59.776,000] <inf> chip: [EM]<<< [E:63722r S:31647 M:100831402 (Ack:187350705)] (S) Msg TX from 00000000DCF2A6E2 to 1:0000000072197CCC [4145] [UDP:[fe80::84a:18c1:cea4:c124%ETH_W5500]:52967] --- Type 0000:10 (SecureChannel:StandaloneAck) (B:34)
09:50:53.043  uart:~$ uart:~$ [00:01:59.785,000] <inf> chip: [EM]>>> [E:37536r S:31644 M:223098101 (Ack:228593642)] (S) Msg RX from 1:0000000033CFE2F6 [4145] to 00000000DCF2A6E2 --- Type 0000:10 (SecureChannel:StandaloneAck) (B:34)
09:50:53.073  uart:~$ uart:~$ [00:01:59.787,000] <dbg> chip.LogV: [IN]Received a duplicate message with MessageCounter:187350698 on exchange 63721r
09:50:53.103  uart:~$ uart:~$ [00:01:59.787,000] <inf> chip: [EM]>>> [E:63721r S:31647 M:187350698] (S) Msg RX from 1:0000000072197CCC [4145] to 00000000DCF2A6E2 --- Type 0001:03 (IM:SubscribeRequest) (B:58)
09:50:53.148  uart:~$ uart:~$ [00:02:00.099,000] <dbg> chip.LogV: [EM]Found matching exchange: 63721r, Delegate: 0x20016268
09:50:53.178  uart:~$ uart:~$ [00:02:00.099,000] <dbg> chip.LogV: [EM]Forcing tx of solitary ack for duplicate MessageCounter:187350698 on exchange 63721r
09:50:53.218  uart:~$ uart:~$ [00:02:00.101,000] <inf> chip: [EM]<<< [E:63721r S:31647 M:100831403 (Ack:187350698)] (S) Msg TX from 00000000DCF2A6E2 to 1:0000000072197CCC [4145] [UDP:[fe80::84a:18c1:cea4:c124%ETH_W5500]:52967] --- Type 0000:10 (SecureChannel:StandaloneAck) (B:34)
09:50:53.248  uart:~$ uart:~$ [00:02:00.108,000] <inf> chip: [EM]<<1 [E:37537r S:31644 M:228593648] (S) Msg Retransmission to 1:0000000033CFE2F6
09:50:53.278  uart:~$ uart:~$ [00:02:00.116,000] <inf> chip: [EM]??2 [E:37537r S:31644 M:228593648] (S) Msg Retransmission to 1:0000000033CFE2F6 scheduled for 353ms from now [State:Active II:500 AI:300 AT:4000]
09:50:53.319  uart:~$ uart:~$ [00:02:00.117,000] <inf> chip: [EM]>>> [E:25096i S:31644 M:223098102 (Ack:228593643)] (S) Msg RX from 1:0000000033CFE2F6 [4145] to 00000000DCF2A6E2 --- Type 0001:01 (IM:StatusResponse) (B:42)
09:50:53.339  uart:~$ uart:~$ [00:02:00.118,000] <dbg> chip.LogV: [EM]Found matching exchange: 25096i, Delegate: 0x200161e8
09:50:53.369  uart:~$ uart:~$ [00:02:00.118,000] <dbg> chip.LogV: [EM]CHIP MessageCounter:228593643 not in RetransTable on exchange 25096i
09:50:53.389  uart:~$ uart:~$ [00:02:00.123,000] <inf> chip: [IM]Received status response, status is 0x00
09:50:53.410  uart:~$ uart:~$ [00:02:00.123,000] <dbg> chip.LogV: [DMG]<RE> OnReportConfirm: NumReports = 1
09:50:53.455  uart:~$ uart:~$ [00:02:00.401,000] <dbg> chip.LogV: [DMG]IM RH moving to [CanStartReporting]
09:50:53.506  uart:~$ uart:~$ [00:02:00.403,000] <inf> chip: [EM]<<< [E:25096i S:31644 M:228593649 (Ack:223098102)] (S) Msg TX from 00000000DCF2A6E2 to 1:0000000033CFE2F6 [4145] [UDP:[fe80::1c59:aaca:1932:e904%ETH_W5500]:51433] --- Type 0000:10 (SecureChannel:StandaloneAck) (B:34)
09:50:53.537  uart:~$ uart:~$ [00:02:00.409,000] <dbg> chip.LogV: [EM]Flushed pending ack for MessageCounter:223098102 on exchange 25096i
09:50:53.557  uart:~$ uart:~$ [00:02:00.410,000] <inf> chip: [EM]<<3 [E:63722r S:31647 M:100831400] (S) Msg Retransmission to 1:0000000072197CCC
09:50:53.597  uart:~$ uart:~$ [00:02:00.418,000] <inf> chip: [EM]??4 [E:63722r S:31647 M:100831400] (S) Msg Retransmission to 1:0000000072197CCC scheduled for 981ms from now [State:Active II:500 AI:300 AT:4000]
09:50:53.617  uart:~$ uart:~$ [00:02:00.418,000] <err> chip: [EM]<<5 [E:63721r S:31647 M:100831394] (S) Msg Retransmission to 1:0000000072197CCC failure (max retries:4)
09:50:53.647  uart:~$ uart:~$ [00:02:00.419,000] <dbg> chip.LogV: [DMG]Building Reports for ReadHandler with LastReportGeneration = 0x00000010 DirtyGeneration = 0x00000012
09:50:53.667  uart:~$ uart:~$ [00:02:00.427,000] <dbg> chip.LogV: [DMG]<RE:Run> Cluster 1f, Attribute 0 is dirty
09:50:53.697  uart:~$ uart:~$ [00:02:00.429,000] <dbg> chip.LogV: [DMG]Reading attribute: Cluster=0x0000_001F Endpoint=0x0 AttributeId=0x0000_0000 (expanded=1)
09:50:53.717  uart:~$ uart:~$ [00:02:00.431,000] <dbg> chip.LogV: [DMG]<RE:Run> Cluster 3, Attribute 0 is dirty
09:50:53.782  uart:~$ uart:~$ [00:02:00.714,000] <dbg> chip.LogV: [DMG]Reading attribute: Cluster=0x0000_0003 Endpoint=0x0 AttributeId=0x0000_0000 (expanded=1)
09:50:53.792  uart:~$ uart:~$ [00:02:00.727,000] <dbg> chip.LogV: [DMG]Fetched 1 events
09:50:53.812  uart:~$ uart:~$ [00:02:00.728,000] <dbg> chip.LogV: [DMG]<RE> Sending report (payload has 181 bytes)...
09:50:53.862  uart:~$ uart:~$ [00:02:00.729,000] <inf> chip: [EM]<<< [E:25097i S:31644 M:228593650] (S) Msg TX from 00000000DCF2A6E2 to 1:0000000033CFE2F6 [4145] [UDP:[fe80::1c59:aaca:1932:e904%ETH_W5500]:51433] --- Type 0001:05 (IM:ReportData) (B:211)
09:50:53.893  uart:~$ uart:~$ [00:02:00.740,000] <inf> chip: [EM]??1 [E:25097i S:31644 M:228593650] (S) Msg Retransmission to 1:0000000033CFE2F6 scheduled for 385ms from now [State:Active II:500 AI:300 AT:4000]
09:50:53.913  uart:~$ uart:~$ [00:02:00.740,000] <dbg> chip.LogV: [DMG]IM RH moving to [AwaitingReportResponse]
09:50:53.943  uart:~$ uart:~$ [00:02:00.741,000] <dbg> chip.LogV: [DMG]<RE> ReportsInFlight = 2 with readHandler 0, RE has no more messages
09:50:53.963  uart:~$ uart:~$ [00:02:00.742,000] <dbg> chip.LogV: [IN]Received a duplicate message with MessageCounter:223098100 on exchange 37537r
09:50:54.003  uart:~$ uart:~$ [00:02:00.743,000] <inf> chip: [EM]>>> [E:37537r S:31644 M:223098100] (S) Msg RX from 1:0000000033CFE2F6 [4145] to 00000000DCF2A6E2 --- Type 0001:08 (IM:InvokeCommandRequest) (B:62)
09:50:54.023  uart:~$ uart:~$ [00:02:00.743,000] <dbg> chip.LogV: [EM]Found matching exchange: 37537r, Delegate: 0
09:50:54.078  uart:~$ uart:~$ [00:02:01.018,000] <dbg> chip.LogV: [EM]Forcing tx of solitary ack for duplicate MessageCounter:223098100 on exchange 37537r
09:50:54.119  uart:~$ uart:~$ [00:02:01.019,000] <inf> chip: [EM]<<< [E:37537r S:31644 M:228593651 (Ack:223098100)] (S) Msg TX from 00000000DCF2A6E2 to 1:0000000033CFE2F6 [4145] [UDP:[fe80::1c59:aaca:1932:e904%ETH_W5500]:51433] --- Type 0000:10 (SecureChannel:StandaloneAck) (B:34)
09:50:54.149  uart:~$ uart:~$ [00:02:01.027,000] <inf> chip: [EM]<<2 [E:37537r S:31644 M:228593648] (S) Msg Retransmission to 1:0000000033CFE2F6
09:50:54.179  uart:~$ uart:~$ [00:02:01.034,000] <inf> chip: [EM]??3 [E:37537r S:31644 M:228593648] (S) Msg Retransmission to 1:0000000033CFE2F6 scheduled for 534ms from now [State:Active II:500 AI:300 AT:4000]
09:50:54.220  uart:~$ uart:~$ [00:02:01.036,000] <inf> chip: [EM]>>> [E:63720r S:31647 M:187350706 (Ack:100831391)] (S) Msg RX from 1:0000000072197CCC [4145] to 00000000DCF2A6E2 --- Type 0000:10 (SecureChannel:StandaloneAck) (B:34)
09:50:54.250  uart:~$ uart:~$ [00:02:01.042,000] <dbg> chip.LogV: [IN]Received a duplicate message with MessageCounter:223098102 on exchange 25096i
09:50:54.280  uart:~$ uart:~$ [00:02:01.043,000] <inf> chip: [EM]>>> [E:25096i S:31644 M:223098102 (Ack:228593643)] (S) Msg RX from 1:0000000033CFE2F6 [4145] to 00000000DCF2A6E2 --- Type 0001:01 (IM:StatusResponse) (B:42)
09:50:54.300  uart:~$ uart:~$ [00:02:01.043,000] <dbg> chip.LogV: [EM]Generating StandaloneAck via exchange: 25096i
09:50:54.330  uart:~$ uart:~$ [00:02:01.043,000] <dbg> chip.LogV: [EM]Forcing tx of solitary ack for duplicate MessageCounter:223098102 on exchange 25096i
09:50:54.382  uart:~$ uart:~$ [00:02:01.045,000] <inf> chip: [EM]<<< [E:25096i S:31644 M:228593652 (Ack:223098102)] (S) Msg TX from 00000000DCF2A6E2 to 1:0000000033CFE2F6 [4145] [UDP:[fe80::1c59:aaca:1932:e904%ETH_W5500]:51433] --- Type 0000:10 (SecureChannel:StandaloneAck) (B:34)
09:50:54.449  uart:~$ uart:~$ [00:02:01.377,000] <inf> chip: [EM]<<1 [E:25097i S:31644 M:228593650] (S) Msg Retransmission to 1:0000000033CFE2F6
09:50:54.479  uart:~$ uart:~$ [00:02:01.388,000] <inf> chip: [EM]??2 [E:25097i S:31644 M:228593650] (S) Msg Retransmission to 1:0000000033CFE2F6 scheduled for 385ms from now [State:Active II:500 AI:300 AT:4000]
09:50:54.509  uart:~$ uart:~$ [00:02:01.393,000] <dbg> chip.LogV: [IN]Received a duplicate message with MessageCounter:187350705 on exchange 63722r
09:50:54.539  uart:~$ uart:~$ [00:02:01.394,000] <inf> chip: [EM]>>> [E:63722r S:31647 M:187350705] (S) Msg RX from 1:0000000072197CCC [4145] to 00000000DCF2A6E2 --- Type 0001:06 (IM:WriteRequest) (B:88)
09:50:54.559  uart:~$ uart:~$ [00:02:01.394,000] <dbg> chip.LogV: [EM]Found matching exchange: 63722r, Delegate: 0
09:50:54.589  uart:~$ uart:~$ [00:02:01.394,000] <dbg> chip.LogV: [EM]Forcing tx of solitary ack for duplicate MessageCounter:187350705 on exchange 63722r
09:50:54.640  uart:~$ uart:~$ [00:02:01.396,000] <inf> chip: [EM]<<< [E:63722r S:31647 M:100831404 (Ack:187350705)] (S) Msg TX from 00000000DCF2A6E2 to 1:0000000072197CCC [4145] [UDP:[fe80::84a:18c1:cea4:c124%ETH_W5500]:52967] --- Type 0000:10 (SecureChannel:StandaloneAck) (B:34)
09:50:54.660  uart:~$ uart:~$ [00:02:01.403,000] <inf> chip: [EM]<<4 [E:63722r S:31647 M:100831400] (S) Msg Retransmission to 1:0000000072197CCC
09:50:54.700  uart:~$ uart:~$ [00:02:01.410,000] <inf> chip: [EM]??5 [E:63722r S:31647 M:100831400] (S) Msg Retransmission to 1:0000000072197CCC scheduled for 1521ms from now [State:Active II:500 AI:300 AT:4000]
09:50:54.720  uart:~$ uart:~$ [00:02:01.412,000] <dbg> chip.LogV: [IN]Received a duplicate message with MessageCounter:223098100 on exchange 37537r
09:50:54.785  uart:~$ uart:~$ [00:02:01.715,000] <inf> chip: [EM]>>> [E:37537r S:31644 M:223098100] (S) Msg RX from 1:0000000033CFE2F6 [4145] to 00000000DCF2A6E2 --- Type 0001:08 (IM:InvokeCommandRequest) (B:62)
09:50:54.805  uart:~$ uart:~$ [00:02:01.716,000] <dbg> chip.LogV: [EM]Found matching exchange: 37537r, Delegate: 0
09:50:54.835  uart:~$ uart:~$ [00:02:01.716,000] <dbg> chip.LogV: [EM]Forcing tx of solitary ack for duplicate MessageCounter:223098100 on exchange 37537r
09:50:54.875  uart:~$ uart:~$ [00:02:01.717,000] <inf> chip: [EM]<<< [E:37537r S:31644 M:228593653 (Ack:223098100)] (S) Msg TX from 00000000DCF2A6E2 to 1:0000000033CFE2F6 [4145] [UDP:[fe80::1c59:aaca:1932:e904%ETH_W5500]:51433] --- Type 0000:10 (SecureChannel:StandaloneAck) (B:34)
09:50:54.906  uart:~$ uart:~$ [00:02:01.724,000] <inf> chip: [EM]<<3 [E:37537r S:31644 M:228593648] (S) Msg Retransmission to 1:0000000033CFE2F6
09:50:54.936  uart:~$ uart:~$ [00:02:01.732,000] <inf> chip: [EM]??4 [E:37537r S:31644 M:228593648] (S) Msg Retransmission to 1:0000000033CFE2F6 scheduled for 958ms from now [State:Active II:500 AI:300 AT:4000]
09:50:54.977  uart:~$ uart:~$ [00:02:01.734,000] <inf> chip: [EM]>>> [E:63719r S:31647 M:187350707 (Ack:100831386)] (S) Msg RX from 1:0000000072197CCC [4145] to 00000000DCF2A6E2 --- Type 0000:10 (SecureChannel:StandaloneAck) (B:34)
09:50:55.017  uart:~$ uart:~$ [00:02:01.740,000] <inf> chip: [EM]>>> [E:37536r S:31644 M:223098103 (Ack:228593642)] (S) Msg RX from 1:0000000033CFE2F6 [4145] to 00000000DCF2A6E2 --- Type 0000:10 (SecureChannel:StandaloneAck) (B:34)
09:50:55.057  uart:~$ uart:~$ [00:02:01.742,000] <inf> chip: [EM]>>> [E:25096i S:31644 M:223098104 (Ack:228593643)] (S) Msg RX from 1:0000000033CFE2F6 [4145] to 00000000DCF2A6E2 --- Type 0000:10 (SecureChannel:StandaloneAck) (B:34)
09:50:55.077  uart:~$ uart:~$ [00:02:01.744,000] <dbg> chip.LogV: [IN]Received a duplicate message with MessageCounter:223098102 on exchange 25096i
09:50:55.141  uart:~$ uart:~$ [00:02:02.072,000] <inf> chip: [EM]>>> [E:25096i S:31644 M:223098102 (Ack:228593643)] (S) Msg RX from 1:0000000033CFE2F6 [4145] to 00000000DCF2A6E2 --- Type 0001:01 (IM:StatusResponse) (B:42)
09:50:55.162  uart:~$ uart:~$ [00:02:02.073,000] <dbg> chip.LogV: [EM]Generating StandaloneAck via exchange: 25096i
09:50:55.192  uart:~$ uart:~$ [00:02:02.073,000] <dbg> chip.LogV: [EM]Forcing tx of solitary ack for duplicate MessageCounter:223098102 on exchange 25096i
09:50:55.242  uart:~$ uart:~$ [00:02:02.074,000] <inf> chip: [EM]<<< [E:25096i S:31644 M:228593654 (Ack:223098102)] (S) Msg TX from 00000000DCF2A6E2 to 1:0000000033CFE2F6 [4145] [UDP:[fe80::1c59:aaca:1932:e904%ETH_W5500]:51433] --- Type 0000:10 (SecureChannel:StandaloneAck) (B:34)
09:50:55.262  uart:~$ uart:~$ [00:02:02.082,000] <inf> chip: [EM]<<2 [E:25097i S:31644 M:228593650] (S) Msg Retransmission to 1:0000000033CFE2F6
09:50:55.302  uart:~$ uart:~$ [00:02:02.092,000] <inf> chip: [EM]??3 [E:25097i S:31644 M:228593650] (S) Msg Retransmission to 1:0000000033CFE2F6 scheduled for 548ms from now [State:Active II:500 AI:300 AT:4000]
09:50:55.332  uart:~$ uart:~$ [00:02:02.094,000] <inf> chip: [EM]>>> [E:63720r S:31647 M:187350708 (Ack:100831391)] (S) Msg RX from 1:0000000072197CCC [4145] to 00000000DCF2A6E2 --- Type 0000:10 (SecureChannel:StandaloneAck) (B:34)
09:50:55.373  uart:~$ uart:~$ [00:02:02.096,000] <inf> chip: [EM]>>> [E:37536r S:31644 M:223098105 (Ack:228593642)] (S) Msg RX from 1:0000000033CFE2F6 [4145] to 00000000DCF2A6E2 --- Type 0000:10 (SecureChannel:StandaloneAck) (B:34)
09:50:55.403  uart:~$ uart:~$ [00:02:02.098,000] <dbg> chip.LogV: [IN]Received a duplicate message with MessageCounter:223098100 on exchange 37537r
09:50:55.433  uart:~$ uart:~$ [00:02:02.099,000] <inf> chip: [EM]>>> [E:37537r S:31644 M:223098100] (S) Msg RX from 1:0000000033CFE2F6 [4145] to 00000000DCF2A6E2 --- Type 0001:08 (IM:InvokeCommandRequest) (B:62)
09:50:55.476  uart:~$ uart:~$ [00:02:02.428,000] <dbg> chip.LogV: [EM]Found matching exchange: 37537r, Delegate: 0
09:50:55.506  uart:~$ uart:~$ [00:02:02.429,000] <dbg> chip.LogV: [EM]Forcing tx of solitary ack for duplicate MessageCounter:223098100 on exchange 37537r
09:50:55.546  uart:~$ uart:~$ [00:02:02.430,000] <inf> chip: [EM]<<< [E:37537r S:31644 M:228593655 (Ack:223098100)] (S) Msg TX from 00000000DCF2A6E2 to 1:0000000033CFE2F6 [4145] [UDP:[fe80::1c59:aaca:1932:e904%ETH_W5500]:51433] --- Type 0000:10 (SecureChannel:StandaloneAck) (B:34)
09:50:55.577  uart:~$ uart:~$ [00:02:02.438,000] <dbg> chip.LogV: [IN]Received a duplicate message with MessageCounter:223098102 on exchange 25096i
09:50:55.607  uart:~$ uart:~$ [00:02:02.439,000] <inf> chip: [EM]>>> [E:25096i S:31644 M:223098102 (Ack:228593643)] (S) Msg RX from 1:0000000033CFE2F6 [4145] to 00000000DCF2A6E2 --- Type 0001:01 (IM:StatusResponse) (B:42)
09:50:55.637  uart:~$ uart:~$ [00:02:02.439,000] <dbg> chip.LogV: [EM]Generating StandaloneAck via exchange: 25096i
09:50:55.657  uart:~$ uart:~$ [00:02:02.439,000] <dbg> chip.LogV: [EM]Forcing tx of solitary ack for duplicate MessageCounter:223098102 on exchange 25096i
09:50:55.707  uart:~$ uart:~$ [00:02:02.440,000] <inf> chip: [EM]<<< [E:25096i S:31644 M:228593656 (Ack:223098102)] (S) Msg TX from 00000000DCF2A6E2 to 1:0000000033CFE2F6 [4145] [UDP:[fe80::1c59:aaca:1932:e904%ETH_W5500]:51433] --- Type 0000:10 (SecureChannel:StandaloneAck) (B:34)
09:50:55.737  uart:~$ uart:~$ [00:02:02.450,000] <inf> chip: [EM]>>> [E:25096i S:31644 M:223098106 (Ack:228593643)] (S) Msg RX from 1:0000000033CFE2F6 [4145] to 00000000DCF2A6E2 --- Type 0000:10 (SecureChannel:StandaloneAck) (B:34)
09:50:55.767  uart:~$ uart:~$ [00:02:02.451,000] <dbg> chip.LogV: [IN]Received a duplicate message with MessageCounter:187350705 on exchange 63722r
09:50:55.829  uart:~$ uart:~$ [00:02:02.761,000] <inf> chip: [EM]>>> [E:63722r S:31647 M:187350705] (S) Msg RX from 1:0000000072197CCC [4145] to 00000000DCF2A6E2 --- Type 0001:06 (IM:WriteRequest) (B:88)
09:50:55.849  uart:~$ uart:~$ [00:02:02.761,000] <dbg> chip.LogV: [EM]Found matching exchange: 63722r, Delegate: 0
09:50:55.880  uart:~$ uart:~$ [00:02:02.762,000] <dbg> chip.LogV: [EM]Forcing tx of solitary ack for duplicate MessageCounter:187350705 on exchange 63722r
09:50:55.930  uart:~$ uart:~$ [00:02:02.763,000] <inf> chip: [EM]<<< [E:63722r S:31647 M:100831405 (Ack:187350705)] (S) Msg TX from 00000000DCF2A6E2 to 1:0000000072197CCC [4145] [UDP:[fe80::84a:18c1:cea4:c124%ETH_W5500]:52967] --- Type 0000:10 (SecureChannel:StandaloneAck) (B:34)
09:50:55.951  uart:~$ uart:~$ [00:02:02.770,000] <inf> chip: [EM]<<4 [E:37537r S:31644 M:228593648] (S) Msg Retransmission to 1:0000000033CFE2F6
09:50:55.991  uart:~$ uart:~$ [00:02:02.778,000] <inf> chip: [EM]??5 [E:37537r S:31644 M:228593648] (S) Msg Retransmission to 1:0000000033CFE2F6 scheduled for 1568ms from now [State:Active II:500 AI:300 AT:4000]
09:50:56.011  uart:~$ uart:~$ [00:02:02.778,000] <inf> chip: [EM]<<3 [E:25097i S:31644 M:228593650] (S) Msg Retransmission to 1:0000000033CFE2F6
09:50:56.051  uart:~$ uart:~$ [00:02:02.789,000] <inf> chip: [EM]??4 [E:25097i S:31644 M:228593650] (S) Msg Retransmission to 1:0000000033CFE2F6 scheduled for 1040ms from now [State:Active II:500 AI:300 AT:4000]
09:50:56.071  uart:~$ uart:~$ [00:02:02.790,000] <dbg> chip.LogV: [IN]Received a duplicate message with MessageCounter:223098100 on exchange 37537r
09:50:56.112  uart:~$ uart:~$ [00:02:02.791,000] <inf> chip: [EM]>>> [E:37537r S:31644 M:223098100] (S) Msg RX from 1:0000000033CFE2F6 [4145] to 00000000DCF2A6E2 --- Type 0001:08 (IM:InvokeCommandRequest) (B:62)
09:50:56.143  uart:~$ uart:~$ [00:02:03.101,000] <dbg> chip.LogV: [EM]Found matching exchange: 37537r, Delegate: 0
09:50:56.173  uart:~$ uart:~$ [00:02:03.102,000] <dbg> chip.LogV: [EM]Forcing tx of solitary ack for duplicate MessageCounter:223098100 on exchange 37537r
09:50:56.213  uart:~$ uart:~$ [00:02:03.103,000] <inf> chip: [EM]<<< [E:37537r S:31644 M:228593657 (Ack:223098100)] (S) Msg TX from 00000000DCF2A6E2 to 1:0000000033CFE2F6 [4145] [UDP:[fe80::1c59:aaca:1932:e904%ETH_W5500]:51433] --- Type 0000:10 (SecureChannel:StandaloneAck) (B:34)
09:50:56.244  uart:~$ uart:~$ [00:02:03.110,000] <err> chip: [EM]<<5 [E:63722r S:31647 M:100831400] (S) Msg Retransmission to 1:0000000072197CCC failure (max retries:4)
09:50:56.264  uart:~$ uart:~$ [00:02:03.111,000] <dbg> chip.LogV: [IN]SecureSession[0x70001800]: MarkAsDefunct Type:2 LSID:31647
09:50:56.294  uart:~$ uart:~$ [00:02:03.111,000] <inf> chip: [SC]SecureSession[0x70001800, LSID:31647]: State change 'kActive' --> 'kDefunct'
09:50:56.314  uart:~$ uart:~$ [00:02:03.113,000] <inf> chip: [SC]SecureSession[0x70001800, LSID:31647]: State change 'kDefunct' --> 'kActive'
09:50:56.354  uart:~$ uart:~$ [00:02:03.113,000] <inf> chip: [EM]>>> [E:63721r S:31647 M:187350709 (Ack:100831394)] (S) Msg RX from 1:0000000072197CCC [4145] to 00000000DCF2A6E2 --- Type 0001:01 (IM:StatusResponse) (B:42)
09:50:56.375  uart:~$ uart:~$ [00:02:03.113,000] <dbg> chip.LogV: [EM]Found matching exchange: 63721r, Delegate: 0x20016268
09:50:56.395  uart:~$ uart:~$ [00:02:03.113,000] <dbg> chip.LogV: [EM]CHIP MessageCounter:100831394 not in RetransTable on exchange 63721r
09:50:56.437  uart:~$ uart:~$ [00:02:03.393,000] <inf> chip: [IM]Received status response, status is 0x00
09:50:56.457  uart:~$ uart:~$ [00:02:03.394,000] <dbg> chip.LogV: [DMG]<RE> OnReportConfirm: NumReports = 1
09:50:56.477  uart:~$ uart:~$ [00:02:03.394,000] <dbg> chip.LogV: [DMG]IM RH moving to [CanStartReporting]
09:50:56.497  uart:~$ uart:~$ [00:02:03.395,000] <dbg> chip.LogV: [DMG]Building Reports for ReadHandler with LastReportGeneration = 0x00000000 DirtyGeneration = 0x00000012
09:50:56.527  uart:~$ uart:~$ [00:02:03.395,000] <dbg> chip.LogV: [DMG]<RE:Run> Cluster 3e, Attribute 4 is dirty
09:50:56.547  uart:~$ uart:~$ [00:02:03.397,000] <dbg> chip.LogV: [DMG]Reading attribute: Cluster=0x0000_003E Endpoint=0x0 AttributeId=0x0000_0004 (expanded=1)
09:50:56.567  uart:~$ uart:~$ [00:02:03.404,000] <dbg> chip.LogV: [DMG]<RE:Run> Cluster 3e, Attribute 5 is dirty
09:50:56.598  uart:~$ uart:~$ [00:02:03.406,000] <dbg> chip.LogV: [DMG]Reading attribute: Cluster=0x0000_003E Endpoint=0x0 AttributeId=0x0000_0005 (expanded=1)
09:50:56.618  uart:~$ uart:~$ [00:02:03.406,000] <dbg> chip.LogV: [DMG]<RE:Run> Cluster 3e, Attribute fffc is dirty
09:50:56.649  uart:~$ uart:~$ [00:02:03.408,000] <dbg> chip.LogV: [DMG]Reading attribute: Cluster=0x0000_003E Endpoint=0x0 AttributeId=0x0000_FFFC (expanded=1)
09:50:56.679  uart:~$ uart:~$ [00:02:03.640,000] <dbg> chip.LogV: [DMG]<RE:Run> Cluster 3e, Attribute fffd is dirty
09:50:56.709  uart:~$ uart:~$ [00:02:03.641,000] <dbg> chip.LogV: [DMG]Reading attribute: Cluster=0x0000_003E Endpoint=0x0 AttributeId=0x0000_FFFD (expanded=1)
09:50:56.729  uart:~$ uart:~$ [00:02:03.642,000] <dbg> chip.LogV: [DMG]<RE:Run> Cluster 3e, Attribute fff8 is dirty
09:50:56.749  uart:~$ uart:~$ [00:02:03.644,000] <dbg> chip.LogV: [DMG]<RE:Run> Cluster 3e, Attribute fff9 is dirty
09:50:56.769  uart:~$ uart:~$ [00:02:03.646,000] <dbg> chip.LogV: [DMG]<RE:Run> Cluster 3e, Attribute fffb is dirty
09:50:56.790  uart:~$ uart:~$ [00:02:03.650,000] <dbg> chip.LogV: [DMG]<RE:Run> Cluster 3c, Attribute 0 is dirty
09:50:56.820  uart:~$ uart:~$ [00:02:03.651,000] <dbg> chip.LogV: [DMG]Reading attribute: Cluster=0x0000_003C Endpoint=0x0 AttributeId=0x0000_0000 (expanded=1)
09:50:56.840  uart:~$ uart:~$ [00:02:03.652,000] <dbg> chip.LogV: [DMG]<RE:Run> Cluster 3c, Attribute 1 is dirty
09:50:56.870  uart:~$ uart:~$ [00:02:03.654,000] <dbg> chip.LogV: [DMG]Reading attribute: Cluster=0x0000_003C Endpoint=0x0 AttributeId=0x0000_0001 (expanded=1)
09:50:56.891  uart:~$ uart:~$ [00:02:03.654,000] <dbg> chip.LogV: [DMG]<RE:Run> Cluster 3c, Attribute 2 is dirty
09:50:56.933  uart:~$ uart:~$ [00:02:03.883,000] <dbg> chip.LogV: [DMG]Reading attribute: Cluster=0x0000_003C Endpoint=0x0 AttributeId=0x0000_0002 (expanded=1)
09:50:56.953  uart:~$ uart:~$ [00:02:03.883,000] <dbg> chip.LogV: [DMG]<RE:Run> Cluster 3c, Attribute fffc is dirty
09:50:56.973  uart:~$ uart:~$ [00:02:03.885,000] <dbg> chip.LogV: [DMG]Reading attribute: Cluster=0x0000_003C Endpoint=0x0 AttributeId=0x0000_FFFC (expanded=1)
09:50:57.004  uart:~$ uart:~$ [00:02:03.886,000] <dbg> chip.LogV: [DMG]<RE:Run> Cluster 3c, Attribute fffd is dirty
09:50:57.024  uart:~$ uart:~$ [00:02:03.888,000] <dbg> chip.LogV: [DMG]Reading attribute: Cluster=0x0000_003C Endpoint=0x0 AttributeId=0x0000_FFFD (expanded=1)
09:50:57.044  uart:~$ uart:~$ [00:02:03.888,000] <dbg> chip.LogV: [DMG]<RE:Run> Cluster 3c, Attribute fff8 is dirty
09:50:57.064  uart:~$ uart:~$ [00:02:03.890,000] <dbg> chip.LogV: [DMG]<RE:Run> Cluster 3c, Attribute fff9 is dirty
09:50:57.084  uart:~$ uart:~$ [00:02:03.892,000] <dbg> chip.LogV: [DMG]<RE:Run> Cluster 3c, Attribute fffb is dirty
09:50:57.104  uart:~$ uart:~$ [00:02:03.895,000] <dbg> chip.LogV: [DMG]<RE:Run> Cluster 34, Attribute 0 is dirty
09:50:57.134  uart:~$ uart:~$ [00:02:03.897,000] <dbg> chip.LogV: [DMG]Reading attribute: Cluster=0x0000_0034 Endpoint=0x0 AttributeId=0x0000_0000 (expanded=1)
09:50:57.216  uart:~$ uart:~$ [00:02:04.135,000] <dbg> chip.LogV: [DMG]List does not fit in packet, chunk between list items for clusterId: 0x0000_0034, attributeId: 0x0000_0000
09:50:57.236  uart:~$ uart:~$ [00:02:04.135,000] <dbg> chip.LogV: [DMG]<RE:Run> We cannot put more chunks into this report. Enable chunking.
09:50:57.262  uart:~$ uart:~$ [00:02:04.136,000] <dbg> chip.LogV: [DMG]<RE:Run> first cluster event is too big so that it fails to fit in the packet!
09:50:57.283  uart:~$ uart:~$ [00:02:04.137,000] <dbg> chip.LogV: [DMG]Fetched 0 events
09:50:57.303  uart:~$ uart:~$ [00:02:04.137,000] <dbg> chip.LogV: [DMG]<RE> Sending report (payload has 1150 bytes)...
09:50:57.343  uart:~$ uart:~$ [00:02:04.140,000] <inf> chip: [EM]<<< [E:63721r S:31647 M:100831406 (Ack:187350709)] (S) Msg TX from 00000000DCF2A6E2 to 1:0000000072197CCC [4145] [UDP:[fe80::84a:18c1:cea4:c124%ETH_W5500]:52967] --- Type 0001:05 (IM:ReportData) (B:1184)
09:50:57.373  uart:~$ uart:~$ [00:02:04.170,000] <inf> chip: [EM]??1 [E:63721r S:31647 M:100831406] (S) Msg Retransmission to 1:0000000072197CCC scheduled for 346ms from now [State:Active II:500 AI:300 AT:4000]
09:50:57.393  uart:~$ uart:~$ [00:02:04.171,000] <dbg> chip.LogV: [DMG]IM RH moving to [AwaitingReportResponse]
09:50:57.424  uart:~$ uart:~$ [00:02:04.171,000] <dbg> chip.LogV: [DMG]<RE> ReportsInFlight = 2 with readHandler 1, RE has more messages
09:50:57.444  uart:~$ uart:~$ [00:02:04.172,000] <dbg> chip.LogV: [IN]Received a duplicate message with MessageCounter:223098102 on exchange 25096i
09:50:57.507  uart:~$ uart:~$ [00:02:04.442,000] <inf> chip: [EM]>>> [E:25096i S:31644 M:223098102 (Ack:228593643)] (S) Msg RX from 1:0000000033CFE2F6 [4145] to 00000000DCF2A6E2 --- Type 0001:01 (IM:StatusResponse) (B:42)
09:50:57.527  uart:~$ uart:~$ [00:02:04.442,000] <dbg> chip.LogV: [EM]Generating StandaloneAck via exchange: 25096i
09:50:57.557  uart:~$ uart:~$ [00:02:04.442,000] <dbg> chip.LogV: [EM]Forcing tx of solitary ack for duplicate MessageCounter:223098102 on exchange 25096i
09:50:57.607  uart:~$ uart:~$ [00:02:04.444,000] <inf> chip: [EM]<<< [E:25096i S:31644 M:228593658 (Ack:223098102)] (S) Msg TX from 00000000DCF2A6E2 to 1:0000000033CFE2F6 [4145] [UDP:[fe80::1c59:aaca:1932:e904%ETH_W5500]:51433] --- Type 0000:10 (SecureChannel:StandaloneAck) (B:34)
09:50:57.637  uart:~$ uart:~$ [00:02:04.451,000] <err> chip: [EM]<<5 [E:37537r S:31644 M:228593648] (S) Msg Retransmission to 1:0000000033CFE2F6 failure (max retries:4)
09:50:57.657  uart:~$ uart:~$ [00:02:04.451,000] <dbg> chip.LogV: [IN]SecureSession[0x70001728]: MarkAsDefunct Type:2 LSID:31644
09:50:57.678  uart:~$ uart:~$ [00:02:04.452,000] <inf> chip: [SC]SecureSession[0x70001728, LSID:31644]: State change 'kActive' --> 'kDefunct'
09:50:57.708  uart:~$ uart:~$ [00:02:04.452,000] <inf> chip: [EM]<<4 [E:25097i S:31644 M:228593650] (S) Msg Retransmission to 1:0000000033CFE2F6
09:50:57.738  uart:~$ uart:~$ [00:02:04.463,000] <inf> chip: [EM]??5 [E:25097i S:31644 M:228593650] (S) Msg Retransmission to 1:0000000033CFE2F6 scheduled for 1613ms from now [State:Active II:500 AI:300 AT:4000]
09:50:57.769  uart:~$ uart:~$ [00:02:04.464,000] <inf> chip: [SC]SecureSession[0x70001728, LSID:31644]: State change 'kDefunct' --> 'kActive'
09:50:57.847  uart:~$ uart:~$ [00:02:04.760,000] <inf> chip: [EM]>>> [E:37536r S:31644 M:223098107 (Ack:228593642)] (S) Msg RX from 1:0000000033CFE2F6 [4145] to 00000000DCF2A6E2 --- Type 0000:10 (SecureChannel:StandaloneAck) (B:34)
09:50:57.867  uart:~$ uart:~$ [00:02:04.761,000] <inf> chip: [EM]<<1 [E:63721r S:31647 M:100831406] (S) Msg Retransmission to 1:0000000072197CCC
09:50:57.907  uart:~$ uart:~$ [00:02:04.791,000] <inf> chip: [EM]??2 [E:63721r S:31647 M:100831406] (S) Msg Retransmission to 1:0000000072197CCC scheduled for 384ms from now [State:Active II:500 AI:300 AT:4000]
09:50:57.948  uart:~$ uart:~$ [00:02:04.793,000] <inf> chip: [EM]>>> [E:25096i S:31644 M:223098108 (Ack:228593643)] (S) Msg RX from 1:0000000033CFE2F6 [4145] to 00000000DCF2A6E2 --- Type 0000:10 (SecureChannel:StandaloneAck) (B:34)
09:50:57.988  uart:~$ uart:~$ [00:02:04.798,000] <inf> chip: [EM]>>> [E:63720r S:31647 M:187350710 (Ack:100831391)] (S) Msg RX from 1:0000000072197CCC [4145] to 00000000DCF2A6E2 --- Type 0000:10 (SecureChannel:StandaloneAck) (B:34)
09:50:58.008  uart:~$ uart:~$ [00:02:04.800,000] <dbg> chip.LogV: [IN]Received a duplicate message with MessageCounter:187350709 on exchange 63721r
09:50:58.048  uart:~$ uart:~$ [00:02:04.801,000] <inf> chip: [EM]>>> [E:63721r S:31647 M:187350709 (Ack:100831394)] (S) Msg RX from 1:0000000072197CCC [4145] to 00000000DCF2A6E2 --- Type 0001:01 (IM:StatusResponse) (B:42)
09:50:58.069  uart:~$ uart:~$ [00:02:04.801,000] <dbg> chip.LogV: [EM]Found matching exchange: 63721r, Delegate: 0x20016268
09:50:58.089  uart:~$ uart:~$ [00:02:04.801,000] <dbg> chip.LogV: [EM]Forcing tx of solitary ack for duplicate MessageCounter:187350709 on exchange 63721r
09:50:58.139  uart:~$ uart:~$ [00:02:04.802,000] <inf> chip: [EM]<<< [E:63721r S:31647 M:100831407 (Ack:187350709)] (S) Msg TX from 00000000DCF2A6E2 to 1:0000000072197CCC [4145] [UDP:[fe80::84a:18c1:cea4:c124%ETH_W5500]:52967] --- Type 0000:10 (SecureChannel:StandaloneAck) (B:34)
09:50:58.204  uart:~$ uart:~$ [00:02:05.146,000] <inf> chip: [EM]>>> [E:63721r S:31647 M:187350711 (Ack:100831394)] (S) Msg RX from 1:0000000072197CCC [4145] to 00000000DCF2A6E2 --- Type 0000:10 (SecureChannel:StandaloneAck) (B:34)
09:50:58.224  uart:~$ uart:~$ [00:02:05.146,000] <dbg> chip.LogV: [EM]Found matching exchange: 63721r, Delegate: 0x20016268
09:50:58.254  uart:~$ uart:~$ [00:02:05.147,000] <dbg> chip.LogV: [EM]CHIP MessageCounter:100831394 not in RetransTable on exchange 63721r
09:50:58.274  uart:~$ uart:~$ [00:02:05.148,000] <dbg> chip.LogV: [IN]Received a duplicate message with MessageCounter:187350709 on exchange 63721r
09:50:58.315  uart:~$ uart:~$ [00:02:05.149,000] <inf> chip: [EM]>>> [E:63721r S:31647 M:187350709 (Ack:100831394)] (S) Msg RX from 1:0000000072197CCC [4145] to 00000000DCF2A6E2 --- Type 0001:01 (IM:StatusResponse) (B:42)
09:50:58.335  uart:~$ uart:~$ [00:02:05.149,000] <dbg> chip.LogV: [EM]Found matching exchange: 63721r, Delegate: 0x20016268
09:50:58.365  uart:~$ uart:~$ [00:02:05.149,000] <dbg> chip.LogV: [EM]Forcing tx of solitary ack for duplicate MessageCounter:187350709 on exchange 63721r
09:50:58.405  uart:~$ uart:~$ [00:02:05.150,000] <inf> chip: [EM]<<< [E:63721r S:31647 M:100831408 (Ack:187350709)] (S) Msg TX from 00000000DCF2A6E2 to 1:0000000072197CCC [4145] [UDP:[fe80::84a:18c1:cea4:c124%ETH_W5500]:52967] --- Type 0000:10 (SecureChannel:StandaloneAck) (B:34)
09:50:58.445  uart:~$ uart:~$ [00:02:05.159,000] <inf> chip: [EM]>>> [E:63721r S:31647 M:187350712 (Ack:100831394)] (S) Msg RX from 1:0000000072197CCC [4145] to 00000000DCF2A6E2 --- Type 0000:10 (SecureChannel:StandaloneAck) (B:34)
09:50:58.465  uart:~$ uart:~$ [00:02:05.160,000] <dbg> chip.LogV: [EM]Found matching exchange: 63721r, Delegate: 0x20016268
09:50:58.545  uart:~$ uart:~$ [00:02:05.461,000] <dbg> chip.LogV: [EM]CHIP MessageCounter:100831394 not in RetransTable on exchange 63721r
09:50:58.565  uart:~$ uart:~$ [00:02:05.462,000] <inf> chip: [EM]<<2 [E:63721r S:31647 M:100831406] (S) Msg Retransmission to 1:0000000072197CCC
09:50:58.606  uart:~$ uart:~$ [00:02:05.492,000] <inf> chip: [EM]??3 [E:63721r S:31647 M:100831406] (S) Msg Retransmission to 1:0000000072197CCC scheduled for 611ms from now [State:Active II:500 AI:300 AT:4000]
09:50:58.626  uart:~$ uart:~$ [00:02:05.499,000] <inf> chip: [ZCL]Identify stop endpoint=0
09:50:58.646  uart:~$ uart:~$ [00:02:05.501,000] <dbg> chip.LogV: [IN]Received a duplicate message with MessageCounter:187350709 on exchange 63721r
09:50:58.686  uart:~$ uart:~$ [00:02:05.501,000] <inf> chip: [EM]>>> [E:63721r S:31647 M:187350709 (Ack:100831394)] (S) Msg RX from 1:0000000072197CCC [4145] to 00000000DCF2A6E2 --- Type 0001:01 (IM:StatusResponse) (B:42)
09:50:58.707  uart:~$ uart:~$ [00:02:05.501,000] <dbg> chip.LogV: [EM]Found matching exchange: 63721r, Delegate: 0x20016268
09:50:58.727  uart:~$ uart:~$ [00:02:05.501,000] <dbg> chip.LogV: [EM]Forcing tx of solitary ack for duplicate MessageCounter:187350709 on exchange 63721r
09:50:58.777  uart:~$ uart:~$ [00:02:05.503,000] <inf> chip: [EM]<<< [E:63721r S:31647 M:100831409 (Ack:187350709)] (S) Msg TX from 00000000DCF2A6E2 to 1:0000000072197CCC [4145] [UDP:[fe80::84a:18c1:cea4:c124%ETH_W5500]:52967] --- Type 0000:10 (SecureChannel:StandaloneAck) (B:34)
09:50:58.819  uart:~$ uart:~$ [00:02:05.512,000] <inf> chip: [EM]>>> [E:63720r S:31647 M:187350713 (Ack:100831391)] (S) Msg RX from 1:0000000072197CCC [4145] to 00000000DCF2A6E2 --- Type 0000:10 (SecureChannel:StandaloneAck) (B:34)
09:50:58.859  uart:~$ uart:~$ [00:02:05.810,000] <inf> chip: [EM]>>> [E:37536r S:31644 M:223098109 (Ack:228593642)] (S) Msg RX from 1:0000000033CFE2F6 [4145] to 00000000DCF2A6E2 --- Type 0000:10 (SecureChannel:StandaloneAck) (B:34)
09:50:58.899  uart:~$ uart:~$ [00:02:05.812,000] <inf> chip: [EM]>>> [E:25096i S:31644 M:223098110 (Ack:228593643)] (S) Msg RX from 1:0000000033CFE2F6 [4145] to 00000000DCF2A6E2 --- Type 0000:10 (SecureChannel:StandaloneAck) (B:34)
09:50:58.939  uart:~$ uart:~$ [00:02:05.814,000] <inf> chip: [EM]>>> [E:63721r S:31647 M:187350714 (Ack:100831394)] (S) Msg RX from 1:0000000072197CCC [4145] to 00000000DCF2A6E2 --- Type 0000:10 (SecureChannel:StandaloneAck) (B:34)
09:50:58.959  uart:~$ uart:~$ [00:02:05.814,000] <dbg> chip.LogV: [EM]Found matching exchange: 63721r, Delegate: 0x20016268
09:50:58.980  uart:~$ uart:~$ [00:02:05.814,000] <dbg> chip.LogV: [EM]CHIP MessageCounter:100831394 not in RetransTable on exchange 63721r
09:50:59.010  uart:~$ uart:~$ [00:02:05.816,000] <dbg> chip.LogV: [IN]Received a duplicate message with MessageCounter:187350709 on exchange 63721r
09:50:59.040  uart:~$ uart:~$ [00:02:05.817,000] <inf> chip: [EM]>>> [E:63721r S:31647 M:187350709 (Ack:100831394)] (S) Msg RX from 1:0000000072197CCC [4145] to 00000000DCF2A6E2 --- Type 0001:01 (IM:StatusResponse) (B:42)
09:50:59.070  uart:~$ uart:~$ [00:02:05.817,000] <dbg> chip.LogV: [EM]Found matching exchange: 63721r, Delegate: 0x20016268
09:50:59.090  uart:~$ uart:~$ [00:02:05.817,000] <dbg> chip.LogV: [EM]Forcing tx of solitary ack for duplicate MessageCounter:187350709 on exchange 63721r
09:50:59.141  uart:~$ uart:~$ [00:02:05.818,000] <inf> chip: [EM]<<< [E:63721r S:31647 M:100831410 (Ack:187350709)] (S) Msg TX from 00000000DCF2A6E2 to 1:0000000072197CCC [4145] [UDP:[fe80::84a:18c1:cea4:c124%ETH_W5500]:52967] --- Type 0000:10 (SecureChannel:StandaloneAck) (B:34)
09:50:59.221  uart:~$ uart:~$ [00:02:06.145,000] <inf> chip: [EM]<<3 [E:63721r S:31647 M:100831406] (S) Msg Retransmission to 1:0000000072197CCC
09:50:59.261  uart:~$ uart:~$ [00:02:06.177,000] <inf> chip: [EM]??4 [E:63721r S:31647 M:100831406] (S) Msg Retransmission to 1:0000000072197CCC scheduled for 1011ms from now [State:Active II:500 AI:300 AT:4000]
09:50:59.291  uart:~$ uart:~$ [00:02:06.177,000] <err> chip: [EM]<<5 [E:25097i S:31644 M:228593650] (S) Msg Retransmission to 1:0000000033CFE2F6 failure (max retries:4)
09:50:59.321  uart:~$ uart:~$ [00:02:06.183,000] <inf> chip: [EM]>>> [E:63722r S:31647 M:187350715 (Ack:100831400)] (S) Msg RX from 1:0000000072197CCC [4145] to 00000000DCF2A6E2 --- Type 0000:10 (SecureChannel:StandaloneAck) (B:34)
09:50:59.361  uart:~$ uart:~$ [00:02:06.185,000] <inf> chip: [EM]>>> [E:63721r S:31647 M:187350716 (Ack:100831394)] (S) Msg RX from 1:0000000072197CCC [4145] to 00000000DCF2A6E2 --- Type 0000:10 (SecureChannel:StandaloneAck) (B:34)
09:50:59.381  uart:~$ uart:~$ [00:02:06.185,000] <dbg> chip.LogV: [EM]Found matching exchange: 63721r, Delegate: 0x20016268
09:50:59.412  uart:~$ uart:~$ [00:02:06.186,000] <dbg> chip.LogV: [EM]CHIP MessageCounter:100831394 not in RetransTable on exchange 63721r
09:50:59.452  uart:~$ uart:~$ [00:02:06.188,000] <inf> chip: [EM]>>> [E:63722r S:31647 M:187350717 (Ack:100831400)] (S) Msg RX from 1:0000000072197CCC [4145] to 00000000DCF2A6E2 --- Type 0000:10 (SecureChannel:StandaloneAck) (B:34)
09:50:59.482  uart:~$ uart:~$ [00:02:06.190,000] <inf> chip: [EM]>>> [E:37537r S:31644 M:223098111 (Ack:228593648)] (S) Msg RX from 1:0000000033CFE2F6 [4145] to 00000000DCF2A6E2 --- Type 0000:10 (SecureChannel:StandaloneAck) (B:34)
09:50:59.533  uart:~$ uart:~$ [00:02:06.192,000] <inf> chip: [EM]>>> [E:37538r S:31644 M:223098112] (S) Msg RX from 1:0000000033CFE2F6 [4145] to 00000000DCF2A6E2 --- Type 0001:08 (IM:InvokeCommandRequest) (B:62)
09:50:59.553  uart:~$ uart:~$ [00:02:06.523,000] <dbg> chip.LogV: [EM]Handling via exchange: 37538r, Delegate: 0x20014644
09:50:59.583  uart:~$ uart:~$ [00:02:06.525,000] <dbg> chip.LogV: [DMG]Received command for Endpoint=0 Cluster=0x0000_0003 Command=0x0000_0000
09:50:59.603  uart:~$ uart:~$ [00:02:06.529,000] <inf> chip: [ZCL]Identify start endpoint=0
09:50:59.623  uart:~$ uart:~$ [00:02:06.529,000] <dbg> chip.LogV: [DMG]Command handler moving to [NewRespons]
09:50:59.643  uart:~$ uart:~$ [00:02:06.529,000] <dbg> chip.LogV: [DMG]Command handler moving to [ Preparing]
09:50:59.664  uart:~$ uart:~$ [00:02:06.529,000] <dbg> chip.LogV: [DMG]Command handler moving to [AddingComm]
09:50:59.684  uart:~$ uart:~$ [00:02:06.530,000] <dbg> chip.LogV: [DMG]Command handler moving to [AddedComma]
09:50:59.704  uart:~$ uart:~$ [00:02:06.530,000] <dbg> chip.LogV: [DMG]Decreasing reference count for CommandHandlerImpl, remaining 1
09:50:59.724  uart:~$ uart:~$ [00:02:06.530,000] <dbg> chip.LogV: [DMG]Decreasing reference count for CommandHandlerImpl, remaining 0
09:50:59.744  uart:~$ uart:~$ [00:02:06.530,000] <dbg> chip.LogV: [DMG]Command handler moving to [AwaitingDe]
09:50:59.817  uart:~$ uart:~$ [00:02:06.742,000] <inf> chip: [EM]<<< [E:37538r S:31644 M:228593659 (Ack:223098112)] (S) Msg TX from 00000000DCF2A6E2 to 1:0000000033CFE2F6 [4145] [UDP:[fe80::1c59:aaca:1932:e904%ETH_W5500]:51433] --- Type 0001:09 (IM:InvokeCommandResponse) (B:67)
09:50:59.847  uart:~$ uart:~$ [00:02:06.750,000] <inf> chip: [EM]??1 [E:37538r S:31644 M:228593659] (S) Msg Retransmission to 1:0000000033CFE2F6 scheduled for 340ms from now [State:Active II:500 AI:300 AT:4000]
09:50:59.879  uart:~$ uart:~$ [00:02:06.750,000] <dbg> chip.LogV: [DMG]Command response sender moving to [AllInvokeR]
09:50:59.919  uart:~$ uart:~$ [00:02:06.753,000] <inf> chip: [EM]>>> [E:63722r S:31647 M:187350718 (Ack:100831400)] (S) Msg RX from 1:0000000072197CCC [4145] to 00000000DCF2A6E2 --- Type 0000:10 (SecureChannel:StandaloneAck) (B:34)
09:50:59.939  uart:~$ uart:~$ [00:02:06.755,000] <dbg> chip.LogV: [IN]Received a duplicate message with MessageCounter:223098112 on exchange 37538r
09:50:59.979  uart:~$ uart:~$ [00:02:06.756,000] <inf> chip: [EM]>>> [E:37538r S:31644 M:223098112] (S) Msg RX from 1:0000000033CFE2F6 [4145] to 00000000DCF2A6E2 --- Type 0001:08 (IM:InvokeCommandRequest) (B:62)
09:50:59.999  uart:~$ uart:~$ [00:02:06.756,000] <dbg> chip.LogV: [EM]Found matching exchange: 37538r, Delegate: 0
09:51:00.020  uart:~$ uart:~$ [00:02:06.756,000] <dbg> chip.LogV: [EM]Forcing tx of solitary ack for duplicate MessageCounter:223098112 on exchange 37538r
09:51:00.070  uart:~$ uart:~$ [00:02:06.757,000] <inf> chip: [EM]<<< [E:37538r S:31644 M:228593660 (Ack:223098112)] (S) Msg TX from 00000000DCF2A6E2 to 1:0000000033CFE2F6 [4145] [UDP:[fe80::1c59:aaca:1932:e904%ETH_W5500]:51433] --- Type 0000:10 (SecureChannel:StandaloneAck) (B:34)
09:51:00.111  uart:~$ uart:~$ [00:02:06.766,000] <inf> chip: [EM]>>> [E:37537r S:31644 M:223098113 (Ack:228593648)] (S) Msg RX from 1:0000000033CFE2F6 [4145] to 00000000DCF2A6E2 --- Type 0000:10 (SecureChannel:StandaloneAck) (B:34)
09:51:00.190  uart:~$ uart:~$ [00:02:07.102,000] <inf> chip: [EM]<<1 [E:37538r S:31644 M:228593659] (S) Msg Retransmission to 1:0000000033CFE2F6
09:51:00.221  uart:~$ uart:~$ [00:02:07.109,000] <inf> chip: [EM]??2 [E:37538r S:31644 M:228593659] (S) Msg Retransmission to 1:0000000033CFE2F6 scheduled for 342ms from now [State:Active II:500 AI:300 AT:4000]
09:51:00.251  uart:~$ uart:~$ [00:02:07.111,000] <dbg> chip.LogV: [IN]Received a duplicate message with MessageCounter:223098112 on exchange 37538r
09:51:00.282  uart:~$ uart:~$ [00:02:07.111,000] <inf> chip: [EM]>>> [E:37538r S:31644 M:223098112] (S) Msg RX from 1:0000000033CFE2F6 [4145] to 00000000DCF2A6E2 --- Type 0001:08 (IM:InvokeCommandRequest) (B:62)
09:51:00.302  uart:~$ uart:~$ [00:02:07.111,000] <dbg> chip.LogV: [EM]Found matching exchange: 37538r, Delegate: 0
09:51:00.332  uart:~$ uart:~$ [00:02:07.112,000] <dbg> chip.LogV: [EM]Forcing tx of solitary ack for duplicate MessageCounter:223098112 on exchange 37538r
09:51:00.373  uart:~$ uart:~$ [00:02:07.119,000] <inf> chip: [EM]<<< [E:37538r S:31644 M:228593661 (Ack:223098112)] (S) Msg TX from 00000000DCF2A6E2 to 1:0000000033CFE2F6 [4145] [UDP:[fe80::1c59:aaca:1932:e904%ETH_W5500]:51433] --- Type 0000:10 (SecureChannel:StandaloneAck) (B:34)
09:51:00.413  uart:~$ uart:~$ [00:02:07.128,000] <inf> chip: [EM]>>> [E:63722r S:31647 M:187350719 (Ack:100831400)] (S) Msg RX from 1:0000000072197CCC [4145] to 00000000DCF2A6E2 --- Type 0000:10 (SecureChannel:StandaloneAck) (B:34)
09:51:00.453  uart:~$ uart:~$ [00:02:07.130,000] <inf> chip: [EM]>>> [E:25097i S:31644 M:223098114 (Ack:228593650)] (S) Msg RX from 1:0000000033CFE2F6 [4145] to 00000000DCF2A6E2 --- Type 0001:01 (IM:StatusResponse) (B:42)
09:51:00.473  uart:~$ uart:~$ [00:02:07.130,000] <dbg> chip.LogV: [EM]Found matching exchange: 25097i, Delegate: 0x200161e8
09:51:00.552  uart:~$ uart:~$ [00:02:07.468,000] <dbg> chip.LogV: [EM]CHIP MessageCounter:228593650 not in RetransTable on exchange 25097i
09:51:00.572  uart:~$ uart:~$ [00:02:07.469,000] <inf> chip: [IM]Received status response, status is 0x00
09:51:00.592  uart:~$ uart:~$ [00:02:07.469,000] <dbg> chip.LogV: [DMG]<RE> OnReportConfirm: NumReports = 1
09:51:00.612  uart:~$ uart:~$ [00:02:07.469,000] <dbg> chip.LogV: [DMG]IM RH moving to [CanStartReporting]
09:51:00.663  uart:~$ uart:~$ [00:02:07.471,000] <inf> chip: [EM]<<< [E:25097i S:31644 M:228593662 (Ack:223098114)] (S) Msg TX from 00000000DCF2A6E2 to 1:0000000033CFE2F6 [4145] [UDP:[fe80::1c59:aaca:1932:e904%ETH_W5500]:51433] --- Type 0000:10 (SecureChannel:StandaloneAck) (B:34)
09:51:00.683  uart:~$ uart:~$ [00:02:07.477,000] <dbg> chip.LogV: [EM]Flushed pending ack for MessageCounter:223098114 on exchange 25097i
09:51:00.703  uart:~$ uart:~$ [00:02:07.478,000] <inf> chip: [EM]<<4 [E:63721r S:31647 M:100831406] (S) Msg Retransmission to 1:0000000072197CCC
09:51:00.743  uart:~$ uart:~$ [00:02:07.508,000] <inf> chip: [EM]??5 [E:63721r S:31647 M:100831406] (S) Msg Retransmission to 1:0000000072197CCC scheduled for 1485ms from now [State:Active II:500 AI:300 AT:4000]
09:51:00.765  uart:~$ uart:~$ [00:02:07.508,000] <inf> chip: [EM]<<2 [E:37538r S:31644 M:228593659] (S) Msg Retransmission to 1:0000000033CFE2F6
09:51:00.806  uart:~$ uart:~$ [00:02:07.519,000] <inf> chip: [EM]??3 [E:37538r S:31644 M:228593659] (S) Msg Retransmission to 1:0000000033CFE2F6 scheduled for 634ms from now [State:Active II:500 AI:300 AT:4000]
09:51:00.871  uart:~$ uart:~$ [00:02:07.797,000] <dbg> chip.LogV: [DMG]Building Reports for ReadHandler with LastReportGeneration = 0x00000012 DirtyGeneration = 0x00000014
09:51:00.891  uart:~$ uart:~$ [00:02:07.802,000] <dbg> chip.LogV: [DMG]<RE:Run> Cluster 3, Attribute 0 is dirty
09:51:00.911  uart:~$ uart:~$ [00:02:07.804,000] <dbg> chip.LogV: [DMG]Reading attribute: Cluster=0x0000_0003 Endpoint=0x0 AttributeId=0x0000_0000 (expanded=1)
09:51:00.932  uart:~$ uart:~$ [00:02:07.818,000] <dbg> chip.LogV: [DMG]Fetched 0 events
09:51:00.952  uart:~$ uart:~$ [00:02:07.818,000] <dbg> chip.LogV: [DMG]<RE> Sending report (payload has 40 bytes)...
09:51:00.992  uart:~$ uart:~$ [00:02:07.819,000] <inf> chip: [EM]<<< [E:25098i S:31644 M:228593663] (S) Msg TX from 00000000DCF2A6E2 to 1:0000000033CFE2F6 [4145] [UDP:[fe80::1c59:aaca:1932:e904%ETH_W5500]:51433] --- Type 0001:05 (IM:ReportData) (B:70)
09:51:01.032  uart:~$ uart:~$ [00:02:07.827,000] <inf> chip: [EM]??1 [E:25098i S:31644 M:228593663] (S) Msg Retransmission to 1:0000000033CFE2F6 scheduled for 363ms from now [State:Active II:500 AI:300 AT:4000]
09:51:01.052  uart:~$ uart:~$ [00:02:07.827,000] <dbg> chip.LogV: [DMG]IM RH moving to [AwaitingReportResponse]
09:51:01.072  uart:~$ uart:~$ [00:02:07.828,000] <dbg> chip.LogV: [DMG]<RE> ReportsInFlight = 2 with readHandler 0, RE has no more messages
09:51:01.103  uart:~$ uart:~$ [00:02:07.833,000] <dbg> chip.LogV: [IN]Received a duplicate message with MessageCounter:223098112 on exchange 37538r
09:51:01.168  uart:~$ uart:~$ [00:02:08.093,000] <inf> chip: [EM]>>> [E:37538r S:31644 M:223098112] (S) Msg RX from 1:0000000033CFE2F6 [4145] to 00000000DCF2A6E2 --- Type 0001:08 (IM:InvokeCommandRequest) (B:62)
09:51:01.188  uart:~$ uart:~$ [00:02:08.094,000] <dbg> chip.LogV: [EM]Found matching exchange: 37538r, Delegate: 0
09:51:01.219  uart:~$ uart:~$ [00:02:08.094,000] <dbg> chip.LogV: [EM]Forcing tx of solitary ack for duplicate MessageCounter:223098112 on exchange 37538r
09:51:01.259  uart:~$ uart:~$ [00:02:08.095,000] <inf> chip: [EM]<<< [E:37538r S:31644 M:228593664 (Ack:223098112)] (S) Msg TX from 00000000DCF2A6E2 to 1:0000000033CFE2F6 [4145] [UDP:[fe80::1c59:aaca:1932:e904%ETH_W5500]:51433] --- Type 0000:10 (SecureChannel:StandaloneAck) (B:34)
09:51:01.300  uart:~$ uart:~$ [00:02:08.120,000] <inf> chip: [EM]>>> [E:37537r S:31644 M:223098115 (Ack:228593648)] (S) Msg RX from 1:0000000033CFE2F6 [4145] to 00000000DCF2A6E2 --- Type 0000:10 (SecureChannel:StandaloneAck) (B:34)
09:51:01.330  uart:~$ uart:~$ [00:02:08.121,000] <dbg> chip.LogV: [IN]Received a duplicate message with MessageCounter:223098114 on exchange 25097i
09:51:01.360  uart:~$ uart:~$ [00:02:08.122,000] <inf> chip: [EM]>>> [E:25097i S:31644 M:223098114 (Ack:228593650)] (S) Msg RX from 1:0000000033CFE2F6 [4145] to 00000000DCF2A6E2 --- Type 0001:01 (IM:StatusResponse) (B:42)
09:51:01.380  uart:~$ uart:~$ [00:02:08.122,000] <dbg> chip.LogV: [EM]Generating StandaloneAck via exchange: 25097i
09:51:01.411  uart:~$ uart:~$ [00:02:08.122,000] <dbg> chip.LogV: [EM]Forcing tx of solitary ack for duplicate MessageCounter:223098114 on exchange 25097i
09:51:01.451  uart:~$ uart:~$ [00:02:08.124,000] <inf> chip: [EM]<<< [E:25097i S:31644 M:228593665 (Ack:223098114)] (S) Msg TX from 00000000DCF2A6E2 to 1:0000000033CFE2F6 [4145] [UDP:[fe80::1c59:aaca:1932:e904%ETH_W5500]:51433] --- Type 0000:10 (SecureChannel:StandaloneAck) (B:34)
09:51:01.530  uart:~$ uart:~$ [00:02:08.456,000] <inf> chip: [EM]<<3 [E:37538r S:31644 M:228593659] (S) Msg Retransmission to 1:0000000033CFE2F6
09:51:01.560  uart:~$ uart:~$ [00:02:08.459,000] <inf> chip: [EM]??4 [E:37538r S:31644 M:228593659] (S) Msg Retransmission to 1:0000000033CFE2F6 scheduled for 923ms from now [State:Active II:500 AI:300 AT:4000]
09:51:01.591  uart:~$ uart:~$ [00:02:08.459,000] <inf> chip: [EM]<<1 [E:25098i S:31644 M:228593663] (S) Msg Retransmission to 1:0000000033CFE2F6
09:51:01.621  uart:~$ uart:~$ [00:02:08.462,000] <inf> chip: [EM]??2 [E:25098i S:31644 M:228593663] (S) Msg Retransmission to 1:0000000033CFE2F6 scheduled for 360ms from now [State:Active II:500 AI:300 AT:4000]
09:51:01.662  uart:~$ uart:~$ [00:02:08.463,000] <inf> chip: [EM]>>> [E:25097i S:31644 M:223098116 (Ack:228593650)] (S) Msg RX from 1:0000000033CFE2F6 [4145] to 00000000DCF2A6E2 --- Type 0000:10 (SecureChannel:StandaloneAck) (B:34)
09:51:01.702  uart:~$ uart:~$ [00:02:08.466,000] <inf> chip: [EM]>>> [E:63722r S:31647 M:187350720 (Ack:100831400)] (S) Msg RX from 1:0000000072197CCC [4145] to 00000000DCF2A6E2 --- Type 0000:10 (SecureChannel:StandaloneAck) (B:34)
09:51:01.722  uart:~$ uart:~$ [00:02:08.467,000] <dbg> chip.LogV: [IN]Received a duplicate message with MessageCounter:223098114 on exchange 25097i
09:51:01.762  uart:~$ uart:~$ [00:02:08.468,000] <inf> chip: [EM]>>> [E:25097i S:31644 M:223098114 (Ack:228593650)] (S) Msg RX from 1:0000000033CFE2F6 [4145] to 00000000DCF2A6E2 --- Type 0001:01 (IM:StatusResponse) (B:42)
09:51:01.782  uart:~$ uart:~$ [00:02:08.469,000] <dbg> chip.LogV: [EM]Generating StandaloneAck via exchange: 25097i
09:51:01.802  uart:~$ uart:~$ [00:02:08.469,000] <dbg> chip.LogV: [EM]Forcing tx of solitary ack for duplicate MessageCounter:223098114 on exchange 25097i
09:51:01.887  uart:~$ uart:~$ [00:02:08.802,000] <inf> chip: [EM]<<< [E:25097i S:31644 M:228593666 (Ack:223098114)] (S) Msg TX from 00000000DCF2A6E2 to 1:0000000033CFE2F6 [4145] [UDP:[fe80::1c59:aaca:1932:e904%ETH_W5500]:51433] --- Type 0000:10 (SecureChannel:StandaloneAck) (B:34)
09:51:01.928  uart:~$ uart:~$ [00:02:08.811,000] <inf> chip: [EM]>>> [E:37537r S:31644 M:223098117 (Ack:228593648)] (S) Msg RX from 1:0000000033CFE2F6 [4145] to 00000000DCF2A6E2 --- Type 0000:10 (SecureChannel:StandaloneAck) (B:34)
09:51:01.948  uart:~$ uart:~$ [00:02:08.813,000] <dbg> chip.LogV: [IN]Received a duplicate message with MessageCounter:223098112 on exchange 37538r
09:51:01.988  uart:~$ uart:~$ [00:02:08.813,000] <inf> chip: [EM]>>> [E:37538r S:31644 M:223098112] (S) Msg RX from 1:0000000033CFE2F6 [4145] to 00000000DCF2A6E2 --- Type 0001:08 (IM:InvokeCommandRequest) (B:62)
09:51:02.008  uart:~$ uart:~$ [00:02:08.814,000] <dbg> chip.LogV: [EM]Found matching exchange: 37538r, Delegate: 0
09:51:02.028  uart:~$ uart:~$ [00:02:08.814,000] <dbg> chip.LogV: [EM]Forcing tx of solitary ack for duplicate MessageCounter:223098112 on exchange 37538r
09:51:02.078  uart:~$ uart:~$ [00:02:08.815,000] <inf> chip: [EM]<<< [E:37538r S:31644 M:228593667 (Ack:223098112)] (S) Msg TX from 00000000DCF2A6E2 to 1:0000000033CFE2F6 [4145] [UDP:[fe80::1c59:aaca:1932:e904%ETH_W5500]:51433] --- Type 0000:10 (SecureChannel:StandaloneAck) (B:34)
09:51:02.098  uart:~$ uart:~$ [00:02:08.823,000] <inf> chip: [EM]<<2 [E:25098i S:31644 M:228593663] (S) Msg Retransmission to 1:0000000033CFE2F6
09:51:02.139  uart:~$ uart:~$ [00:02:08.830,000] <inf> chip: [EM]??3 [E:25098i S:31644 M:228593663] (S) Msg Retransmission to 1:0000000033CFE2F6 scheduled for 647ms from now [State:Active II:500 AI:300 AT:4000]
09:51:02.169  uart:~$ uart:~$ [00:02:08.832,000] <inf> chip: [EM]>>> [E:25097i S:31644 M:223098118 (Ack:228593650)] (S) Msg RX from 1:0000000033CFE2F6 [4145] to 00000000DCF2A6E2 --- Type 0000:10 (SecureChannel:StandaloneAck) (B:34)
09:51:02.223  uart:~$ uart:~$ [00:02:09.168,000] <err> chip: [EM]<<5 [E:63721r S:31647 M:100831406] (S) Msg Retransmission to 1:0000000072197CCC failure (max retries:4)
09:51:02.253  uart:~$ uart:~$ [00:02:09.170,000] <dbg> chip.LogV: [IN]Received a duplicate message with MessageCounter:223098114 on exchange 25097i
09:51:02.283  uart:~$ uart:~$ [00:02:09.170,000] <inf> chip: [EM]>>> [E:25097i S:31644 M:223098114 (Ack:228593650)] (S) Msg RX from 1:0000000033CFE2F6 [4145] to 00000000DCF2A6E2 --- Type 0001:01 (IM:StatusResponse) (B:42)
09:51:02.313  uart:~$ uart:~$ [00:02:09.171,000] <dbg> chip.LogV: [EM]Generating StandaloneAck via exchange: 25097i
09:51:02.333  uart:~$ uart:~$ [00:02:09.171,000] <dbg> chip.LogV: [EM]Forcing tx of solitary ack for duplicate MessageCounter:223098114 on exchange 25097i
09:51:02.384  uart:~$ uart:~$ [00:02:09.172,000] <inf> chip: [EM]<<< [E:25097i S:31644 M:228593668 (Ack:223098114)] (S) Msg TX from 00000000DCF2A6E2 to 1:0000000033CFE2F6 [4145] [UDP:[fe80::1c59:aaca:1932:e904%ETH_W5500]:51433] --- Type 0000:10 (SecureChannel:StandaloneAck) (B:34)
09:51:02.414  uart:~$ uart:~$ [00:02:09.181,000] <inf> chip: [EM]>>> [E:37537r S:31644 M:223098119 (Ack:228593648)] (S) Msg RX from 1:0000000033CFE2F6 [4145] to 00000000DCF2A6E2 --- Type 0000:10 (SecureChannel:StandaloneAck) (B:34)
09:51:02.454  uart:~$ uart:~$ [00:02:09.183,000] <inf> chip: [EM]>>> [E:25097i S:31644 M:223098120 (Ack:228593650)] (S) Msg RX from 1:0000000033CFE2F6 [4145] to 00000000DCF2A6E2 --- Type 0000:10 (SecureChannel:StandaloneAck) (B:34)
09:51:02.484  uart:~$ uart:~$ [00:02:09.184,000] <dbg> chip.LogV: [IN]Received a duplicate message with MessageCounter:223098114 on exchange 25097i
09:51:02.514  uart:~$ uart:~$ [00:02:09.185,000] <inf> chip: [EM]>>> [E:25097i S:31644 M:223098114 (Ack:228593650)] (S) Msg RX from 1:0000000033CFE2F6 [4145] to 00000000DCF2A6E2 --- Type 0001:01 (IM:StatusResponse) (B:42)
09:51:02.566  uart:~$ uart:~$ [00:02:09.512,000] <dbg> chip.LogV: [EM]Generating StandaloneAck via exchange: 25097i
09:51:02.587  uart:~$ uart:~$ [00:02:09.512,000] <dbg> chip.LogV: [EM]Forcing tx of solitary ack for duplicate MessageCounter:223098114 on exchange 25097i
09:51:02.638  uart:~$ uart:~$ [00:02:09.513,000] <inf> chip: [EM]<<< [E:25097i S:31644 M:228593669 (Ack:223098114)] (S) Msg TX from 00000000DCF2A6E2 to 1:0000000033CFE2F6 [4145] [UDP:[fe80::1c59:aaca:1932:e904%ETH_W5500]:51433] --- Type 0000:10 (SecureChannel:StandaloneAck) (B:34)
09:51:02.668  uart:~$ uart:~$ [00:02:09.521,000] <inf> chip: [EM]<<4 [E:37538r S:31644 M:228593659] (S) Msg Retransmission to 1:0000000033CFE2F6
09:51:02.699  uart:~$ uart:~$ [00:02:09.528,000] <inf> chip: [EM]??5 [E:37538r S:31644 M:228593659] (S) Msg Retransmission to 1:0000000033CFE2F6 scheduled for 1566ms from now [State:Active II:500 AI:300 AT:4000]
09:51:02.729  uart:~$ uart:~$ [00:02:09.528,000] <inf> chip: [EM]<<3 [E:25098i S:31644 M:228593663] (S) Msg Retransmission to 1:0000000033CFE2F6
09:51:02.759  uart:~$ uart:~$ [00:02:09.536,000] <inf> chip: [EM]??4 [E:25098i S:31644 M:228593663] (S) Msg Retransmission to 1:0000000033CFE2F6 scheduled for 849ms from now [State:Active II:500 AI:300 AT:4000]
09:51:02.799  uart:~$ uart:~$ [00:02:09.538,000] <inf> chip: [EM]>>> [E:63721r S:31647 M:187350721 (Ack:100831406)] (S) Msg RX from 1:0000000072197CCC [4145] to 00000000DCF2A6E2 --- Type 0001:01 (IM:StatusResponse) (B:42)
09:51:02.819  uart:~$ uart:~$ [00:02:09.538,000] <dbg> chip.LogV: [EM]Found matching exchange: 63721r, Delegate: 0x20016268
09:51:02.839  uart:~$ uart:~$ [00:02:09.538,000] <dbg> chip.LogV: [EM]CHIP MessageCounter:100831406 not in RetransTable on exchange 63721r
09:51:02.882  uart:~$ uart:~$ [00:02:09.838,000] <inf> chip: [IM]Received status response, status is 0x00
09:51:02.902  uart:~$ uart:~$ [00:02:09.839,000] <dbg> chip.LogV: [DMG]<RE> OnReportConfirm: NumReports = 1
09:51:02.922  uart:~$ uart:~$ [00:02:09.839,000] <dbg> chip.LogV: [DMG]IM RH moving to [CanStartReporting]
09:51:02.952  uart:~$ uart:~$ [00:02:09.840,000] <dbg> chip.LogV: [DMG]Building Reports for ReadHandler with LastReportGeneration = 0x00000000 DirtyGeneration = 0x00000014
09:51:02.972  uart:~$ uart:~$ [00:02:09.842,000] <dbg> chip.LogV: [DMG]<RE:Run> Cluster 34, Attribute 0 is dirty
09:51:02.992  uart:~$ uart:~$ [00:02:09.844,000] <dbg> chip.LogV: [DMG]Reading attribute: Cluster=0x0000_0034 Endpoint=0x0 AttributeId=0x0000_0000 (expanded=1)
09:51:03.012  uart:~$ uart:~$ [00:02:09.850,000] <dbg> chip.LogV: [DMG]<RE:Run> Cluster 34, Attribute 1 is dirty
09:51:03.043  uart:~$ uart:~$ [00:02:09.852,000] <dbg> chip.LogV: [DMG]Reading attribute: Cluster=0x0000_0034 Endpoint=0x0 AttributeId=0x0000_0001 (expanded=1)
09:51:03.063  uart:~$ uart:~$ [00:02:09.852,000] <dbg> chip.LogV: [DMG]<RE:Run> Cluster 34, Attribute 2 is dirty
09:51:03.093  uart:~$ uart:~$ [00:02:09.854,000] <dbg> chip.LogV: [DMG]Reading attribute: Cluster=0x0000_0034 Endpoint=0x0 AttributeId=0x0000_0002 (expanded=1)
09:51:03.125  uart:~$ uart:~$ [00:02:10.088,000] <dbg> chip.LogV: [DMG]<RE:Run> Cluster 34, Attribute 3 is dirty
09:51:03.155  uart:~$ uart:~$ [00:02:10.090,000] <dbg> chip.LogV: [DMG]Reading attribute: Cluster=0x0000_0034 Endpoint=0x0 AttributeId=0x0000_0003 (expanded=1)
09:51:03.176  uart:~$ uart:~$ [00:02:10.091,000] <dbg> chip.LogV: [DMG]<RE:Run> Cluster 34, Attribute fffc is dirty
09:51:03.198  uart:~$ uart:~$ [00:02:10.093,000] <dbg> chip.LogV: [DMG]Reading attribute: Cluster=0x0000_0034 Endpoint=0x0 AttributeId=0x0000_FFFC (expanded=1)
09:51:03.218  uart:~$ uart:~$ [00:02:10.093,000] <dbg> chip.LogV: [DMG]<RE:Run> Cluster 34, Attribute fffd is dirty
09:51:03.248  uart:~$ uart:~$ [00:02:10.095,000] <dbg> chip.LogV: [DMG]Reading attribute: Cluster=0x0000_0034 Endpoint=0x0 AttributeId=0x0000_FFFD (expanded=1)
09:51:03.268  uart:~$ uart:~$ [00:02:10.096,000] <dbg> chip.LogV: [DMG]<RE:Run> Cluster 34, Attribute fff8 is dirty
09:51:03.288  uart:~$ uart:~$ [00:02:10.098,000] <dbg> chip.LogV: [DMG]<RE:Run> Cluster 34, Attribute fff9 is dirty
09:51:03.323  uart:~$ uart:~$ [00:02:10.100,000] <dbg> chip.LogV: [DMG]Next attribute value does not fit in packet, roll back on clusterId: 0x0000_0034, attributeId: 0x0000_FFF9, err = b
09:51:03.343  uart:~$ uart:~$ [00:02:10.100,000] <dbg> chip.LogV: [DMG]<RE:Run> We cannot put more chunks into this report. Enable chunking.
09:51:03.411  uart:~$ uart:~$ [00:02:10.342,000] <dbg> chip.LogV: [DMG]<RE:Run> first cluster event is too big so that it fails to fit in the packet!
09:51:03.431  uart:~$ uart:~$ [00:02:10.343,000] <dbg> chip.LogV: [DMG]Fetched 0 events
09:51:03.451  uart:~$ uart:~$ [00:02:10.343,000] <dbg> chip.LogV: [DMG]<RE> Sending report (payload has 1160 bytes)...
09:51:03.491  uart:~$ uart:~$ [00:02:10.346,000] <inf> chip: [EM]<<< [E:63721r S:31647 M:100831411 (Ack:187350721)] (S) Msg TX from 00000000DCF2A6E2 to 1:0000000072197CCC [4145] [UDP:[fe80::84a:18c1:cea4:c124%ETH_W5500]:52967] --- Type 0001:05 (IM:ReportData) (B:1194)
09:51:03.532  uart:~$ uart:~$ [00:02:10.376,000] <inf> chip: [EM]??1 [E:63721r S:31647 M:100831411] (S) Msg Retransmission to 1:0000000072197CCC scheduled for 367ms from now [State:Active II:500 AI:300 AT:4000]
09:51:03.552  uart:~$ uart:~$ [00:02:10.376,000] <dbg> chip.LogV: [DMG]IM RH moving to [AwaitingReportResponse]
09:51:03.572  uart:~$ uart:~$ [00:02:10.376,000] <dbg> chip.LogV: [DMG]<RE> ReportsInFlight = 2 with readHandler 1, RE has more messages
09:51:03.613  uart:~$ uart:~$ [00:02:10.378,000] <inf> chip: [EM]>>> [E:25097i S:31644 M:223098121 (Ack:228593650)] (S) Msg RX from 1:0000000033CFE2F6 [4145] to 00000000DCF2A6E2 --- Type 0000:10 (SecureChannel:StandaloneAck) (B:34)
09:51:03.643  uart:~$ uart:~$ [00:02:10.380,000] <dbg> chip.LogV: [IN]Received a duplicate message with MessageCounter:187350721 on exchange 63721r
09:51:03.673  uart:~$ uart:~$ [00:02:10.384,000] <inf> chip: [EM]>>> [E:63721r S:31647 M:187350721 (Ack:100831406)] (S) Msg RX from 1:0000000072197CCC [4145] to 00000000DCF2A6E2 --- Type 0001:01 (IM:StatusResponse) (B:42)
09:51:03.716  uart:~$ uart:~$ [00:02:10.669,000] <dbg> chip.LogV: [EM]Found matching exchange: 63721r, Delegate: 0x20016268
09:51:03.746  uart:~$ uart:~$ [00:02:10.669,000] <dbg> chip.LogV: [EM]Forcing tx of solitary ack for duplicate MessageCounter:187350721 on exchange 63721r
09:51:03.797  uart:~$ uart:~$ [00:02:10.671,000] <inf> chip: [EM]<<< [E:63721r S:31647 M:100831412 (Ack:187350721)] (S) Msg TX from 00000000DCF2A6E2 to 1:0000000072197CCC [4145] [UDP:[fe80::84a:18c1:cea4:c124%ETH_W5500]:52967] --- Type 0000:10 (SecureChannel:StandaloneAck) (B:34)
09:51:03.817  uart:~$ uart:~$ [00:02:10.678,000] <inf> chip: [EM]<<4 [E:25098i S:31644 M:228593663] (S) Msg Retransmission to 1:0000000033CFE2F6
09:51:03.857  uart:~$ uart:~$ [00:02:10.686,000] <inf> chip: [EM]??5 [E:25098i S:31644 M:228593663] (S) Msg Retransmission to 1:0000000033CFE2F6 scheduled for 1676ms from now [State:Active II:500 AI:300 AT:4000]
09:51:03.898  uart:~$ uart:~$ [00:02:10.688,000] <inf> chip: [EM]>>> [E:63721r S:31647 M:187350722 (Ack:100831406)] (S) Msg RX from 1:0000000072197CCC [4145] to 00000000DCF2A6E2 --- Type 0000:10 (SecureChannel:StandaloneAck) (B:34)
09:51:03.918  uart:~$ uart:~$ [00:02:10.688,000] <dbg> chip.LogV: [EM]Found matching exchange: 63721r, Delegate: 0x20016268
09:51:03.938  uart:~$ uart:~$ [00:02:10.688,000] <dbg> chip.LogV: [EM]CHIP MessageCounter:100831406 not in RetransTable on exchange 63721r
09:51:03.968  uart:~$ uart:~$ [00:02:10.690,000] <dbg> chip.LogV: [IN]Received a duplicate message with MessageCounter:187350721 on exchange 63721r
09:51:03.998  uart:~$ uart:~$ [00:02:10.691,000] <inf> chip: [EM]>>> [E:63721r S:31647 M:187350721 (Ack:100831406)] (S) Msg RX from 1:0000000072197CCC [4145] to 00000000DCF2A6E2 --- Type 0001:01 (IM:StatusResponse) (B:42)
09:51:04.073  uart:~$ uart:~$ [00:02:10.996,000] <dbg> chip.LogV: [EM]Found matching exchange: 63721r, Delegate: 0x20016268
09:51:04.093  uart:~$ uart:~$ [00:02:10.996,000] <dbg> chip.LogV: [EM]Forcing tx of solitary ack for duplicate MessageCounter:187350721 on exchange 63721r
09:51:04.144  uart:~$ uart:~$ [00:02:10.998,000] <inf> chip: [EM]<<< [E:63721r S:31647 M:100831413 (Ack:187350721)] (S) Msg TX from 00000000DCF2A6E2 to 1:0000000072197CCC [4145] [UDP:[fe80::84a:18c1:cea4:c124%ETH_W5500]:52967] --- Type 0000:10 (SecureChannel:StandaloneAck) (B:34)
09:51:04.174  uart:~$ uart:~$ [00:02:11.005,000] <inf> chip: [EM]<<1 [E:63721r S:31647 M:100831411] (S) Msg Retransmission to 1:0000000072197CCC
09:51:04.204  uart:~$ uart:~$ [00:02:11.035,000] <inf> chip: [EM]??2 [E:63721r S:31647 M:100831411] (S) Msg Retransmission to 1:0000000072197CCC scheduled for 374ms from now [State:Active II:500 AI:300 AT:4000]
09:51:04.244  uart:~$ uart:~$ [00:02:11.037,000] <inf> chip: [EM]>>> [E:63721r S:31647 M:187350723 (Ack:100831406)] (S) Msg RX from 1:0000000072197CCC [4145] to 00000000DCF2A6E2 --- Type 0000:10 (SecureChannel:StandaloneAck) (B:34)
09:51:04.264  uart:~$ uart:~$ [00:02:11.037,000] <dbg> chip.LogV: [EM]Found matching exchange: 63721r, Delegate: 0x20016268
09:51:04.285  uart:~$ uart:~$ [00:02:11.037,000] <dbg> chip.LogV: [EM]CHIP MessageCounter:100831406 not in RetransTable on exchange 63721r
09:51:04.315  uart:~$ uart:~$ [00:02:11.043,000] <dbg> chip.LogV: [IN]Received a duplicate message with MessageCounter:187350721 on exchange 63721r
09:51:04.345  uart:~$ uart:~$ [00:02:11.043,000] <inf> chip: [EM]>>> [E:63721r S:31647 M:187350721 (Ack:100831406)] (S) Msg RX from 1:0000000072197CCC [4145] to 00000000DCF2A6E2 --- Type 0001:01 (IM:StatusResponse) (B:42)
09:51:04.386  uart:~$ uart:~$ [00:02:11.345,000] <dbg> chip.LogV: [EM]Found matching exchange: 63721r, Delegate: 0x20016268
09:51:04.417  uart:~$ uart:~$ [00:02:11.345,000] <dbg> chip.LogV: [EM]Forcing tx of solitary ack for duplicate MessageCounter:187350721 on exchange 63721r
09:51:04.457  uart:~$ uart:~$ [00:02:11.346,000] <inf> chip: [EM]<<< [E:63721r S:31647 M:100831414 (Ack:187350721)] (S) Msg TX from 00000000DCF2A6E2 to 1:0000000072197CCC [4145] [UDP:[fe80::84a:18c1:cea4:c124%ETH_W5500]:52967] --- Type 0000:10 (SecureChannel:StandaloneAck) (B:34)
09:51:04.487  uart:~$ uart:~$ [00:02:11.354,000] <err> chip: [EM]<<5 [E:37538r S:31644 M:228593659] (S) Msg Retransmission to 1:0000000033CFE2F6 failure (max retries:4)
09:51:04.507  uart:~$ uart:~$ [00:02:11.354,000] <dbg> chip.LogV: [IN]SecureSession[0x70001728]: MarkAsDefunct Type:2 LSID:31644
09:51:04.537  uart:~$ uart:~$ [00:02:11.354,000] <inf> chip: [SC]SecureSession[0x70001728, LSID:31644]: State change 'kActive' --> 'kDefunct'
09:51:04.568  uart:~$ uart:~$ [00:02:11.356,000] <inf> chip: [EM]>>> [E:63721r S:31647 M:187350724 (Ack:100831406)] (S) Msg RX from 1:0000000072197CCC [4145] to 00000000DCF2A6E2 --- Type 0000:10 (SecureChannel:StandaloneAck) (B:34)
09:51:04.588  uart:~$ uart:~$ [00:02:11.356,000] <dbg> chip.LogV: [EM]Found matching exchange: 63721r, Delegate: 0x20016268
09:51:04.618  uart:~$ uart:~$ [00:02:11.357,000] <dbg> chip.LogV: [EM]CHIP MessageCounter:100831406 not in RetransTable on exchange 63721r
09:51:04.638  uart:~$ uart:~$ [00:02:11.358,000] <dbg> chip.LogV: [IN]Received a duplicate message with MessageCounter:187350721 on exchange 63721r
09:51:04.724  uart:~$ uart:~$ [00:02:11.638,000] <inf> chip: [EM]>>> [E:63721r S:31647 M:187350721 (Ack:100831406)] (S) Msg RX from 1:0000000072197CCC [4145] to 00000000DCF2A6E2 --- Type 0001:01 (IM:StatusResponse) (B:42)
09:51:04.744  uart:~$ uart:~$ [00:02:11.638,000] <dbg> chip.LogV: [EM]Found matching exchange: 63721r, Delegate: 0x20016268
09:51:04.774  uart:~$ uart:~$ [00:02:11.638,000] <dbg> chip.LogV: [EM]Forcing tx of solitary ack for duplicate MessageCounter:187350721 on exchange 63721r
09:51:04.825  uart:~$ uart:~$ [00:02:11.639,000] <inf> chip: [EM]<<< [E:63721r S:31647 M:100831415 (Ack:187350721)] (S) Msg TX from 00000000DCF2A6E2 to 1:0000000072197CCC [4145] [UDP:[fe80::84a:18c1:cea4:c124%ETH_W5500]:52967] --- Type 0000:10 (SecureChannel:StandaloneAck) (B:34)
09:51:04.845  uart:~$ uart:~$ [00:02:11.647,000] <inf> chip: [EM]<<2 [E:63721r S:31647 M:100831411] (S) Msg Retransmission to 1:0000000072197CCC
09:51:04.885  uart:~$ uart:~$ [00:02:11.677,000] <inf> chip: [EM]??3 [E:63721r S:31647 M:100831411] (S) Msg Retransmission to 1:0000000072197CCC scheduled for 564ms from now [State:Active II:500 AI:300 AT:4000]
09:51:04.905  uart:~$ uart:~$ [00:02:11.679,000] <inf> chip: [SC]SecureSession[0x70001728, LSID:31644]: State change 'kDefunct' --> 'kActive'
09:51:04.946  uart:~$ uart:~$ [00:02:11.683,000] <inf> chip: [EM]>>> [E:37538r S:31644 M:223098122 (Ack:228593659)] (S) Msg RX from 1:0000000033CFE2F6 [4145] to 00000000DCF2A6E2 --- Type 0000:10 (SecureChannel:StandaloneAck) (B:34)
09:51:04.976  uart:~$ uart:~$ [00:02:11.685,000] <inf> chip: [EM]>>> [E:37539r S:31644 M:223098123] (S) Msg RX from 1:0000000033CFE2F6 [4145] to 00000000DCF2A6E2 --- Type 0001:08 (IM:InvokeCommandRequest) (B:59)
09:51:04.996  uart:~$ uart:~$ [00:02:11.685,000] <dbg> chip.LogV: [EM]Handling via exchange: 37539r, Delegate: 0x20014644
09:51:05.038  uart:~$ uart:~$ [00:02:11.997,000] <dbg> chip.LogV: [DMG]Received command for Endpoint=3 Cluster=0x0000_0006 Command=0x0000_0001
09:51:05.058  uart:~$ uart:~$ [00:02:11.998,000] <inf> chip: [ZCL]Toggle ep3 on/off from state 0 to 1
09:51:05.068  uart:~$ uart:~$ [00:02:11.998,000] <inf> chip: [ZCL]On Command - OffWaitTime :  0
09:51:05.088  uart:~$ uart:~$ [00:02:11.999,000] <inf> chip: [ZCL]On/Toggle Command - Stop Timer
09:51:05.108  uart:~$ uart:~$ [00:02:12.002,000] <dbg> chip.LogV: [DMG]Endpoint 3, Cluster 0x0000_0006 update version to cc7fb236
09:51:05.138  uart:~$ uart:~$ [00:02:12.003,000] <dbg> chip.LogV: [DMG]Cannot merge the new path into any existing path, create one.
09:51:05.158  uart:~$ uart:~$ [00:02:12.004,000] <inf> matter_event_loop: Call cluster ID: 6, Attribute ID: 0
09:51:05.179  uart:~$ uart:~$ [00:02:12.004,000] <inf> matter_event_loop: Matter OnOff changed: endpoint=3 state=1
09:51:05.199  uart:~$ uart:~$ [00:02:12.004,000] <inf> io: io event handled: evt.io_event = 5, evt.bool_data = 1, evt.event_direction = 1
09:51:05.219  uart:~$ uart:~$ [00:02:12.005,000] <dbg> chip.LogV: [DMG]Command handler moving to [NewRespons]
09:51:05.261  uart:~$ uart:~$ [00:02:12.216,000] <dbg> chip.LogV: [DMG]Command handler moving to [ Preparing]
09:51:05.282  uart:~$ uart:~$ [00:02:12.217,000] <dbg> chip.LogV: [DMG]Command handler moving to [AddingComm]
09:51:05.302  uart:~$ uart:~$ [00:02:12.217,000] <dbg> chip.LogV: [DMG]Command handler moving to [AddedComma]
09:51:05.322  uart:~$ uart:~$ [00:02:12.217,000] <dbg> chip.LogV: [DMG]Decreasing reference count for CommandHandlerImpl, remaining 1
09:51:05.352  uart:~$ uart:~$ [00:02:12.218,000] <dbg> chip.LogV: [DMG]Decreasing reference count for CommandHandlerImpl, remaining 0
09:51:05.372  uart:~$ uart:~$ [00:02:12.218,000] <dbg> chip.LogV: [DMG]Command handler moving to [AwaitingDe]
09:51:05.412  uart:~$ uart:~$ [00:02:12.219,000] <inf> chip: [EM]<<< [E:37539r S:31644 M:228593670 (Ack:223098123)] (S) Msg TX from 00000000DCF2A6E2 to 1:0000000033CFE2F6 [4145] [UDP:[fe80::1c59:aaca:1932:e904%ETH_W5500]:51433] --- Type 0001:09 (IM:InvokeCommandResponse) (B:67)
09:51:05.452  uart:~$ uart:~$ [00:02:12.227,000] <inf> chip: [EM]??1 [E:37539r S:31644 M:228593670] (S) Msg Retransmission to 1:0000000033CFE2F6 scheduled for 360ms from now [State:Active II:500 AI:300 AT:4000]
09:51:05.473  uart:~$ uart:~$ [00:02:12.227,000] <dbg> chip.LogV: [DMG]Command response sender moving to [AllInvokeR]
09:51:05.503  uart:~$ uart:~$ [00:02:12.237,000] <inf> chip: [EM]>>> [E:37538r S:31644 M:223098124 (Ack:228593659)] (S) Msg RX from 1:0000000033CFE2F6 [4145] to 00000000DCF2A6E2 --- Type 0000:10 (SecureChannel:StandaloneAck) (B:34)
09:51:05.579  uart:~$ uart:~$ [00:02:12.503,000] <inf> chip: [EM]<<3 [E:63721r S:31647 M:100831411] (S) Msg Retransmission to 1:0000000072197CCC
09:51:05.619  uart:~$ uart:~$ [00:02:12.533,000] <inf> chip: [EM]??4 [E:63721r S:31647 M:100831411] (S) Msg Retransmission to 1:0000000072197CCC scheduled for 1041ms from now [State:Active II:500 AI:300 AT:4000]
09:51:05.650  uart:~$ uart:~$ [00:02:12.533,000] <err> chip: [EM]<<5 [E:25098i S:31644 M:228593663] (S) Msg Retransmission to 1:0000000033CFE2F6 failure (max retries:4)
09:51:05.681  uart:~$ uart:~$ [00:02:12.535,000] <dbg> chip.LogV: [IN]Received a duplicate message with MessageCounter:223098123 on exchange 37539r
09:51:05.711  uart:~$ uart:~$ [00:02:12.535,000] <inf> chip: [EM]>>> [E:37539r S:31644 M:223098123] (S) Msg RX from 1:0000000033CFE2F6 [4145] to 00000000DCF2A6E2 --- Type 0001:08 (IM:InvokeCommandRequest) (B:59)
09:51:05.731  uart:~$ uart:~$ [00:02:12.539,000] <dbg> chip.LogV: [EM]Found matching exchange: 37539r, Delegate: 0
09:51:05.761  uart:~$ uart:~$ [00:02:12.539,000] <dbg> chip.LogV: [EM]Forcing tx of solitary ack for duplicate MessageCounter:223098123 on exchange 37539r
09:51:05.801  uart:~$ uart:~$ [00:02:12.541,000] <inf> chip: [EM]<<< [E:37539r S:31644 M:228593671 (Ack:223098123)] (S) Msg TX from 00000000DCF2A6E2 to 1:0000000033CFE2F6 [4145] [UDP:[fe80::1c59:aaca:1932:e904%ETH_W5500]:51433] --- Type 0000:10 (SecureChannel:StandaloneAck) (B:34)
09:51:05.841  uart:~$ uart:~$ [00:02:12.549,000] <inf> chip: [EM]>>> [E:63721r S:31647 M:187350725 (Ack:100831406)] (S) Msg RX from 1:0000000072197CCC [4145] to 00000000DCF2A6E2 --- Type 0000:10 (SecureChannel:StandaloneAck) (B:34)
09:51:05.861  uart:~$ uart:~$ [00:02:12.549,000] <dbg> chip.LogV: [EM]Found matching exchange: 63721r, Delegate: 0x20016268
09:51:05.914  uart:~$ uart:~$ [00:02:12.860,000] <dbg> chip.LogV: [EM]CHIP MessageCounter:100831406 not in RetransTable on exchange 63721r
09:51:05.934  uart:~$ uart:~$ [00:02:12.861,000] <inf> chip: [EM]<<1 [E:37539r S:31644 M:228593670] (S) Msg Retransmission to 1:0000000033CFE2F6
09:51:05.974  uart:~$ uart:~$ [00:02:12.869,000] <inf> chip: [EM]??2 [E:37539r S:31644 M:228593670] (S) Msg Retransmission to 1:0000000033CFE2F6 scheduled for 358ms from now [State:Active II:500 AI:300 AT:4000]
09:51:05.984  uart:~$ uart:~$ [00:02:12.871,000] <inf> chip: [ZCL]Identify stop endpoint=0
09:51:06.024  uart:~$ uart:~$ [00:02:12.872,000] <inf> chip: [EM]>>> [E:37538r S:31644 M:223098125 (Ack:228593659)] (S) Msg RX from 1:0000000033CFE2F6 [4145] to 00000000DCF2A6E2 --- Type 0000:10 (SecureChannel:StandaloneAck) (B:34)
09:51:06.054  uart:~$ uart:~$ [00:02:12.874,000] <dbg> chip.LogV: [IN]Received a duplicate message with MessageCounter:223098123 on exchange 37539r
09:51:06.095  uart:~$ uart:~$ [00:02:12.875,000] <inf> chip: [EM]>>> [E:37539r S:31644 M:223098123] (S) Msg RX from 1:0000000033CFE2F6 [4145] to 00000000DCF2A6E2 --- Type 0001:08 (IM:InvokeCommandRequest) (B:59)
09:51:06.115  uart:~$ uart:~$ [00:02:12.875,000] <dbg> chip.LogV: [EM]Found matching exchange: 37539r, Delegate: 0
09:51:06.135  uart:~$ uart:~$ [00:02:12.875,000] <dbg> chip.LogV: [EM]Forcing tx of solitary ack for duplicate MessageCounter:223098123 on exchange 37539r
09:51:06.186  uart:~$ uart:~$ [00:02:12.876,000] <inf> chip: [EM]<<< [E:37539r S:31644 M:228593672 (Ack:223098123)] (S) Msg TX from 00000000DCF2A6E2 to 1:0000000033CFE2F6 [4145] [UDP:[fe80::1c59:aaca:1932:e904%ETH_W5500]:51433] --- Type 0000:10 (SecureChannel:StandaloneAck) (B:34)
09:51:06.249  uart:~$ uart:~$ [00:02:13.188,000] <inf> chip: [EM]>>> [E:25098i S:31644 M:223098126 (Ack:228593663)] (S) Msg RX from 1:0000000033CFE2F6 [4145] to 00000000DCF2A6E2 --- Type 0001:01 (IM:StatusResponse) (B:42)
09:51:06.269  uart:~$ uart:~$ [00:02:13.189,000] <dbg> chip.LogV: [EM]Found matching exchange: 25098i, Delegate: 0x200161e8
09:51:06.289  uart:~$ uart:~$ [00:02:13.189,000] <dbg> chip.LogV: [EM]CHIP MessageCounter:228593663 not in RetransTable on exchange 25098i
09:51:06.309  uart:~$ uart:~$ [00:02:13.190,000] <inf> chip: [IM]Received status response, status is 0x00
09:51:06.329  uart:~$ uart:~$ [00:02:13.190,000] <dbg> chip.LogV: [DMG]<RE> OnReportConfirm: NumReports = 1
09:51:06.349  uart:~$ uart:~$ [00:02:13.190,000] <dbg> chip.LogV: [DMG]IM RH moving to [CanStartReporting]
09:51:06.400  uart:~$ uart:~$ [00:02:13.191,000] <inf> chip: [EM]<<< [E:25098i S:31644 M:228593673 (Ack:223098126)] (S) Msg TX from 00000000DCF2A6E2 to 1:0000000033CFE2F6 [4145] [UDP:[fe80::1c59:aaca:1932:e904%ETH_W5500]:51433] --- Type 0000:10 (SecureChannel:StandaloneAck) (B:34)
09:51:06.420  uart:~$ uart:~$ [00:02:13.198,000] <dbg> chip.LogV: [EM]Flushed pending ack for MessageCounter:223098126 on exchange 25098i
09:51:06.450  uart:~$ uart:~$ [00:02:13.199,000] <dbg> chip.LogV: [DMG]Building Reports for ReadHandler with LastReportGeneration = 0x00000014 DirtyGeneration = 0x00000016
09:51:06.471  uart:~$ uart:~$ [00:02:13.204,000] <dbg> chip.LogV: [DMG]<RE:Run> Cluster 3, Attribute 0 is dirty
09:51:06.526  uart:~$ uart:~$ [00:02:13.466,000] <dbg> chip.LogV: [DMG]Reading attribute: Cluster=0x0000_0003 Endpoint=0x0 AttributeId=0x0000_0000 (expanded=1)
09:51:06.546  uart:~$ uart:~$ [00:02:13.472,000] <dbg> chip.LogV: [DMG]<RE:Run> Cluster 6, Attribute 0 is dirty
09:51:06.576  uart:~$ uart:~$ [00:02:13.474,000] <dbg> chip.LogV: [DMG]Reading attribute: Cluster=0x0000_0006 Endpoint=0x3 AttributeId=0x0000_0000 (expanded=1)
09:51:06.596  uart:~$ uart:~$ [00:02:13.482,000] <dbg> chip.LogV: [DMG]Fetched 0 events
09:51:06.617  uart:~$ uart:~$ [00:02:13.482,000] <dbg> chip.LogV: [DMG]<RE> Sending report (payload has 65 bytes)...
09:51:06.657  uart:~$ uart:~$ [00:02:13.483,000] <inf> chip: [EM]<<< [E:25099i S:31644 M:228593674] (S) Msg TX from 00000000DCF2A6E2 to 1:0000000033CFE2F6 [4145] [UDP:[fe80::1c59:aaca:1932:e904%ETH_W5500]:51433] --- Type 0001:05 (IM:ReportData) (B:95)
09:51:06.697  uart:~$ uart:~$ [00:02:13.492,000] <inf> chip: [EM]??1 [E:25099i S:31644 M:228593674] (S) Msg Retransmission to 1:0000000033CFE2F6 scheduled for 363ms from now [State:Active II:500 AI:300 AT:4000]
09:51:06.717  uart:~$ uart:~$ [00:02:13.492,000] <dbg> chip.LogV: [DMG]IM RH moving to [AwaitingReportResponse]
09:51:06.737  uart:~$ uart:~$ [00:02:13.493,000] <dbg> chip.LogV: [DMG]<RE> ReportsInFlight = 2 with readHandler 0, RE has no more messages
09:51:06.768  uart:~$ uart:~$ [00:02:13.494,000] <dbg> chip.LogV: [IN]Received a duplicate message with MessageCounter:223098126 on exchange 25098i
09:51:06.869  uart:~$ uart:~$ [00:02:13.759,000] <inf> chip: [EM]>>> [E:25098i S:31644 M:223098126 (Ack:228593663)] (S) Msg RX from 1:0000000033CFE2F6 [4145] to 00000000DCF2A6E2 --- Type 0001:01 (IM:StatusResponse) (B:42)
09:51:06.889  uart:~$ uart:~$ [00:02:13.759,000] <dbg> chip.LogV: [EM]Generating StandaloneAck via exchange: 25098i
09:51:06.909  uart:~$ uart:~$ [00:02:13.759,000] <dbg> chip.LogV: [EM]Forcing tx of solitary ack for duplicate MessageCounter:223098126 on exchange 25098i
09:51:06.959  uart:~$ uart:~$ [00:02:13.760,000] <inf> chip: [EM]<<< [E:25098i S:31644 M:228593675 (Ack:223098126)] (S) Msg TX from 00000000DCF2A6E2 to 1:0000000033CFE2F6 [4145] [UDP:[fe80::1c59:aaca:1932:e904%ETH_W5500]:51433] --- Type 0000:10 (SecureChannel:StandaloneAck) (B:34)
09:51:06.979  uart:~$ uart:~$ [00:02:13.768,000] <inf> chip: [EM]<<4 [E:63721r S:31647 M:100831411] (S) Msg Retransmission to 1:0000000072197CCC
09:51:07.019  uart:~$ uart:~$ [00:02:13.809,000] <inf> chip: [EM]??5 [E:63721r S:31647 M:100831411] (S) Msg Retransmission to 1:0000000072197CCC scheduled for 1420ms from now [State:Active II:500 AI:300 AT:4000]
09:51:07.040  uart:~$ uart:~$ [00:02:13.809,000] <inf> chip: [EM]<<2 [E:37539r S:31644 M:228593670] (S) Msg Retransmission to 1:0000000033CFE2F6
09:51:07.080  uart:~$ uart:~$ [00:02:13.817,000] <inf> chip: [EM]??3 [E:37539r S:31644 M:228593670] (S) Msg Retransmission to 1:0000000033CFE2F6 scheduled for 537ms from now [State:Active II:500 AI:300 AT:4000]
09:51:07.100  uart:~$ uart:~$ [00:02:13.818,000] <dbg> chip.LogV: [IN]Received a duplicate message with MessageCounter:223098123 on exchange 37539r
09:51:07.141  uart:~$ uart:~$ [00:02:13.822,000] <inf> chip: [EM]>>> [E:37539r S:31644 M:223098123] (S) Msg RX from 1:0000000033CFE2F6 [4145] to 00000000DCF2A6E2 --- Type 0001:08 (IM:InvokeCommandRequest) (B:59)
09:51:07.185  uart:~$ uart:~$ [00:02:14.133,000] <dbg> chip.LogV: [EM]Found matching exchange: 37539r, Delegate: 0
09:51:07.215  uart:~$ uart:~$ [00:02:14.133,000] <dbg> chip.LogV: [EM]Forcing tx of solitary ack for duplicate MessageCounter:223098123 on exchange 37539r
09:51:07.256  uart:~$ uart:~$ [00:02:14.134,000] <inf> chip: [EM]<<< [E:37539r S:31644 M:228593676 (Ack:223098123)] (S) Msg TX from 00000000DCF2A6E2 to 1:0000000033CFE2F6 [4145] [UDP:[fe80::1c59:aaca:1932:e904%ETH_W5500]:51433] --- Type 0000:10 (SecureChannel:StandaloneAck) (B:34)
09:51:07.286  uart:~$ uart:~$ [00:02:14.142,000] <inf> chip: [EM]<<1 [E:25099i S:31644 M:228593674] (S) Msg Retransmission to 1:0000000033CFE2F6
09:51:07.316  uart:~$ uart:~$ [00:02:14.150,000] <inf> chip: [EM]??2 [E:25099i S:31644 M:228593674] (S) Msg Retransmission to 1:0000000033CFE2F6 scheduled for 388ms from now [State:Active II:500 AI:300 AT:4000]
09:51:07.356  uart:~$ uart:~$ [00:02:14.152,000] <inf> chip: [EM]>>> [E:37538r S:31644 M:223098127 (Ack:228593659)] (S) Msg RX from 1:0000000033CFE2F6 [4145] to 00000000DCF2A6E2 --- Type 0000:10 (SecureChannel:StandaloneAck) (B:34)
09:51:07.396  uart:~$ uart:~$ [00:02:14.155,000] <inf> chip: [EM]>>> [E:25098i S:31644 M:223098128 (Ack:228593663)] (S) Msg RX from 1:0000000033CFE2F6 [4145] to 00000000DCF2A6E2 --- Type 0000:10 (SecureChannel:StandaloneAck) (B:34)
09:51:07.417  uart:~$ uart:~$ [00:02:14.160,000] <dbg> chip.LogV: [IN]Received a duplicate message with MessageCounter:223098126 on exchange 25098i
09:51:07.457  uart:~$ uart:~$ [00:02:14.161,000] <inf> chip: [EM]>>> [E:25098i S:31644 M:223098126 (Ack:228593663)] (S) Msg RX from 1:0000000033CFE2F6 [4145] to 00000000DCF2A6E2 --- Type 0001:01 (IM:StatusResponse) (B:42)
09:51:07.477  uart:~$ uart:~$ [00:02:14.161,000] <dbg> chip.LogV: [EM]Generating StandaloneAck via exchange: 25098i
09:51:07.532  uart:~$ uart:~$ [00:02:14.474,000] <dbg> chip.LogV: [EM]Forcing tx of solitary ack for duplicate MessageCounter:223098126 on exchange 25098i
09:51:07.572  uart:~$ uart:~$ [00:02:14.475,000] <inf> chip: [EM]<<< [E:25098i S:31644 M:228593677 (Ack:223098126)] (S) Msg TX from 00000000DCF2A6E2 to 1:0000000033CFE2F6 [4145] [UDP:[fe80::1c59:aaca:1932:e904%ETH_W5500]:51433] --- Type 0000:10 (SecureChannel:StandaloneAck) (B:34)
09:51:07.597  uart:~$ uart:~$ [00:02:14.483,000] <inf> chip: [EM]<<3 [E:37539r S:31644 M:228593670] (S) Msg Retransmission to 1:0000000033CFE2F6
09:51:07.638  uart:~$ uart:~$ [00:02:14.490,000] <inf> chip: [EM]??4 [E:37539r S:31644 M:228593670] (S) Msg Retransmission to 1:0000000033CFE2F6 scheduled for 1000ms from now [State:Active II:500 AI:300 AT:4000]
09:51:07.679  uart:~$ uart:~$ [00:02:14.492,000] <inf> chip: [EM]>>> [E:25098i S:31644 M:223098129 (Ack:228593663)] (S) Msg RX from 1:0000000033CFE2F6 [4145] to 00000000DCF2A6E2 --- Type 0000:10 (SecureChannel:StandaloneAck) (B:34)
09:51:07.699  uart:~$ uart:~$ [00:02:14.498,000] <dbg> chip.LogV: [IN]Received a duplicate message with MessageCounter:223098126 on exchange 25098i
09:51:07.739  uart:~$ uart:~$ [00:02:14.498,000] <inf> chip: [EM]>>> [E:25098i S:31644 M:223098126 (Ack:228593663)] (S) Msg RX from 1:0000000033CFE2F6 [4145] to 00000000DCF2A6E2 --- Type 0001:01 (IM:StatusResponse) (B:42)
09:51:07.759  uart:~$ uart:~$ [00:02:14.499,000] <dbg> chip.LogV: [EM]Generating StandaloneAck via exchange: 25098i
09:51:07.789  uart:~$ uart:~$ [00:02:14.499,000] <dbg> chip.LogV: [EM]Forcing tx of solitary ack for duplicate MessageCounter:223098126 on exchange 25098i
09:51:07.829  uart:~$ uart:~$ [00:02:14.500,000] <inf> chip: [EM]<<< [E:25098i S:31644 M:228593678 (Ack:223098126)] (S) Msg TX from 00000000DCF2A6E2 to 1:0000000033CFE2F6 [4145] [UDP:[fe80::1c59:aaca:1932:e904%ETH_W5500]:51433] --- Type 0000:10 (SecureChannel:StandaloneAck) (B:34)
09:51:07.885  uart:~$ uart:~$ [00:02:14.833,000] <inf> chip: [EM]<<2 [E:25099i S:31644 M:228593674] (S) Msg Retransmission to 1:0000000033CFE2F6
09:51:07.925  uart:~$ uart:~$ [00:02:14.841,000] <inf> chip: [EM]??3 [E:25099i S:31644 M:228593674] (S) Msg Retransmission to 1:0000000033CFE2F6 scheduled for 538ms from now [State:Active II:500 AI:300 AT:4000]
09:51:07.956  uart:~$ uart:~$ [00:02:14.843,000] <dbg> chip.LogV: [IN]Received a duplicate message with MessageCounter:223098123 on exchange 37539r
09:51:07.986  uart:~$ uart:~$ [00:02:14.843,000] <inf> chip: [EM]>>> [E:37539r S:31644 M:223098123] (S) Msg RX from 1:0000000033CFE2F6 [4145] to 00000000DCF2A6E2 --- Type 0001:08 (IM:InvokeCommandRequest) (B:59)
09:51:08.006  uart:~$ uart:~$ [00:02:14.844,000] <dbg> chip.LogV: [EM]Found matching exchange: 37539r, Delegate: 0
09:51:08.037  uart:~$ uart:~$ [00:02:14.844,000] <dbg> chip.LogV: [EM]Forcing tx of solitary ack for duplicate MessageCounter:223098123 on exchange 37539r
09:51:08.077  uart:~$ uart:~$ [00:02:14.845,000] <inf> chip: [EM]<<< [E:37539r S:31644 M:228593679 (Ack:223098123)] (S) Msg TX from 00000000DCF2A6E2 to 1:0000000033CFE2F6 [4145] [UDP:[fe80::1c59:aaca:1932:e904%ETH_W5500]:51433] --- Type 0000:10 (SecureChannel:StandaloneAck) (B:34)
09:51:08.117  uart:~$ uart:~$ [00:02:14.854,000] <inf> chip: [EM]>>> [E:37538r S:31644 M:223098130 (Ack:228593659)] (S) Msg RX from 1:0000000033CFE2F6 [4145] to 00000000DCF2A6E2 --- Type 0000:10 (SecureChannel:StandaloneAck) (B:34)
09:51:08.158  uart:~$ uart:~$ [00:02:14.856,000] <inf> chip: [EM]>>> [E:25098i S:31644 M:223098131 (Ack:228593663)] (S) Msg RX from 1:0000000033CFE2F6 [4145] to 00000000DCF2A6E2 --- Type 0000:10 (SecureChannel:StandaloneAck) (B:34)
09:51:08.178  uart:~$ uart:~$ [00:02:14.858,000] <dbg> chip.LogV: [IN]Received a duplicate message with MessageCounter:223098126 on exchange 25098i
09:51:08.228  uart:~$ uart:~$ [00:02:15.177,000] <inf> chip: [EM]>>> [E:25098i S:31644 M:223098126 (Ack:228593663)] (S) Msg RX from 1:0000000033CFE2F6 [4145] to 00000000DCF2A6E2 --- Type 0001:01 (IM:StatusResponse) (B:42)
09:51:08.248  uart:~$ uart:~$ [00:02:15.177,000] <dbg> chip.LogV: [EM]Generating StandaloneAck via exchange: 25098i
09:51:08.278  uart:~$ uart:~$ [00:02:15.178,000] <dbg> chip.LogV: [EM]Forcing tx of solitary ack for duplicate MessageCounter:223098126 on exchange 25098i
09:51:08.319  uart:~$ uart:~$ [00:02:15.179,000] <inf> chip: [EM]<<< [E:25098i S:31644 M:228593680 (Ack:223098126)] (S) Msg TX from 00000000DCF2A6E2 to 1:0000000033CFE2F6 [4145] [UDP:[fe80::1c59:aaca:1932:e904%ETH_W5500]:51433] --- Type 0000:10 (SecureChannel:StandaloneAck) (B:34)
09:51:08.359  uart:~$ uart:~$ [00:02:15.188,000] <inf> chip: [EM]>>> [E:63721r S:31647 M:187350726 (Ack:100831411)] (S) Msg RX from 1:0000000072197CCC [4145] to 00000000DCF2A6E2 --- Type 0001:01 (IM:StatusResponse) (B:42)
09:51:08.379  uart:~$ uart:~$ [00:02:15.188,000] <dbg> chip.LogV: [EM]Found matching exchange: 63721r, Delegate: 0x20016268
09:51:08.409  uart:~$ uart:~$ [00:02:15.188,000] <dbg> chip.LogV: [EM]Rxd Ack; Removing MessageCounter:100831411 from Retrans Table on exchange 63721r
09:51:08.429  uart:~$ uart:~$ [00:02:15.189,000] <inf> chip: [IM]Received status response, status is 0x00
09:51:08.449  uart:~$ uart:~$ [00:02:15.189,000] <dbg> chip.LogV: [DMG]<RE> OnReportConfirm: NumReports = 1
09:51:08.470  uart:~$ uart:~$ [00:02:15.189,000] <dbg> chip.LogV: [DMG]IM RH moving to [CanStartReporting]
09:51:08.536  uart:~$ uart:~$ [00:02:15.462,000] <inf> chip: [EM]<<< [E:63721r S:31647 M:100831416 (Ack:187350726)] (S) Msg TX from 00000000DCF2A6E2 to 1:0000000072197CCC [4145] [UDP:[fe80::84a:18c1:cea4:c124%ETH_W5500]:52967] --- Type 0000:10 (SecureChannel:StandaloneAck) (B:34)
09:51:08.566  uart:~$ uart:~$ [00:02:15.469,000] <inf> chip: [EM]<<3 [E:25099i S:31644 M:228593674] (S) Msg Retransmission to 1:0000000033CFE2F6
09:51:08.596  uart:~$ uart:~$ [00:02:15.477,000] <inf> chip: [EM]??4 [E:25099i S:31644 M:228593674] (S) Msg Retransmission to 1:0000000033CFE2F6 scheduled for 981ms from now [State:Active II:500 AI:300 AT:4000]
09:51:08.626  uart:~$ uart:~$ [00:02:15.478,000] <dbg> chip.LogV: [DMG]Building Reports for ReadHandler with LastReportGeneration = 0x00000000 DirtyGeneration = 0x00000016
09:51:08.646  uart:~$ uart:~$ [00:02:15.478,000] <dbg> chip.LogV: [DMG]<RE:Run> Cluster 34, Attribute fff9 is dirty
09:51:08.666  uart:~$ uart:~$ [00:02:15.481,000] <dbg> chip.LogV: [DMG]<RE:Run> Cluster 34, Attribute fffb is dirty
09:51:08.687  uart:~$ uart:~$ [00:02:15.485,000] <dbg> chip.LogV: [DMG]<RE:Run> Cluster 33, Attribute 0 is dirty
09:51:08.717  uart:~$ uart:~$ [00:02:15.486,000] <dbg> chip.LogV: [DMG]Reading attribute: Cluster=0x0000_0033 Endpoint=0x0 AttributeId=0x0000_0000 (expanded=1)
09:51:08.737  uart:~$ uart:~$ [00:02:15.487,000] <dbg> chip.LogV: [DMG]<RE:Run> Cluster 33, Attribute 1 is dirty
09:51:08.767  uart:~$ uart:~$ [00:02:15.489,000] <dbg> chip.LogV: [DMG]Reading attribute: Cluster=0x0000_0033 Endpoint=0x0 AttributeId=0x0000_0001 (expanded=1)
09:51:08.874  uart:~$ uart:~$ [00:02:15.781,000] <dbg> chip.LogV: [DMG]<RE:Run> Cluster 33, Attribute 8 is dirty
09:51:08.904  uart:~$ uart:~$ [00:02:15.783,000] <dbg> chip.LogV: [DMG]Reading attribute: Cluster=0x0000_0033 Endpoint=0x0 AttributeId=0x0000_0008 (expanded=1)
09:51:08.924  uart:~$ uart:~$ [00:02:15.784,000] <dbg> chip.LogV: [DMG]<RE:Run> Cluster 33, Attribute 3 is dirty
09:51:08.954  uart:~$ uart:~$ [00:02:15.785,000] <dbg> chip.LogV: [DMG]Reading attribute: Cluster=0x0000_0033 Endpoint=0x0 AttributeId=0x0000_0003 (expanded=1)
09:51:08.974  uart:~$ uart:~$ [00:02:15.845,000] <dbg> chip.LogV: [DMG]<RE:Run> Cluster 33, Attribute 4 is dirty
09:51:09.004  uart:~$ uart:~$ [00:02:15.847,000] <dbg> chip.LogV: [DMG]Reading attribute: Cluster=0x0000_0033 Endpoint=0x0 AttributeId=0x0000_0004 (expanded=1)
09:51:09.025  uart:~$ uart:~$ [00:02:15.848,000] <dbg> chip.LogV: [DMG]<RE:Run> Cluster 33, Attribute 2 is dirty
09:51:09.045  uart:~$ uart:~$ [00:02:15.849,000] <dbg> chip.LogV: [DMG]Reading attribute: Cluster=0x0000_0033 Endpoint=0x0 AttributeId=0x0000_0002 (expanded=1)
09:51:09.075  uart:~$ uart:~$ [00:02:15.850,000] <dbg> chip.LogV: [DMG]<RE:Run> Cluster 33, Attribute a is dirty
09:51:09.095  uart:~$ uart:~$ [00:02:15.852,000] <dbg> chip.LogV: [DMG]Reading attribute: Cluster=0x0000_0033 Endpoint=0x0 AttributeId=0x0000_000A (expanded=1)
09:51:09.138  uart:~$ uart:~$ [00:02:16.094,000] <dbg> chip.LogV: [DMG]<RE:Run> Cluster 33, Attribute fffc is dirty
09:51:09.158  uart:~$ uart:~$ [00:02:16.096,000] <dbg> chip.LogV: [DMG]Reading attribute: Cluster=0x0000_0033 Endpoint=0x0 AttributeId=0x0000_FFFC (expanded=1)
09:51:09.178  uart:~$ uart:~$ [00:02:16.096,000] <dbg> chip.LogV: [DMG]<RE:Run> Cluster 33, Attribute fffd is dirty
09:51:09.208  uart:~$ uart:~$ [00:02:16.098,000] <dbg> chip.LogV: [DMG]Reading attribute: Cluster=0x0000_0033 Endpoint=0x0 AttributeId=0x0000_FFFD (expanded=1)
09:51:09.228  uart:~$ uart:~$ [00:02:16.099,000] <dbg> chip.LogV: [DMG]<RE:Run> Cluster 33, Attribute fff8 is dirty
09:51:09.249  uart:~$ uart:~$ [00:02:16.101,000] <dbg> chip.LogV: [DMG]<RE:Run> Cluster 33, Attribute fff9 is dirty
09:51:09.269  uart:~$ uart:~$ [00:02:16.103,000] <dbg> chip.LogV: [DMG]<RE:Run> Cluster 33, Attribute fffb is dirty
09:51:09.289  uart:~$ uart:~$ [00:02:16.105,000] <dbg> chip.LogV: [DMG]<RE:Run> Cluster 32, Attribute fffc is dirty
09:51:09.319  uart:~$ uart:~$ [00:02:16.107,000] <dbg> chip.LogV: [DMG]Reading attribute: Cluster=0x0000_0032 Endpoint=0x0 AttributeId=0x0000_FFFC (expanded=1)
09:51:09.339  uart:~$ uart:~$ [00:02:16.108,000] <dbg> chip.LogV: [DMG]<RE:Run> Cluster 32, Attribute fffd is dirty
09:51:09.382  uart:~$ uart:~$ [00:02:16.337,000] <dbg> chip.LogV: [DMG]Reading attribute: Cluster=0x0000_0032 Endpoint=0x0 AttributeId=0x0000_FFFD (expanded=1)
09:51:09.402  uart:~$ uart:~$ [00:02:16.338,000] <dbg> chip.LogV: [DMG]<RE:Run> Cluster 32, Attribute fff8 is dirty
09:51:09.422  uart:~$ uart:~$ [00:02:16.340,000] <dbg> chip.LogV: [DMG]<RE:Run> Cluster 32, Attribute fff9 is dirty
09:51:09.442  uart:~$ uart:~$ [00:02:16.342,000] <dbg> chip.LogV: [DMG]<RE:Run> Cluster 32, Attribute fffb is dirty
09:51:09.462  uart:~$ uart:~$ [00:02:16.344,000] <dbg> chip.LogV: [DMG]<RE:Run> Cluster 30, Attribute 0 is dirty
09:51:09.492  uart:~$ uart:~$ [00:02:16.346,000] <dbg> chip.LogV: [DMG]Reading attribute: Cluster=0x0000_0030 Endpoint=0x0 AttributeId=0x0000_0000 (expanded=1)
09:51:09.513  uart:~$ uart:~$ [00:02:16.347,000] <dbg> chip.LogV: [DMG]<RE:Run> Cluster 30, Attribute 1 is dirty
09:51:09.543  uart:~$ uart:~$ [00:02:16.348,000] <dbg> chip.LogV: [DMG]Reading attribute: Cluster=0x0000_0030 Endpoint=0x0 AttributeId=0x0000_0001 (expanded=1)
09:51:09.563  uart:~$ uart:~$ [00:02:16.349,000] <dbg> chip.LogV: [DMG]<RE:Run> Cluster 30, Attribute 2 is dirty
09:51:09.583  uart:~$ uart:~$ [00:02:16.351,000] <dbg> chip.LogV: [DMG]Reading attribute: Cluster=0x0000_0030 Endpoint=0x0 AttributeId=0x0000_0002 (expanded=1)
09:51:09.625  uart:~$ uart:~$ [00:02:16.586,000] <dbg> chip.LogV: [DMG]<RE:Run> Cluster 30, Attribute 3 is dirty
09:51:09.655  uart:~$ uart:~$ [00:02:16.588,000] <dbg> chip.LogV: [DMG]Reading attribute: Cluster=0x0000_0030 Endpoint=0x0 AttributeId=0x0000_0003 (expanded=1)
09:51:09.675  uart:~$ uart:~$ [00:02:16.589,000] <dbg> chip.LogV: [DMG]<RE:Run> Cluster 30, Attribute 4 is dirty
09:51:09.695  uart:~$ uart:~$ [00:02:16.590,000] <dbg> chip.LogV: [DMG]Reading attribute: Cluster=0x0000_0030 Endpoint=0x0 AttributeId=0x0000_0004 (expanded=1)
09:51:09.715  uart:~$ uart:~$ [00:02:16.591,000] <dbg> chip.LogV: [DMG]<RE:Run> Cluster 30, Attribute fffc is dirty
09:51:09.746  uart:~$ uart:~$ [00:02:16.593,000] <dbg> chip.LogV: [DMG]Reading attribute: Cluster=0x0000_0030 Endpoint=0x0 AttributeId=0x0000_FFFC (expanded=1)
09:51:09.766  uart:~$ uart:~$ [00:02:16.593,000] <dbg> chip.LogV: [DMG]<RE:Run> Cluster 30, Attribute fffd is dirty
09:51:09.796  uart:~$ uart:~$ [00:02:16.595,000] <dbg> chip.LogV: [DMG]Reading attribute: Cluster=0x0000_0030 Endpoint=0x0 AttributeId=0x0000_FFFD (expanded=1)
09:51:09.816  uart:~$ uart:~$ [00:02:16.596,000] <dbg> chip.LogV: [DMG]<RE:Run> Cluster 30, Attribute fff8 is dirty
09:51:09.837  uart:~$ uart:~$ [00:02:16.598,000] <dbg> chip.LogV: [DMG]<RE:Run> Cluster 30, Attribute fff9 is dirty
09:51:09.869  uart:~$ uart:~$ [00:02:16.833,000] <dbg> chip.LogV: [DMG]<RE:Run> Cluster 30, Attribute fffb is dirty
09:51:09.890  uart:~$ uart:~$ [00:02:16.835,000] <dbg> chip.LogV: [DMG]<RE:Run> Cluster 2a, Attribute 0 is dirty
09:51:09.920  uart:~$ uart:~$ [00:02:16.837,000] <dbg> chip.LogV: [DMG]Reading attribute: Cluster=0x0000_002A Endpoint=0x0 AttributeId=0x0000_0000 (expanded=1)
09:51:09.940  uart:~$ uart:~$ [00:02:16.838,000] <dbg> chip.LogV: [DMG]<RE:Run> Cluster 2a, Attribute 1 is dirty
09:51:09.971  uart:~$ uart:~$ [00:02:16.839,000] <dbg> chip.LogV: [DMG]Reading attribute: Cluster=0x0000_002A Endpoint=0x0 AttributeId=0x0000_0001 (expanded=1)
09:51:09.991  uart:~$ uart:~$ [00:02:16.840,000] <dbg> chip.LogV: [DMG]<RE:Run> Cluster 2a, Attribute 2 is dirty
09:51:10.011  uart:~$ uart:~$ [00:02:16.842,000] <dbg> chip.LogV: [DMG]Reading attribute: Cluster=0x0000_002A Endpoint=0x0 AttributeId=0x0000_0002 (expanded=1)
09:51:10.031  uart:~$ uart:~$ [00:02:16.842,000] <dbg> chip.LogV: [DMG]<RE:Run> Cluster 2a, Attribute 3 is dirty
09:51:10.061  uart:~$ uart:~$ [00:02:16.844,000] <dbg> chip.LogV: [DMG]Reading attribute: Cluster=0x0000_002A Endpoint=0x0 AttributeId=0x0000_0003 (expanded=1)
09:51:10.081  uart:~$ uart:~$ [00:02:16.845,000] <dbg> chip.LogV: [DMG]<RE:Run> Cluster 2a, Attribute fffc is dirty
09:51:10.154  uart:~$ uart:~$ [00:02:17.079,000] <dbg> chip.LogV: [DMG]Reading attribute: Cluster=0x0000_002A Endpoint=0x0 AttributeId=0x0000_FFFC (expanded=1)
09:51:10.175  uart:~$ uart:~$ [00:02:17.080,000] <dbg> chip.LogV: [DMG]<RE:Run> Cluster 2a, Attribute fffd is dirty
09:51:10.195  uart:~$ uart:~$ [00:02:17.082,000] <dbg> chip.LogV: [DMG]Reading attribute: Cluster=0x0000_002A Endpoint=0x0 AttributeId=0x0000_FFFD (expanded=1)
09:51:10.235  uart:~$ uart:~$ [00:02:17.082,000] <dbg> chip.LogV: [DMG]Next attribute value does not fit in packet, roll back on clusterId: 0x0000_002A, attributeId: 0x0000_FFFD, err = b
09:51:10.255  uart:~$ uart:~$ [00:02:17.083,000] <dbg> chip.LogV: [DMG]<RE:Run> We cannot put more chunks into this report. Enable chunking.
09:51:10.285  uart:~$ uart:~$ [00:02:17.084,000] <dbg> chip.LogV: [DMG]<RE:Run> first cluster event is too big so that it fails to fit in the packet!
09:51:10.295  uart:~$ uart:~$ [00:02:17.084,000] <dbg> chip.LogV: [DMG]Fetched 0 events
09:51:10.315  uart:~$ uart:~$ [00:02:17.084,000] <dbg> chip.LogV: [DMG]<RE> Sending report (payload has 1157 bytes)...
09:51:10.366  uart:~$ uart:~$ [00:02:17.087,000] <inf> chip: [EM]<<< [E:63721r S:31647 M:100831417 (Ack:187350726)] (S) Msg TX from 00000000DCF2A6E2 to 1:0000000072197CCC [4145] [UDP:[fe80::84a:18c1:cea4:c124%ETH_W5500]:52967] --- Type 0001:05 (IM:ReportData) (B:1191)
09:51:10.396  uart:~$ uart:~$ [00:02:17.117,000] <inf> chip: [EM]??1 [E:63721r S:31647 M:100831417] (S) Msg Retransmission to 1:0000000072197CCC scheduled for 384ms from now [State:Active II:500 AI:300 AT:4000]
09:51:10.440  uart:~$ uart:~$ [00:02:17.392,000] <dbg> chip.LogV: [DMG]IM RH moving to [AwaitingReportResponse]
09:51:10.460  uart:~$ uart:~$ [00:02:17.392,000] <dbg> chip.LogV: [DMG]<RE> ReportsInFlight = 2 with readHandler 1, RE has more messages
09:51:10.500  uart:~$ uart:~$ [00:02:17.394,000] <inf> chip: [EM]>>> [E:25098i S:31644 M:223098132 (Ack:228593663)] (S) Msg RX from 1:0000000033CFE2F6 [4145] to 00000000DCF2A6E2 --- Type 0000:10 (SecureChannel:StandaloneAck) (B:34)
09:51:10.531  uart:~$ uart:~$ [00:02:17.395,000] <inf> chip: [EM]<<4 [E:37539r S:31644 M:228593670] (S) Msg Retransmission to 1:0000000033CFE2F6
09:51:10.571  uart:~$ uart:~$ [00:02:17.402,000] <inf> chip: [EM]??5 [E:37539r S:31644 M:228593670] (S) Msg Retransmission to 1:0000000033CFE2F6 scheduled for 1662ms from now [State:Active II:500 AI:300 AT:4000]
09:51:10.592  uart:~$ uart:~$ [00:02:17.403,000] <inf> chip: [EM]<<4 [E:25099i S:31644 M:228593674] (S) Msg Retransmission to 1:0000000033CFE2F6
09:51:10.632  uart:~$ uart:~$ [00:02:17.411,000] <inf> chip: [EM]??5 [E:25099i S:31644 M:228593674] (S) Msg Retransmission to 1:0000000033CFE2F6 scheduled for 1373ms from now [State:Active II:500 AI:300 AT:4000]
09:51:10.652  uart:~$ uart:~$ [00:02:17.413,000] <dbg> chip.LogV: [IN]Received a duplicate message with MessageCounter:187350726 on exchange 63721r
09:51:10.692  uart:~$ uart:~$ [00:02:17.413,000] <inf> chip: [EM]>>> [E:63721r S:31647 M:187350726 (Ack:100831411)] (S) Msg RX from 1:0000000072197CCC [4145] to 00000000DCF2A6E2 --- Type 0001:01 (IM:StatusResponse) (B:42)
09:51:10.712  uart:~$ uart:~$ [00:02:17.413,000] <dbg> chip.LogV: [EM]Found matching exchange: 63721r, Delegate: 0x20016268
09:51:10.781  uart:~$ uart:~$ [00:02:17.707,000] <dbg> chip.LogV: [EM]Forcing tx of solitary ack for duplicate MessageCounter:187350726 on exchange 63721r
09:51:10.832  uart:~$ uart:~$ [00:02:17.709,000] <inf> chip: [EM]<<< [E:63721r S:31647 M:100831418 (Ack:187350726)] (S) Msg TX from 00000000DCF2A6E2 to 1:0000000072197CCC [4145] [UDP:[fe80::84a:18c1:cea4:c124%ETH_W5500]:52967] --- Type 0000:10 (SecureChannel:StandaloneAck) (B:34)
09:51:10.852  uart:~$ uart:~$ [00:02:17.716,000] <inf> chip: [EM]<<1 [E:63721r S:31647 M:100831417] (S) Msg Retransmission to 1:0000000072197CCC
09:51:10.892  uart:~$ uart:~$ [00:02:17.746,000] <inf> chip: [EM]??2 [E:63721r S:31647 M:100831417] (S) Msg Retransmission to 1:0000000072197CCC scheduled for 340ms from now [State:Active II:500 AI:300 AT:4000]
09:51:10.933  uart:~$ uart:~$ [00:02:17.748,000] <inf> chip: [EM]>>> [E:63721r S:31647 M:187350727 (Ack:100831411)] (S) Msg RX from 1:0000000072197CCC [4145] to 00000000DCF2A6E2 --- Type 0000:10 (SecureChannel:StandaloneAck) (B:34)
09:51:10.953  uart:~$ uart:~$ [00:02:17.748,000] <dbg> chip.LogV: [EM]Found matching exchange: 63721r, Delegate: 0x20016268
09:51:10.973  uart:~$ uart:~$ [00:02:17.752,000] <dbg> chip.LogV: [EM]CHIP MessageCounter:100831411 not in RetransTable on exchange 63721r
09:51:11.003  uart:~$ uart:~$ [00:02:17.754,000] <dbg> chip.LogV: [IN]Received a duplicate message with MessageCounter:187350726 on exchange 63721r
09:51:11.033  uart:~$ uart:~$ [00:02:17.754,000] <inf> chip: [EM]>>> [E:63721r S:31647 M:187350726 (Ack:100831411)] (S) Msg RX from 1:0000000072197CCC [4145] to 00000000DCF2A6E2 --- Type 0001:01 (IM:StatusResponse) (B:42)
09:51:11.064  uart:~$ uart:~$ [00:02:17.755,000] <dbg> chip.LogV: [EM]Found matching exchange: 63721r, Delegate: 0x20016268
09:51:11.097  uart:~$ uart:~$ [00:02:18.056,000] <dbg> chip.LogV: [EM]Forcing tx of solitary ack for duplicate MessageCounter:187350726 on exchange 63721r
09:51:11.147  uart:~$ uart:~$ [00:02:18.057,000] <inf> chip: [EM]<<< [E:63721r S:31647 M:100831419 (Ack:187350726)] (S) Msg TX from 00000000DCF2A6E2 to 1:0000000072197CCC [4145] [UDP:[fe80::84a:18c1:cea4:c124%ETH_W5500]:52967] --- Type 0000:10 (SecureChannel:StandaloneAck) (B:34)
09:51:11.188  uart:~$ uart:~$ [00:02:18.066,000] <inf> chip: [EM]>>> [E:63721r S:31647 M:187350728 (Ack:100831411)] (S) Msg RX from 1:0000000072197CCC [4145] to 00000000DCF2A6E2 --- Type 0000:10 (SecureChannel:StandaloneAck) (B:34)
09:51:11.208  uart:~$ uart:~$ [00:02:18.066,000] <dbg> chip.LogV: [EM]Found matching exchange: 63721r, Delegate: 0x20016268
09:51:11.228  uart:~$ uart:~$ [00:02:18.066,000] <dbg> chip.LogV: [EM]CHIP MessageCounter:100831411 not in RetransTable on exchange 63721r
09:51:11.258  uart:~$ uart:~$ [00:02:18.068,000] <dbg> chip.LogV: [IN]Received a duplicate message with MessageCounter:187350726 on exchange 63721r
09:51:11.288  uart:~$ uart:~$ [00:02:18.069,000] <inf> chip: [EM]>>> [E:63721r S:31647 M:187350726 (Ack:100831411)] (S) Msg RX from 1:0000000072197CCC [4145] to 00000000DCF2A6E2 --- Type 0001:01 (IM:StatusResponse) (B:42)
09:51:11.308  uart:~$ uart:~$ [00:02:18.069,000] <dbg> chip.LogV: [EM]Found matching exchange: 63721r, Delegate: 0x20016268
09:51:11.338  uart:~$ uart:~$ [00:02:18.069,000] <dbg> chip.LogV: [EM]Forcing tx of solitary ack for duplicate MessageCounter:187350726 on exchange 63721r
09:51:11.390  uart:~$ uart:~$ [00:02:18.070,000] <inf> chip: [EM]<<< [E:63721r S:31647 M:100831420 (Ack:187350726)] (S) Msg TX from 00000000DCF2A6E2 to 1:0000000072197CCC [4145] [UDP:[fe80::84a:18c1:cea4:c124%ETH_W5500]:52967] --- Type 0000:10 (SecureChannel:StandaloneAck) (B:34)
09:51:11.457  uart:~$ uart:~$ [00:02:18.387,000] <inf> chip: [EM]<<2 [E:63721r S:31647 M:100831417] (S) Msg Retransmission to 1:0000000072197CCC
09:51:11.498  uart:~$ uart:~$ [00:02:18.417,000] <inf> chip: [EM]??3 [E:63721r S:31647 M:100831417] (S) Msg Retransmission to 1:0000000072197CCC scheduled for 598ms from now [State:Active II:500 AI:300 AT:4000]
09:51:11.528  uart:~$ uart:~$ [00:02:18.419,000] <inf> chip: [EM]>>> [E:37539r S:31644 M:223098133 (Ack:228593670)] (S) Msg RX from 1:0000000033CFE2F6 [4145] to 00000000DCF2A6E2 --- Type 0000:10 (SecureChannel:StandaloneAck) (B:34)
09:51:11.558  uart:~$ uart:~$ [00:02:18.419,000] <dbg> chip.LogV: [EM]Found matching exchange: 37539r, Delegate: 0
09:51:11.578  uart:~$ uart:~$ [00:02:18.423,000] <dbg> chip.LogV: [EM]Rxd Ack; Removing MessageCounter:228593670 from Retrans Table on exchange 37539r
09:51:11.619  uart:~$ uart:~$ [00:02:18.426,000] <inf> chip: [EM]>>> [E:37540r S:31644 M:223098134] (S) Msg RX from 1:0000000033CFE2F6 [4145] to 00000000DCF2A6E2 --- Type 0001:08 (IM:InvokeCommandRequest) (B:59)
09:51:11.639  uart:~$ uart:~$ [00:02:18.426,000] <dbg> chip.LogV: [EM]Handling via exchange: 37540r, Delegate: 0x20014644
09:51:11.659  uart:~$ uart:~$ [00:02:18.428,000] <dbg> chip.LogV: [DMG]Received command for Endpoint=1 Cluster=0x0000_0006 Command=0x0000_0001
09:51:11.679  uart:~$ uart:~$ [00:02:18.428,000] <inf> chip: [ZCL]Toggle ep1 on/off from state 0 to 1
09:51:11.699  uart:~$ uart:~$ [00:02:18.429,000] <inf> chip: [ZCL]On Command - OffWaitTime :  0
09:51:11.719  uart:~$ uart:~$ [00:02:18.694,000] <inf> chip: [ZCL]On/Toggle Command - Stop Timer
09:51:11.749  uart:~$ uart:~$ [00:02:18.697,000] <dbg> chip.LogV: [DMG]Endpoint 1, Cluster 0x0000_0006 update version to 11e0b6dc
09:51:11.770  uart:~$ uart:~$ [00:02:18.699,000] <dbg> chip.LogV: [DMG]Cannot merge the new path into any existing path, create one.
09:51:11.790  uart:~$ uart:~$ [00:02:18.699,000] <inf> matter_event_loop: Call cluster ID: 6, Attribute ID: 0
09:51:11.810  uart:~$ uart:~$ [00:02:18.699,000] <inf> matter_event_loop: Matter OnOff changed: endpoint=1 state=1
09:51:11.840  uart:~$ uart:~$ [00:02:18.700,000] <inf> io: io event handled: evt.io_event = 3, evt.bool_data = 1, evt.event_direction = 1
09:51:11.850  uart:~$ uart:~$ [00:02:18.701,000] <dbg> chip.LogV: [DMG]Command handler moving to [NewRespons]
09:51:11.871  uart:~$ uart:~$ [00:02:18.701,000] <dbg> chip.LogV: [DMG]Command handler moving to [ Preparing]
09:51:11.891  uart:~$ uart:~$ [00:02:18.701,000] <dbg> chip.LogV: [DMG]Command handler moving to [AddingComm]
09:51:11.911  uart:~$ uart:~$ [00:02:18.702,000] <dbg> chip.LogV: [DMG]Command handler moving to [AddedComma]
09:51:11.952  uart:~$ uart:~$ [00:02:18.911,000] <dbg> chip.LogV: [DMG]Decreasing reference count for CommandHandlerImpl, remaining 1
09:51:11.972  uart:~$ uart:~$ [00:02:18.911,000] <dbg> chip.LogV: [DMG]Decreasing reference count for CommandHandlerImpl, remaining 0
09:51:11.992  uart:~$ uart:~$ [00:02:18.911,000] <dbg> chip.LogV: [DMG]Command handler moving to [AwaitingDe]
09:51:12.043  uart:~$ uart:~$ [00:02:18.913,000] <inf> chip: [EM]<<< [E:37540r S:31644 M:228593681 (Ack:223098134)] (S) Msg TX from 00000000DCF2A6E2 to 1:0000000033CFE2F6 [4145] [UDP:[fe80::1c59:aaca:1932:e904%ETH_W5500]:51433] --- Type 0001:09 (IM:InvokeCommandResponse) (B:67)
09:51:12.084  uart:~$ uart:~$ [00:02:18.920,000] <inf> chip: [EM]??1 [E:37540r S:31644 M:228593681] (S) Msg Retransmission to 1:0000000033CFE2F6 scheduled for 348ms from now [State:Active II:500 AI:300 AT:4000]
09:51:12.104  uart:~$ uart:~$ [00:02:18.921,000] <dbg> chip.LogV: [DMG]Command response sender moving to [AllInvokeR]
09:51:12.134  uart:~$ uart:~$ [00:02:18.922,000] <err> chip: [EM]<<5 [E:25099i S:31644 M:228593674] (S) Msg Retransmission to 1:0000000033CFE2F6 failure (max retries:4)
09:51:12.164  uart:~$ uart:~$ [00:02:18.924,000] <inf> chip: [EM]>>> [E:63721r S:31647 M:187350729 (Ack:100831411)] (S) Msg RX from 1:0000000072197CCC [4145] to 00000000DCF2A6E2 --- Type 0000:10 (SecureChannel:StandaloneAck) (B:34)
09:51:12.194  uart:~$ uart:~$ [00:02:18.924,000] <dbg> chip.LogV: [EM]Found matching exchange: 63721r, Delegate: 0x20016268
09:51:12.215  uart:~$ uart:~$ [00:02:18.924,000] <dbg> chip.LogV: [EM]CHIP MessageCounter:100831411 not in RetransTable on exchange 63721r
09:51:12.284  uart:~$ uart:~$ [00:02:19.211,000] <inf> chip: [EM]<<3 [E:63721r S:31647 M:100831417] (S) Msg Retransmission to 1:0000000072197CCC
09:51:12.325  uart:~$ uart:~$ [00:02:19.241,000] <inf> chip: [EM]??4 [E:63721r S:31647 M:100831417] (S) Msg Retransmission to 1:0000000072197CCC scheduled for 952ms from now [State:Active II:500 AI:300 AT:4000]
09:51:12.345  uart:~$ uart:~$ [00:02:19.243,000] <dbg> chip.LogV: [IN]Received a duplicate message with MessageCounter:223098134 on exchange 37540r
09:51:12.385  uart:~$ uart:~$ [00:02:19.243,000] <inf> chip: [EM]>>> [E:37540r S:31644 M:223098134] (S) Msg RX from 1:0000000033CFE2F6 [4145] to 00000000DCF2A6E2 --- Type 0001:08 (IM:InvokeCommandRequest) (B:59)
09:51:12.405  uart:~$ uart:~$ [00:02:19.243,000] <dbg> chip.LogV: [EM]Found matching exchange: 37540r, Delegate: 0
09:51:12.425  uart:~$ uart:~$ [00:02:19.244,000] <dbg> chip.LogV: [EM]Forcing tx of solitary ack for duplicate MessageCounter:223098134 on exchange 37540r
09:51:12.475  uart:~$ uart:~$ [00:02:19.249,000] <inf> chip: [EM]<<< [E:37540r S:31644 M:228593682 (Ack:223098134)] (S) Msg TX from 00000000DCF2A6E2 to 1:0000000033CFE2F6 [4145] [UDP:[fe80::1c59:aaca:1932:e904%ETH_W5500]:51433] --- Type 0000:10 (SecureChannel:StandaloneAck) (B:34)
09:51:12.505  uart:~$ uart:~$ [00:02:19.257,000] <dbg> chip.LogV: [IN]Received a duplicate message with MessageCounter:187350726 on exchange 63721r
09:51:12.546  uart:~$ uart:~$ [00:02:19.257,000] <inf> chip: [EM]>>> [E:63721r S:31647 M:187350726 (Ack:100831411)] (S) Msg RX from 1:0000000072197CCC [4145] to 00000000DCF2A6E2 --- Type 0001:01 (IM:StatusResponse) (B:42)
09:51:12.566  uart:~$ uart:~$ [00:02:19.258,000] <dbg> chip.LogV: [EM]Found matching exchange: 63721r, Delegate: 0x20016268
09:51:12.619  uart:~$ uart:~$ [00:02:19.560,000] <dbg> chip.LogV: [EM]Forcing tx of solitary ack for duplicate MessageCounter:187350726 on exchange 63721r
09:51:12.659  uart:~$ uart:~$ [00:02:19.561,000] <inf> chip: [EM]<<< [E:63721r S:31647 M:100831421 (Ack:187350726)] (S) Msg TX from 00000000DCF2A6E2 to 1:0000000072197CCC [4145] [UDP:[fe80::84a:18c1:cea4:c124%ETH_W5500]:52967] --- Type 0000:10 (SecureChannel:StandaloneAck) (B:34)
09:51:12.690  uart:~$ uart:~$ [00:02:19.568,000] <inf> chip: [EM]<<1 [E:37540r S:31644 M:228593681] (S) Msg Retransmission to 1:0000000033CFE2F6
09:51:12.720  uart:~$ uart:~$ [00:02:19.576,000] <inf> chip: [EM]??2 [E:37540r S:31644 M:228593681] (S) Msg Retransmission to 1:0000000033CFE2F6 scheduled for 390ms from now [State:Active II:500 AI:300 AT:4000]
09:51:12.760  uart:~$ uart:~$ [00:02:19.578,000] <inf> chip: [EM]>>> [E:37539r S:31644 M:223098135 (Ack:228593670)] (S) Msg RX from 1:0000000033CFE2F6 [4145] to 00000000DCF2A6E2 --- Type 0000:10 (SecureChannel:StandaloneAck) (B:34)
09:51:12.780  uart:~$ uart:~$ [00:02:19.584,000] <dbg> chip.LogV: [IN]Received a duplicate message with MessageCounter:223098134 on exchange 37540r
09:51:12.820  uart:~$ uart:~$ [00:02:19.584,000] <inf> chip: [EM]>>> [E:37540r S:31644 M:223098134] (S) Msg RX from 1:0000000033CFE2F6 [4145] to 00000000DCF2A6E2 --- Type 0001:08 (IM:InvokeCommandRequest) (B:59)
09:51:12.841  uart:~$ uart:~$ [00:02:19.584,000] <dbg> chip.LogV: [EM]Found matching exchange: 37540r, Delegate: 0
09:51:12.871  uart:~$ uart:~$ [00:02:19.585,000] <dbg> chip.LogV: [EM]Forcing tx of solitary ack for duplicate MessageCounter:223098134 on exchange 37540r
09:51:12.911  uart:~$ uart:~$ [00:02:19.586,000] <inf> chip: [EM]<<< [E:37540r S:31644 M:228593683 (Ack:223098134)] (S) Msg TX from 00000000DCF2A6E2 to 1:0000000033CFE2F6 [4145] [UDP:[fe80::1c59:aaca:1932:e904%ETH_W5500]:51433] --- Type 0000:10 (SecureChannel:StandaloneAck) (B:34)
09:51:12.956  uart:~$ uart:~$ [00:02:19.917,000] <dbg> chip.LogV: [IN]Received a duplicate message with MessageCounter:223098134 on exchange 37540r
09:51:12.996  uart:~$ uart:~$ [00:02:19.918,000] <inf> chip: [EM]>>> [E:37540r S:31644 M:223098134] (S) Msg RX from 1:0000000033CFE2F6 [4145] to 00000000DCF2A6E2 --- Type 0001:08 (IM:InvokeCommandRequest) (B:59)
09:51:13.016  uart:~$ uart:~$ [00:02:19.918,000] <dbg> chip.LogV: [EM]Found matching exchange: 37540r, Delegate: 0
09:51:13.046  uart:~$ uart:~$ [00:02:19.918,000] <dbg> chip.LogV: [EM]Forcing tx of solitary ack for duplicate MessageCounter:223098134 on exchange 37540r
09:51:13.087  uart:~$ uart:~$ [00:02:19.920,000] <inf> chip: [EM]<<< [E:37540r S:31644 M:228593684 (Ack:223098134)] (S) Msg TX from 00000000DCF2A6E2 to 1:0000000033CFE2F6 [4145] [UDP:[fe80::1c59:aaca:1932:e904%ETH_W5500]:51433] --- Type 0000:10 (SecureChannel:StandaloneAck) (B:34)
09:51:13.127  uart:~$ uart:~$ [00:02:19.928,000] <inf> chip: [EM]>>> [E:25099i S:31644 M:223098136 (Ack:228593674)] (S) Msg RX from 1:0000000033CFE2F6 [4145] to 00000000DCF2A6E2 --- Type 0001:01 (IM:StatusResponse) (B:42)
09:51:13.147  uart:~$ uart:~$ [00:02:19.928,000] <dbg> chip.LogV: [EM]Found matching exchange: 25099i, Delegate: 0x200161e8
09:51:13.167  uart:~$ uart:~$ [00:02:19.929,000] <dbg> chip.LogV: [EM]CHIP MessageCounter:228593674 not in RetransTable on exchange 25099i
09:51:13.187  uart:~$ uart:~$ [00:02:19.930,000] <inf> chip: [IM]Received status response, status is 0x00
09:51:13.207  uart:~$ uart:~$ [00:02:19.930,000] <dbg> chip.LogV: [DMG]<RE> OnReportConfirm: NumReports = 1
09:51:13.296  uart:~$ uart:~$ [00:02:20.204,000] <dbg> chip.LogV: [DMG]IM RH moving to [CanStartReporting]
09:51:13.337  uart:~$ uart:~$ [00:02:20.206,000] <inf> chip: [EM]<<< [E:25099i S:31644 M:228593685 (Ack:223098136)] (S) Msg TX from 00000000DCF2A6E2 to 1:0000000033CFE2F6 [4145] [UDP:[fe80::1c59:aaca:1932:e904%ETH_W5500]:51433] --- Type 0000:10 (SecureChannel:StandaloneAck) (B:34)
09:51:13.367  uart:~$ uart:~$ [00:02:20.212,000] <dbg> chip.LogV: [EM]Flushed pending ack for MessageCounter:223098136 on exchange 25099i
09:51:13.387  uart:~$ uart:~$ [00:02:20.213,000] <inf> chip: [EM]<<4 [E:63721r S:31647 M:100831417] (S) Msg Retransmission to 1:0000000072197CCC
09:51:13.427  uart:~$ uart:~$ [00:02:20.243,000] <inf> chip: [EM]??5 [E:63721r S:31647 M:100831417] (S) Msg Retransmission to 1:0000000072197CCC scheduled for 1568ms from now [State:Active II:500 AI:300 AT:4000]
09:51:13.447  uart:~$ uart:~$ [00:02:20.244,000] <inf> chip: [EM]<<2 [E:37540r S:31644 M:228593681] (S) Msg Retransmission to 1:0000000033CFE2F6
09:51:13.487  uart:~$ uart:~$ [00:02:20.255,000] <inf> chip: [EM]??3 [E:37540r S:31644 M:228593681] (S) Msg Retransmission to 1:0000000033CFE2F6 scheduled for 638ms from now [State:Active II:500 AI:300 AT:4000]
09:51:13.508  uart:~$ uart:~$ [00:02:20.255,000] <dbg> chip.LogV: [DMG]Building Reports for ReadHandler with LastReportGeneration = 0x00000016 DirtyGeneration = 0x00000017
09:51:13.528  uart:~$ uart:~$ [00:02:20.266,000] <dbg> chip.LogV: [DMG]<RE:Run> Cluster 6, Attribute 0 is dirty
09:51:13.558  uart:~$ uart:~$ [00:02:20.268,000] <dbg> chip.LogV: [DMG]Reading attribute: Cluster=0x0000_0006 Endpoint=0x1 AttributeId=0x0000_0000 (expanded=1)
09:51:13.603  uart:~$ uart:~$ [00:02:20.566,000] <dbg> chip.LogV: [DMG]Fetched 0 events
09:51:13.623  uart:~$ uart:~$ [00:02:20.567,000] <dbg> chip.LogV: [DMG]<RE> Sending report (payload has 39 bytes)...
09:51:13.663  uart:~$ uart:~$ [00:02:20.568,000] <inf> chip: [EM]<<< [E:25100i S:31644 M:228593686] (S) Msg TX from 00000000DCF2A6E2 to 1:0000000033CFE2F6 [4145] [UDP:[fe80::1c59:aaca:1932:e904%ETH_W5500]:51433] --- Type 0001:05 (IM:ReportData) (B:69)
09:51:13.703  uart:~$ uart:~$ [00:02:20.576,000] <inf> chip: [EM]??1 [E:25100i S:31644 M:228593686] (S) Msg Retransmission to 1:0000000033CFE2F6 scheduled for 411ms from now [State:Active II:500 AI:300 AT:4000]
09:51:13.724  uart:~$ uart:~$ [00:02:20.577,000] <dbg> chip.LogV: [DMG]IM RH moving to [AwaitingReportResponse]
09:51:13.744  uart:~$ uart:~$ [00:02:20.577,000] <dbg> chip.LogV: [DMG]<RE> ReportsInFlight = 2 with readHandler 0, RE has no more messages
09:51:13.784  uart:~$ uart:~$ [00:02:20.579,000] <inf> chip: [EM]>>> [E:63721r S:31647 M:187350730 (Ack:100831411)] (S) Msg RX from 1:0000000072197CCC [4145] to 00000000DCF2A6E2 --- Type 0000:10 (SecureChannel:StandaloneAck) (B:34)
09:51:13.804  uart:~$ uart:~$ [00:02:20.579,000] <dbg> chip.LogV: [EM]Found matching exchange: 63721r, Delegate: 0x20016268
09:51:13.835  uart:~$ uart:~$ [00:02:20.579,000] <dbg> chip.LogV: [EM]CHIP MessageCounter:100831411 not in RetransTable on exchange 63721r
09:51:13.865  uart:~$ uart:~$ [00:02:20.581,000] <inf> chip: [EM]>>> [E:37539r S:31644 M:223098137 (Ack:228593670)] (S) Msg RX from 1:0000000033CFE2F6 [4145] to 00000000DCF2A6E2 --- Type 0000:10 (SecureChannel:StandaloneAck) (B:34)
09:51:13.905  uart:~$ uart:~$ [00:02:20.865,000] <dbg> chip.LogV: [IN]Received a duplicate message with MessageCounter:223098136 on exchange 25099i
09:51:13.946  uart:~$ uart:~$ [00:02:20.866,000] <inf> chip: [EM]>>> [E:25099i S:31644 M:223098136 (Ack:228593674)] (S) Msg RX from 1:0000000033CFE2F6 [4145] to 00000000DCF2A6E2 --- Type 0001:01 (IM:StatusResponse) (B:42)
09:51:13.966  uart:~$ uart:~$ [00:02:20.866,000] <dbg> chip.LogV: [EM]Generating StandaloneAck via exchange: 25099i
09:51:13.996  uart:~$ uart:~$ [00:02:20.866,000] <dbg> chip.LogV: [EM]Forcing tx of solitary ack for duplicate MessageCounter:223098136 on exchange 25099i
09:51:14.036  uart:~$ uart:~$ [00:02:20.867,000] <inf> chip: [EM]<<< [E:25099i S:31644 M:228593687 (Ack:223098136)] (S) Msg TX from 00000000DCF2A6E2 to 1:0000000033CFE2F6 [4145] [UDP:[fe80::1c59:aaca:1932:e904%ETH_W5500]:51433] --- Type 0000:10 (SecureChannel:StandaloneAck) (B:34)
09:51:14.076  uart:~$ uart:~$ [00:02:20.876,000] <inf> chip: [EM]>>> [E:25099i S:31644 M:223098138 (Ack:228593674)] (S) Msg RX from 1:0000000033CFE2F6 [4145] to 00000000DCF2A6E2 --- Type 0000:10 (SecureChannel:StandaloneAck) (B:34)
09:51:14.107  uart:~$ uart:~$ [00:02:20.878,000] <dbg> chip.LogV: [IN]Received a duplicate message with MessageCounter:223098136 on exchange 25099i
09:51:14.137  uart:~$ uart:~$ [00:02:20.878,000] <inf> chip: [EM]>>> [E:25099i S:31644 M:223098136 (Ack:228593674)] (S) Msg RX from 1:0000000033CFE2F6 [4145] to 00000000DCF2A6E2 --- Type 0001:01 (IM:StatusResponse) (B:42)
09:51:14.157  uart:~$ uart:~$ [00:02:20.879,000] <dbg> chip.LogV: [EM]Generating StandaloneAck via exchange: 25099i
09:51:14.187  uart:~$ uart:~$ [00:02:20.879,000] <dbg> chip.LogV: [EM]Forcing tx of solitary ack for duplicate MessageCounter:223098136 on exchange 25099i
09:51:14.262  uart:~$ uart:~$ [00:02:21.183,000] <inf> chip: [EM]<<< [E:25099i S:31644 M:228593688 (Ack:223098136)] (S) Msg TX from 00000000DCF2A6E2 to 1:0000000033CFE2F6 [4145] [UDP:[fe80::1c59:aaca:1932:e904%ETH_W5500]:51433] --- Type 0000:10 (SecureChannel:StandaloneAck) (B:34)
09:51:14.282  uart:~$ uart:~$ [00:02:21.191,000] <inf> chip: [EM]<<3 [E:37540r S:31644 M:228593681] (S) Msg Retransmission to 1:0000000033CFE2F6
09:51:14.323  uart:~$ uart:~$ [00:02:21.198,000] <inf> chip: [EM]??4 [E:37540r S:31644 M:228593681] (S) Msg Retransmission to 1:0000000033CFE2F6 scheduled for 931ms from now [State:Active II:500 AI:300 AT:4000]
09:51:14.353  uart:~$ uart:~$ [00:02:21.199,000] <inf> chip: [EM]<<1 [E:25100i S:31644 M:228593686] (S) Msg Retransmission to 1:0000000033CFE2F6
09:51:14.383  uart:~$ uart:~$ [00:02:21.206,000] <inf> chip: [EM]??2 [E:25100i S:31644 M:228593686] (S) Msg Retransmission to 1:0000000033CFE2F6 scheduled for 362ms from now [State:Active II:500 AI:300 AT:4000]
09:51:14.425  uart:~$ uart:~$ [00:02:21.208,000] <inf> chip: [EM]>>> [E:37539r S:31644 M:223098139 (Ack:228593670)] (S) Msg RX from 1:0000000033CFE2F6 [4145] to 00000000DCF2A6E2 --- Type 0000:10 (SecureChannel:StandaloneAck) (B:34)
09:51:14.455  uart:~$ uart:~$ [00:02:21.210,000] <dbg> chip.LogV: [IN]Received a duplicate message with MessageCounter:223098134 on exchange 37540r
09:51:14.485  uart:~$ uart:~$ [00:02:21.210,000] <inf> chip: [EM]>>> [E:37540r S:31644 M:223098134] (S) Msg RX from 1:0000000033CFE2F6 [4145] to 00000000DCF2A6E2 --- Type 0001:08 (IM:InvokeCommandRequest) (B:59)
09:51:14.505  uart:~$ uart:~$ [00:02:21.211,000] <dbg> chip.LogV: [EM]Found matching exchange: 37540r, Delegate: 0
09:51:14.538  uart:~$ uart:~$ [00:02:21.211,000] <dbg> chip.LogV: [EM]Forcing tx of solitary ack for duplicate MessageCounter:223098134 on exchange 37540r
09:51:14.610  uart:~$ uart:~$ [00:02:21.533,000] <inf> chip: [EM]<<< [E:37540r S:31644 M:228593689 (Ack:223098134)] (S) Msg TX from 00000000DCF2A6E2 to 1:0000000033CFE2F6 [4145] [UDP:[fe80::1c59:aaca:1932:e904%ETH_W5500]:51433] --- Type 0000:10 (SecureChannel:StandaloneAck) (B:34)
09:51:14.640  uart:~$ uart:~$ [00:02:21.542,000] <inf> chip: [EM]>>> [E:25099i S:31644 M:223098140 (Ack:228593674)] (S) Msg RX from 1:0000000033CFE2F6 [4145] to 00000000DCF2A6E2 --- Type 0000:10 (SecureChannel:StandaloneAck) (B:34)
09:51:14.671  uart:~$ uart:~$ [00:02:21.543,000] <dbg> chip.LogV: [IN]Received a duplicate message with MessageCounter:223098136 on exchange 25099i
09:51:14.701  uart:~$ uart:~$ [00:02:21.544,000] <inf> chip: [EM]>>> [E:25099i S:31644 M:223098136 (Ack:228593674)] (S) Msg RX from 1:0000000033CFE2F6 [4145] to 00000000DCF2A6E2 --- Type 0001:01 (IM:StatusResponse) (B:42)
09:51:14.721  uart:~$ uart:~$ [00:02:21.544,000] <dbg> chip.LogV: [EM]Generating StandaloneAck via exchange: 25099i
09:51:14.751  uart:~$ uart:~$ [00:02:21.544,000] <dbg> chip.LogV: [EM]Forcing tx of solitary ack for duplicate MessageCounter:223098136 on exchange 25099i
09:51:14.801  uart:~$ uart:~$ [00:02:21.546,000] <inf> chip: [EM]<<< [E:25099i S:31644 M:228593690 (Ack:223098136)] (S) Msg TX from 00000000DCF2A6E2 to 1:0000000033CFE2F6 [4145] [UDP:[fe80::1c59:aaca:1932:e904%ETH_W5500]:51433] --- Type 0000:10 (SecureChannel:StandaloneAck) (B:34)
09:51:14.832  uart:~$ uart:~$ [00:02:21.555,000] <inf> chip: [EM]>>> [E:25099i S:31644 M:223098141 (Ack:228593674)] (S) Msg RX from 1:0000000033CFE2F6 [4145] to 00000000DCF2A6E2 --- Type 0000:10 (SecureChannel:StandaloneAck) (B:34)
09:51:14.862  uart:~$ uart:~$ [00:02:21.556,000] <dbg> chip.LogV: [IN]Received a duplicate message with MessageCounter:223098136 on exchange 25099i
09:51:14.892  uart:~$ uart:~$ [00:02:21.557,000] <inf> chip: [EM]>>> [E:25099i S:31644 M:223098136 (Ack:228593674)] (S) Msg RX from 1:0000000033CFE2F6 [4145] to 00000000DCF2A6E2 --- Type 0001:01 (IM:StatusResponse) (B:42)
09:51:14.936  uart:~$ uart:~$ [00:02:21.892,000] <dbg> chip.LogV: [EM]Generating StandaloneAck via exchange: 25099i
09:51:14.967  uart:~$ uart:~$ [00:02:21.893,000] <dbg> chip.LogV: [EM]Forcing tx of solitary ack for duplicate MessageCounter:223098136 on exchange 25099i
09:51:15.017  uart:~$ uart:~$ [00:02:21.894,000] <inf> chip: [EM]<<< [E:25099i S:31644 M:228593691 (Ack:223098136)] (S) Msg TX from 00000000DCF2A6E2 to 1:0000000033CFE2F6 [4145] [UDP:[fe80::1c59:aaca:1932:e904%ETH_W5500]:51433] --- Type 0000:10 (SecureChannel:StandaloneAck) (B:34)
09:51:15.047  uart:~$ uart:~$ [00:02:21.901,000] <err> chip: [EM]<<5 [E:63721r S:31647 M:100831417] (S) Msg Retransmission to 1:0000000072197CCC failure (max retries:4)
09:51:15.067  uart:~$ uart:~$ [00:02:21.902,000] <inf> chip: [EM]<<2 [E:25100i S:31644 M:228593686] (S) Msg Retransmission to 1:0000000033CFE2F6
09:51:15.108  uart:~$ uart:~$ [00:02:21.909,000] <inf> chip: [EM]??3 [E:25100i S:31644 M:228593686] (S) Msg Retransmission to 1:0000000033CFE2F6 scheduled for 576ms from now [State:Active II:500 AI:300 AT:4000]
09:51:15.138  uart:~$ uart:~$ [00:02:21.911,000] <inf> chip: [EM]>>> [E:63721r S:31647 M:187350731 (Ack:100831417)] (S) Msg RX from 1:0000000072197CCC [4145] to 00000000DCF2A6E2 --- Type 0001:01 (IM:StatusResponse) (B:42)
09:51:15.158  uart:~$ uart:~$ [00:02:21.912,000] <dbg> chip.LogV: [EM]Found matching exchange: 63721r, Delegate: 0x20016268
09:51:15.188  uart:~$ uart:~$ [00:02:21.912,000] <dbg> chip.LogV: [EM]CHIP MessageCounter:100831417 not in RetransTable on exchange 63721r
09:51:15.208  uart:~$ uart:~$ [00:02:21.913,000] <inf> chip: [IM]Received status response, status is 0x00
09:51:15.253  uart:~$ uart:~$ [00:02:22.206,000] <dbg> chip.LogV: [DMG]<RE> OnReportConfirm: NumReports = 1
09:51:15.273  uart:~$ uart:~$ [00:02:22.206,000] <dbg> chip.LogV: [DMG]IM RH moving to [CanStartReporting]
09:51:15.314  uart:~$ uart:~$ [00:02:22.208,000] <inf> chip: [EM]<<< [E:63721r S:31647 M:100831422 (Ack:187350731)] (S) Msg TX from 00000000DCF2A6E2 to 1:0000000072197CCC [4145] [UDP:[fe80::84a:18c1:cea4:c124%ETH_W5500]:52967] --- Type 0000:10 (SecureChannel:StandaloneAck) (B:34)
09:51:15.344  uart:~$ uart:~$ [00:02:22.215,000] <inf> chip: [EM]<<4 [E:37540r S:31644 M:228593681] (S) Msg Retransmission to 1:0000000033CFE2F6
09:51:15.374  uart:~$ uart:~$ [00:02:22.222,000] <inf> chip: [EM]??5 [E:37540r S:31644 M:228593681] (S) Msg Retransmission to 1:0000000033CFE2F6 scheduled for 1459ms from now [State:Active II:500 AI:300 AT:4000]
09:51:15.405  uart:~$ uart:~$ [00:02:22.223,000] <dbg> chip.LogV: [DMG]Building Reports for ReadHandler with LastReportGeneration = 0x00000000 DirtyGeneration = 0x00000017
09:51:15.425  uart:~$ uart:~$ [00:02:22.223,000] <dbg> chip.LogV: [DMG]<RE:Run> Cluster 2a, Attribute fffd is dirty
09:51:15.455  uart:~$ uart:~$ [00:02:22.226,000] <dbg> chip.LogV: [DMG]Reading attribute: Cluster=0x0000_002A Endpoint=0x0 AttributeId=0x0000_FFFD (expanded=1)
09:51:15.475  uart:~$ uart:~$ [00:02:22.226,000] <dbg> chip.LogV: [DMG]<RE:Run> Cluster 2a, Attribute fff8 is dirty
09:51:15.495  uart:~$ uart:~$ [00:02:22.228,000] <dbg> chip.LogV: [DMG]<RE:Run> Cluster 2a, Attribute fff9 is dirty
09:51:15.537  uart:~$ uart:~$ [00:02:22.496,000] <dbg> chip.LogV: [DMG]<RE:Run> Cluster 2a, Attribute fffb is dirty
09:51:15.557  uart:~$ uart:~$ [00:02:22.500,000] <dbg> chip.LogV: [DMG]<RE:Run> Cluster 28, Attribute 0 is dirty
09:51:15.577  uart:~$ uart:~$ [00:02:22.502,000] <dbg> chip.LogV: [DMG]Reading attribute: Cluster=0x0000_0028 Endpoint=0x0 AttributeId=0x0000_0000 (expanded=1)
09:51:15.598  uart:~$ uart:~$ [00:02:22.502,000] <dbg> chip.LogV: [DMG]<RE:Run> Cluster 28, Attribute 1 is dirty
09:51:15.628  uart:~$ uart:~$ [00:02:22.504,000] <dbg> chip.LogV: [DMG]Reading attribute: Cluster=0x0000_0028 Endpoint=0x0 AttributeId=0x0000_0001 (expanded=1)
09:51:15.648  uart:~$ uart:~$ [00:02:22.505,000] <dbg> chip.LogV: [DMG]<RE:Run> Cluster 28, Attribute 2 is dirty
09:51:15.678  uart:~$ uart:~$ [00:02:22.507,000] <dbg> chip.LogV: [DMG]Reading attribute: Cluster=0x0000_0028 Endpoint=0x0 AttributeId=0x0000_0002 (expanded=1)
09:51:15.698  uart:~$ uart:~$ [00:02:22.507,000] <dbg> chip.LogV: [DMG]<RE:Run> Cluster 28, Attribute 3 is dirty
09:51:15.728  uart:~$ uart:~$ [00:02:22.509,000] <dbg> chip.LogV: [DMG]Reading attribute: Cluster=0x0000_0028 Endpoint=0x0 AttributeId=0x0000_0003 (expanded=1)
09:51:15.749  uart:~$ uart:~$ [00:02:22.510,000] <dbg> chip.LogV: [DMG]<RE:Run> Cluster 28, Attribute 4 is dirty
09:51:15.850  uart:~$ uart:~$ [00:02:22.743,000] <dbg> chip.LogV: [DMG]Reading attribute: Cluster=0x0000_0028 Endpoint=0x0 AttributeId=0x0000_0004 (expanded=1)
09:51:15.870  uart:~$ uart:~$ [00:02:22.744,000] <dbg> chip.LogV: [DMG]<RE:Run> Cluster 28, Attribute 5 is dirty
09:51:15.891  uart:~$ uart:~$ [00:02:22.746,000] <dbg> chip.LogV: [DMG]Reading attribute: Cluster=0x0000_0028 Endpoint=0x0 AttributeId=0x0000_0005 (expanded=1)
09:51:15.921  uart:~$ uart:~$ [00:02:22.746,000] <dbg> chip.LogV: [DMG]<RE:Run> Cluster 28, Attribute 6 is dirty
09:51:15.941  uart:~$ uart:~$ [00:02:22.748,000] <dbg> chip.LogV: [DMG]Reading attribute: Cluster=0x0000_0028 Endpoint=0x0 AttributeId=0x0000_0006 (expanded=1)
09:51:15.961  uart:~$ uart:~$ [00:02:22.751,000] <dbg> chip.LogV: [DMG]<RE:Run> Cluster 28, Attribute 7 is dirty
09:51:15.992  uart:~$ uart:~$ [00:02:22.753,000] <dbg> chip.LogV: [DMG]Reading attribute: Cluster=0x0000_0028 Endpoint=0x0 AttributeId=0x0000_0007 (expanded=1)
09:51:16.012  uart:~$ uart:~$ [00:02:22.814,000] <dbg> chip.LogV: [DMG]<RE:Run> Cluster 28, Attribute 8 is dirty
09:51:16.042  uart:~$ uart:~$ [00:02:22.816,000] <dbg> chip.LogV: [DMG]Reading attribute: Cluster=0x0000_0028 Endpoint=0x0 AttributeId=0x0000_0008 (expanded=1)
09:51:16.062  uart:~$ uart:~$ [00:02:22.817,000] <dbg> chip.LogV: [DMG]<RE:Run> Cluster 28, Attribute 9 is dirty
09:51:16.105  uart:~$ uart:~$ [00:02:23.060,000] <dbg> chip.LogV: [DMG]Reading attribute: Cluster=0x0000_0028 Endpoint=0x0 AttributeId=0x0000_0009 (expanded=1)
09:51:16.125  uart:~$ uart:~$ [00:02:23.061,000] <dbg> chip.LogV: [DMG]<RE:Run> Cluster 28, Attribute a is dirty
09:51:16.145  uart:~$ uart:~$ [00:02:23.062,000] <dbg> chip.LogV: [DMG]Reading attribute: Cluster=0x0000_0028 Endpoint=0x0 AttributeId=0x0000_000A (expanded=1)
09:51:16.165  uart:~$ uart:~$ [00:02:23.063,000] <dbg> chip.LogV: [DMG]<RE:Run> Cluster 28, Attribute 13 is dirty
09:51:16.195  uart:~$ uart:~$ [00:02:23.065,000] <dbg> chip.LogV: [DMG]Reading attribute: Cluster=0x0000_0028 Endpoint=0x0 AttributeId=0x0000_0013 (expanded=1)
09:51:16.215  uart:~$ uart:~$ [00:02:23.066,000] <dbg> chip.LogV: [DMG]<RE:Run> Cluster 28, Attribute 15 is dirty
09:51:16.246  uart:~$ uart:~$ [00:02:23.067,000] <dbg> chip.LogV: [DMG]Reading attribute: Cluster=0x0000_0028 Endpoint=0x0 AttributeId=0x0000_0015 (expanded=1)
09:51:16.266  uart:~$ uart:~$ [00:02:23.068,000] <dbg> chip.LogV: [DMG]<RE:Run> Cluster 28, Attribute 16 is dirty
09:51:16.296  uart:~$ uart:~$ [00:02:23.070,000] <dbg> chip.LogV: [DMG]Reading attribute: Cluster=0x0000_0028 Endpoint=0x0 AttributeId=0x0000_0016 (expanded=1)
09:51:16.317  uart:~$ uart:~$ [00:02:23.070,000] <dbg> chip.LogV: [DMG]<RE:Run> Cluster 28, Attribute 18 is dirty
09:51:16.409  uart:~$ uart:~$ [00:02:23.311,000] <dbg> chip.LogV: [DMG]Reading attribute: Cluster=0x0000_0028 Endpoint=0x0 AttributeId=0x0000_0018 (expanded=1)
09:51:16.429  uart:~$ uart:~$ [00:02:23.312,000] <dbg> chip.LogV: [DMG]<RE:Run> Cluster 28, Attribute b is dirty
09:51:16.459  uart:~$ uart:~$ [00:02:23.314,000] <dbg> chip.LogV: [DMG]Reading attribute: Cluster=0x0000_0028 Endpoint=0x0 AttributeId=0x0000_000B (expanded=1)
09:51:16.479  uart:~$ uart:~$ [00:02:23.375,000] <dbg> chip.LogV: [DMG]<RE:Run> Cluster 28, Attribute c is dirty
09:51:16.509  uart:~$ uart:~$ [00:02:23.377,000] <dbg> chip.LogV: [DMG]Reading attribute: Cluster=0x0000_0028 Endpoint=0x0 AttributeId=0x0000_000C (expanded=1)
09:51:16.529  uart:~$ uart:~$ [00:02:23.377,000] <dbg> chip.LogV: [DMG]<RE:Run> Cluster 28, Attribute d is dirty
09:51:16.560  uart:~$ uart:~$ [00:02:23.379,000] <dbg> chip.LogV: [DMG]Reading attribute: Cluster=0x0000_0028 Endpoint=0x0 AttributeId=0x0000_000D (expanded=1)
09:51:16.580  uart:~$ uart:~$ [00:02:23.380,000] <dbg> chip.LogV: [DMG]<RE:Run> Cluster 28, Attribute e is dirty
09:51:16.600  uart:~$ uart:~$ [00:02:23.382,000] <dbg> chip.LogV: [DMG]Reading attribute: Cluster=0x0000_0028 Endpoint=0x0 AttributeId=0x0000_000E (expanded=1)
09:51:16.620  uart:~$ uart:~$ [00:02:23.382,000] <dbg> chip.LogV: [DMG]<RE:Run> Cluster 28, Attribute f is dirty
09:51:16.722  uart:~$ uart:~$ [00:02:23.623,000] <dbg> chip.LogV: [DMG]Reading attribute: Cluster=0x0000_0028 Endpoint=0x0 AttributeId=0x0000_000F (expanded=1)
09:51:16.752  uart:~$ uart:~$ [00:02:23.684,000] <dbg> chip.LogV: [DMG]<RE:Run> Cluster 28, Attribute 10 is dirty
09:51:16.773  uart:~$ uart:~$ [00:02:23.686,000] <dbg> chip.LogV: [DMG]Reading attribute: Cluster=0x0000_0028 Endpoint=0x0 AttributeId=0x0000_0010 (expanded=1)
09:51:16.793  uart:~$ uart:~$ [00:02:23.687,000] <dbg> chip.LogV: [DMG]<RE:Run> Cluster 28, Attribute 12 is dirty
09:51:16.823  uart:~$ uart:~$ [00:02:23.688,000] <dbg> chip.LogV: [DMG]Reading attribute: Cluster=0x0000_0028 Endpoint=0x0 AttributeId=0x0000_0012 (expanded=1)
09:51:16.843  uart:~$ uart:~$ [00:02:23.691,000] <dbg> chip.LogV: [DMG]<RE:Run> Cluster 28, Attribute fffc is dirty
09:51:16.873  uart:~$ uart:~$ [00:02:23.693,000] <dbg> chip.LogV: [DMG]Reading attribute: Cluster=0x0000_0028 Endpoint=0x0 AttributeId=0x0000_FFFC (expanded=1)
09:51:16.893  uart:~$ uart:~$ [00:02:23.694,000] <dbg> chip.LogV: [DMG]<RE:Run> Cluster 28, Attribute fffd is dirty
09:51:16.923  uart:~$ uart:~$ [00:02:23.696,000] <dbg> chip.LogV: [DMG]Reading attribute: Cluster=0x0000_0028 Endpoint=0x0 AttributeId=0x0000_FFFD (expanded=1)
09:51:16.944  uart:~$ uart:~$ [00:02:23.696,000] <dbg> chip.LogV: [DMG]<RE:Run> Cluster 28, Attribute fff8 is dirty
09:51:16.977  uart:~$ uart:~$ [00:02:23.938,000] <dbg> chip.LogV: [DMG]<RE:Run> Cluster 28, Attribute fff9 is dirty
09:51:16.997  uart:~$ uart:~$ [00:02:23.940,000] <dbg> chip.LogV: [DMG]<RE:Run> Cluster 28, Attribute fffb is dirty
09:51:17.017  uart:~$ uart:~$ [00:02:23.943,000] <dbg> chip.LogV: [DMG]<RE:Run> Cluster 1f, Attribute 0 is dirty
09:51:17.048  uart:~$ uart:~$ [00:02:23.945,000] <dbg> chip.LogV: [DMG]Reading attribute: Cluster=0x0000_001F Endpoint=0x0 AttributeId=0x0000_0000 (expanded=1)
09:51:17.068  uart:~$ uart:~$ [00:02:23.945,000] <dbg> chip.LogV: [DMG]<RE:Run> Cluster 1f, Attribute 2 is dirty
09:51:17.098  uart:~$ uart:~$ [00:02:23.947,000] <dbg> chip.LogV: [DMG]Reading attribute: Cluster=0x0000_001F Endpoint=0x0 AttributeId=0x0000_0002 (expanded=1)
09:51:17.118  uart:~$ uart:~$ [00:02:23.948,000] <dbg> chip.LogV: [DMG]<RE:Run> Cluster 1f, Attribute 3 is dirty
09:51:17.138  uart:~$ uart:~$ [00:02:23.950,000] <dbg> chip.LogV: [DMG]Reading attribute: Cluster=0x0000_001F Endpoint=0x0 AttributeId=0x0000_0003 (expanded=1)
09:51:17.158  uart:~$ uart:~$ [00:02:23.950,000] <dbg> chip.LogV: [DMG]<RE:Run> Cluster 1f, Attribute 4 is dirty
09:51:17.189  uart:~$ uart:~$ [00:02:23.952,000] <dbg> chip.LogV: [DMG]Reading attribute: Cluster=0x0000_001F Endpoint=0x0 AttributeId=0x0000_0004 (expanded=1)
09:51:17.221  uart:~$ uart:~$ [00:02:24.186,000] <dbg> chip.LogV: [DMG]<RE:Run> Cluster 1f, Attribute fffc is dirty
09:51:17.251  uart:~$ uart:~$ [00:02:24.187,000] <dbg> chip.LogV: [DMG]Reading attribute: Cluster=0x0000_001F Endpoint=0x0 AttributeId=0x0000_FFFC (expanded=1)
09:51:17.272  uart:~$ uart:~$ [00:02:24.188,000] <dbg> chip.LogV: [DMG]<RE:Run> Cluster 1f, Attribute fffd is dirty
09:51:17.292  uart:~$ uart:~$ [00:02:24.190,000] <dbg> chip.LogV: [DMG]Reading attribute: Cluster=0x0000_001F Endpoint=0x0 AttributeId=0x0000_FFFD (expanded=1)
09:51:17.322  uart:~$ uart:~$ [00:02:24.190,000] <dbg> chip.LogV: [DMG]Next attribute value does not fit in packet, roll back on clusterId: 0x0000_001F, attributeId: 0x0000_FFFD, err = b
09:51:17.352  uart:~$ uart:~$ [00:02:24.191,000] <dbg> chip.LogV: [DMG]<RE:Run> We cannot put more chunks into this report. Enable chunking.
09:51:17.372  uart:~$ uart:~$ [00:02:24.192,000] <dbg> chip.LogV: [DMG]<RE:Run> first cluster event is too big so that it fails to fit in the packet!
09:51:17.393  uart:~$ uart:~$ [00:02:24.192,000] <dbg> chip.LogV: [DMG]Fetched 0 events
09:51:17.413  uart:~$ uart:~$ [00:02:24.192,000] <dbg> chip.LogV: [DMG]<RE> Sending report (payload has 1165 bytes)...
09:51:17.453  uart:~$ uart:~$ [00:02:24.195,000] <inf> chip: [EM]<<< [E:63721r S:31647 M:100831423 (Ack:187350731)] (S) Msg TX from 00000000DCF2A6E2 to 1:0000000072197CCC [4145] [UDP:[fe80::84a:18c1:cea4:c124%ETH_W5500]:52967] --- Type 0001:05 (IM:ReportData) (B:1199)
09:51:17.541  uart:~$ uart:~$ [00:02:24.483,000] <inf> chip: [EM]??1 [E:63721r S:31647 M:100831423] (S) Msg Retransmission to 1:0000000072197CCC scheduled for 392ms from now [State:Active II:500 AI:300 AT:4000]
09:51:17.561  uart:~$ uart:~$ [00:02:24.484,000] <dbg> chip.LogV: [DMG]IM RH moving to [AwaitingReportResponse]
09:51:17.581  uart:~$ uart:~$ [00:02:24.484,000] <dbg> chip.LogV: [DMG]<RE> ReportsInFlight = 2 with readHandler 1, RE has more messages
09:51:17.622  uart:~$ uart:~$ [00:02:24.486,000] <inf> chip: [EM]>>> [E:37539r S:31644 M:223098142 (Ack:228593670)] (S) Msg RX from 1:0000000033CFE2F6 [4145] to 00000000DCF2A6E2 --- Type 0000:10 (SecureChannel:StandaloneAck) (B:34)
09:51:17.652  uart:~$ uart:~$ [00:02:24.487,000] <err> chip: [EM]<<5 [E:37540r S:31644 M:228593681] (S) Msg Retransmission to 1:0000000033CFE2F6 failure (max retries:4)
09:51:17.672  uart:~$ uart:~$ [00:02:24.487,000] <dbg> chip.LogV: [IN]SecureSession[0x70001728]: MarkAsDefunct Type:2 LSID:31644
09:51:17.702  uart:~$ uart:~$ [00:02:24.487,000] <inf> chip: [SC]SecureSession[0x70001728, LSID:31644]: State change 'kActive' --> 'kDefunct'
09:51:17.722  uart:~$ uart:~$ [00:02:24.491,000] <inf> chip: [EM]<<3 [E:25100i S:31644 M:228593686] (S) Msg Retransmission to 1:0000000033CFE2F6
09:51:17.762  uart:~$ uart:~$ [00:02:24.499,000] <inf> chip: [EM]??4 [E:25100i S:31644 M:228593686] (S) Msg Retransmission to 1:0000000033CFE2F6 scheduled for 854ms from now [State:Active II:500 AI:300 AT:4000]
09:51:17.782  uart:~$ uart:~$ [00:02:24.500,000] <inf> chip: [SC]SecureSession[0x70001728, LSID:31644]: State change 'kDefunct' --> 'kActive'
09:51:17.834  uart:~$ uart:~$ [00:02:24.781,000] <inf> chip: [EM]>>> [E:25099i S:31644 M:223098143 (Ack:228593674)] (S) Msg RX from 1:0000000033CFE2F6 [4145] to 00000000DCF2A6E2 --- Type 0000:10 (SecureChannel:StandaloneAck) (B:34)
09:51:17.864  uart:~$ uart:~$ [00:02:24.783,000] <dbg> chip.LogV: [IN]Received a duplicate message with MessageCounter:187350731 on exchange 63721r
09:51:17.904  uart:~$ uart:~$ [00:02:24.783,000] <inf> chip: [EM]>>> [E:63721r S:31647 M:187350731 (Ack:100831417)] (S) Msg RX from 1:0000000072197CCC [4145] to 00000000DCF2A6E2 --- Type 0001:01 (IM:StatusResponse) (B:42)
09:51:17.925  uart:~$ uart:~$ [00:02:24.783,000] <dbg> chip.LogV: [EM]Found matching exchange: 63721r, Delegate: 0x20016268
09:51:17.955  uart:~$ uart:~$ [00:02:24.784,000] <dbg> chip.LogV: [EM]Forcing tx of solitary ack for duplicate MessageCounter:187350731 on exchange 63721r
09:51:17.995  uart:~$ uart:~$ [00:02:24.785,000] <inf> chip: [EM]<<< [E:63721r S:31647 M:100831424 (Ack:187350731)] (S) Msg TX from 00000000DCF2A6E2 to 1:0000000072197CCC [4145] [UDP:[fe80::84a:18c1:cea4:c124%ETH_W5500]:52967] --- Type 0000:10 (SecureChannel:StandaloneAck) (B:34)
09:51:18.036  uart:~$ uart:~$ [00:02:24.793,000] <inf> chip: [EM]>>> [E:63721r S:31647 M:187350732 (Ack:100831417)] (S) Msg RX from 1:0000000072197CCC [4145] to 00000000DCF2A6E2 --- Type 0000:10 (SecureChannel:StandaloneAck) (B:34)
09:51:18.056  uart:~$ uart:~$ [00:02:24.794,000] <dbg> chip.LogV: [EM]Found matching exchange: 63721r, Delegate: 0x20016268
09:51:18.076  uart:~$ uart:~$ [00:02:24.794,000] <dbg> chip.LogV: [EM]CHIP MessageCounter:100831417 not in RetransTable on exchange 63721r
09:51:18.106  uart:~$ uart:~$ [00:02:24.796,000] <dbg> chip.LogV: [IN]Received a duplicate message with MessageCounter:187350731 on exchange 63721r
09:51:18.185  uart:~$ uart:~$ [00:02:25.101,000] <inf> chip: [EM]>>> [E:63721r S:31647 M:187350731 (Ack:100831417)] (S) Msg RX from 1:0000000072197CCC [4145] to 00000000DCF2A6E2 --- Type 0001:01 (IM:StatusResponse) (B:42)
09:51:18.215  uart:~$ uart:~$ [00:02:25.102,000] <dbg> chip.LogV: [EM]Found matching exchange: 63721r, Delegate: 0x20016268
09:51:18.235  uart:~$ uart:~$ [00:02:25.102,000] <dbg> chip.LogV: [EM]Forcing tx of solitary ack for duplicate MessageCounter:187350731 on exchange 63721r
09:51:18.285  uart:~$ uart:~$ [00:02:25.103,000] <inf> chip: [EM]<<< [E:63721r S:31647 M:100831425 (Ack:187350731)] (S) Msg TX from 00000000DCF2A6E2 to 1:0000000072197CCC [4145] [UDP:[fe80::84a:18c1:cea4:c124%ETH_W5500]:52967] --- Type 0000:10 (SecureChannel:StandaloneAck) (B:34)
09:51:18.305  uart:~$ uart:~$ [00:02:25.111,000] <inf> chip: [EM]<<1 [E:63721r S:31647 M:100831423] (S) Msg Retransmission to 1:0000000072197CCC
09:51:18.346  uart:~$ uart:~$ [00:02:25.141,000] <inf> chip: [EM]??2 [E:63721r S:31647 M:100831423] (S) Msg Retransmission to 1:0000000072197CCC scheduled for 360ms from now [State:Active II:500 AI:300 AT:4000]
09:51:18.386  uart:~$ uart:~$ [00:02:25.142,000] <inf> chip: [EM]>>> [E:63721r S:31647 M:187350733 (Ack:100831417)] (S) Msg RX from 1:0000000072197CCC [4145] to 00000000DCF2A6E2 --- Type 0000:10 (SecureChannel:StandaloneAck) (B:34)
09:51:18.406  uart:~$ uart:~$ [00:02:25.143,000] <dbg> chip.LogV: [EM]Found matching exchange: 63721r, Delegate: 0x20016268
09:51:18.426  uart:~$ uart:~$ [00:02:25.143,000] <dbg> chip.LogV: [EM]CHIP MessageCounter:100831417 not in RetransTable on exchange 63721r
09:51:18.456  uart:~$ uart:~$ [00:02:25.149,000] <dbg> chip.LogV: [IN]Received a duplicate message with MessageCounter:187350731 on exchange 63721r
09:51:18.520  uart:~$ uart:~$ [00:02:25.450,000] <inf> chip: [EM]>>> [E:63721r S:31647 M:187350731 (Ack:100831417)] (S) Msg RX from 1:0000000072197CCC [4145] to 00000000DCF2A6E2 --- Type 0001:01 (IM:StatusResponse) (B:42)
09:51:18.540  uart:~$ uart:~$ [00:02:25.451,000] <dbg> chip.LogV: [EM]Found matching exchange: 63721r, Delegate: 0x20016268
09:51:18.560  uart:~$ uart:~$ [00:02:25.451,000] <dbg> chip.LogV: [EM]Forcing tx of solitary ack for duplicate MessageCounter:187350731 on exchange 63721r
09:51:18.610  uart:~$ uart:~$ [00:02:25.452,000] <inf> chip: [EM]<<< [E:63721r S:31647 M:100831426 (Ack:187350731)] (S) Msg TX from 00000000DCF2A6E2 to 1:0000000072197CCC [4145] [UDP:[fe80::84a:18c1:cea4:c124%ETH_W5500]:52967] --- Type 0000:10 (SecureChannel:StandaloneAck) (B:34)
09:51:18.630  uart:~$ uart:~$ [00:02:25.459,000] <inf> chip: [EM]<<4 [E:25100i S:31644 M:228593686] (S) Msg Retransmission to 1:0000000033CFE2F6
09:51:18.671  uart:~$ uart:~$ [00:02:25.467,000] <inf> chip: [EM]??5 [E:25100i S:31644 M:228593686] (S) Msg Retransmission to 1:0000000033CFE2F6 scheduled for 1476ms from now [State:Active II:500 AI:300 AT:4000]
09:51:18.711  uart:~$ uart:~$ [00:02:25.469,000] <inf> chip: [EM]>>> [E:37540r S:31644 M:223098144 (Ack:228593681)] (S) Msg RX from 1:0000000033CFE2F6 [4145] to 00000000DCF2A6E2 --- Type 0000:10 (SecureChannel:StandaloneAck) (B:34)
09:51:18.741  uart:~$ uart:~$ [00:02:25.471,000] <inf> chip: [EM]>>> [E:37541r S:31644 M:223098145] (S) Msg RX from 1:0000000033CFE2F6 [4145] to 00000000DCF2A6E2 --- Type 0001:08 (IM:InvokeCommandRequest) (B:59)
09:51:18.762  uart:~$ uart:~$ [00:02:25.472,000] <dbg> chip.LogV: [EM]Handling via exchange: 37541r, Delegate: 0x20014644
09:51:18.792  uart:~$ uart:~$ [00:02:25.474,000] <dbg> chip.LogV: [DMG]Received command for Endpoint=2 Cluster=0x0000_0006 Command=0x0000_0001
09:51:18.812  uart:~$ uart:~$ [00:02:25.785,000] <inf> chip: [ZCL]Toggle ep2 on/off from state 0 to 1
09:51:18.832  uart:~$ uart:~$ [00:02:25.785,000] <inf> chip: [ZCL]On Command - OffWaitTime :  0
09:51:18.853  uart:~$ uart:~$ [00:02:25.785,000] <inf> chip: [ZCL]On/Toggle Command - Stop Timer
09:51:18.873  uart:~$ uart:~$ [00:02:25.788,000] <dbg> chip.LogV: [DMG]Endpoint 2, Cluster 0x0000_0006 update version to b623733d
09:51:18.903  uart:~$ uart:~$ [00:02:25.790,000] <dbg> chip.LogV: [DMG]Cannot merge the new path into any existing path, create one.
09:51:18.923  uart:~$ uart:~$ [00:02:25.790,000] <inf> matter_event_loop: Call cluster ID: 6, Attribute ID: 0
09:51:18.943  uart:~$ uart:~$ [00:02:25.790,000] <inf> matter_event_loop: Matter OnOff changed: endpoint=2 state=1
09:51:18.963  uart:~$ uart:~$ [00:02:25.791,000] <inf> io: io event handled: evt.io_event = 4, evt.bool_data = 1, evt.event_direction = 1
09:51:18.984  uart:~$ uart:~$ [00:02:25.792,000] <dbg> chip.LogV: [DMG]Command handler moving to [NewRespons]
09:51:19.004  uart:~$ uart:~$ [00:02:25.792,000] <dbg> chip.LogV: [DMG]Command handler moving to [ Preparing]
09:51:19.079  uart:~$ uart:~$ [00:02:26.002,000] <dbg> chip.LogV: [DMG]Command handler moving to [AddingComm]
09:51:19.099  uart:~$ uart:~$ [00:02:26.002,000] <dbg> chip.LogV: [DMG]Command handler moving to [AddedComma]
09:51:19.119  uart:~$ uart:~$ [00:02:26.003,000] <dbg> chip.LogV: [DMG]Decreasing reference count for CommandHandlerImpl, remaining 1
09:51:19.140  uart:~$ uart:~$ [00:02:26.003,000] <dbg> chip.LogV: [DMG]Decreasing reference count for CommandHandlerImpl, remaining 0
09:51:19.160  uart:~$ uart:~$ [00:02:26.003,000] <dbg> chip.LogV: [DMG]Command handler moving to [AwaitingDe]
09:51:19.210  uart:~$ uart:~$ [00:02:26.004,000] <inf> chip: [EM]<<< [E:37541r S:31644 M:228593692 (Ack:223098145)] (S) Msg TX from 00000000DCF2A6E2 to 1:0000000033CFE2F6 [4145] [UDP:[fe80::1c59:aaca:1932:e904%ETH_W5500]:51433] --- Type 0001:09 (IM:InvokeCommandResponse) (B:67)
09:51:19.240  uart:~$ uart:~$ [00:02:26.012,000] <inf> chip: [EM]??1 [E:37541r S:31644 M:228593692] (S) Msg Retransmission to 1:0000000033CFE2F6 scheduled for 411ms from now [State:Active II:500 AI:300 AT:4000]
09:51:19.260  uart:~$ uart:~$ [00:02:26.013,000] <dbg> chip.LogV: [DMG]Command response sender moving to [AllInvokeR]
09:51:19.291  uart:~$ uart:~$ [00:02:26.014,000] <inf> chip: [EM]<<2 [E:63721r S:31647 M:100831423] (S) Msg Retransmission to 1:0000000072197CCC
09:51:19.321  uart:~$ uart:~$ [00:02:26.053,000] <inf> chip: [EM]??3 [E:63721r S:31647 M:100831423] (S) Msg Retransmission to 1:0000000072197CCC scheduled for 565ms from now [State:Active II:500 AI:300 AT:4000]
09:51:19.373  uart:~$ uart:~$ [00:02:26.322,000] <inf> chip: [EM]>>> [E:63721r S:31647 M:187350734 (Ack:100831417)] (S) Msg RX from 1:0000000072197CCC [4145] to 00000000DCF2A6E2 --- Type 0000:10 (SecureChannel:StandaloneAck) (B:34)
09:51:19.403  uart:~$ uart:~$ [00:02:26.323,000] <dbg> chip.LogV: [EM]Found matching exchange: 63721r, Delegate: 0x20016268
09:51:19.423  uart:~$ uart:~$ [00:02:26.323,000] <dbg> chip.LogV: [EM]CHIP MessageCounter:100831417 not in RetransTable on exchange 63721r
09:51:19.454  uart:~$ uart:~$ [00:02:26.325,000] <dbg> chip.LogV: [IN]Received a duplicate message with MessageCounter:187350731 on exchange 63721r
09:51:19.484  uart:~$ uart:~$ [00:02:26.325,000] <inf> chip: [EM]>>> [E:63721r S:31647 M:187350731 (Ack:100831417)] (S) Msg RX from 1:0000000072197CCC [4145] to 00000000DCF2A6E2 --- Type 0001:01 (IM:StatusResponse) (B:42)
09:51:19.514  uart:~$ uart:~$ [00:02:26.325,000] <dbg> chip.LogV: [EM]Found matching exchange: 63721r, Delegate: 0x20016268
09:51:19.534  uart:~$ uart:~$ [00:02:26.326,000] <dbg> chip.LogV: [EM]Forcing tx of solitary ack for duplicate MessageCounter:187350731 on exchange 63721r
09:51:19.584  uart:~$ uart:~$ [00:02:26.327,000] <inf> chip: [EM]<<< [E:63721r S:31647 M:100831427 (Ack:187350731)] (S) Msg TX from 00000000DCF2A6E2 to 1:0000000072197CCC [4145] [UDP:[fe80::84a:18c1:cea4:c124%ETH_W5500]:52967] --- Type 0000:10 (SecureChannel:StandaloneAck) (B:34)
09:51:19.604  uart:~$ uart:~$ [00:02:26.335,000] <dbg> chip.LogV: [IN]Received a duplicate message with MessageCounter:223098145 on exchange 37541r
09:51:19.645  uart:~$ uart:~$ [00:02:26.336,000] <inf> chip: [EM]>>> [E:37541r S:31644 M:223098145] (S) Msg RX from 1:0000000033CFE2F6 [4145] to 00000000DCF2A6E2 --- Type 0001:08 (IM:InvokeCommandRequest) (B:59)
09:51:19.726  uart:~$ uart:~$ [00:02:26.638,000] <dbg> chip.LogV: [EM]Found matching exchange: 37541r, Delegate: 0
09:51:19.756  uart:~$ uart:~$ [00:02:26.638,000] <dbg> chip.LogV: [EM]Forcing tx of solitary ack for duplicate MessageCounter:223098145 on exchange 37541r
09:51:19.796  uart:~$ uart:~$ [00:02:26.639,000] <inf> chip: [EM]<<< [E:37541r S:31644 M:228593693 (Ack:223098145)] (S) Msg TX from 00000000DCF2A6E2 to 1:0000000033CFE2F6 [4145] [UDP:[fe80::1c59:aaca:1932:e904%ETH_W5500]:51433] --- Type 0000:10 (SecureChannel:StandaloneAck) (B:34)
09:51:19.826  uart:~$ uart:~$ [00:02:26.647,000] <inf> chip: [EM]<<3 [E:63721r S:31647 M:100831423] (S) Msg Retransmission to 1:0000000072197CCC
09:51:19.856  uart:~$ uart:~$ [00:02:26.677,000] <inf> chip: [EM]??4 [E:63721r S:31647 M:100831423] (S) Msg Retransmission to 1:0000000072197CCC scheduled for 905ms from now [State:Active II:500 AI:300 AT:4000]
09:51:19.886  uart:~$ uart:~$ [00:02:26.677,000] <inf> chip: [EM]<<1 [E:37541r S:31644 M:228593692] (S) Msg Retransmission to 1:0000000033CFE2F6
09:51:19.916  uart:~$ uart:~$ [00:02:26.689,000] <inf> chip: [EM]??2 [E:37541r S:31644 M:228593692] (S) Msg Retransmission to 1:0000000033CFE2F6 scheduled for 337ms from now [State:Active II:500 AI:300 AT:4000]
09:51:19.957  uart:~$ uart:~$ [00:02:26.690,000] <inf> chip: [EM]>>> [E:37540r S:31644 M:223098146 (Ack:228593681)] (S) Msg RX from 1:0000000033CFE2F6 [4145] to 00000000DCF2A6E2 --- Type 0000:10 (SecureChannel:StandaloneAck) (B:34)
09:51:19.977  uart:~$ uart:~$ [00:02:26.696,000] <dbg> chip.LogV: [IN]Received a duplicate message with MessageCounter:223098145 on exchange 37541r
09:51:20.018  uart:~$ uart:~$ [00:02:26.697,000] <inf> chip: [EM]>>> [E:37541r S:31644 M:223098145] (S) Msg RX from 1:0000000033CFE2F6 [4145] to 00000000DCF2A6E2 --- Type 0001:08 (IM:InvokeCommandRequest) (B:59)
09:51:20.061  uart:~$ uart:~$ [00:02:27.012,000] <dbg> chip.LogV: [EM]Found matching exchange: 37541r, Delegate: 0
09:51:20.091  uart:~$ uart:~$ [00:02:27.012,000] <dbg> chip.LogV: [EM]Forcing tx of solitary ack for duplicate MessageCounter:223098145 on exchange 37541r
09:51:20.131  uart:~$ uart:~$ [00:02:27.014,000] <inf> chip: [EM]<<< [E:37541r S:31644 M:228593694 (Ack:223098145)] (S) Msg TX from 00000000DCF2A6E2 to 1:0000000033CFE2F6 [4145] [UDP:[fe80::1c59:aaca:1932:e904%ETH_W5500]:51433] --- Type 0000:10 (SecureChannel:StandaloneAck) (B:34)
09:51:20.161  uart:~$ uart:~$ [00:02:27.021,000] <err> chip: [EM]<<5 [E:25100i S:31644 M:228593686] (S) Msg Retransmission to 1:0000000033CFE2F6 failure (max retries:4)
09:51:20.202  uart:~$ uart:~$ [00:02:27.023,000] <inf> chip: [EM]>>> [E:63721r S:31647 M:187350735 (Ack:100831417)] (S) Msg RX from 1:0000000072197CCC [4145] to 00000000DCF2A6E2 --- Type 0000:10 (SecureChannel:StandaloneAck) (B:34)
09:51:20.222  uart:~$ uart:~$ [00:02:27.023,000] <dbg> chip.LogV: [EM]Found matching exchange: 63721r, Delegate: 0x20016268
09:51:20.242  uart:~$ uart:~$ [00:02:27.023,000] <dbg> chip.LogV: [EM]CHIP MessageCounter:100831417 not in RetransTable on exchange 63721r
09:51:20.282  uart:~$ uart:~$ [00:02:27.025,000] <inf> chip: [EM]>>> [E:37540r S:31644 M:223098147 (Ack:228593681)] (S) Msg RX from 1:0000000033CFE2F6 [4145] to 00000000DCF2A6E2 --- Type 0000:10 (SecureChannel:StandaloneAck) (B:34)
09:51:20.302  uart:~$ uart:~$ [00:02:27.026,000] <inf> chip: [EM]<<2 [E:37541r S:31644 M:228593692] (S) Msg Retransmission to 1:0000000033CFE2F6
09:51:20.343  uart:~$ uart:~$ [00:02:27.034,000] <inf> chip: [EM]??3 [E:37541r S:31644 M:228593692] (S) Msg Retransmission to 1:0000000033CFE2F6 scheduled for 595ms from now [State:Active II:500 AI:300 AT:4000]
09:51:20.384  uart:~$ uart:~$ [00:02:27.343,000] <dbg> chip.LogV: [IN]Received a duplicate message with MessageCounter:223098145 on exchange 37541r
09:51:20.414  uart:~$ uart:~$ [00:02:27.344,000] <inf> chip: [EM]>>> [E:37541r S:31644 M:223098145] (S) Msg RX from 1:0000000033CFE2F6 [4145] to 00000000DCF2A6E2 --- Type 0001:08 (IM:InvokeCommandRequest) (B:59)
09:51:20.444  uart:~$ uart:~$ [00:02:27.344,000] <dbg> chip.LogV: [EM]Found matching exchange: 37541r, Delegate: 0
09:51:20.464  uart:~$ uart:~$ [00:02:27.344,000] <dbg> chip.LogV: [EM]Forcing tx of solitary ack for duplicate MessageCounter:223098145 on exchange 37541r
09:51:20.515  uart:~$ uart:~$ [00:02:27.345,000] <inf> chip: [EM]<<< [E:37541r S:31644 M:228593695 (Ack:223098145)] (S) Msg TX from 00000000DCF2A6E2 to 1:0000000033CFE2F6 [4145] [UDP:[fe80::1c59:aaca:1932:e904%ETH_W5500]:51433] --- Type 0000:10 (SecureChannel:StandaloneAck) (B:34)
09:51:20.545  uart:~$ uart:~$ [00:02:27.354,000] <inf> chip: [EM]>>> [E:25100i S:31644 M:223098148 (Ack:228593686)] (S) Msg RX from 1:0000000033CFE2F6 [4145] to 00000000DCF2A6E2 --- Type 0001:01 (IM:StatusResponse) (B:42)
09:51:20.565  uart:~$ uart:~$ [00:02:27.354,000] <dbg> chip.LogV: [EM]Found matching exchange: 25100i, Delegate: 0x200161e8
09:51:20.595  uart:~$ uart:~$ [00:02:27.354,000] <dbg> chip.LogV: [EM]CHIP MessageCounter:228593686 not in RetransTable on exchange 25100i
09:51:20.615  uart:~$ uart:~$ [00:02:27.355,000] <inf> chip: [IM]Received status response, status is 0x00
09:51:20.636  uart:~$ uart:~$ [00:02:27.355,000] <dbg> chip.LogV: [DMG]<RE> OnReportConfirm: NumReports = 1
09:51:20.860  ### session end
09:51:20.716  uart:~$ uart:~$ [00:02:27.629,000] <dbg> chip.LogV: [DMG]IM RH moving to [CanStartReporting]
09:51:20.766  uart:~$ uart:~$ [00:02:27.631,000] <inf> chip: [EM]<<< [E:25100i S:31644 M:228593696 (Ack:223098148)] (S) Msg TX from 00000000DCF2A6E2 to 1:0000000033CFE2F6 [4145] [UDP:[fe80::1c59:aaca:1932:e904%ETH_W5500]:51433] --- Type 0000:10 (SecureChannel:StandaloneAck) (B:34)
09:51:20.786  uart:~$ uart:~$ [00:02:27.638,000] <dbg> chip.LogV: [EM]Flushed pending ack for MessageCounter:223098148 on exchange 25100i
09:51:20.816  uart:~$ uart:~$ [00:02:27.639,000] <inf> chip: [EM]<<4 [E:63721r S:31647 M:100831423] (S) Msg Retransmission to 1:0000000072197CCC
09:51:20.849  uart:~$ uart:~$ [00:02:27.669,000] <inf> chip: [EM]??5 [E:63721r S:31647 M:100831423] (S) Msg Retransmission to 1:0000000072197CCC scheduled for 1562ms from now [State:Active II:500 AI:300 AT:4000]
09:51:20.869  uart:~$ uart:~$ [00:02:27.669,000] <inf> chip: [EM]<<3 [E:37541r S:31644 M:228593692] (S) Msg Retransmission to 1:0000000033CFE2F6
09:51:20.910  uart:~$ uart:~$ [00:02:27.680,000] <inf> chip: [EM]??4 [E:37541r S:31644 M:228593692] (S) Msg Retransmission to 1:0000000033CFE2F6 scheduled for 986ms from now [State:Active II:500 AI:300 AT:4000]
09:51:20.930  uart:~$ uart:~$ [00:02:27.681,000] <dbg> chip.LogV: [DMG]Building Reports for ReadHandler with LastReportGeneration = 0x00000017 DirtyGeneration = 0x00000018
09:51:20.950  uart:~$ uart:~$ [00:02:27.690,000] <dbg> chip.LogV: [DMG]<RE:Run> Cluster 6, Attribute 0 is dirty
09:51:20.980  uart:~$ uart:~$ [00:02:27.691,000] <dbg> chip.LogV: [DMG]Reading attribute: Cluster=0x0000_0006 Endpoint=0x2 AttributeId=0x0000_0000 (expanded=1)
09:51:21.024  uart:~$ uart:~$ [00:02:27.989,000] <dbg> chip.LogV: [DMG]Fetched 0 events
09:51:21.044  uart:~$ uart:~$ [00:02:27.989,000] <dbg> chip.LogV: [DMG]<RE> Sending report (payload has 39 bytes)...
09:51:21.084  uart:~$ uart:~$ [00:02:27.991,000] <inf> chip: [EM]<<< [E:25101i S:31644 M:228593697] (S) Msg TX from 00000000DCF2A6E2 to 1:0000000033CFE2F6 [4145] [UDP:[fe80::1c59:aaca:1932:e904%ETH_W5500]:51433] --- Type 0001:05 (IM:ReportData) (B:69)
09:51:21.124  uart:~$ uart:~$ [00:02:27.998,000] <inf> chip: [EM]??1 [E:25101i S:31644 M:228593697] (S) Msg Retransmission to 1:0000000033CFE2F6 scheduled for 342ms from now [State:Active II:500 AI:300 AT:4000]
09:51:21.145  uart:~$ uart:~$ [00:02:27.999,000] <dbg> chip.LogV: [DMG]IM RH moving to [AwaitingReportResponse]
09:51:21.165  uart:~$ uart:~$ [00:02:27.999,000] <dbg> chip.LogV: [DMG]<RE> ReportsInFlight = 2 with readHandler 0, RE has no more messages
09:51:21.195  uart:~$ uart:~$ [00:02:28.001,000] <dbg> chip.LogV: [IN]Received a duplicate message with MessageCounter:223098148 on exchange 25100i
09:51:21.225  uart:~$ uart:~$ [00:02:28.005,000] <inf> chip: [EM]>>> [E:25100i S:31644 M:223098148 (Ack:228593686)] (S) Msg RX from 1:0000000033CFE2F6 [4145] to 00000000DCF2A6E2 --- Type 0001:01 (IM:StatusResponse) (B:42)
09:51:21.245  uart:~$ uart:~$ [00:02:28.005,000] <dbg> chip.LogV: [EM]Generating StandaloneAck via exchange: 25100i
09:51:21.275  uart:~$ uart:~$ [00:02:28.006,000] <dbg> chip.LogV: [EM]Forcing tx of solitary ack for duplicate MessageCounter:223098148 on exchange 25100i
09:51:21.350  uart:~$ uart:~$ [00:02:28.276,000] <inf> chip: [EM]<<< [E:25100i S:31644 M:228593698 (Ack:223098148)] (S) Msg TX from 00000000DCF2A6E2 to 1:0000000033CFE2F6 [4145] [UDP:[fe80::1c59:aaca:1932:e904%ETH_W5500]:51433] --- Type 0000:10 (SecureChannel:StandaloneAck) (B:34)
09:51:21.391  uart:~$ uart:~$ [00:02:28.285,000] <inf> chip: [EM]>>> [E:37540r S:31644 M:223098149 (Ack:228593681)] (S) Msg RX from 1:0000000033CFE2F6 [4145] to 00000000DCF2A6E2 --- Type 0000:10 (SecureChannel:StandaloneAck) (B:34)
09:51:21.431  uart:~$ uart:~$ [00:02:28.287,000] <inf> chip: [EM]>>> [E:25100i S:31644 M:223098150 (Ack:228593686)] (S) Msg RX from 1:0000000033CFE2F6 [4145] to 00000000DCF2A6E2 --- Type 0000:10 (SecureChannel:StandaloneAck) (B:34)
09:51:21.451  uart:~$ uart:~$ [00:02:28.289,000] <dbg> chip.LogV: [IN]Received a duplicate message with MessageCounter:223098145 on exchange 37541r
09:51:21.491  uart:~$ uart:~$ [00:02:28.290,000] <inf> chip: [EM]>>> [E:37541r S:31644 M:223098145] (S) Msg RX from 1:0000000033CFE2F6 [4145] to 00000000DCF2A6E2 --- Type 0001:08 (IM:InvokeCommandRequest) (B:59)
09:51:21.511  uart:~$ uart:~$ [00:02:28.290,000] <dbg> chip.LogV: [EM]Found matching exchange: 37541r, Delegate: 0
09:51:21.532  uart:~$ uart:~$ [00:02:28.290,000] <dbg> chip.LogV: [EM]Forcing tx of solitary ack for duplicate MessageCounter:223098145 on exchange 37541r
09:51:21.582  uart:~$ uart:~$ [00:02:28.291,000] <inf> chip: [EM]<<< [E:37541r S:31644 M:228593699 (Ack:223098145)] (S) Msg TX from 00000000DCF2A6E2 to 1:0000000033CFE2F6 [4145] [UDP:[fe80::1c59:aaca:1932:e904%ETH_W5500]:51433] --- Type 0000:10 (SecureChannel:StandaloneAck) (B:34)
09:51:21.602  uart:~$ uart:~$ [00:02:28.300,000] <dbg> chip.LogV: [IN]Received a duplicate message with MessageCounter:223098148 on exchange 25100i
09:51:21.642  uart:~$ uart:~$ [00:02:28.300,000] <inf> chip: [EM]>>> [E:25100i S:31644 M:223098148 (Ack:228593686)] (S) Msg RX from 1:0000000033CFE2F6 [4145] to 00000000DCF2A6E2 --- Type 0001:01 (IM:StatusResponse) (B:42)
09:51:21.686  uart:~$ uart:~$ [00:02:28.638,000] <dbg> chip.LogV: [EM]Generating StandaloneAck via exchange: 25100i
09:51:21.716  uart:~$ uart:~$ [00:02:28.638,000] <dbg> chip.LogV: [EM]Forcing tx of solitary ack for duplicate MessageCounter:223098148 on exchange 25100i
09:51:21.757  uart:~$ uart:~$ [00:02:28.640,000] <inf> chip: [EM]<<< [E:25100i S:31644 M:228593700 (Ack:223098148)] (S) Msg TX from 00000000DCF2A6E2 to 1:0000000033CFE2F6 [4145] [UDP:[fe80::1c59:aaca:1932:e904%ETH_W5500]:51433] --- Type 0000:10 (SecureChannel:StandaloneAck) (B:34)
09:51:21.787  uart:~$ uart:~$ [00:02:28.647,000] <inf> chip: [EM]<<1 [E:25101i S:31644 M:228593697] (S) Msg Retransmission to 1:0000000033CFE2F6
09:51:21.817  uart:~$ uart:~$ [00:02:28.655,000] <inf> chip: [EM]??2 [E:25101i S:31644 M:228593697] (S) Msg Retransmission to 1:0000000033CFE2F6 scheduled for 378ms from now [State:Active II:500 AI:300 AT:4000]
09:51:21.847  uart:~$ uart:~$ [00:02:28.656,000] <dbg> chip.LogV: [IN]Received a duplicate message with MessageCounter:223098148 on exchange 25100i
09:51:21.877  uart:~$ uart:~$ [00:02:28.657,000] <inf> chip: [EM]>>> [E:25100i S:31644 M:223098148 (Ack:228593686)] (S) Msg RX from 1:0000000033CFE2F6 [4145] to 00000000DCF2A6E2 --- Type 0001:01 (IM:StatusResponse) (B:42)
