10:02:19.202  ### capture start, console 5AE6020889
10:03:32.774  [00:14:39.819,000] <inf> chip: [EM]>>> [E:63778r S:31647 M:187351214] (S) Msg RX from 1:0000000072197CCC [4145] to 00000000DCF2A6E2 --- Type 0001:08 (IM:InvokeCommandRequest) (B:59)
10:03:32.795  uart:~$ uart:~$ [00:14:39.819,000] <dbg> chip.LogV: [EM]Handling via exchange: 63778r, Delegate: 0x20014644
10:03:32.825  uart:~$ uart:~$ [00:14:39.821,000] <dbg> chip.LogV: [DMG]Received command for Endpoint=4 Cluster=0x0000_0006 Command=0x0000_0001
10:03:32.845  uart:~$ uart:~$ [00:14:39.822,000] <inf> chip: [ZCL]Toggle ep4 on/off from state 0 to 1
10:03:32.855  uart:~$ uart:~$ [00:14:39.822,000] <inf> chip: [ZCL]On Command - OffWaitTime :  0
10:03:32.875  uart:~$ uart:~$ [00:14:39.823,000] <inf> chip: [ZCL]On/Toggle Command - Stop Timer
10:03:32.895  uart:~$ uart:~$ [00:14:39.825,000] <dbg> chip.LogV: [DMG]Endpoint 4, Cluster 0x0000_0006 update version to 56e47b3d
10:03:32.927  uart:~$ uart:~$ [00:14:39.826,000] <dbg> chip.LogV: [DMG]Cannot merge the new path into any existing path, create one.
10:03:32.947  uart:~$ uart:~$ [00:14:39.826,000] <inf> matter_event_loop: Call cluster ID: 6, Attribute ID: 0
10:03:32.967  uart:~$ uart:~$ [00:14:39.826,000] <inf> matter_event_loop: Matter OnOff changed: endpoint=4 state=1
10:03:33.021  uart:~$ uart:~$ [00:14:40.059,000] <inf> io: io event handled: evt.io_event = 6, evt.bool_data = 1, evt.event_direction = 1
10:03:33.041  uart:~$ uart:~$ [00:14:40.060,000] <dbg> chip.LogV: [DMG]Command handler moving to [NewRespons]
10:03:33.061  uart:~$ uart:~$ [00:14:40.060,000] <dbg> chip.LogV: [DMG]Command handler moving to [ Preparing]
10:03:33.081  uart:~$ uart:~$ [00:14:40.060,000] <dbg> chip.LogV: [DMG]Command handler moving to [AddingComm]
10:03:33.101  uart:~$ uart:~$ [00:14:40.061,000] <dbg> chip.LogV: [DMG]Command handler moving to [AddedComma]
10:03:33.131  uart:~$ uart:~$ [00:14:40.061,000] <dbg> chip.LogV: [DMG]Decreasing reference count for CommandHandlerImpl, remaining 1
10:03:33.151  uart:~$ uart:~$ [00:14:40.061,000] <dbg> chip.LogV: [DMG]Decreasing reference count for CommandHandlerImpl, remaining 0
10:03:33.172  uart:~$ uart:~$ [00:14:40.062,000] <dbg> chip.LogV: [DMG]Command handler moving to [AwaitingDe]
10:03:33.222  uart:~$ uart:~$ [00:14:40.063,000] <inf> chip: [EM]<<< [E:63778r S:31647 M:100831989 (Ack:187351214)] (S) Msg TX from 00000000DCF2A6E2 to 1:0000000072197CCC [4145] [UDP:[fe80::84a:18c1:cea4:c124%ETH_W5500]:52967] --- Type 0001:09 (IM:InvokeCommandResponse) (B:67)
10:03:33.252  uart:~$ uart:~$ [00:14:40.070,000] <inf> chip: [EM]??1 [E:63778r S:31647 M:100831989] (S) Msg Retransmission to 1:0000000072197CCC scheduled for 401ms from now [State:Active II:500 AI:300 AT:4000]
10:03:33.308  uart:~$ uart:~$ [00:14:40.341,000] <dbg> chip.LogV: [DMG]Command response sender moving to [AllInvokeR]
10:03:33.348  uart:~$ uart:~$ [00:14:40.342,000] <dbg> chip.LogV: [DMG]Building Reports for ReadHandler with LastReportGeneration = 0x00000057 DirtyGeneration = 0x00000058
10:03:33.369  uart:~$ uart:~$ [00:14:40.355,000] <dbg> chip.LogV: [DMG]<RE:Run> Cluster 6, Attribute 0 is dirty
10:03:33.399  uart:~$ uart:~$ [00:14:40.356,000] <dbg> chip.LogV: [DMG]Reading attribute: Cluster=0x0000_0006 Endpoint=0x4 AttributeId=0x0000_0000 (expanded=1)
10:03:33.409  uart:~$ uart:~$ [00:14:40.363,000] <dbg> chip.LogV: [DMG]Fetched 0 events
10:03:33.432  uart:~$ uart:~$ [00:14:40.363,000] <dbg> chip.LogV: [DMG]<RE> Sending report (payload has 39 bytes)...
10:03:33.472  uart:~$ uart:~$ [00:14:40.365,000] <inf> chip: [EM]<<< [E:25165i S:31647 M:100831990] (S) Msg TX from 00000000DCF2A6E2 to 1:0000000072197CCC [4145] [UDP:[fe80::84a:18c1:cea4:c124%ETH_W5500]:52967] --- Type 0001:05 (IM:ReportData) (B:69)
10:03:33.512  uart:~$ uart:~$ [00:14:40.372,000] <inf> chip: [EM]??1 [E:25165i S:31647 M:100831990] (S) Msg Retransmission to 1:0000000072197CCC scheduled for 404ms from now [State:Active II:500 AI:300 AT:4000]
10:03:33.543  uart:~$ uart:~$ [00:14:40.373,000] <dbg> chip.LogV: [DMG]IM RH moving to [AwaitingReportResponse]
10:03:33.563  uart:~$ uart:~$ [00:14:40.373,000] <dbg> chip.LogV: [DMG]<RE> ReportsInFlight = 1 with readHandler 0, RE has no more messages
10:03:33.594  uart:~$ uart:~$ [00:14:40.652,000] <dbg> chip.LogV: [DMG]All ReadHandler-s are clean, clear GlobalDirtySet
10:03:33.634  uart:~$ uart:~$ [00:14:40.653,000] <inf> chip: [EM]>>> [E:63778r S:31647 M:187351215 (Ack:100831989)] (S) Msg RX from 1:0000000072197CCC [4145] to 00000000DCF2A6E2 --- Type 0000:10 (SecureChannel:StandaloneAck) (B:34)
10:03:33.654  uart:~$ uart:~$ [00:14:40.653,000] <dbg> chip.LogV: [EM]Found matching exchange: 63778r, Delegate: 0
10:03:33.684  uart:~$ uart:~$ [00:14:40.654,000] <dbg> chip.LogV: [EM]Rxd Ack; Removing MessageCounter:100831989 from Retrans Table on exchange 63778r
10:03:33.715  uart:~$ uart:~$ [00:14:40.656,000] <inf> chip: [EM]>>> [E:25165i S:31647 M:187351216 (Ack:100831990)] (S) Msg RX from 1:0000000072197CCC [4145] to 00000000DCF2A6E2 --- Type 0001:01 (IM:StatusResponse) (B:42)
10:03:33.745  uart:~$ uart:~$ [00:14:40.656,000] <dbg> chip.LogV: [EM]Found matching exchange: 25165i, Delegate: 0x20016268
10:03:33.775  uart:~$ uart:~$ [00:14:40.657,000] <dbg> chip.LogV: [EM]Rxd Ack; Removing MessageCounter:100831990 from Retrans Table on exchange 25165i
10:03:33.795  uart:~$ uart:~$ [00:14:40.658,000] <inf> chip: [IM]Received status response, status is 0x00
10:03:33.815  uart:~$ uart:~$ [00:14:40.658,000] <dbg> chip.LogV: [DMG]<RE> OnReportConfirm: NumReports = 0
10:03:33.836  uart:~$ uart:~$ [00:14:40.658,000] <dbg> chip.LogV: [DMG]IM RH moving to [CanStartReporting]
10:03:33.897  uart:~$ uart:~$ [00:14:40.922,000] <inf> chip: [EM]<<< [E:25165i S:31647 M:100831991 (Ack:187351216)] (S) Msg TX from 00000000DCF2A6E2 to 1:0000000072197CCC [4145] [UDP:[fe80::84a:18c1:cea4:c124%ETH_W5500]:52967] --- Type 0000:10 (SecureChannel:StandaloneAck) (B:34)
10:03:33.917  uart:~$ uart:~$ [00:14:40.929,000] <dbg> chip.LogV: [EM]Flushed pending ack for MessageCounter:187351216 on exchange 25165i
10:03:33.968  uart:~$ uart:~$ [00:14:40.932,000] <inf> chip: [EM]>>> [E:63779r S:31647 M:187351217] (S) Msg RX from 1:0000000072197CCC [4145] to 00000000DCF2A6E2 --- Type 0001:08 (IM:InvokeCommandRequest) (B:59)
10:03:33.988  uart:~$ uart:~$ [00:14:40.932,000] <dbg> chip.LogV: [EM]Handling via exchange: 63779r, Delegate: 0x20014644
10:03:34.008  uart:~$ uart:~$ [00:14:40.934,000] <dbg> chip.LogV: [DMG]Received command for Endpoint=4 Cluster=0x0000_0006 Command=0x0000_0000
10:03:34.028  uart:~$ uart:~$ [00:14:40.934,000] <inf> chip: [ZCL]Toggle ep4 on/off from state 1 to 0
10:03:34.048  uart:~$ uart:~$ [00:14:40.936,000] <dbg> chip.LogV: [DMG]Endpoint 4, Cluster 0x0000_0006 update version to 56e47b3e
10:03:34.078  uart:~$ uart:~$ [00:14:40.938,000] <dbg> chip.LogV: [DMG]Cannot merge the new path into any existing path, create one.
10:03:34.099  uart:~$ uart:~$ [00:14:40.938,000] <inf> matter_event_loop: Call cluster ID: 6, Attribute ID: 0
10:03:34.119  uart:~$ uart:~$ [00:14:40.938,000] <inf> matter_event_loop: Matter OnOff changed: endpoint=4 state=0
10:03:34.161  uart:~$ uart:~$ [00:14:41.203,000] <inf> io: io event handled: evt.io_event = 6, evt.bool_data = 0, evt.event_direction = 1
10:03:34.171  uart:~$ uart:~$ [00:14:41.204,000] <inf> chip: [ZCL]Off completed. reset OnTime to  0
10:03:34.191  uart:~$ uart:~$ [00:14:41.204,000] <dbg> chip.LogV: [DMG]Command handler moving to [NewRespons]
10:03:34.212  uart:~$ uart:~$ [00:14:41.205,000] <dbg> chip.LogV: [DMG]Command handler moving to [ Preparing]
10:03:34.232  uart:~$ uart:~$ [00:14:41.205,000] <dbg> chip.LogV: [DMG]Command handler moving to [AddingComm]
10:03:34.252  uart:~$ uart:~$ [00:14:41.205,000] <dbg> chip.LogV: [DMG]Command handler moving to [AddedComma]
10:03:34.282  uart:~$ uart:~$ [00:14:41.205,000] <dbg> chip.LogV: [DMG]Decreasing reference count for CommandHandlerImpl, remaining 1
10:03:34.302  uart:~$ uart:~$ [00:14:41.206,000] <dbg> chip.LogV: [DMG]Decreasing reference count for CommandHandlerImpl, remaining 0
10:03:34.322  uart:~$ uart:~$ [00:14:41.206,000] <dbg> chip.LogV: [DMG]Command handler moving to [AwaitingDe]
10:03:34.373  uart:~$ uart:~$ [00:14:41.207,000] <inf> chip: [EM]<<< [E:63779r S:31647 M:100831992 (Ack:187351217)] (S) Msg TX from 00000000DCF2A6E2 to 1:0000000072197CCC [4145] [UDP:[fe80::84a:18c1:cea4:c124%ETH_W5500]:52967] --- Type 0001:09 (IM:InvokeCommandResponse) (B:67)
10:03:34.463  uart:~$ uart:~$ [00:14:41.470,000] <inf> chip: [EM]??1 [E:63779r S:31647 M:100831992] (S) Msg Retransmission to 1:0000000072197CCC scheduled for 374ms from now [State:Active II:500 AI:300 AT:4000]
10:03:34.483  uart:~$ uart:~$ [00:14:41.470,000] <dbg> chip.LogV: [DMG]Command response sender moving to [AllInvokeR]
10:03:34.513  uart:~$ uart:~$ [00:14:41.478,000] <dbg> chip.LogV: [DMG]Building Reports for ReadHandler with LastReportGeneration = 0x00000058 DirtyGeneration = 0x00000059
10:03:34.543  uart:~$ uart:~$ [00:14:41.491,000] <dbg> chip.LogV: [DMG]<RE:Run> Cluster 6, Attribute 0 is dirty
10:03:34.574  uart:~$ uart:~$ [00:14:41.492,000] <dbg> chip.LogV: [DMG]Reading attribute: Cluster=0x0000_0006 Endpoint=0x4 AttributeId=0x0000_0000 (expanded=1)
10:03:34.584  uart:~$ uart:~$ [00:14:41.498,000] <dbg> chip.LogV: [DMG]Fetched 0 events
10:03:34.614  uart:~$ uart:~$ [00:14:41.498,000] <dbg> chip.LogV: [DMG]<RE> Sending report (payload has 39 bytes)...
10:03:34.654  uart:~$ uart:~$ [00:14:41.500,000] <inf> chip: [EM]<<< [E:25166i S:31647 M:100831993] (S) Msg TX from 00000000DCF2A6E2 to 1:0000000072197CCC [4145] [UDP:[fe80::84a:18c1:cea4:c124%ETH_W5500]:52967] --- Type 0001:05 (IM:ReportData) (B:69)
10:03:34.684  uart:~$ uart:~$ [00:14:41.508,000] <inf> chip: [EM]??1 [E:25166i S:31647 M:100831993] (S) Msg Retransmission to 1:0000000072197CCC scheduled for 353ms from now [State:Active II:500 AI:300 AT:4000]
10:03:34.704  uart:~$ uart:~$ [00:14:41.508,000] <dbg> chip.LogV: [DMG]IM RH moving to [AwaitingReportResponse]
10:03:34.747  uart:~$ uart:~$ [00:14:41.792,000] <dbg> chip.LogV: [DMG]<RE> ReportsInFlight = 1 with readHandler 0, RE has no more messages
10:03:34.768  uart:~$ uart:~$ [00:14:41.792,000] <dbg> chip.LogV: [DMG]All ReadHandler-s are clean, clear GlobalDirtySet
10:03:34.808  uart:~$ uart:~$ [00:14:41.793,000] <dbg> chip.LogV: [IN]Received a duplicate message with MessageCounter:187351216 on exchange 25165i
10:03:34.838  uart:~$ uart:~$ [00:14:41.794,000] <inf> chip: [EM]>>> [E:25165i S:31647 M:187351216 (Ack:100831990)] (S) Msg RX from 1:0000000072197CCC [4145] to 00000000DCF2A6E2 --- Type 0001:01 (IM:StatusResponse) (B:42)
10:03:34.858  uart:~$ uart:~$ [00:14:41.794,000] <dbg> chip.LogV: [EM]Generating StandaloneAck via exchange: 25165i
10:03:34.889  uart:~$ uart:~$ [00:14:41.794,000] <dbg> chip.LogV: [EM]Forcing tx of solitary ack for duplicate MessageCounter:187351216 on exchange 25165i
10:03:34.929  uart:~$ uart:~$ [00:14:41.795,000] <inf> chip: [EM]<<< [E:25165i S:31647 M:100831994 (Ack:187351216)] (S) Msg TX from 00000000DCF2A6E2 to 1:0000000072197CCC [4145] [UDP:[fe80::84a:18c1:cea4:c124%ETH_W5500]:52967] --- Type 0000:10 (SecureChannel:StandaloneAck) (B:34)
10:03:34.969  uart:~$ uart:~$ [00:14:41.804,000] <dbg> chip.LogV: [IN]Received a duplicate message with MessageCounter:187351217 on exchange 63779r
10:03:34.999  uart:~$ uart:~$ [00:14:41.804,000] <inf> chip: [EM]>>> [E:63779r S:31647 M:187351217] (S) Msg RX from 1:0000000072197CCC [4145] to 00000000DCF2A6E2 --- Type 0001:08 (IM:InvokeCommandRequest) (B:59)
10:03:35.019  uart:~$ uart:~$ [00:14:41.805,000] <dbg> chip.LogV: [EM]Found matching exchange: 63779r, Delegate: 0
10:03:35.082  uart:~$ uart:~$ [00:14:42.107,000] <dbg> chip.LogV: [EM]Forcing tx of solitary ack for duplicate MessageCounter:187351217 on exchange 63779r
10:03:35.122  uart:~$ uart:~$ [00:14:42.108,000] <inf> chip: [EM]<<< [E:63779r S:31647 M:100831995 (Ack:187351217)] (S) Msg TX from 00000000DCF2A6E2 to 1:0000000072197CCC [4145] [UDP:[fe80::84a:18c1:cea4:c124%ETH_W5500]:52967] --- Type 0000:10 (SecureChannel:StandaloneAck) (B:34)
10:03:35.162  uart:~$ uart:~$ [00:14:42.117,000] <inf> chip: [EM]<<1 [E:63779r S:31647 M:100831992] (S) Msg Retransmission to 1:0000000072197CCC
10:03:35.192  uart:~$ uart:~$ [00:14:42.124,000] <inf> chip: [EM]??2 [E:63779r S:31647 M:100831992] (S) Msg Retransmission to 1:0000000072197CCC scheduled for 388ms from now [State:Active II:500 AI:300 AT:4000]
10:03:35.223  uart:~$ uart:~$ [00:14:42.124,000] <inf> chip: [EM]<<1 [E:25166i S:31647 M:100831993] (S) Msg Retransmission to 1:0000000072197CCC
10:03:35.263  uart:~$ uart:~$ [00:14:42.139,000] <inf> chip: [EM]??2 [E:25166i S:31647 M:100831993] (S) Msg Retransmission to 1:0000000072197CCC scheduled for 343ms from now [State:Active II:500 AI:300 AT:4000]
10:03:35.283  uart:~$ uart:~$ [00:14:42.140,000] <dbg> chip.LogV: [IN]Received a duplicate message with MessageCounter:187351217 on exchange 63779r
10:03:35.315  uart:~$ uart:~$ [00:14:42.141,000] <inf> chip: [EM]>>> [E:63779r S:31647 M:187351217] (S) Msg RX from 1:0000000072197CCC [4145] to 00000000DCF2A6E2 --- Type 0001:08 (IM:InvokeCommandRequest) (B:59)
10:03:35.345  uart:~$ uart:~$ [00:14:42.141,000] <dbg> chip.LogV: [EM]Found matching exchange: 63779r, Delegate: 0
10:03:35.375  uart:~$ uart:~$ [00:14:42.141,000] <dbg> chip.LogV: [EM]Forcing tx of solitary ack for duplicate MessageCounter:187351217 on exchange 63779r
10:03:35.438  uart:~$ uart:~$ [00:14:42.463,000] <inf> chip: [EM]<<< [E:63779r S:31647 M:100831996 (Ack:187351217)] (S) Msg TX from 00000000DCF2A6E2 to 1:0000000072197CCC [4145] [UDP:[fe80::84a:18c1:cea4:c124%ETH_W5500]:52967] --- Type 0000:10 (SecureChannel:StandaloneAck) (B:34)
10:03:35.478  uart:~$ uart:~$ [00:14:42.472,000] <inf> chip: [EM]>>> [E:63779r S:31647 M:187351218 (Ack:100831992)] (S) Msg RX from 1:0000000072197CCC [4145] to 00000000DCF2A6E2 --- Type 0000:10 (SecureChannel:StandaloneAck) (B:34)
10:03:35.499  uart:~$ uart:~$ [00:14:42.472,000] <dbg> chip.LogV: [EM]Found matching exchange: 63779r, Delegate: 0
10:03:35.519  uart:~$ uart:~$ [00:14:42.472,000] <dbg> chip.LogV: [EM]Rxd Ack; Removing MessageCounter:100831992 from Retrans Table on exchange 63779r
10:03:35.559  uart:~$ uart:~$ [00:14:42.475,000] <inf> chip: [EM]>>> [E:63780r S:31647 M:187351219] (S) Msg RX from 1:0000000072197CCC [4145] to 00000000DCF2A6E2 --- Type 0001:08 (IM:InvokeCommandRequest) (B:59)
10:03:35.590  uart:~$ uart:~$ [00:14:42.475,000] <dbg> chip.LogV: [EM]Handling via exchange: 63780r, Delegate: 0x20014644
10:03:35.620  uart:~$ uart:~$ [00:14:42.477,000] <dbg> chip.LogV: [DMG]Received command for Endpoint=3 Cluster=0x0000_0006 Command=0x0000_0001
10:03:35.641  uart:~$ uart:~$ [00:14:42.477,000] <inf> chip: [ZCL]Toggle ep3 on/off from state 0 to 1
10:03:35.651  uart:~$ uart:~$ [00:14:42.478,000] <inf> chip: [ZCL]On Command - OffWaitTime :  0
10:03:35.671  uart:~$ uart:~$ [00:14:42.478,000] <inf> chip: [ZCL]On/Toggle Command - Stop Timer
10:03:35.701  uart:~$ uart:~$ [00:14:42.761,000] <dbg> chip.LogV: [DMG]Endpoint 3, Cluster 0x0000_0006 update version to cc7fb240
10:03:35.721  uart:~$ uart:~$ [00:14:42.763,000] <dbg> chip.LogV: [DMG]Cannot merge the new path into any existing path, create one.
10:03:35.762  uart:~$ uart:~$ [00:14:42.763,000] <inf> matter_event_loop: Call cluster ID: 6, Attribute ID: 0
10:03:35.782  uart:~$ uart:~$ [00:14:42.763,000] <inf> matter_event_loop: Matter OnOff changed: endpoint=3 state=1
10:03:35.802  uart:~$ uart:~$ [00:14:42.763,000] <inf> io: io event handled: evt.io_event = 5, evt.bool_data = 1, evt.event_direction = 1
10:03:35.822  uart:~$ uart:~$ [00:14:42.764,000] <dbg> chip.LogV: [DMG]Command handler moving to [NewRespons]
10:03:35.842  uart:~$ uart:~$ [00:14:42.765,000] <dbg> chip.LogV: [DMG]Command handler moving to [ Preparing]
10:03:35.862  uart:~$ uart:~$ [00:14:42.765,000] <dbg> chip.LogV: [DMG]Command handler moving to [AddingComm]
10:03:35.883  uart:~$ uart:~$ [00:14:42.765,000] <dbg> chip.LogV: [DMG]Command handler moving to [AddedComma]
10:03:35.915  uart:~$ uart:~$ [00:14:42.765,000] <dbg> chip.LogV: [DMG]Decreasing reference count for CommandHandlerImpl, remaining 1
10:03:35.981  uart:~$ uart:~$ [00:14:43.005,000] <dbg> chip.LogV: [DMG]Decreasing reference count for CommandHandlerImpl, remaining 0
10:03:36.001  uart:~$ uart:~$ [00:14:43.006,000] <dbg> chip.LogV: [DMG]Command handler moving to [AwaitingDe]
10:03:36.052  uart:~$ uart:~$ [00:14:43.007,000] <inf> chip: [EM]<<< [E:63780r S:31647 M:100831997 (Ack:187351219)] (S) Msg TX from 00000000DCF2A6E2 to 1:0000000072197CCC [4145] [UDP:[fe80::84a:18c1:cea4:c124%ETH_W5500]:52967] --- Type 0001:09 (IM:InvokeCommandResponse) (B:67)
10:03:36.082  uart:~$ uart:~$ [00:14:43.015,000] <inf> chip: [EM]??1 [E:63780r S:31647 M:100831997] (S) Msg Retransmission to 1:0000000072197CCC scheduled for 339ms from now [State:Active II:500 AI:300 AT:4000]
10:03:36.102  uart:~$ uart:~$ [00:14:43.015,000] <dbg> chip.LogV: [DMG]Command response sender moving to [AllInvokeR]
10:03:36.132  uart:~$ uart:~$ [00:14:43.016,000] <inf> chip: [EM]<<2 [E:25166i S:31647 M:100831993] (S) Msg Retransmission to 1:0000000072197CCC
10:03:36.172  uart:~$ uart:~$ [00:14:43.043,000] <inf> chip: [EM]??3 [E:25166i S:31647 M:100831993] (S) Msg Retransmission to 1:0000000072197CCC scheduled for 582ms from now [State:Active II:500 AI:300 AT:4000]
10:03:36.202  uart:~$ uart:~$ [00:14:43.045,000] <inf> chip: [EM]>>> [E:25166i S:31647 M:187351220 (Ack:100831993)] (S) Msg RX from 1:0000000072197CCC [4145] to 00000000DCF2A6E2 --- Type 0001:01 (IM:StatusResponse) (B:42)
10:03:36.233  uart:~$ uart:~$ [00:14:43.045,000] <dbg> chip.LogV: [EM]Found matching exchange: 25166i, Delegate: 0x20016268
10:03:36.253  uart:~$ uart:~$ [00:14:43.046,000] <dbg> chip.LogV: [EM]Rxd Ack; Removing MessageCounter:100831993 from Retrans Table on exchange 25166i
10:03:36.309  uart:~$ uart:~$ [00:14:43.341,000] <inf> chip: [IM]Received status response, status is 0x00
10:03:36.329  uart:~$ uart:~$ [00:14:43.341,000] <dbg> chip.LogV: [DMG]<RE> OnReportConfirm: NumReports = 0
10:03:36.349  uart:~$ uart:~$ [00:14:43.342,000] <dbg> chip.LogV: [DMG]IM RH moving to [CanStartReporting]
10:03:36.401  uart:~$ uart:~$ [00:14:43.343,000] <inf> chip: [EM]<<< [E:25166i S:31647 M:100831998 (Ack:187351220)] (S) Msg TX from 00000000DCF2A6E2 to 1:0000000072197CCC [4145] [UDP:[fe80::84a:18c1:cea4:c124%ETH_W5500]:52967] --- Type 0000:10 (SecureChannel:StandaloneAck) (B:34)
10:03:36.421  uart:~$ uart:~$ [00:14:43.350,000] <dbg> chip.LogV: [EM]Flushed pending ack for MessageCounter:187351220 on exchange 25166i
10:03:36.451  uart:~$ uart:~$ [00:14:43.352,000] <dbg> chip.LogV: [DMG]Building Reports for ReadHandler with LastReportGeneration = 0x00000059 DirtyGeneration = 0x0000005A
10:03:36.471  uart:~$ uart:~$ [00:14:43.363,000] <dbg> chip.LogV: [DMG]<RE:Run> Cluster 6, Attribute 0 is dirty
10:03:36.502  uart:~$ uart:~$ [00:14:43.364,000] <dbg> chip.LogV: [DMG]Reading attribute: Cluster=0x0000_0006 Endpoint=0x3 AttributeId=0x0000_0000 (expanded=1)
10:03:36.522  uart:~$ uart:~$ [00:14:43.372,000] <dbg> chip.LogV: [DMG]Fetched 0 events
10:03:36.543  uart:~$ uart:~$ [00:14:43.372,000] <dbg> chip.LogV: [DMG]<RE> Sending report (payload has 39 bytes)...
10:03:36.608  uart:~$ uart:~$ [00:14:43.627,000] <inf> chip: [EM]<<< [E:25167i S:31647 M:100831999] (S) Msg TX from 00000000DCF2A6E2 to 1:0000000072197CCC [4145] [UDP:[fe80::84a:18c1:cea4:c124%ETH_W5500]:52967] --- Type 0001:05 (IM:ReportData) (B:69)
10:03:36.638  uart:~$ uart:~$ [00:14:43.634,000] <inf> chip: [EM]??1 [E:25167i S:31647 M:100831999] (S) Msg Retransmission to 1:0000000072197CCC scheduled for 369ms from now [State:Active II:500 AI:300 AT:4000]
10:03:36.658  uart:~$ uart:~$ [00:14:43.635,000] <dbg> chip.LogV: [DMG]IM RH moving to [AwaitingReportResponse]
10:03:36.688  uart:~$ uart:~$ [00:14:43.635,000] <dbg> chip.LogV: [DMG]<RE> ReportsInFlight = 1 with readHandler 0, RE has no more messages
10:03:36.708  uart:~$ uart:~$ [00:14:43.635,000] <dbg> chip.LogV: [DMG]All ReadHandler-s are clean, clear GlobalDirtySet
10:03:36.738  uart:~$ uart:~$ [00:14:43.637,000] <dbg> chip.LogV: [IN]Received a duplicate message with MessageCounter:187351219 on exchange 63780r
10:03:36.779  uart:~$ uart:~$ [00:14:43.637,000] <inf> chip: [EM]>>> [E:63780r S:31647 M:187351219] (S) Msg RX from 1:0000000072197CCC [4145] to 00000000DCF2A6E2 --- Type 0001:08 (IM:InvokeCommandRequest) (B:59)
10:03:36.800  uart:~$ uart:~$ [00:14:43.637,000] <dbg> chip.LogV: [EM]Found matching exchange: 63780r, Delegate: 0
10:03:36.820  uart:~$ uart:~$ [00:14:43.641,000] <dbg> chip.LogV: [EM]Forcing tx of solitary ack for duplicate MessageCounter:187351219 on exchange 63780r
10:03:36.870  uart:~$ uart:~$ [00:14:43.643,000] <inf> chip: [EM]<<< [E:63780r S:31647 M:100832000 (Ack:187351219)] (S) Msg TX from 00000000DCF2A6E2 to 1:0000000072197CCC [4145] [UDP:[fe80::84a:18c1:cea4:c124%ETH_W5500]:52967] --- Type 0000:10 (SecureChannel:StandaloneAck) (B:34)
10:03:36.925  uart:~$ uart:~$ [00:14:43.963,000] <inf> chip: [EM]<<1 [E:63780r S:31647 M:100831997] (S) Msg Retransmission to 1:0000000072197CCC
10:03:36.965  uart:~$ uart:~$ [00:14:43.971,000] <inf> chip: [EM]??2 [E:63780r S:31647 M:100831997] (S) Msg Retransmission to 1:0000000072197CCC scheduled for 379ms from now [State:Active II:500 AI:300 AT:4000]
10:03:37.006  uart:~$ uart:~$ [00:14:43.972,000] <dbg> chip.LogV: [IN]Received a duplicate message with MessageCounter:187351220 on exchange 25166i
10:03:37.036  uart:~$ uart:~$ [00:14:43.973,000] <inf> chip: [EM]>>> [E:25166i S:31647 M:187351220 (Ack:100831993)] (S) Msg RX from 1:0000000072197CCC [4145] to 00000000DCF2A6E2 --- Type 0001:01 (IM:StatusResponse) (B:42)
10:03:37.056  uart:~$ uart:~$ [00:14:43.977,000] <dbg> chip.LogV: [EM]Generating StandaloneAck via exchange: 25166i
10:03:37.086  uart:~$ uart:~$ [00:14:43.978,000] <dbg> chip.LogV: [EM]Forcing tx of solitary ack for duplicate MessageCounter:187351220 on exchange 25166i
10:03:37.126  uart:~$ uart:~$ [00:14:43.979,000] <inf> chip: [EM]<<< [E:25166i S:31647 M:100832001 (Ack:187351220)] (S) Msg TX from 00000000DCF2A6E2 to 1:0000000072197CCC [4145] [UDP:[fe80::84a:18c1:cea4:c124%ETH_W5500]:52967] --- Type 0000:10 (SecureChannel:StandaloneAck) (B:34)
10:03:37.167  uart:~$ uart:~$ [00:14:43.988,000] <inf> chip: [EM]>>> [E:63779r S:31647 M:187351221 (Ack:100831992)] (S) Msg RX from 1:0000000072197CCC [4145] to 00000000DCF2A6E2 --- Type 0000:10 (SecureChannel:StandaloneAck) (B:34)
10:03:37.217  uart:~$ uart:~$ [00:14:43.990,000] <inf> chip: [EM]>>> [E:25166i S:31647 M:187351222 (Ack:100831993)] (S) Msg RX from 1:0000000072197CCC [4145] to 00000000DCF2A6E2 --- Type 0000:10 (SecureChannel:StandaloneAck) (B:34)
10:03:37.237  uart:~$ uart:~$ [00:14:43.991,000] <dbg> chip.LogV: [IN]Received a duplicate message with MessageCounter:187351219 on exchange 63780r
10:03:37.302  uart:~$ uart:~$ [00:14:44.325,000] <inf> chip: [EM]>>> [E:63780r S:31647 M:187351219] (S) Msg RX from 1:0000000072197CCC [4145] to 00000000DCF2A6E2 --- Type 0001:08 (IM:InvokeCommandRequest) (B:59)
10:03:37.323  uart:~$ uart:~$ [00:14:44.326,000] <dbg> chip.LogV: [EM]Found matching exchange: 63780r, Delegate: 0
10:03:37.366  uart:~$ uart:~$ [00:14:44.326,000] <dbg> chip.LogV: [EM]Forcing tx of solitary ack for duplicate MessageCounter:187351219 on exchange 63780r
10:03:37.416  uart:~$ uart:~$ [00:14:44.327,000] <inf> chip: [EM]<<< [E:63780r S:31647 M:100832002 (Ack:187351219)] (S) Msg TX from 00000000DCF2A6E2 to 1:0000000072197CCC [4145] [UDP:[fe80::84a:18c1:cea4:c124%ETH_W5500]:52967] --- Type 0000:10 (SecureChannel:StandaloneAck) (B:34)
10:03:37.436  uart:~$ uart:~$ [00:14:44.335,000] <inf> chip: [EM]<<1 [E:25167i S:31647 M:100831999] (S) Msg Retransmission to 1:0000000072197CCC
10:03:37.476  uart:~$ uart:~$ [00:14:44.342,000] <inf> chip: [EM]??2 [E:25167i S:31647 M:100831999] (S) Msg Retransmission to 1:0000000072197CCC scheduled for 352ms from now [State:Active II:500 AI:300 AT:4000]
10:03:37.496  uart:~$ uart:~$ [00:14:44.344,000] <dbg> chip.LogV: [IN]Received a duplicate message with MessageCounter:187351220 on exchange 25166i
10:03:37.537  uart:~$ uart:~$ [00:14:44.344,000] <inf> chip: [EM]>>> [E:25166i S:31647 M:187351220 (Ack:100831993)] (S) Msg RX from 1:0000000072197CCC [4145] to 00000000DCF2A6E2 --- Type 0001:01 (IM:StatusResponse) (B:42)
10:03:37.557  uart:~$ uart:~$ [00:14:44.349,000] <dbg> chip.LogV: [EM]Generating StandaloneAck via exchange: 25166i
10:03:37.588  uart:~$ uart:~$ [00:14:44.349,000] <dbg> chip.LogV: [EM]Forcing tx of solitary ack for duplicate MessageCounter:187351220 on exchange 25166i
10:03:37.683  uart:~$ uart:~$ [00:14:44.679,000] <inf> chip: [EM]<<< [E:25166i S:31647 M:100832003 (Ack:187351220)] (S) Msg TX from 00000000DCF2A6E2 to 1:0000000072197CCC [4145] [UDP:[fe80::84a:18c1:cea4:c124%ETH_W5500]:52967] --- Type 0000:10 (SecureChannel:StandaloneAck) (B:34)
10:03:37.703  uart:~$ uart:~$ [00:14:44.686,000] <inf> chip: [EM]<<2 [E:63780r S:31647 M:100831997] (S) Msg Retransmission to 1:0000000072197CCC
10:03:37.733  uart:~$ uart:~$ [00:14:44.694,000] <inf> chip: [EM]??3 [E:63780r S:31647 M:100831997] (S) Msg Retransmission to 1:0000000072197CCC scheduled for 550ms from now [State:Active II:500 AI:300 AT:4000]
10:03:37.763  uart:~$ uart:~$ [00:14:44.695,000] <dbg> chip.LogV: [IN]Received a duplicate message with MessageCounter:187351220 on exchange 25166i
10:03:37.803  uart:~$ uart:~$ [00:14:44.700,000] <inf> chip: [EM]>>> [E:25166i S:31647 M:187351220 (Ack:100831993)] (S) Msg RX from 1:0000000072197CCC [4145] to 00000000DCF2A6E2 --- Type 0001:01 (IM:StatusResponse) (B:42)
10:03:37.823  uart:~$ uart:~$ [00:14:44.700,000] <dbg> chip.LogV: [EM]Generating StandaloneAck via exchange: 25166i
10:03:37.853  uart:~$ uart:~$ [00:14:44.700,000] <dbg> chip.LogV: [EM]Forcing tx of solitary ack for duplicate MessageCounter:187351220 on exchange 25166i
10:03:37.896  uart:~$ uart:~$ [00:14:44.702,000] <inf> chip: [EM]<<< [E:25166i S:31647 M:100832004 (Ack:187351220)] (S) Msg TX from 00000000DCF2A6E2 to 1:0000000072197CCC [4145] [UDP:[fe80::84a:18c1:cea4:c124%ETH_W5500]:52967] --- Type 0000:10 (SecureChannel:StandaloneAck) (B:34)
10:03:37.921  uart:~$ uart:~$ [00:14:44.709,000] <inf> chip: [EM]<<2 [E:25167i S:31647 M:100831999] (S) Msg Retransmission to 1:0000000072197CCC
10:03:37.964  uart:~$ uart:~$ [00:14:44.717,000] <inf> chip: [EM]??3 [E:25167i S:31647 M:100831999] (S) Msg Retransmission to 1:0000000072197CCC scheduled for 623ms from now [State:Active II:500 AI:300 AT:4000]
10:03:38.008  uart:~$ uart:~$ [00:14:45.050,000] <dbg> chip.LogV: [IN]Received a duplicate message with MessageCounter:187351219 on exchange 63780r
10:03:38.048  uart:~$ uart:~$ [00:14:45.051,000] <inf> chip: [EM]>>> [E:63780r S:31647 M:187351219] (S) Msg RX from 1:0000000072197CCC [4145] to 00000000DCF2A6E2 --- Type 0001:08 (IM:InvokeCommandRequest) (B:59)
10:03:38.068  uart:~$ uart:~$ [00:14:45.051,000] <dbg> chip.LogV: [EM]Found matching exchange: 63780r, Delegate: 0
10:03:38.098  uart:~$ uart:~$ [00:14:45.051,000] <dbg> chip.LogV: [EM]Forcing tx of solitary ack for duplicate MessageCounter:187351219 on exchange 63780r
10:03:38.139  uart:~$ uart:~$ [00:14:45.052,000] <inf> chip: [EM]<<< [E:63780r S:31647 M:100832005 (Ack:187351219)] (S) Msg TX from 00000000DCF2A6E2 to 1:0000000072197CCC [4145] [UDP:[fe80::84a:18c1:cea4:c124%ETH_W5500]:52967] --- Type 0000:10 (SecureChannel:StandaloneAck) (B:34)
10:03:38.179  uart:~$ uart:~$ [00:14:45.061,000] <inf> chip: [EM]>>> [E:63780r S:31647 M:187351223 (Ack:100831997)] (S) Msg RX from 1:0000000072197CCC [4145] to 00000000DCF2A6E2 --- Type 0000:10 (SecureChannel:StandaloneAck) (B:34)
10:03:38.211  uart:~$ uart:~$ [00:14:45.061,000] <dbg> chip.LogV: [EM]Found matching exchange: 63780r, Delegate: 0
10:03:38.231  uart:~$ uart:~$ [00:14:45.062,000] <dbg> chip.LogV: [EM]Rxd Ack; Removing MessageCounter:100831997 from Retrans Table on exchange 63780r
10:03:38.271  uart:~$ uart:~$ [00:14:45.073,000] <inf> chip: [EM]>>> [E:63781r S:31647 M:187351224] (S) Msg RX from 1:0000000072197CCC [4145] to 00000000DCF2A6E2 --- Type 0001:08 (IM:InvokeCommandRequest) (B:59)
10:03:38.291  uart:~$ uart:~$ [00:14:45.073,000] <dbg> chip.LogV: [EM]Handling via exchange: 63781r, Delegate: 0x20014644
10:03:38.322  uart:~$ uart:~$ [00:14:45.379,000] <dbg> chip.LogV: [DMG]Received command for Endpoint=1 Cluster=0x0000_0006 Command=0x0000_0001
10:03:38.342  uart:~$ uart:~$ [00:14:45.380,000] <inf> chip: [ZCL]Toggle ep1 on/off from state 0 to 1
10:03:38.362  uart:~$ uart:~$ [00:14:45.380,000] <inf> chip: [ZCL]On Command - OffWaitTime :  0
10:03:38.382  uart:~$ uart:~$ [00:14:45.380,000] <inf> chip: [ZCL]On/Toggle Command - Stop Timer
10:03:38.413  uart:~$ uart:~$ [00:14:45.382,000] <dbg> chip.LogV: [DMG]Endpoint 1, Cluster 0x0000_0006 update version to 11e0b6e6
10:03:38.433  uart:~$ uart:~$ [00:14:45.384,000] <dbg> chip.LogV: [DMG]Cannot merge the new path into any existing path, create one.
10:03:38.454  uart:~$ uart:~$ [00:14:45.384,000] <inf> matter_event_loop: Call cluster ID: 6, Attribute ID: 0
10:03:38.474  uart:~$ uart:~$ [00:14:45.384,000] <inf> matter_event_loop: Matter OnOff changed: endpoint=1 state=1
10:03:38.494  uart:~$ uart:~$ [00:14:45.384,000] <inf> io: io event handled: evt.io_event = 3, evt.bool_data = 1, evt.event_direction = 1
10:03:38.514  uart:~$ uart:~$ [00:14:45.386,000] <dbg> chip.LogV: [DMG]Command handler moving to [NewRespons]
10:03:38.558  uart:~$ uart:~$ [00:14:45.605,000] <dbg> chip.LogV: [DMG]Command handler moving to [ Preparing]
10:03:38.578  uart:~$ uart:~$ [00:14:45.605,000] <dbg> chip.LogV: [DMG]Command handler moving to [AddingComm]
10:03:38.608  uart:~$ uart:~$ [00:14:45.606,000] <dbg> chip.LogV: [DMG]Command handler moving to [AddedComma]
10:03:38.628  uart:~$ uart:~$ [00:14:45.606,000] <dbg> chip.LogV: [DMG]Decreasing reference count for CommandHandlerImpl, remaining 1
10:03:38.648  uart:~$ uart:~$ [00:14:45.606,000] <dbg> chip.LogV: [DMG]Decreasing reference count for CommandHandlerImpl, remaining 0
10:03:38.668  uart:~$ uart:~$ [00:14:45.607,000] <dbg> chip.LogV: [DMG]Command handler moving to [AwaitingDe]
10:03:38.719  uart:~$ uart:~$ [00:14:45.608,000] <inf> chip: [EM]<<< [E:63781r S:31647 M:100832006 (Ack:187351224)] (S) Msg TX from 00000000DCF2A6E2 to 1:0000000072197CCC [4145] [UDP:[fe80::84a:18c1:cea4:c124%ETH_W5500]:52967] --- Type 0001:09 (IM:InvokeCommandResponse) (B:67)
10:03:38.749  uart:~$ uart:~$ [00:14:45.615,000] <inf> chip: [EM]??1 [E:63781r S:31647 M:100832006] (S) Msg Retransmission to 1:0000000072197CCC scheduled for 347ms from now [State:Active II:500 AI:300 AT:4000]
10:03:38.769  uart:~$ uart:~$ [00:14:45.616,000] <dbg> chip.LogV: [DMG]Command response sender moving to [AllInvokeR]
10:03:38.809  uart:~$ uart:~$ [00:14:45.617,000] <inf> chip: [EM]<<3 [E:25167i S:31647 M:100831999] (S) Msg Retransmission to 1:0000000072197CCC
10:03:38.864  uart:~$ uart:~$ [00:14:45.900,000] <inf> chip: [EM]??4 [E:25167i S:31647 M:100831999] (S) Msg Retransmission to 1:0000000072197CCC scheduled for 1016ms from now [State:Active II:500 AI:300 AT:4000]
10:03:38.905  uart:~$ uart:~$ [00:14:45.905,000] <inf> chip: [EM]>>> [E:25166i S:31647 M:187351225 (Ack:100831993)] (S) Msg RX from 1:0000000072197CCC [4145] to 00000000DCF2A6E2 --- Type 0000:10 (SecureChannel:StandaloneAck) (B:34)
10:03:38.935  uart:~$ uart:~$ [00:14:45.907,000] <dbg> chip.LogV: [IN]Received a duplicate message with MessageCounter:187351224 on exchange 63781r
10:03:38.975  uart:~$ uart:~$ [00:14:45.908,000] <inf> chip: [EM]>>> [E:63781r S:31647 M:187351224] (S) Msg RX from 1:0000000072197CCC [4145] to 00000000DCF2A6E2 --- Type 0001:08 (IM:InvokeCommandRequest) (B:59)
10:03:38.996  uart:~$ uart:~$ [00:14:45.908,000] <dbg> chip.LogV: [EM]Found matching exchange: 63781r, Delegate: 0
10:03:39.026  uart:~$ uart:~$ [00:14:45.908,000] <dbg> chip.LogV: [EM]Forcing tx of solitary ack for duplicate MessageCounter:187351224 on exchange 63781r
10:03:39.076  uart:~$ uart:~$ [00:14:45.909,000] <inf> chip: [EM]<<< [E:63781r S:31647 M:100832007 (Ack:187351224)] (S) Msg TX from 00000000DCF2A6E2 to 1:0000000072197CCC [4145] [UDP:[fe80::84a:18c1:cea4:c124%ETH_W5500]:52967] --- Type 0000:10 (SecureChannel:StandaloneAck) (B:34)
10:03:39.106  uart:~$ uart:~$ [00:14:45.918,000] <inf> chip: [EM]>>> [E:25167i S:31647 M:187351226 (Ack:100831999)] (S) Msg RX from 1:0000000072197CCC [4145] to 00000000DCF2A6E2 --- Type 0001:01 (IM:StatusResponse) (B:42)
10:03:39.126  uart:~$ uart:~$ [00:14:45.918,000] <dbg> chip.LogV: [EM]Found matching exchange: 25167i, Delegate: 0x20016268
10:03:39.156  uart:~$ uart:~$ [00:14:45.919,000] <dbg> chip.LogV: [EM]Rxd Ack; Removing MessageCounter:100831999 from Retrans Table on exchange 25167i
10:03:39.211  uart:~$ uart:~$ [00:14:46.244,000] <inf> chip: [IM]Received status response, status is 0x00
10:03:39.231  uart:~$ uart:~$ [00:14:46.244,000] <dbg> chip.LogV: [DMG]<RE> OnReportConfirm: NumReports = 0
10:03:39.251  uart:~$ uart:~$ [00:14:46.244,000] <dbg> chip.LogV: [DMG]IM RH moving to [CanStartReporting]
10:03:39.302  uart:~$ uart:~$ [00:14:46.246,000] <inf> chip: [EM]<<< [E:25167i S:31647 M:100832008 (Ack:187351226)] (S) Msg TX from 00000000DCF2A6E2 to 1:0000000072197CCC [4145] [UDP:[fe80::84a:18c1:cea4:c124%ETH_W5500]:52967] --- Type 0000:10 (SecureChannel:StandaloneAck) (B:34)
10:03:39.322  uart:~$ uart:~$ [00:14:46.252,000] <dbg> chip.LogV: [EM]Flushed pending ack for MessageCounter:187351226 on exchange 25167i
10:03:39.352  uart:~$ uart:~$ [00:14:46.253,000] <inf> chip: [EM]<<1 [E:63781r S:31647 M:100832006] (S) Msg Retransmission to 1:0000000072197CCC
10:03:39.382  uart:~$ uart:~$ [00:14:46.261,000] <inf> chip: [EM]??2 [E:63781r S:31647 M:100832006] (S) Msg Retransmission to 1:0000000072197CCC scheduled for 339ms from now [State:Active II:500 AI:300 AT:4000]
10:03:39.424  uart:~$ uart:~$ [00:14:46.261,000] <dbg> chip.LogV: [DMG]Building Reports for ReadHandler with LastReportGeneration = 0x0000005A DirtyGeneration = 0x0000005B
10:03:39.444  uart:~$ uart:~$ [00:14:46.272,000] <dbg> chip.LogV: [DMG]<RE:Run> Cluster 6, Attribute 0 is dirty
10:03:39.475  uart:~$ uart:~$ [00:14:46.274,000] <dbg> chip.LogV: [DMG]Reading attribute: Cluster=0x0000_0006 Endpoint=0x1 AttributeId=0x0000_0000 (expanded=1)
10:03:39.519  uart:~$ uart:~$ [00:14:46.568,000] <dbg> chip.LogV: [DMG]Fetched 0 events
10:03:39.539  uart:~$ uart:~$ [00:14:46.569,000] <dbg> chip.LogV: [DMG]<RE> Sending report (payload has 39 bytes)...
10:03:39.579  uart:~$ uart:~$ [00:14:46.570,000] <inf> chip: [EM]<<< [E:25168i S:31647 M:100832009] (S) Msg TX from 00000000DCF2A6E2 to 1:0000000072197CCC [4145] [UDP:[fe80::84a:18c1:cea4:c124%ETH_W5500]:52967] --- Type 0001:05 (IM:ReportData) (B:69)
10:03:39.620  uart:~$ uart:~$ [00:14:46.578,000] <inf> chip: [EM]??1 [E:25168i S:31647 M:100832009] (S) Msg Retransmission to 1:0000000072197CCC scheduled for 340ms from now [State:Active II:500 AI:300 AT:4000]
10:03:39.640  uart:~$ uart:~$ [00:14:46.579,000] <dbg> chip.LogV: [DMG]IM RH moving to [AwaitingReportResponse]
10:03:39.660  uart:~$ uart:~$ [00:14:46.579,000] <dbg> chip.LogV: [DMG]<RE> ReportsInFlight = 1 with readHandler 0, RE has no more messages
10:03:39.680  uart:~$ uart:~$ [00:14:46.579,000] <dbg> chip.LogV: [DMG]All ReadHandler-s are clean, clear GlobalDirtySet
10:03:39.710  uart:~$ uart:~$ [00:14:46.580,000] <dbg> chip.LogV: [IN]Received a duplicate message with MessageCounter:187351224 on exchange 63781r
10:03:39.741  uart:~$ uart:~$ [00:14:46.581,000] <inf> chip: [EM]>>> [E:63781r S:31647 M:187351224] (S) Msg RX from 1:0000000072197CCC [4145] to 00000000DCF2A6E2 --- Type 0001:08 (IM:InvokeCommandRequest) (B:59)
10:03:39.761  uart:~$ uart:~$ [00:14:46.581,000] <dbg> chip.LogV: [EM]Found matching exchange: 63781r, Delegate: 0
10:03:39.825  uart:~$ uart:~$ [00:14:46.853,000] <dbg> chip.LogV: [EM]Forcing tx of solitary ack for duplicate MessageCounter:187351224 on exchange 63781r
10:03:39.876  uart:~$ uart:~$ [00:14:46.854,000] <inf> chip: [EM]<<< [E:63781r S:31647 M:100832010 (Ack:187351224)] (S) Msg TX from 00000000DCF2A6E2 to 1:0000000072197CCC [4145] [UDP:[fe80::84a:18c1:cea4:c124%ETH_W5500]:52967] --- Type 0000:10 (SecureChannel:StandaloneAck) (B:34)
10:03:39.906  uart:~$ uart:~$ [00:14:46.862,000] <inf> chip: [EM]<<2 [E:63781r S:31647 M:100832006] (S) Msg Retransmission to 1:0000000072197CCC
10:03:39.936  uart:~$ uart:~$ [00:14:46.869,000] <inf> chip: [EM]??3 [E:63781r S:31647 M:100832006] (S) Msg Retransmission to 1:0000000072197CCC scheduled for 551ms from now [State:Active II:500 AI:300 AT:4000]
10:03:39.976  uart:~$ uart:~$ [00:14:46.871,000] <inf> chip: [EM]>>> [E:63780r S:31647 M:187351227 (Ack:100831997)] (S) Msg RX from 1:0000000072197CCC [4145] to 00000000DCF2A6E2 --- Type 0000:10 (SecureChannel:StandaloneAck) (B:34)
10:03:39.996  uart:~$ uart:~$ [00:14:46.877,000] <dbg> chip.LogV: [IN]Received a duplicate message with MessageCounter:187351226 on exchange 25167i
10:03:40.047  uart:~$ uart:~$ [00:14:46.877,000] <inf> chip: [EM]>>> [E:25167i S:31647 M:187351226 (Ack:100831999)] (S) Msg RX from 1:0000000072197CCC [4145] to 00000000DCF2A6E2 --- Type 0001:01 (IM:StatusResponse) (B:42)
10:03:40.067  uart:~$ uart:~$ [00:14:46.878,000] <dbg> chip.LogV: [EM]Generating StandaloneAck via exchange: 25167i
10:03:40.087  uart:~$ uart:~$ [00:14:46.878,000] <dbg> chip.LogV: [EM]Forcing tx of solitary ack for duplicate MessageCounter:187351226 on exchange 25167i
10:03:40.137  uart:~$ uart:~$ [00:14:46.879,000] <inf> chip: [EM]<<< [E:25167i S:31647 M:100832011 (Ack:187351226)] (S) Msg TX from 00000000DCF2A6E2 to 1:0000000072197CCC [4145] [UDP:[fe80::84a:18c1:cea4:c124%ETH_W5500]:52967] --- Type 0000:10 (SecureChannel:StandaloneAck) (B:34)
10:03:40.193  uart:~$ uart:~$ [00:14:47.231,000] <inf> chip: [EM]<<1 [E:25168i S:31647 M:100832009] (S) Msg Retransmission to 1:0000000072197CCC
10:03:40.234  uart:~$ uart:~$ [00:14:47.239,000] <inf> chip: [EM]??2 [E:25168i S:31647 M:100832009] (S) Msg Retransmission to 1:0000000072197CCC scheduled for 409ms from now [State:Active II:500 AI:300 AT:4000]
10:03:40.274  uart:~$ uart:~$ [00:14:47.241,000] <inf> chip: [EM]>>> [E:25167i S:31647 M:187351228 (Ack:100831999)] (S) Msg RX from 1:0000000072197CCC [4145] to 00000000DCF2A6E2 --- Type 0000:10 (SecureChannel:StandaloneAck) (B:34)
10:03:40.304  uart:~$ uart:~$ [00:14:47.247,000] <dbg> chip.LogV: [IN]Received a duplicate message with MessageCounter:187351224 on exchange 63781r
10:03:40.335  uart:~$ uart:~$ [00:14:47.247,000] <inf> chip: [EM]>>> [E:63781r S:31647 M:187351224] (S) Msg RX from 1:0000000072197CCC [4145] to 00000000DCF2A6E2 --- Type 0001:08 (IM:InvokeCommandRequest) (B:59)
10:03:40.355  uart:~$ uart:~$ [00:14:47.247,000] <dbg> chip.LogV: [EM]Found matching exchange: 63781r, Delegate: 0
10:03:40.385  uart:~$ uart:~$ [00:14:47.248,000] <dbg> chip.LogV: [EM]Forcing tx of solitary ack for duplicate MessageCounter:187351224 on exchange 63781r
10:03:40.436  uart:~$ uart:~$ [00:14:47.249,000] <inf> chip: [EM]<<< [E:63781r S:31647 M:100832012 (Ack:187351224)] (S) Msg TX from 00000000DCF2A6E2 to 1:0000000072197CCC [4145] [UDP:[fe80::84a:18c1:cea4:c124%ETH_W5500]:52967] --- Type 0000:10 (SecureChannel:StandaloneAck) (B:34)
10:03:40.466  uart:~$ uart:~$ [00:14:47.257,000] <dbg> chip.LogV: [IN]Received a duplicate message with MessageCounter:187351226 on exchange 25167i
10:03:40.496  uart:~$ uart:~$ [00:14:47.258,000] <inf> chip: [EM]>>> [E:25167i S:31647 M:187351226 (Ack:100831999)] (S) Msg RX from 1:0000000072197CCC [4145] to 00000000DCF2A6E2 --- Type 0001:01 (IM:StatusResponse) (B:42)
10:03:40.550  uart:~$ uart:~$ [00:14:47.587,000] <dbg> chip.LogV: [EM]Generating StandaloneAck via exchange: 25167i
10:03:40.570  uart:~$ uart:~$ [00:14:47.588,000] <dbg> chip.LogV: [EM]Forcing tx of solitary ack for duplicate MessageCounter:187351226 on exchange 25167i
10:03:40.621  uart:~$ uart:~$ [00:14:47.589,000] <inf> chip: [EM]<<< [E:25167i S:31647 M:100832013 (Ack:187351226)] (S) Msg TX from 00000000DCF2A6E2 to 1:0000000072197CCC [4145] [UDP:[fe80::84a:18c1:cea4:c124%ETH_W5500]:52967] --- Type 0000:10 (SecureChannel:StandaloneAck) (B:34)
10:03:40.651  uart:~$ uart:~$ [00:14:47.597,000] <inf> chip: [EM]<<3 [E:63781r S:31647 M:100832006] (S) Msg Retransmission to 1:0000000072197CCC
10:03:40.691  uart:~$ uart:~$ [00:14:47.604,000] <inf> chip: [EM]??4 [E:63781r S:31647 M:100832006] (S) Msg Retransmission to 1:0000000072197CCC scheduled for 861ms from now [State:Active II:500 AI:300 AT:4000]
10:03:40.731  uart:~$ uart:~$ [00:14:47.606,000] <inf> chip: [EM]>>> [E:63780r S:31647 M:187351229 (Ack:100831997)] (S) Msg RX from 1:0000000072197CCC [4145] to 00000000DCF2A6E2 --- Type 0000:10 (SecureChannel:StandaloneAck) (B:34)
10:03:40.761  uart:~$ uart:~$ [00:14:47.612,000] <inf> chip: [EM]>>> [E:25167i S:31647 M:187351230 (Ack:100831999)] (S) Msg RX from 1:0000000072197CCC [4145] to 00000000DCF2A6E2 --- Type 0000:10 (SecureChannel:StandaloneAck) (B:34)
10:03:40.791  uart:~$ uart:~$ [00:14:47.614,000] <dbg> chip.LogV: [IN]Received a duplicate message with MessageCounter:187351226 on exchange 25167i
10:03:40.835  uart:~$ uart:~$ [00:14:47.614,000] <inf> chip: [EM]>>> [E:25167i S:31647 M:187351226 (Ack:100831999)] (S) Msg RX from 1:0000000072197CCC [4145] to 00000000DCF2A6E2 --- Type 0001:01 (IM:StatusResponse) (B:42)
10:03:40.855  uart:~$ uart:~$ [00:14:47.615,000] <dbg> chip.LogV: [EM]Generating StandaloneAck via exchange: 25167i
10:03:40.919  uart:~$ uart:~$ [00:14:47.946,000] <dbg> chip.LogV: [EM]Forcing tx of solitary ack for duplicate MessageCounter:187351226 on exchange 25167i
10:03:40.959  uart:~$ uart:~$ [00:14:47.948,000] <inf> chip: [EM]<<< [E:25167i S:31647 M:100832014 (Ack:187351226)] (S) Msg TX from 00000000DCF2A6E2 to 1:0000000072197CCC [4145] [UDP:[fe80::84a:18c1:cea4:c124%ETH_W5500]:52967] --- Type 0000:10 (SecureChannel:StandaloneAck) (B:34)
10:03:40.990  uart:~$ uart:~$ [00:14:47.955,000] <inf> chip: [EM]<<2 [E:25168i S:31647 M:100832009] (S) Msg Retransmission to 1:0000000072197CCC
10:03:41.020  uart:~$ uart:~$ [00:14:47.963,000] <inf> chip: [EM]??3 [E:25168i S:31647 M:100832009] (S) Msg Retransmission to 1:0000000072197CCC scheduled for 608ms from now [State:Active II:500 AI:300 AT:4000]
10:03:41.061  uart:~$ uart:~$ [00:14:47.964,000] <dbg> chip.LogV: [IN]Received a duplicate message with MessageCounter:187351224 on exchange 63781r
10:03:41.092  uart:~$ uart:~$ [00:14:47.969,000] <inf> chip: [EM]>>> [E:63781r S:31647 M:187351224] (S) Msg RX from 1:0000000072197CCC [4145] to 00000000DCF2A6E2 --- Type 0001:08 (IM:InvokeCommandRequest) (B:59)
10:03:41.112  uart:~$ uart:~$ [00:14:47.969,000] <dbg> chip.LogV: [EM]Found matching exchange: 63781r, Delegate: 0
10:03:41.142  uart:~$ uart:~$ [00:14:47.969,000] <dbg> chip.LogV: [EM]Forcing tx of solitary ack for duplicate MessageCounter:187351224 on exchange 63781r
10:03:41.182  uart:~$ uart:~$ [00:14:47.971,000] <inf> chip: [EM]<<< [E:63781r S:31647 M:100832015 (Ack:187351224)] (S) Msg TX from 00000000DCF2A6E2 to 1:0000000072197CCC [4145] [UDP:[fe80::84a:18c1:cea4:c124%ETH_W5500]:52967] --- Type 0000:10 (SecureChannel:StandaloneAck) (B:34)
10:03:41.222  uart:~$ uart:~$ [00:14:47.979,000] <inf> chip: [EM]>>> [E:63781r S:31647 M:187351231 (Ack:100832006)] (S) Msg RX from 1:0000000072197CCC [4145] to 00000000DCF2A6E2 --- Type 0000:10 (SecureChannel:StandaloneAck) (B:34)
10:03:41.265  uart:~$ uart:~$ [00:14:48.309,000] <dbg> chip.LogV: [EM]Found matching exchange: 63781r, Delegate: 0
10:03:41.285  uart:~$ uart:~$ [00:14:48.310,000] <dbg> chip.LogV: [EM]Rxd Ack; Removing MessageCounter:100832006 from Retrans Table on exchange 63781r
10:03:41.325  uart:~$ uart:~$ [00:14:48.312,000] <inf> chip: [EM]>>> [E:63782r S:31647 M:187351232] (S) Msg RX from 1:0000000072197CCC [4145] to 00000000DCF2A6E2 --- Type 0001:08 (IM:InvokeCommandRequest) (B:59)
10:03:41.345  uart:~$ uart:~$ [00:14:48.312,000] <dbg> chip.LogV: [EM]Handling via exchange: 63782r, Delegate: 0x20014644
10:03:41.366  uart:~$ uart:~$ [00:14:48.314,000] <dbg> chip.LogV: [DMG]Received command for Endpoint=2 Cluster=0x0000_0006 Command=0x0000_0001
10:03:41.386  uart:~$ uart:~$ [00:14:48.315,000] <inf> chip: [ZCL]Toggle ep2 on/off from state 0 to 1
10:03:41.406  uart:~$ uart:~$ [00:14:48.315,000] <inf> chip: [ZCL]On Command - OffWaitTime :  0
10:03:41.426  uart:~$ uart:~$ [00:14:48.324,000] <inf> chip: [ZCL]On/Toggle Command - Stop Timer
10:03:41.457  uart:~$ uart:~$ [00:14:48.326,000] <dbg> chip.LogV: [DMG]Endpoint 2, Cluster 0x0000_0006 update version to b6237347
10:03:41.477  uart:~$ uart:~$ [00:14:48.328,000] <dbg> chip.LogV: [DMG]Cannot merge the new path into any existing path, create one.
10:03:41.497  uart:~$ uart:~$ [00:14:48.565,000] <inf> matter_event_loop: Call cluster ID: 6, Attribute ID: 0
10:03:41.527  uart:~$ uart:~$ [00:14:48.565,000] <inf> matter_event_loop: Matter OnOff changed: endpoint=2 state=1
10:03:41.547  uart:~$ uart:~$ [00:14:48.566,000] <inf> io: io event handled: evt.io_event = 4, evt.bool_data = 1, evt.event_direction = 1
10:03:41.568  uart:~$ uart:~$ [00:14:48.567,000] <dbg> chip.LogV: [DMG]Command handler moving to [NewRespons]
10:03:41.588  uart:~$ uart:~$ [00:14:48.567,000] <dbg> chip.LogV: [DMG]Command handler moving to [ Preparing]
10:03:41.608  uart:~$ uart:~$ [00:14:48.567,000] <dbg> chip.LogV: [DMG]Command handler moving to [AddingComm]
10:03:41.628  uart:~$ uart:~$ [00:14:48.567,000] <dbg> chip.LogV: [DMG]Command handler moving to [AddedComma]
10:03:41.659  uart:~$ uart:~$ [00:14:48.568,000] <dbg> chip.LogV: [DMG]Decreasing reference count for CommandHandlerImpl, remaining 1
10:03:41.679  uart:~$ uart:~$ [00:14:48.568,000] <dbg> chip.LogV: [DMG]Decreasing reference count for CommandHandlerImpl, remaining 0
10:03:41.699  uart:~$ uart:~$ [00:14:48.568,000] <dbg> chip.LogV: [DMG]Command handler moving to [AwaitingDe]
10:03:41.785  uart:~$ uart:~$ [00:14:48.790,000] <inf> chip: [EM]<<< [E:63782r S:31647 M:100832016 (Ack:187351232)] (S) Msg TX from 00000000DCF2A6E2 to 1:0000000072197CCC [4145] [UDP:[fe80::84a:18c1:cea4:c124%ETH_W5500]:52967] --- Type 0001:09 (IM:InvokeCommandResponse) (B:67)
10:03:41.815  uart:~$ uart:~$ [00:14:48.797,000] <inf> chip: [EM]??1 [E:63782r S:31647 M:100832016] (S) Msg Retransmission to 1:0000000072197CCC scheduled for 366ms from now [State:Active II:500 AI:300 AT:4000]
10:03:41.835  uart:~$ uart:~$ [00:14:48.798,000] <dbg> chip.LogV: [DMG]Command response sender moving to [AllInvokeR]
10:03:41.867  uart:~$ uart:~$ [00:14:48.799,000] <inf> chip: [EM]<<3 [E:25168i S:31647 M:100832009] (S) Msg Retransmission to 1:0000000072197CCC
10:03:41.907  uart:~$ uart:~$ [00:14:48.820,000] <inf> chip: [EM]??4 [E:25168i S:31647 M:100832009] (S) Msg Retransmission to 1:0000000072197CCC scheduled for 996ms from now [State:Active II:500 AI:300 AT:4000]
10:03:41.947  uart:~$ uart:~$ [00:14:48.822,000] <inf> chip: [EM]>>> [E:25167i S:31647 M:187351233 (Ack:100831999)] (S) Msg RX from 1:0000000072197CCC [4145] to 00000000DCF2A6E2 --- Type 0000:10 (SecureChannel:StandaloneAck) (B:34)
10:03:41.967  uart:~$ uart:~$ [00:14:48.824,000] <dbg> chip.LogV: [IN]Received a duplicate message with MessageCounter:187351232 on exchange 63782r
10:03:42.008  uart:~$ uart:~$ [00:14:48.825,000] <inf> chip: [EM]>>> [E:63782r S:31647 M:187351232] (S) Msg RX from 1:0000000072197CCC [4145] to 00000000DCF2A6E2 --- Type 0001:08 (IM:InvokeCommandRequest) (B:59)
10:03:42.028  uart:~$ uart:~$ [00:14:48.825,000] <dbg> chip.LogV: [EM]Found matching exchange: 63782r, Delegate: 0
10:03:42.058  uart:~$ uart:~$ [00:14:48.825,000] <dbg> chip.LogV: [EM]Forcing tx of solitary ack for duplicate MessageCounter:187351232 on exchange 63782r
10:03:42.136  uart:~$ uart:~$ [00:14:49.147,000] <inf> chip: [EM]<<< [E:63782r S:31647 M:100832017 (Ack:187351232)] (S) Msg TX from 00000000DCF2A6E2 to 1:0000000072197CCC [4145] [UDP:[fe80::84a:18c1:cea4:c124%ETH_W5500]:52967] --- Type 0000:10 (SecureChannel:StandaloneAck) (B:34)
10:03:42.166  uart:~$ uart:~$ [00:14:49.155,000] <dbg> chip.LogV: [IN]Received a duplicate message with MessageCounter:187351226 on exchange 25167i
10:03:42.206  uart:~$ uart:~$ [00:14:49.155,000] <inf> chip: [EM]>>> [E:25167i S:31647 M:187351226 (Ack:100831999)] (S) Msg RX from 1:0000000072197CCC [4145] to 00000000DCF2A6E2 --- Type 0001:01 (IM:StatusResponse) (B:42)
10:03:42.226  uart:~$ uart:~$ [00:14:49.156,000] <dbg> chip.LogV: [EM]Generating StandaloneAck via exchange: 25167i
10:03:42.258  uart:~$ uart:~$ [00:14:49.156,000] <dbg> chip.LogV: [EM]Forcing tx of solitary ack for duplicate MessageCounter:187351226 on exchange 25167i
10:03:42.298  uart:~$ uart:~$ [00:14:49.157,000] <inf> chip: [EM]<<< [E:25167i S:31647 M:100832018 (Ack:187351226)] (S) Msg TX from 00000000DCF2A6E2 to 1:0000000072197CCC [4145] [UDP:[fe80::84a:18c1:cea4:c124%ETH_W5500]:52967] --- Type 0000:10 (SecureChannel:StandaloneAck) (B:34)
10:03:42.328  uart:~$ uart:~$ [00:14:49.165,000] <inf> chip: [EM]<<1 [E:63782r S:31647 M:100832016] (S) Msg Retransmission to 1:0000000072197CCC
10:03:42.359  uart:~$ uart:~$ [00:14:49.173,000] <inf> chip: [EM]??2 [E:63782r S:31647 M:100832016] (S) Msg Retransmission to 1:0000000072197CCC scheduled for 386ms from now [State:Active II:500 AI:300 AT:4000]
10:03:42.399  uart:~$ uart:~$ [00:14:49.175,000] <inf> chip: [EM]>>> [E:63781r S:31647 M:187351234 (Ack:100832006)] (S) Msg RX from 1:0000000072197CCC [4145] to 00000000DCF2A6E2 --- Type 0000:10 (SecureChannel:StandaloneAck) (B:34)
10:03:42.429  uart:~$ uart:~$ [00:14:49.180,000] <dbg> chip.LogV: [IN]Received a duplicate message with MessageCounter:187351232 on exchange 63782r
10:03:42.481  uart:~$ uart:~$ [00:14:49.513,000] <inf> chip: [EM]>>> [E:63782r S:31647 M:187351232] (S) Msg RX from 1:0000000072197CCC [4145] to 00000000DCF2A6E2 --- Type 0001:08 (IM:InvokeCommandRequest) (B:59)
10:03:42.502  uart:~$ uart:~$ [00:14:49.513,000] <dbg> chip.LogV: [EM]Found matching exchange: 63782r, Delegate: 0
10:03:42.532  uart:~$ uart:~$ [00:14:49.513,000] <dbg> chip.LogV: [EM]Forcing tx of solitary ack for duplicate MessageCounter:187351232 on exchange 63782r
10:03:42.572  uart:~$ uart:~$ [00:14:49.515,000] <inf> chip: [EM]<<< [E:63782r S:31647 M:100832019 (Ack:187351232)] (S) Msg TX from 00000000DCF2A6E2 to 1:0000000072197CCC [4145] [UDP:[fe80::84a:18c1:cea4:c124%ETH_W5500]:52967] --- Type 0000:10 (SecureChannel:StandaloneAck) (B:34)
10:03:42.612  uart:~$ uart:~$ [00:14:49.523,000] <inf> chip: [EM]>>> [E:25168i S:31647 M:187351235 (Ack:100832009)] (S) Msg RX from 1:0000000072197CCC [4145] to 00000000DCF2A6E2 --- Type 0001:01 (IM:StatusResponse) (B:42)
10:03:42.632  uart:~$ uart:~$ [00:14:49.524,000] <dbg> chip.LogV: [EM]Found matching exchange: 25168i, Delegate: 0x20016268
10:03:42.663  uart:~$ uart:~$ [00:14:49.524,000] <dbg> chip.LogV: [EM]Rxd Ack; Removing MessageCounter:100832009 from Retrans Table on exchange 25168i
10:03:42.683  uart:~$ uart:~$ [00:14:49.525,000] <inf> chip: [IM]Received status response, status is 0x00
10:03:42.704  uart:~$ uart:~$ [00:14:49.525,000] <dbg> chip.LogV: [DMG]<RE> OnReportConfirm: NumReports = 0
10:03:42.724  uart:~$ uart:~$ [00:14:49.525,000] <dbg> chip.LogV: [DMG]IM RH moving to [CanStartReporting]
10:03:42.820  uart:~$ uart:~$ [00:14:49.816,000] <inf> chip: [EM]<<< [E:25168i S:31647 M:100832020 (Ack:187351235)] (S) Msg TX from 00000000DCF2A6E2 to 1:0000000072197CCC [4145] [UDP:[fe80::84a:18c1:cea4:c124%ETH_W5500]:52967] --- Type 0000:10 (SecureChannel:StandaloneAck) (B:34)
10:03:42.841  uart:~$ uart:~$ [00:14:49.823,000] <dbg> chip.LogV: [EM]Flushed pending ack for MessageCounter:187351235 on exchange 25168i
10:03:42.872  uart:~$ uart:~$ [00:14:49.824,000] <inf> chip: [EM]<<2 [E:63782r S:31647 M:100832016] (S) Msg Retransmission to 1:0000000072197CCC
10:03:42.903  uart:~$ uart:~$ [00:14:49.831,000] <inf> chip: [EM]??3 [E:63782r S:31647 M:100832016] (S) Msg Retransmission to 1:0000000072197CCC scheduled for 557ms from now [State:Active II:500 AI:300 AT:4000]
10:03:42.933  uart:~$ uart:~$ [00:14:49.832,000] <dbg> chip.LogV: [DMG]Building Reports for ReadHandler with LastReportGeneration = 0x0000005B DirtyGeneration = 0x0000005C
10:03:42.953  uart:~$ uart:~$ [00:14:49.845,000] <dbg> chip.LogV: [DMG]<RE:Run> Cluster 6, Attribute 0 is dirty
10:03:42.983  uart:~$ uart:~$ [00:14:49.846,000] <dbg> chip.LogV: [DMG]Reading attribute: Cluster=0x0000_0006 Endpoint=0x2 AttributeId=0x0000_0000 (expanded=1)
10:03:43.003  uart:~$ uart:~$ [00:14:49.856,000] <dbg> chip.LogV: [DMG]Fetched 0 events
10:03:43.023  uart:~$ uart:~$ [00:14:49.856,000] <dbg> chip.LogV: [DMG]<RE> Sending report (payload has 39 bytes)...
10:03:43.064  uart:~$ uart:~$ [00:14:49.858,000] <inf> chip: [EM]<<< [E:25169i S:31647 M:100832021] (S) Msg TX from 00000000DCF2A6E2 to 1:0000000072197CCC [4145] [UDP:[fe80::84a:18c1:cea4:c124%ETH_W5500]:52967] --- Type 0001:05 (IM:ReportData) (B:69)
10:03:43.127  uart:~$ uart:~$ [00:14:50.172,000] <inf> chip: [EM]??1 [E:25169i S:31647 M:100832021] (S) Msg Retransmission to 1:0000000072197CCC scheduled for 369ms from now [State:Active II:500 AI:300 AT:4000]
10:03:43.148  uart:~$ uart:~$ [00:14:50.172,000] <dbg> chip.LogV: [DMG]IM RH moving to [AwaitingReportResponse]
10:03:43.168  uart:~$ uart:~$ [00:14:50.172,000] <dbg> chip.LogV: [DMG]<RE> ReportsInFlight = 1 with readHandler 0, RE has no more messages
10:03:43.188  uart:~$ uart:~$ [00:14:50.173,000] <dbg> chip.LogV: [DMG]All ReadHandler-s are clean, clear GlobalDirtySet
10:03:43.228  uart:~$ uart:~$ [00:14:50.174,000] <inf> chip: [EM]>>> [E:63781r S:31647 M:187351236 (Ack:100832006)] (S) Msg RX from 1:0000000072197CCC [4145] to 00000000DCF2A6E2 --- Type 0000:10 (SecureChannel:StandaloneAck) (B:34)
10:03:43.258  uart:~$ uart:~$ [00:14:50.176,000] <dbg> chip.LogV: [IN]Received a duplicate message with MessageCounter:187351235 on exchange 25168i
10:03:43.299  uart:~$ uart:~$ [00:14:50.177,000] <inf> chip: [EM]>>> [E:25168i S:31647 M:187351235 (Ack:100832009)] (S) Msg RX from 1:0000000072197CCC [4145] to 00000000DCF2A6E2 --- Type 0001:01 (IM:StatusResponse) (B:42)
10:03:43.319  uart:~$ uart:~$ [00:14:50.177,000] <dbg> chip.LogV: [EM]Generating StandaloneAck via exchange: 25168i
10:03:43.350  uart:~$ uart:~$ [00:14:50.177,000] <dbg> chip.LogV: [EM]Forcing tx of solitary ack for duplicate MessageCounter:187351235 on exchange 25168i
10:03:43.390  uart:~$ uart:~$ [00:14:50.179,000] <inf> chip: [EM]<<< [E:25168i S:31647 M:100832022 (Ack:187351235)] (S) Msg TX from 00000000DCF2A6E2 to 1:0000000072197CCC [4145] [UDP:[fe80::84a:18c1:cea4:c124%ETH_W5500]:52967] --- Type 0000:10 (SecureChannel:StandaloneAck) (B:34)
10:03:43.455  uart:~$ uart:~$ [00:14:50.487,000] <inf> chip: [EM]<<3 [E:63782r S:31647 M:100832016] (S) Msg Retransmission to 1:0000000072197CCC
10:03:43.506  uart:~$ uart:~$ [00:14:50.494,000] <inf> chip: [EM]??4 [E:63782r S:31647 M:100832016] (S) Msg Retransmission to 1:0000000072197CCC scheduled for 1001ms from now [State:Active II:500 AI:300 AT:4000]
10:03:43.526  uart:~$ uart:~$ [00:14:50.496,000] <dbg> chip.LogV: [IN]Received a duplicate message with MessageCounter:187351232 on exchange 63782r
10:03:43.566  uart:~$ uart:~$ [00:14:50.501,000] <inf> chip: [EM]>>> [E:63782r S:31647 M:187351232] (S) Msg RX from 1:0000000072197CCC [4145] to 00000000DCF2A6E2 --- Type 0001:08 (IM:InvokeCommandRequest) (B:59)
10:03:43.587  uart:~$ uart:~$ [00:14:50.501,000] <dbg> chip.LogV: [EM]Found matching exchange: 63782r, Delegate: 0
10:03:43.607  uart:~$ uart:~$ [00:14:50.501,000] <dbg> chip.LogV: [EM]Forcing tx of solitary ack for duplicate MessageCounter:187351232 on exchange 63782r
10:03:43.657  uart:~$ uart:~$ [00:14:50.502,000] <inf> chip: [EM]<<< [E:63782r S:31647 M:100832023 (Ack:187351232)] (S) Msg TX from 00000000DCF2A6E2 to 1:0000000072197CCC [4145] [UDP:[fe80::84a:18c1:cea4:c124%ETH_W5500]:52967] --- Type 0000:10 (SecureChannel:StandaloneAck) (B:34)
10:03:43.698  uart:~$ uart:~$ [00:14:50.511,000] <inf> chip: [EM]>>> [E:25168i S:31647 M:187351237 (Ack:100832009)] (S) Msg RX from 1:0000000072197CCC [4145] to 00000000DCF2A6E2 --- Type 0000:10 (SecureChannel:StandaloneAck) (B:34)
10:03:43.729  uart:~$ uart:~$ [00:14:50.513,000] <dbg> chip.LogV: [IN]Received a duplicate message with MessageCounter:187351235 on exchange 25168i
10:03:43.759  uart:~$ uart:~$ [00:14:50.513,000] <inf> chip: [EM]>>> [E:25168i S:31647 M:187351235 (Ack:100832009)] (S) Msg RX from 1:0000000072197CCC [4145] to 00000000DCF2A6E2 --- Type 0001:01 (IM:StatusResponse) (B:42)
10:03:43.813  uart:~$ uart:~$ [00:14:50.851,000] <dbg> chip.LogV: [EM]Generating StandaloneAck via exchange: 25168i
10:03:43.843  uart:~$ uart:~$ [00:14:50.852,000] <dbg> chip.LogV: [EM]Forcing tx of solitary ack for duplicate MessageCounter:187351235 on exchange 25168i
10:03:43.893  uart:~$ uart:~$ [00:14:50.853,000] <inf> chip: [EM]<<< [E:25168i S:31647 M:100832024 (Ack:187351235)] (S) Msg TX from 00000000DCF2A6E2 to 1:0000000072197CCC [4145] [UDP:[fe80::84a:18c1:cea4:c124%ETH_W5500]:52967] --- Type 0000:10 (SecureChannel:StandaloneAck) (B:34)
10:03:43.913  uart:~$ uart:~$ [00:14:50.860,000] <inf> chip: [EM]<<1 [E:25169i S:31647 M:100832021] (S) Msg Retransmission to 1:0000000072197CCC
10:03:43.954  uart:~$ uart:~$ [00:14:50.868,000] <inf> chip: [EM]??2 [E:25169i S:31647 M:100832021] (S) Msg Retransmission to 1:0000000072197CCC scheduled for 394ms from now [State:Active II:500 AI:300 AT:4000]
10:03:43.994  uart:~$ uart:~$ [00:14:50.874,000] <inf> chip: [EM]>>> [E:63781r S:31647 M:187351238 (Ack:100832006)] (S) Msg RX from 1:0000000072197CCC [4145] to 00000000DCF2A6E2 --- Type 0000:10 (SecureChannel:StandaloneAck) (B:34)
10:03:44.014  uart:~$ uart:~$ [00:14:50.876,000] <dbg> chip.LogV: [IN]Received a duplicate message with MessageCounter:187351232 on exchange 63782r
10:03:44.054  uart:~$ uart:~$ [00:14:50.877,000] <inf> chip: [EM]>>> [E:63782r S:31647 M:187351232] (S) Msg RX from 1:0000000072197CCC [4145] to 00000000DCF2A6E2 --- Type 0001:08 (IM:InvokeCommandRequest) (B:59)
10:03:44.075  uart:~$ uart:~$ [00:14:50.877,000] <dbg> chip.LogV: [EM]Found matching exchange: 63782r, Delegate: 0
10:03:44.106  uart:~$ uart:~$ [00:14:50.877,000] <dbg> chip.LogV: [EM]Forcing tx of solitary ack for duplicate MessageCounter:187351232 on exchange 63782r
10:03:44.181  uart:~$ uart:~$ [00:14:51.197,000] <inf> chip: [EM]<<< [E:63782r S:31647 M:100832025 (Ack:187351232)] (S) Msg TX from 00000000DCF2A6E2 to 1:0000000072197CCC [4145] [UDP:[fe80::84a:18c1:cea4:c124%ETH_W5500]:52967] --- Type 0000:10 (SecureChannel:StandaloneAck) (B:34)
10:03:44.201  uart:~$ uart:~$ [00:14:51.206,000] <dbg> chip.LogV: [IN]Received a duplicate message with MessageCounter:187351235 on exchange 25168i
10:03:44.241  uart:~$ uart:~$ [00:14:51.206,000] <inf> chip: [EM]>>> [E:25168i S:31647 M:187351235 (Ack:100832009)] (S) Msg RX from 1:0000000072197CCC [4145] to 00000000DCF2A6E2 --- Type 0001:01 (IM:StatusResponse) (B:42)
10:03:44.261  uart:~$ uart:~$ [00:14:51.206,000] <dbg> chip.LogV: [EM]Generating StandaloneAck via exchange: 25168i
10:03:44.292  uart:~$ uart:~$ [00:14:51.207,000] <dbg> chip.LogV: [EM]Forcing tx of solitary ack for duplicate MessageCounter:187351235 on exchange 25168i
10:03:44.342  uart:~$ uart:~$ [00:14:51.208,000] <inf> chip: [EM]<<< [E:25168i S:31647 M:100832026 (Ack:187351235)] (S) Msg TX from 00000000DCF2A6E2 to 1:0000000072197CCC [4145] [UDP:[fe80::84a:18c1:cea4:c124%ETH_W5500]:52967] --- Type 0000:10 (SecureChannel:StandaloneAck) (B:34)
10:03:44.372  uart:~$ uart:~$ [00:14:51.217,000] <inf> chip: [EM]>>> [E:25168i S:31647 M:187351239 (Ack:100832009)] (S) Msg RX from 1:0000000072197CCC [4145] to 00000000DCF2A6E2 --- Type 0000:10 (SecureChannel:StandaloneAck) (B:34)
10:03:44.412  uart:~$ uart:~$ [00:14:51.219,000] <inf> chip: [EM]>>> [E:63782r S:31647 M:187351240 (Ack:100832016)] (S) Msg RX from 1:0000000072197CCC [4145] to 00000000DCF2A6E2 --- Type 0000:10 (SecureChannel:StandaloneAck) (B:34)
10:03:44.433  uart:~$ uart:~$ [00:14:51.219,000] <dbg> chip.LogV: [EM]Found matching exchange: 63782r, Delegate: 0
10:03:44.463  uart:~$ uart:~$ [00:14:51.220,000] <dbg> chip.LogV: [EM]Rxd Ack; Removing MessageCounter:100832016 from Retrans Table on exchange 63782r
10:03:44.518  uart:~$ uart:~$ [00:14:51.552,000] <inf> chip: [EM]<<2 [E:25169i S:31647 M:100832021] (S) Msg Retransmission to 1:0000000072197CCC
10:03:44.558  uart:~$ uart:~$ [00:14:51.560,000] <inf> chip: [EM]??3 [E:25169i S:31647 M:100832021] (S) Msg Retransmission to 1:0000000072197CCC scheduled for 555ms from now [State:Active II:500 AI:300 AT:4000]
10:03:44.588  uart:~$ uart:~$ [00:14:51.562,000] <inf> chip: [EM]>>> [E:63783r S:31647 M:187351241] (S) Msg RX from 1:0000000072197CCC [4145] to 00000000DCF2A6E2 --- Type 0001:08 (IM:InvokeCommandRequest) (B:59)
10:03:44.608  uart:~$ uart:~$ [00:14:51.566,000] <dbg> chip.LogV: [EM]Handling via exchange: 63783r, Delegate: 0x20014644
10:03:44.639  uart:~$ uart:~$ [00:14:51.568,000] <dbg> chip.LogV: [DMG]Received command for Endpoint=4 Cluster=0x0000_0006 Command=0x0000_0001
10:03:44.659  uart:~$ uart:~$ [00:14:51.568,000] <inf> chip: [ZCL]Toggle ep4 on/off from state 0 to 1
10:03:44.679  uart:~$ uart:~$ [00:14:51.569,000] <inf> chip: [ZCL]On Command - OffWaitTime :  0
10:03:44.712  uart:~$ uart:~$ [00:14:51.569,000] <inf> chip: [ZCL]On/Toggle Command - Stop Timer
10:03:44.732  uart:~$ uart:~$ [00:14:51.580,000] <dbg> chip.LogV: [DMG]Endpoint 4, Cluster 0x0000_0006 update version to 56e47b3f
10:03:44.752  uart:~$ uart:~$ [00:14:51.582,000] <dbg> chip.LogV: [DMG]Cannot merge the new path into any existing path, create one.
10:03:44.782  uart:~$ uart:~$ [00:14:51.844,000] <inf> matter_event_loop: Call cluster ID: 6, Attribute ID: 0
10:03:44.803  uart:~$ uart:~$ [00:14:51.844,000] <inf> matter_event_loop: Matter OnOff changed: endpoint=4 state=1
10:03:44.823  uart:~$ uart:~$ [00:14:51.845,000] <inf> io: io event handled: evt.io_event = 6, evt.bool_data = 1, evt.event_direction = 1
10:03:44.843  uart:~$ uart:~$ [00:14:51.846,000] <dbg> chip.LogV: [DMG]Command handler moving to [NewRespons]
10:03:44.863  uart:~$ uart:~$ [00:14:51.846,000] <dbg> chip.LogV: [DMG]Command handler moving to [ Preparing]
10:03:44.883  uart:~$ uart:~$ [00:14:51.846,000] <dbg> chip.LogV: [DMG]Command handler moving to [AddingComm]
10:03:44.914  uart:~$ uart:~$ [00:14:51.847,000] <dbg> chip.LogV: [DMG]Command handler moving to [AddedComma]
10:03:44.934  uart:~$ uart:~$ [00:14:51.847,000] <dbg> chip.LogV: [DMG]Decreasing reference count for CommandHandlerImpl, remaining 1
10:03:44.964  uart:~$ uart:~$ [00:14:51.847,000] <dbg> chip.LogV: [DMG]Decreasing reference count for CommandHandlerImpl, remaining 0
10:03:44.985  uart:~$ uart:~$ [00:14:51.848,000] <dbg> chip.LogV: [DMG]Command handler moving to [AwaitingDe]
10:03:45.059  uart:~$ uart:~$ [00:14:52.069,000] <inf> chip: [EM]<<< [E:63783r S:31647 M:100832027 (Ack:187351241)] (S) Msg TX from 00000000DCF2A6E2 to 1:0000000072197CCC [4145] [UDP:[fe80::84a:18c1:cea4:c124%ETH_W5500]:52967] --- Type 0001:09 (IM:InvokeCommandResponse) (B:67)
10:03:45.089  uart:~$ uart:~$ [00:14:52.077,000] <inf> chip: [EM]??1 [E:63783r S:31647 M:100832027] (S) Msg Retransmission to 1:0000000072197CCC scheduled for 385ms from now [State:Active II:500 AI:300 AT:4000]
10:03:45.120  uart:~$ uart:~$ [00:14:52.077,000] <dbg> chip.LogV: [DMG]Command response sender moving to [AllInvokeR]
10:03:45.161  uart:~$ uart:~$ [00:14:52.086,000] <inf> chip: [EM]>>> [E:25168i S:31647 M:187351242 (Ack:100832009)] (S) Msg RX from 1:0000000072197CCC [4145] to 00000000DCF2A6E2 --- Type 0000:10 (SecureChannel:StandaloneAck) (B:34)
10:03:45.181  uart:~$ uart:~$ [00:14:52.089,000] <dbg> chip.LogV: [IN]Received a duplicate message with MessageCounter:187351235 on exchange 25168i
10:03:45.221  uart:~$ uart:~$ [00:14:52.090,000] <inf> chip: [EM]>>> [E:25168i S:31647 M:187351235 (Ack:100832009)] (S) Msg RX from 1:0000000072197CCC [4145] to 00000000DCF2A6E2 --- Type 0001:01 (IM:StatusResponse) (B:42)
10:03:45.241  uart:~$ uart:~$ [00:14:52.090,000] <dbg> chip.LogV: [EM]Generating StandaloneAck via exchange: 25168i
10:03:45.271  uart:~$ uart:~$ [00:14:52.090,000] <dbg> chip.LogV: [EM]Forcing tx of solitary ack for duplicate MessageCounter:187351235 on exchange 25168i
10:03:45.322  uart:~$ uart:~$ [00:14:52.092,000] <inf> chip: [EM]<<< [E:25168i S:31647 M:100832028 (Ack:187351235)] (S) Msg TX from 00000000DCF2A6E2 to 1:0000000072197CCC [4145] [UDP:[fe80::84a:18c1:cea4:c124%ETH_W5500]:52967] --- Type 0000:10 (SecureChannel:StandaloneAck) (B:34)
10:03:45.362  uart:~$ uart:~$ [00:14:52.100,000] <inf> chip: [EM]>>> [E:63782r S:31647 M:187351243 (Ack:100832016)] (S) Msg RX from 1:0000000072197CCC [4145] to 00000000DCF2A6E2 --- Type 0000:10 (SecureChannel:StandaloneAck) (B:34)
10:03:45.428  uart:~$ uart:~$ [00:14:52.451,000] <inf> chip: [EM]<<3 [E:25169i S:31647 M:100832021] (S) Msg Retransmission to 1:0000000072197CCC
10:03:45.458  uart:~$ uart:~$ [00:14:52.458,000] <inf> chip: [EM]??4 [E:25169i S:31647 M:100832021] (S) Msg Retransmission to 1:0000000072197CCC scheduled for 900ms from now [State:Active II:500 AI:300 AT:4000]
10:03:45.488  uart:~$ uart:~$ [00:14:52.460,000] <dbg> chip.LogV: [IN]Received a duplicate message with MessageCounter:187351241 on exchange 63783r
10:03:45.528  uart:~$ uart:~$ [00:14:52.460,000] <inf> chip: [EM]>>> [E:63783r S:31647 M:187351241] (S) Msg RX from 1:0000000072197CCC [4145] to 00000000DCF2A6E2 --- Type 0001:08 (IM:InvokeCommandRequest) (B:59)
10:03:45.549  uart:~$ uart:~$ [00:14:52.461,000] <dbg> chip.LogV: [EM]Found matching exchange: 63783r, Delegate: 0
10:03:45.579  uart:~$ uart:~$ [00:14:52.461,000] <dbg> chip.LogV: [EM]Forcing tx of solitary ack for duplicate MessageCounter:187351241 on exchange 63783r
10:03:45.629  uart:~$ uart:~$ [00:14:52.469,000] <inf> chip: [EM]<<< [E:63783r S:31647 M:100832029 (Ack:187351241)] (S) Msg TX from 00000000DCF2A6E2 to 1:0000000072197CCC [4145] [UDP:[fe80::84a:18c1:cea4:c124%ETH_W5500]:52967] --- Type 0000:10 (SecureChannel:StandaloneAck) (B:34)
10:03:45.649  uart:~$ uart:~$ [00:14:52.477,000] <inf> chip: [EM]<<1 [E:63783r S:31647 M:100832027] (S) Msg Retransmission to 1:0000000072197CCC
10:03:45.679  uart:~$ uart:~$ [00:14:52.484,000] <inf> chip: [EM]??2 [E:63783r S:31647 M:100832027] (S) Msg Retransmission to 1:0000000072197CCC scheduled for 409ms from now [State:Active II:500 AI:300 AT:4000]
10:03:45.720  uart:~$ uart:~$ [00:14:52.486,000] <dbg> chip.LogV: [IN]Received a duplicate message with MessageCounter:187351241 on exchange 63783r
10:03:45.772  uart:~$ uart:~$ [00:14:52.806,000] <inf> chip: [EM]>>> [E:63783r S:31647 M:187351241] (S) Msg RX from 1:0000000072197CCC [4145] to 00000000DCF2A6E2 --- Type 0001:08 (IM:InvokeCommandRequest) (B:59)
10:03:45.792  uart:~$ uart:~$ [00:14:52.806,000] <dbg> chip.LogV: [EM]Found matching exchange: 63783r, Delegate: 0
10:03:45.823  uart:~$ uart:~$ [00:14:52.806,000] <dbg> chip.LogV: [EM]Forcing tx of solitary ack for duplicate MessageCounter:187351241 on exchange 63783r
10:03:45.863  uart:~$ uart:~$ [00:14:52.808,000] <inf> chip: [EM]<<< [E:63783r S:31647 M:100832030 (Ack:187351241)] (S) Msg TX from 00000000DCF2A6E2 to 1:0000000072197CCC [4145] [UDP:[fe80::84a:18c1:cea4:c124%ETH_W5500]:52967] --- Type 0000:10 (SecureChannel:StandaloneAck) (B:34)
10:03:45.903  uart:~$ uart:~$ [00:14:52.816,000] <inf> chip: [EM]>>> [E:63782r S:31647 M:187351244 (Ack:100832016)] (S) Msg RX from 1:0000000072197CCC [4145] to 00000000DCF2A6E2 --- Type 0000:10 (SecureChannel:StandaloneAck) (B:34)
10:03:45.933  uart:~$ uart:~$ [00:14:52.822,000] <dbg> chip.LogV: [IN]Received a duplicate message with MessageCounter:187351241 on exchange 63783r
10:03:45.973  uart:~$ uart:~$ [00:14:52.822,000] <inf> chip: [EM]>>> [E:63783r S:31647 M:187351241] (S) Msg RX from 1:0000000072197CCC [4145] to 00000000DCF2A6E2 --- Type 0001:08 (IM:InvokeCommandRequest) (B:59)
10:03:45.993  uart:~$ uart:~$ [00:14:52.823,000] <dbg> chip.LogV: [EM]Found matching exchange: 63783r, Delegate: 0
10:03:46.013  uart:~$ uart:~$ [00:14:52.823,000] <dbg> chip.LogV: [EM]Forcing tx of solitary ack for duplicate MessageCounter:187351241 on exchange 63783r
10:03:46.064  uart:~$ uart:~$ [00:14:52.824,000] <inf> chip: [EM]<<< [E:63783r S:31647 M:100832031 (Ack:187351241)] (S) Msg TX from 00000000DCF2A6E2 to 1:0000000072197CCC [4145] [UDP:[fe80::84a:18c1:cea4:c124%ETH_W5500]:52967] --- Type 0000:10 (SecureChannel:StandaloneAck) (B:34)
10:03:46.128  uart:~$ uart:~$ [00:14:53.156,000] <inf> chip: [EM]<<2 [E:63783r S:31647 M:100832027] (S) Msg Retransmission to 1:0000000072197CCC
10:03:46.158  uart:~$ uart:~$ [00:14:53.163,000] <inf> chip: [EM]??3 [E:63783r S:31647 M:100832027] (S) Msg Retransmission to 1:0000000072197CCC scheduled for 556ms from now [State:Active II:500 AI:300 AT:4000]
10:03:46.198  uart:~$ uart:~$ [00:14:53.165,000] <inf> chip: [EM]>>> [E:25169i S:31647 M:187351245 (Ack:100832021)] (S) Msg RX from 1:0000000072197CCC [4145] to 00000000DCF2A6E2 --- Type 0001:01 (IM:StatusResponse) (B:42)
10:03:46.218  uart:~$ uart:~$ [00:14:53.169,000] <dbg> chip.LogV: [EM]Found matching exchange: 25169i, Delegate: 0x20016268
10:03:46.238  uart:~$ uart:~$ [00:14:53.170,000] <dbg> chip.LogV: [EM]Rxd Ack; Removing MessageCounter:100832021 from Retrans Table on exchange 25169i
10:03:46.258  uart:~$ uart:~$ [00:14:53.171,000] <inf> chip: [IM]Received status response, status is 0x00
10:03:46.279  uart:~$ uart:~$ [00:14:53.171,000] <dbg> chip.LogV: [DMG]<RE> OnReportConfirm: NumReports = 0
10:03:46.299  uart:~$ uart:~$ [00:14:53.171,000] <dbg> chip.LogV: [DMG]IM RH moving to [CanStartReporting]
10:03:46.361  uart:~$ uart:~$ [00:14:53.172,000] <inf> chip: [EM]<<< [E:25169i S:31647 M:100832032 (Ack:187351245)] (S) Msg TX from 00000000DCF2A6E2 to 1:0000000072197CCC [4145] [UDP:[fe80::84a:18c1:cea4:c124%ETH_W5500]:52967] --- Type 0000:10 (SecureChannel:StandaloneAck) (B:34)
10:03:46.381  uart:~$ uart:~$ [00:14:53.179,000] <dbg> chip.LogV: [EM]Flushed pending ack for MessageCounter:187351245 on exchange 25169i
10:03:46.445  uart:~$ uart:~$ [00:14:53.470,000] <dbg> chip.LogV: [DMG]Building Reports for ReadHandler with LastReportGeneration = 0x0000005C DirtyGeneration = 0x0000005D
10:03:46.465  uart:~$ uart:~$ [00:14:53.482,000] <dbg> chip.LogV: [DMG]<RE:Run> Cluster 6, Attribute 0 is dirty
10:03:46.495  uart:~$ uart:~$ [00:14:53.483,000] <dbg> chip.LogV: [DMG]Reading attribute: Cluster=0x0000_0006 Endpoint=0x4 AttributeId=0x0000_0000 (expanded=1)
10:03:46.505  uart:~$ uart:~$ [00:14:53.490,000] <dbg> chip.LogV: [DMG]Fetched 0 events
10:03:46.537  uart:~$ uart:~$ [00:14:53.490,000] <dbg> chip.LogV: [DMG]<RE> Sending report (payload has 39 bytes)...
10:03:46.577  uart:~$ uart:~$ [00:14:53.492,000] <inf> chip: [EM]<<< [E:25170i S:31647 M:100832033] (S) Msg TX from 00000000DCF2A6E2 to 1:0000000072197CCC [4145] [UDP:[fe80::84a:18c1:cea4:c124%ETH_W5500]:52967] --- Type 0001:05 (IM:ReportData) (B:69)
10:03:46.618  uart:~$ uart:~$ [00:14:53.500,000] <inf> chip: [EM]??1 [E:25170i S:31647 M:100832033] (S) Msg Retransmission to 1:0000000072197CCC scheduled for 354ms from now [State:Active II:500 AI:300 AT:4000]
10:03:46.638  uart:~$ uart:~$ [00:14:53.500,000] <dbg> chip.LogV: [DMG]IM RH moving to [AwaitingReportResponse]
10:03:46.658  uart:~$ uart:~$ [00:14:53.500,000] <dbg> chip.LogV: [DMG]<RE> ReportsInFlight = 1 with readHandler 0, RE has no more messages
10:03:46.678  uart:~$ uart:~$ [00:14:53.501,000] <dbg> chip.LogV: [DMG]All ReadHandler-s are clean, clear GlobalDirtySet
10:03:46.753  uart:~$ uart:~$ [00:14:53.769,000] <inf> chip: [EM]>>> [E:63782r S:31647 M:187351246 (Ack:100832016)] (S) Msg RX from 1:0000000072197CCC [4145] to 00000000DCF2A6E2 --- Type 0000:10 (SecureChannel:StandaloneAck) (B:34)
10:03:46.783  uart:~$ uart:~$ [00:14:53.770,000] <inf> chip: [EM]<<3 [E:63783r S:31647 M:100832027] (S) Msg Retransmission to 1:0000000072197CCC
10:03:46.813  uart:~$ uart:~$ [00:14:53.778,000] <inf> chip: [EM]??4 [E:63783r S:31647 M:100832027] (S) Msg Retransmission to 1:0000000072197CCC scheduled for 1027ms from now [State:Active II:500 AI:300 AT:4000]
10:03:46.843  uart:~$ uart:~$ [00:14:53.779,000] <dbg> chip.LogV: [IN]Received a duplicate message with MessageCounter:187351245 on exchange 25169i
10:03:46.874  uart:~$ uart:~$ [00:14:53.780,000] <inf> chip: [EM]>>> [E:25169i S:31647 M:187351245 (Ack:100832021)] (S) Msg RX from 1:0000000072197CCC [4145] to 00000000DCF2A6E2 --- Type 0001:01 (IM:StatusResponse) (B:42)
10:03:46.904  uart:~$ uart:~$ [00:14:53.780,000] <dbg> chip.LogV: [EM]Generating StandaloneAck via exchange: 25169i
10:03:46.934  uart:~$ uart:~$ [00:14:53.780,000] <dbg> chip.LogV: [EM]Forcing tx of solitary ack for duplicate MessageCounter:187351245 on exchange 25169i
10:03:46.974  uart:~$ uart:~$ [00:14:53.785,000] <inf> chip: [EM]<<< [E:25169i S:31647 M:100832034 (Ack:187351245)] (S) Msg TX from 00000000DCF2A6E2 to 1:0000000072197CCC [4145] [UDP:[fe80::84a:18c1:cea4:c124%ETH_W5500]:52967] --- Type 0000:10 (SecureChannel:StandaloneAck) (B:34)
10:03:47.014  uart:~$ uart:~$ [00:14:53.794,000] <inf> chip: [EM]>>> [E:25169i S:31647 M:187351247 (Ack:100832021)] (S) Msg RX from 1:0000000072197CCC [4145] to 00000000DCF2A6E2 --- Type 0000:10 (SecureChannel:StandaloneAck) (B:34)
10:03:47.045  uart:~$ uart:~$ [00:14:53.796,000] <dbg> chip.LogV: [IN]Received a duplicate message with MessageCounter:187351245 on exchange 25169i
10:03:47.110  uart:~$ uart:~$ [00:14:54.130,000] <inf> chip: [EM]>>> [E:25169i S:31647 M:187351245 (Ack:100832021)] (S) Msg RX from 1:0000000072197CCC [4145] to 00000000DCF2A6E2 --- Type 0001:01 (IM:StatusResponse) (B:42)
10:03:47.141  uart:~$ uart:~$ [00:14:54.130,000] <dbg> chip.LogV: [EM]Generating StandaloneAck via exchange: 25169i
10:03:47.161  uart:~$ uart:~$ [00:14:54.130,000] <dbg> chip.LogV: [EM]Forcing tx of solitary ack for duplicate MessageCounter:187351245 on exchange 25169i
10:03:47.212  uart:~$ uart:~$ [00:14:54.132,000] <inf> chip: [EM]<<< [E:25169i S:31647 M:100832035 (Ack:187351245)] (S) Msg TX from 00000000DCF2A6E2 to 1:0000000072197CCC [4145] [UDP:[fe80::84a:18c1:cea4:c124%ETH_W5500]:52967] --- Type 0000:10 (SecureChannel:StandaloneAck) (B:34)
10:03:47.242  uart:~$ uart:~$ [00:14:54.139,000] <inf> chip: [EM]<<1 [E:25170i S:31647 M:100832033] (S) Msg Retransmission to 1:0000000072197CCC
10:03:47.272  uart:~$ uart:~$ [00:14:54.154,000] <inf> chip: [EM]??2 [E:25170i S:31647 M:100832033] (S) Msg Retransmission to 1:0000000072197CCC scheduled for 369ms from now [State:Active II:500 AI:300 AT:4000]
10:03:47.302  uart:~$ uart:~$ [00:14:54.156,000] <dbg> chip.LogV: [IN]Received a duplicate message with MessageCounter:187351241 on exchange 63783r
10:03:47.344  uart:~$ uart:~$ [00:14:54.156,000] <inf> chip: [EM]>>> [E:63783r S:31647 M:187351241] (S) Msg RX from 1:0000000072197CCC [4145] to 00000000DCF2A6E2 --- Type 0001:08 (IM:InvokeCommandRequest) (B:59)
10:03:47.364  uart:~$ uart:~$ [00:14:54.156,000] <dbg> chip.LogV: [EM]Found matching exchange: 63783r, Delegate: 0
10:03:47.395  uart:~$ uart:~$ [00:14:54.156,000] <dbg> chip.LogV: [EM]Forcing tx of solitary ack for duplicate MessageCounter:187351241 on exchange 63783r
10:03:47.458  uart:~$ uart:~$ [00:14:54.479,000] <inf> chip: [EM]<<< [E:63783r S:31647 M:100832036 (Ack:187351241)] (S) Msg TX from 00000000DCF2A6E2 to 1:0000000072197CCC [4145] [UDP:[fe80::84a:18c1:cea4:c124%ETH_W5500]:52967] --- Type 0000:10 (SecureChannel:StandaloneAck) (B:34)
10:03:47.488  uart:~$ uart:~$ [00:14:54.487,000] <dbg> chip.LogV: [IN]Received a duplicate message with MessageCounter:187351245 on exchange 25169i
10:03:47.518  uart:~$ uart:~$ [00:14:54.488,000] <inf> chip: [EM]>>> [E:25169i S:31647 M:187351245 (Ack:100832021)] (S) Msg RX from 1:0000000072197CCC [4145] to 00000000DCF2A6E2 --- Type 0001:01 (IM:StatusResponse) (B:42)
10:03:47.548  uart:~$ uart:~$ [00:14:54.488,000] <dbg> chip.LogV: [EM]Generating StandaloneAck via exchange: 25169i
10:03:47.578  uart:~$ uart:~$ [00:14:54.488,000] <dbg> chip.LogV: [EM]Forcing tx of solitary ack for duplicate MessageCounter:187351245 on exchange 25169i
10:03:47.618  uart:~$ uart:~$ [00:14:54.489,000] <inf> chip: [EM]<<< [E:25169i S:31647 M:100832037 (Ack:187351245)] (S) Msg TX from 00000000DCF2A6E2 to 1:0000000072197CCC [4145] [UDP:[fe80::84a:18c1:cea4:c124%ETH_W5500]:52967] --- Type 0000:10 (SecureChannel:StandaloneAck) (B:34)
10:03:47.659  uart:~$ uart:~$ [00:14:54.499,000] <inf> chip: [EM]>>> [E:25169i S:31647 M:187351248 (Ack:100832021)] (S) Msg RX from 1:0000000072197CCC [4145] to 00000000DCF2A6E2 --- Type 0000:10 (SecureChannel:StandaloneAck) (B:34)
10:03:47.699  uart:~$ uart:~$ [00:14:54.501,000] <inf> chip: [EM]>>> [E:63783r S:31647 M:187351249 (Ack:100832027)] (S) Msg RX from 1:0000000072197CCC [4145] to 00000000DCF2A6E2 --- Type 0000:10 (SecureChannel:StandaloneAck) (B:34)
10:03:47.719  uart:~$ uart:~$ [00:14:54.501,000] <dbg> chip.LogV: [EM]Found matching exchange: 63783r, Delegate: 0
10:03:47.762  uart:~$ uart:~$ [00:14:54.502,000] <dbg> chip.LogV: [EM]Rxd Ack; Removing MessageCounter:100832027 from Retrans Table on exchange 63783r
10:03:47.804  uart:~$ uart:~$ [00:14:54.846,000] <inf> chip: [EM]<<2 [E:25170i S:31647 M:100832033] (S) Msg Retransmission to 1:0000000072197CCC
10:03:47.834  uart:~$ uart:~$ [00:14:54.853,000] <inf> chip: [EM]??3 [E:25170i S:31647 M:100832033] (S) Msg Retransmission to 1:0000000072197CCC scheduled for 541ms from now [State:Active II:500 AI:300 AT:4000]
10:03:47.874  uart:~$ uart:~$ [00:14:54.855,000] <inf> chip: [EM]>>> [E:63784r S:31647 M:187351250] (S) Msg RX from 1:0000000072197CCC [4145] to 00000000DCF2A6E2 --- Type 0001:08 (IM:InvokeCommandRequest) (B:59)
10:03:47.895  uart:~$ uart:~$ [00:14:54.856,000] <dbg> chip.LogV: [EM]Handling via exchange: 63784r, Delegate: 0x20014644
10:03:47.925  uart:~$ uart:~$ [00:14:54.861,000] <dbg> chip.LogV: [DMG]Received command for Endpoint=3 Cluster=0x0000_0006 Command=0x0000_0000
10:03:47.945  uart:~$ uart:~$ [00:14:54.862,000] <inf> chip: [ZCL]Toggle ep3 on/off from state 1 to 0
10:03:47.975  uart:~$ uart:~$ [00:14:54.864,000] <dbg> chip.LogV: [DMG]Endpoint 3, Cluster 0x0000_0006 update version to cc7fb241
10:03:47.995  uart:~$ uart:~$ [00:14:54.866,000] <dbg> chip.LogV: [DMG]Cannot merge the new path into any existing path, create one.
10:03:48.015  uart:~$ uart:~$ [00:14:54.866,000] <inf> matter_event_loop: Call cluster ID: 6, Attribute ID: 0
10:03:48.035  uart:~$ uart:~$ [00:14:54.866,000] <inf> matter_event_loop: Matter OnOff changed: endpoint=3 state=0
10:03:48.065  uart:~$ uart:~$ [00:14:55.124,000] <inf> io: io event handled: evt.io_event = 5, evt.bool_data = 0, evt.event_direction = 1
10:03:48.085  uart:~$ uart:~$ [00:14:55.125,000] <inf> chip: [ZCL]Off completed. reset OnTime to  0
10:03:48.106  uart:~$ uart:~$ [00:14:55.126,000] <dbg> chip.LogV: [DMG]Command handler moving to [NewRespons]
10:03:48.126  uart:~$ uart:~$ [00:14:55.126,000] <dbg> chip.LogV: [DMG]Command handler moving to [ Preparing]
10:03:48.156  uart:~$ uart:~$ [00:14:55.126,000] <dbg> chip.LogV: [DMG]Command handler moving to [AddingComm]
10:03:48.176  uart:~$ uart:~$ [00:14:55.127,000] <dbg> chip.LogV: [DMG]Command handler moving to [AddedComma]
10:03:48.196  uart:~$ uart:~$ [00:14:55.127,000] <dbg> chip.LogV: [DMG]Decreasing reference count for CommandHandlerImpl, remaining 1
10:03:48.216  uart:~$ uart:~$ [00:14:55.127,000] <dbg> chip.LogV: [DMG]Decreasing reference count for CommandHandlerImpl, remaining 0
10:03:48.236  uart:~$ uart:~$ [00:14:55.127,000] <dbg> chip.LogV: [DMG]Command handler moving to [AwaitingDe]
10:03:48.287  uart:~$ uart:~$ [00:14:55.129,000] <inf> chip: [EM]<<< [E:63784r S:31647 M:100832038 (Ack:187351250)] (S) Msg TX from 00000000DCF2A6E2 to 1:0000000072197CCC [4145] [UDP:[fe80::84a:18c1:cea4:c124%ETH_W5500]:52967] --- Type 0001:09 (IM:InvokeCommandResponse) (B:67)
10:03:48.363  uart:~$ uart:~$ [00:14:55.379,000] <inf> chip: [EM]??1 [E:63784r S:31647 M:100832038] (S) Msg Retransmission to 1:0000000072197CCC scheduled for 382ms from now [State:Active II:500 AI:300 AT:4000]
10:03:48.383  uart:~$ uart:~$ [00:14:55.379,000] <dbg> chip.LogV: [DMG]Command response sender moving to [AllInvokeR]
10:03:48.424  uart:~$ uart:~$ [00:14:55.388,000] <inf> chip: [EM]>>> [E:25169i S:31647 M:187351251 (Ack:100832021)] (S) Msg RX from 1:0000000072197CCC [4145] to 00000000DCF2A6E2 --- Type 0000:10 (SecureChannel:StandaloneAck) (B:34)
10:03:48.454  uart:~$ uart:~$ [00:14:55.390,000] <dbg> chip.LogV: [IN]Received a duplicate message with MessageCounter:187351250 on exchange 63784r
10:03:48.484  uart:~$ uart:~$ [00:14:55.390,000] <inf> chip: [EM]>>> [E:63784r S:31647 M:187351250] (S) Msg RX from 1:0000000072197CCC [4145] to 00000000DCF2A6E2 --- Type 0001:08 (IM:InvokeCommandRequest) (B:59)
10:03:48.504  uart:~$ uart:~$ [00:14:55.391,000] <dbg> chip.LogV: [EM]Found matching exchange: 63784r, Delegate: 0
10:03:48.534  uart:~$ uart:~$ [00:14:55.391,000] <dbg> chip.LogV: [EM]Forcing tx of solitary ack for duplicate MessageCounter:187351250 on exchange 63784r
10:03:48.585  uart:~$ uart:~$ [00:14:55.392,000] <inf> chip: [EM]<<< [E:63784r S:31647 M:100832039 (Ack:187351250)] (S) Msg TX from 00000000DCF2A6E2 to 1:0000000072197CCC [4145] [UDP:[fe80::84a:18c1:cea4:c124%ETH_W5500]:52967] --- Type 0000:10 (SecureChannel:StandaloneAck) (B:34)
10:03:48.615  uart:~$ uart:~$ [00:14:55.400,000] <inf> chip: [EM]<<3 [E:25170i S:31647 M:100832033] (S) Msg Retransmission to 1:0000000072197CCC
10:03:48.645  uart:~$ uart:~$ [00:14:55.407,000] <inf> chip: [EM]??4 [E:25170i S:31647 M:100832033] (S) Msg Retransmission to 1:0000000072197CCC scheduled for 888ms from now [State:Active II:500 AI:300 AT:4000]
10:03:48.707  uart:~$ uart:~$ [00:14:55.735,000] <inf> chip: [EM]>>> [E:63783r S:31647 M:187351252 (Ack:100832027)] (S) Msg RX from 1:0000000072197CCC [4145] to 00000000DCF2A6E2 --- Type 0000:10 (SecureChannel:StandaloneAck) (B:34)
10:03:48.727  uart:~$ uart:~$ [00:14:55.737,000] <dbg> chip.LogV: [IN]Received a duplicate message with MessageCounter:187351245 on exchange 25169i
10:03:48.768  uart:~$ uart:~$ [00:14:55.738,000] <inf> chip: [EM]>>> [E:25169i S:31647 M:187351245 (Ack:100832021)] (S) Msg RX from 1:0000000072197CCC [4145] to 00000000DCF2A6E2 --- Type 0001:01 (IM:StatusResponse) (B:42)
10:03:48.788  uart:~$ uart:~$ [00:14:55.738,000] <dbg> chip.LogV: [EM]Generating StandaloneAck via exchange: 25169i
10:03:48.818  uart:~$ uart:~$ [00:14:55.738,000] <dbg> chip.LogV: [EM]Forcing tx of solitary ack for duplicate MessageCounter:187351245 on exchange 25169i
10:03:48.868  uart:~$ uart:~$ [00:14:55.743,000] <inf> chip: [EM]<<< [E:25169i S:31647 M:100832040 (Ack:187351245)] (S) Msg TX from 00000000DCF2A6E2 to 1:0000000072197CCC [4145] [UDP:[fe80::84a:18c1:cea4:c124%ETH_W5500]:52967] --- Type 0000:10 (SecureChannel:StandaloneAck) (B:34)
10:03:48.889  uart:~$ uart:~$ [00:14:55.752,000] <dbg> chip.LogV: [IN]Received a duplicate message with MessageCounter:187351250 on exchange 63784r
10:03:48.929  uart:~$ uart:~$ [00:14:55.752,000] <inf> chip: [EM]>>> [E:63784r S:31647 M:187351250] (S) Msg RX from 1:0000000072197CCC [4145] to 00000000DCF2A6E2 --- Type 0001:08 (IM:InvokeCommandRequest) (B:59)
10:03:48.959  uart:~$ uart:~$ [00:14:55.752,000] <dbg> chip.LogV: [EM]Found matching exchange: 63784r, Delegate: 0
10:03:48.980  uart:~$ uart:~$ [00:14:55.753,000] <dbg> chip.LogV: [EM]Forcing tx of solitary ack for duplicate MessageCounter:187351250 on exchange 63784r
10:03:49.067  uart:~$ uart:~$ [00:14:56.072,000] <inf> chip: [EM]<<< [E:63784r S:31647 M:100832041 (Ack:187351250)] (S) Msg TX from 00000000DCF2A6E2 to 1:0000000072197CCC [4145] [UDP:[fe80::84a:18c1:cea4:c124%ETH_W5500]:52967] --- Type 0000:10 (SecureChannel:StandaloneAck) (B:34)
10:03:49.087  uart:~$ uart:~$ [00:14:56.079,000] <inf> chip: [EM]<<1 [E:63784r S:31647 M:100832038] (S) Msg Retransmission to 1:0000000072197CCC
10:03:49.127  uart:~$ uart:~$ [00:14:56.087,000] <inf> chip: [EM]??2 [E:63784r S:31647 M:100832038] (S) Msg Retransmission to 1:0000000072197CCC scheduled for 370ms from now [State:Active II:500 AI:300 AT:4000]
10:03:49.168  uart:~$ uart:~$ [00:14:56.088,000] <inf> chip: [EM]>>> [E:63783r S:31647 M:187351253 (Ack:100832027)] (S) Msg RX from 1:0000000072197CCC [4145] to 00000000DCF2A6E2 --- Type 0000:10 (SecureChannel:StandaloneAck) (B:34)
10:03:49.198  uart:~$ uart:~$ [00:14:56.094,000] <dbg> chip.LogV: [IN]Received a duplicate message with MessageCounter:187351250 on exchange 63784r
10:03:49.228  uart:~$ uart:~$ [00:14:56.095,000] <inf> chip: [EM]>>> [E:63784r S:31647 M:187351250] (S) Msg RX from 1:0000000072197CCC [4145] to 00000000DCF2A6E2 --- Type 0001:08 (IM:InvokeCommandRequest) (B:59)
10:03:49.248  uart:~$ uart:~$ [00:14:56.095,000] <dbg> chip.LogV: [EM]Found matching exchange: 63784r, Delegate: 0
10:03:49.278  uart:~$ uart:~$ [00:14:56.095,000] <dbg> chip.LogV: [EM]Forcing tx of solitary ack for duplicate MessageCounter:187351250 on exchange 63784r
10:03:49.319  uart:~$ uart:~$ [00:14:56.096,000] <inf> chip: [EM]<<< [E:63784r S:31647 M:100832042 (Ack:187351250)] (S) Msg TX from 00000000DCF2A6E2 to 1:0000000072197CCC [4145] [UDP:[fe80::84a:18c1:cea4:c124%ETH_W5500]:52967] --- Type 0000:10 (SecureChannel:StandaloneAck) (B:34)
10:03:49.371  uart:~$ uart:~$ [00:14:56.105,000] <inf> chip: [EM]>>> [E:25170i S:31647 M:187351254 (Ack:100832033)] (S) Msg RX from 1:0000000072197CCC [4145] to 00000000DCF2A6E2 --- Type 0001:01 (IM:StatusResponse) (B:42)
10:03:49.411  uart:~$ uart:~$ [00:14:56.454,000] <dbg> chip.LogV: [EM]Found matching exchange: 25170i, Delegate: 0x20016268
10:03:49.442  uart:~$ uart:~$ [00:14:56.455,000] <dbg> chip.LogV: [EM]Rxd Ack; Removing MessageCounter:100832033 from Retrans Table on exchange 25170i
10:03:49.452  uart:~$ uart:~$ [00:14:56.455,000] <inf> chip: [IM]Received status response, status is 0x00
10:03:49.472  uart:~$ uart:~$ [00:14:56.455,000] <dbg> chip.LogV: [DMG]<RE> OnReportConfirm: NumReports = 0
10:03:49.492  uart:~$ uart:~$ [00:14:56.456,000] <dbg> chip.LogV: [DMG]IM RH moving to [CanStartReporting]
10:03:49.542  uart:~$ uart:~$ [00:14:56.457,000] <inf> chip: [EM]<<< [E:25170i S:31647 M:100832043 (Ack:187351254)] (S) Msg TX from 00000000DCF2A6E2 to 1:0000000072197CCC [4145] [UDP:[fe80::84a:18c1:cea4:c124%ETH_W5500]:52967] --- Type 0000:10 (SecureChannel:StandaloneAck) (B:34)
10:03:49.574  uart:~$ uart:~$ [00:14:56.464,000] <dbg> chip.LogV: [EM]Flushed pending ack for MessageCounter:187351254 on exchange 25170i
10:03:49.594  uart:~$ uart:~$ [00:14:56.465,000] <inf> chip: [EM]<<2 [E:63784r S:31647 M:100832038] (S) Msg Retransmission to 1:0000000072197CCC
10:03:49.634  uart:~$ uart:~$ [00:14:56.472,000] <inf> chip: [EM]??3 [E:63784r S:31647 M:100832038] (S) Msg Retransmission to 1:0000000072197CCC scheduled for 535ms from now [State:Active II:500 AI:300 AT:4000]
10:03:49.666  uart:~$ uart:~$ [00:14:56.473,000] <dbg> chip.LogV: [DMG]Building Reports for ReadHandler with LastReportGeneration = 0x0000005D DirtyGeneration = 0x0000005E
10:03:49.722  uart:~$ uart:~$ [00:14:56.759,000] <dbg> chip.LogV: [DMG]<RE:Run> Cluster 6, Attribute 0 is dirty
10:03:49.743  uart:~$ uart:~$ [00:14:56.760,000] <dbg> chip.LogV: [DMG]Reading attribute: Cluster=0x0000_0006 Endpoint=0x3 AttributeId=0x0000_0000 (expanded=1)
10:03:49.774  uart:~$ uart:~$ [00:14:56.769,000] <dbg> chip.LogV: [DMG]Fetched 0 events
10:03:49.794  uart:~$ uart:~$ [00:14:56.769,000] <dbg> chip.LogV: [DMG]<RE> Sending report (payload has 39 bytes)...
10:03:49.835  uart:~$ uart:~$ [00:14:56.771,000] <inf> chip: [EM]<<< [E:25171i S:31647 M:100832044] (S) Msg TX from 00000000DCF2A6E2 to 1:0000000072197CCC [4145] [UDP:[fe80::84a:18c1:cea4:c124%ETH_W5500]:52967] --- Type 0001:05 (IM:ReportData) (B:69)
10:03:49.865  uart:~$ uart:~$ [00:14:56.785,000] <inf> chip: [EM]??1 [E:25171i S:31647 M:100832044] (S) Msg Retransmission to 1:0000000072197CCC scheduled for 338ms from now [State:Active II:500 AI:300 AT:4000]
10:03:49.885  uart:~$ uart:~$ [00:14:56.786,000] <dbg> chip.LogV: [DMG]IM RH moving to [AwaitingReportResponse]
10:03:49.915  uart:~$ uart:~$ [00:14:56.786,000] <dbg> chip.LogV: [DMG]<RE> ReportsInFlight = 1 with readHandler 0, RE has no more messages
10:03:49.936  uart:~$ uart:~$ [00:14:56.786,000] <dbg> chip.LogV: [DMG]All ReadHandler-s are clean, clear GlobalDirtySet
10:03:49.976  uart:~$ uart:~$ [00:14:56.788,000] <inf> chip: [EM]>>> [E:63783r S:31647 M:187351255 (Ack:100832027)] (S) Msg RX from 1:0000000072197CCC [4145] to 00000000DCF2A6E2 --- Type 0000:10 (SecureChannel:StandaloneAck) (B:34)
10:03:50.031  uart:~$ uart:~$ [00:14:57.070,000] <inf> chip: [EM]<<3 [E:63784r S:31647 M:100832038] (S) Msg Retransmission to 1:0000000072197CCC
10:03:50.071  uart:~$ uart:~$ [00:14:57.078,000] <inf> chip: [EM]??4 [E:63784r S:31647 M:100832038] (S) Msg Retransmission to 1:0000000072197CCC scheduled for 884ms from now [State:Active II:500 AI:300 AT:4000]
10:03:50.101  uart:~$ uart:~$ [00:14:57.079,000] <dbg> chip.LogV: [IN]Received a duplicate message with MessageCounter:187351254 on exchange 25170i
10:03:50.132  uart:~$ uart:~$ [00:14:57.080,000] <inf> chip: [EM]>>> [E:25170i S:31647 M:187351254 (Ack:100832033)] (S) Msg RX from 1:0000000072197CCC [4145] to 00000000DCF2A6E2 --- Type 0001:01 (IM:StatusResponse) (B:42)
10:03:50.152  uart:~$ uart:~$ [00:14:57.084,000] <dbg> chip.LogV: [EM]Generating StandaloneAck via exchange: 25170i
10:03:50.193  uart:~$ uart:~$ [00:14:57.084,000] <dbg> chip.LogV: [EM]Forcing tx of solitary ack for duplicate MessageCounter:187351254 on exchange 25170i
10:03:50.233  uart:~$ uart:~$ [00:14:57.085,000] <inf> chip: [EM]<<< [E:25170i S:31647 M:100832045 (Ack:187351254)] (S) Msg TX from 00000000DCF2A6E2 to 1:0000000072197CCC [4145] [UDP:[fe80::84a:18c1:cea4:c124%ETH_W5500]:52967] --- Type 0000:10 (SecureChannel:StandaloneAck) (B:34)
10:03:50.273  uart:~$ uart:~$ [00:14:57.094,000] <inf> chip: [EM]>>> [E:25170i S:31647 M:187351256 (Ack:100832033)] (S) Msg RX from 1:0000000072197CCC [4145] to 00000000DCF2A6E2 --- Type 0000:10 (SecureChannel:StandaloneAck) (B:34)
10:03:50.293  uart:~$ uart:~$ [00:14:57.096,000] <dbg> chip.LogV: [IN]Received a duplicate message with MessageCounter:187351254 on exchange 25170i
10:03:50.334  uart:~$ uart:~$ [00:14:57.097,000] <inf> chip: [EM]>>> [E:25170i S:31647 M:187351254 (Ack:100832033)] (S) Msg RX from 1:0000000072197CCC [4145] to 00000000DCF2A6E2 --- Type 0001:01 (IM:StatusResponse) (B:42)
10:03:50.388  uart:~$ uart:~$ [00:14:57.421,000] <dbg> chip.LogV: [EM]Generating StandaloneAck via exchange: 25170i
10:03:50.408  uart:~$ uart:~$ [00:14:57.421,000] <dbg> chip.LogV: [EM]Forcing tx of solitary ack for duplicate MessageCounter:187351254 on exchange 25170i
10:03:50.459  uart:~$ uart:~$ [00:14:57.422,000] <inf> chip: [EM]<<< [E:25170i S:31647 M:100832046 (Ack:187351254)] (S) Msg TX from 00000000DCF2A6E2 to 1:0000000072197CCC [4145] [UDP:[fe80::84a:18c1:cea4:c124%ETH_W5500]:52967] --- Type 0000:10 (SecureChannel:StandaloneAck) (B:34)
10:03:50.489  uart:~$ uart:~$ [00:14:57.430,000] <inf> chip: [EM]<<1 [E:25171i S:31647 M:100832044] (S) Msg Retransmission to 1:0000000072197CCC
10:03:50.519  uart:~$ uart:~$ [00:14:57.437,000] <inf> chip: [EM]??2 [E:25171i S:31647 M:100832044] (S) Msg Retransmission to 1:0000000072197CCC scheduled for 378ms from now [State:Active II:500 AI:300 AT:4000]
10:03:50.550  uart:~$ uart:~$ [00:14:57.439,000] <dbg> chip.LogV: [IN]Received a duplicate message with MessageCounter:187351250 on exchange 63784r
10:03:50.591  uart:~$ uart:~$ [00:14:57.439,000] <inf> chip: [EM]>>> [E:63784r S:31647 M:187351250] (S) Msg RX from 1:0000000072197CCC [4145] to 00000000DCF2A6E2 --- Type 0001:08 (IM:InvokeCommandRequest) (B:59)
10:03:50.611  uart:~$ uart:~$ [00:14:57.440,000] <dbg> chip.LogV: [EM]Found matching exchange: 63784r, Delegate: 0
10:03:50.631  uart:~$ uart:~$ [00:14:57.440,000] <dbg> chip.LogV: [EM]Forcing tx of solitary ack for duplicate MessageCounter:187351250 on exchange 63784r
10:03:50.681  uart:~$ uart:~$ [00:14:57.445,000] <inf> chip: [EM]<<< [E:63784r S:31647 M:100832047 (Ack:187351250)] (S) Msg TX from 00000000DCF2A6E2 to 1:0000000072197CCC [4145] [UDP:[fe80::84a:18c1:cea4:c124%ETH_W5500]:52967] --- Type 0000:10 (SecureChannel:StandaloneAck) (B:34)
10:03:50.746  uart:~$ uart:~$ [00:14:57.780,000] <inf> chip: [EM]>>> [E:25170i S:31647 M:187351257 (Ack:100832033)] (S) Msg RX from 1:0000000072197CCC [4145] to 00000000DCF2A6E2 --- Type 0000:10 (SecureChannel:StandaloneAck) (B:34)
10:03:50.776  uart:~$ uart:~$ [00:14:57.781,000] <dbg> chip.LogV: [IN]Received a duplicate message with MessageCounter:187351254 on exchange 25170i
10:03:50.817  uart:~$ uart:~$ [00:14:57.782,000] <inf> chip: [EM]>>> [E:25170i S:31647 M:187351254 (Ack:100832033)] (S) Msg RX from 1:0000000072197CCC [4145] to 00000000DCF2A6E2 --- Type 0001:01 (IM:StatusResponse) (B:42)
10:03:50.839  uart:~$ uart:~$ [00:14:57.782,000] <dbg> chip.LogV: [EM]Generating StandaloneAck via exchange: 25170i
10:03:50.859  uart:~$ uart:~$ [00:14:57.782,000] <dbg> chip.LogV: [EM]Forcing tx of solitary ack for duplicate MessageCounter:187351254 on exchange 25170i
10:03:50.909  uart:~$ uart:~$ [00:14:57.784,000] <inf> chip: [EM]<<< [E:25170i S:31647 M:100832048 (Ack:187351254)] (S) Msg TX from 00000000DCF2A6E2 to 1:0000000072197CCC [4145] [UDP:[fe80::84a:18c1:cea4:c124%ETH_W5500]:52967] --- Type 0000:10 (SecureChannel:StandaloneAck) (B:34)
10:03:50.949  uart:~$ uart:~$ [00:14:57.793,000] <inf> chip: [EM]>>> [E:63784r S:31647 M:187351258 (Ack:100832038)] (S) Msg RX from 1:0000000072197CCC [4145] to 00000000DCF2A6E2 --- Type 0000:10 (SecureChannel:StandaloneAck) (B:34)
10:03:50.969  uart:~$ uart:~$ [00:14:57.793,000] <dbg> chip.LogV: [EM]Found matching exchange: 63784r, Delegate: 0
10:03:51.000  uart:~$ uart:~$ [00:14:57.793,000] <dbg> chip.LogV: [EM]Rxd Ack; Removing MessageCounter:100832038 from Retrans Table on exchange 63784r
10:03:51.041  uart:~$ uart:~$ [00:14:57.796,000] <inf> chip: [EM]>>> [E:63785r S:31647 M:187351259] (S) Msg RX from 1:0000000072197CCC [4145] to 00000000DCF2A6E2 --- Type 0001:08 (IM:InvokeCommandRequest) (B:59)
10:03:51.071  uart:~$ uart:~$ [00:14:58.126,000] <dbg> chip.LogV: [EM]Handling via exchange: 63785r, Delegate: 0x20014644
10:03:51.091  uart:~$ uart:~$ [00:14:58.128,000] <dbg> chip.LogV: [DMG]Received command for Endpoint=1 Cluster=0x0000_0006 Command=0x0000_0000
10:03:51.111  uart:~$ uart:~$ [00:14:58.128,000] <inf> chip: [ZCL]Toggle ep1 on/off from state 1 to 0
10:03:51.131  uart:~$ uart:~$ [00:14:58.130,000] <dbg> chip.LogV: [DMG]Endpoint 1, Cluster 0x0000_0006 update version to 11e0b6e7
10:03:51.161  uart:~$ uart:~$ [00:14:58.132,000] <dbg> chip.LogV: [DMG]Cannot merge the new path into any existing path, create one.
10:03:51.183  uart:~$ uart:~$ [00:14:58.132,000] <inf> matter_event_loop: Call cluster ID: 6, Attribute ID: 0
10:03:51.203  uart:~$ uart:~$ [00:14:58.132,000] <inf> matter_event_loop: Matter OnOff changed: endpoint=1 state=0
10:03:51.233  uart:~$ uart:~$ [00:14:58.132,000] <inf> io: io event handled: evt.io_event = 3, evt.bool_data = 0, evt.event_direction = 1
10:03:51.253  uart:~$ uart:~$ [00:14:58.133,000] <inf> chip: [ZCL]Off completed. reset OnTime to  0
10:03:51.275  uart:~$ uart:~$ [00:14:58.134,000] <dbg> chip.LogV: [DMG]Command handler moving to [NewRespons]
10:03:51.305  uart:~$ uart:~$ [00:14:58.357,000] <dbg> chip.LogV: [DMG]Command handler moving to [ Preparing]
10:03:51.325  uart:~$ uart:~$ [00:14:58.358,000] <dbg> chip.LogV: [DMG]Command handler moving to [AddingComm]
10:03:51.345  uart:~$ uart:~$ [00:14:58.358,000] <dbg> chip.LogV: [DMG]Command handler moving to [AddedComma]
10:03:51.376  uart:~$ uart:~$ [00:14:58.358,000] <dbg> chip.LogV: [DMG]Decreasing reference count for CommandHandlerImpl, remaining 1
10:03:51.407  uart:~$ uart:~$ [00:14:58.358,000] <dbg> chip.LogV: [DMG]Decreasing reference count for CommandHandlerImpl, remaining 0
10:03:51.427  uart:~$ uart:~$ [00:14:58.359,000] <dbg> chip.LogV: [DMG]Command handler moving to [AwaitingDe]
10:03:51.467  uart:~$ uart:~$ [00:14:58.360,000] <inf> chip: [EM]<<< [E:63785r S:31647 M:100832049 (Ack:187351259)] (S) Msg TX from 00000000DCF2A6E2 to 1:0000000072197CCC [4145] [UDP:[fe80::84a:18c1:cea4:c124%ETH_W5500]:52967] --- Type 0001:09 (IM:InvokeCommandResponse) (B:67)
10:03:51.497  uart:~$ uart:~$ [00:14:58.368,000] <inf> chip: [EM]??1 [E:63785r S:31647 M:100832049] (S) Msg Retransmission to 1:0000000072197CCC scheduled for 337ms from now [State:Active II:500 AI:300 AT:4000]
10:03:51.517  uart:~$ uart:~$ [00:14:58.368,000] <dbg> chip.LogV: [DMG]Command response sender moving to [AllInvokeR]
10:03:51.548  uart:~$ uart:~$ [00:14:58.369,000] <inf> chip: [EM]<<2 [E:25171i S:31647 M:100832044] (S) Msg Retransmission to 1:0000000072197CCC
10:03:51.612  uart:~$ uart:~$ [00:14:58.643,000] <inf> chip: [EM]??3 [E:25171i S:31647 M:100832044] (S) Msg Retransmission to 1:0000000072197CCC scheduled for 578ms from now [State:Active II:500 AI:300 AT:4000]
10:03:51.653  uart:~$ uart:~$ [00:14:58.645,000] <inf> chip: [EM]>>> [E:25170i S:31647 M:187351260 (Ack:100832033)] (S) Msg RX from 1:0000000072197CCC [4145] to 00000000DCF2A6E2 --- Type 0000:10 (SecureChannel:StandaloneAck) (B:34)
10:03:51.683  uart:~$ uart:~$ [00:14:58.651,000] <dbg> chip.LogV: [IN]Received a duplicate message with MessageCounter:187351259 on exchange 63785r
10:03:51.713  uart:~$ uart:~$ [00:14:58.651,000] <inf> chip: [EM]>>> [E:63785r S:31647 M:187351259] (S) Msg RX from 1:0000000072197CCC [4145] to 00000000DCF2A6E2 --- Type 0001:08 (IM:InvokeCommandRequest) (B:59)
10:03:51.733  uart:~$ uart:~$ [00:14:58.651,000] <dbg> chip.LogV: [EM]Found matching exchange: 63785r, Delegate: 0
10:03:51.764  uart:~$ uart:~$ [00:14:58.652,000] <dbg> chip.LogV: [EM]Forcing tx of solitary ack for duplicate MessageCounter:187351259 on exchange 63785r
10:03:51.814  uart:~$ uart:~$ [00:14:58.653,000] <inf> chip: [EM]<<< [E:63785r S:31647 M:100832050 (Ack:187351259)] (S) Msg TX from 00000000DCF2A6E2 to 1:0000000072197CCC [4145] [UDP:[fe80::84a:18c1:cea4:c124%ETH_W5500]:52967] --- Type 0000:10 (SecureChannel:StandaloneAck) (B:34)
10:03:51.845  uart:~$ uart:~$ [00:14:58.661,000] <dbg> chip.LogV: [IN]Received a duplicate message with MessageCounter:187351254 on exchange 25170i
10:03:51.885  uart:~$ uart:~$ [00:14:58.662,000] <inf> chip: [EM]>>> [E:25170i S:31647 M:187351254 (Ack:100832033)] (S) Msg RX from 1:0000000072197CCC [4145] to 00000000DCF2A6E2 --- Type 0001:01 (IM:StatusResponse) (B:42)
10:03:51.906  uart:~$ uart:~$ [00:14:58.662,000] <dbg> chip.LogV: [EM]Generating StandaloneAck via exchange: 25170i
10:03:51.951  uart:~$ uart:~$ [00:14:58.991,000] <dbg> chip.LogV: [EM]Forcing tx of solitary ack for duplicate MessageCounter:187351254 on exchange 25170i
10:03:52.013  uart:~$ uart:~$ [00:14:58.993,000] <inf> chip: [EM]<<< [E:25170i S:31647 M:100832051 (Ack:187351254)] (S) Msg TX from 00000000DCF2A6E2 to 1:0000000072197CCC [4145] [UDP:[fe80::84a:18c1:cea4:c124%ETH_W5500]:52967] --- Type 0000:10 (SecureChannel:StandaloneAck) (B:34)
10:03:52.033  uart:~$ uart:~$ [00:14:59.000,000] <inf> chip: [EM]<<1 [E:63785r S:31647 M:100832049] (S) Msg Retransmission to 1:0000000072197CCC
10:03:52.073  uart:~$ uart:~$ [00:14:59.008,000] <inf> chip: [EM]??2 [E:63785r S:31647 M:100832049] (S) Msg Retransmission to 1:0000000072197CCC scheduled for 378ms from now [State:Active II:500 AI:300 AT:4000]
10:03:52.113  uart:~$ uart:~$ [00:14:59.009,000] <inf> chip: [EM]>>> [E:63784r S:31647 M:187351261 (Ack:100832038)] (S) Msg RX from 1:0000000072197CCC [4145] to 00000000DCF2A6E2 --- Type 0000:10 (SecureChannel:StandaloneAck) (B:34)
10:03:52.133  uart:~$ uart:~$ [00:14:59.015,000] <dbg> chip.LogV: [IN]Received a duplicate message with MessageCounter:187351259 on exchange 63785r
10:03:52.173  uart:~$ uart:~$ [00:14:59.016,000] <inf> chip: [EM]>>> [E:63785r S:31647 M:187351259] (S) Msg RX from 1:0000000072197CCC [4145] to 00000000DCF2A6E2 --- Type 0001:08 (IM:InvokeCommandRequest) (B:59)
10:03:52.194  uart:~$ uart:~$ [00:14:59.016,000] <dbg> chip.LogV: [EM]Found matching exchange: 63785r, Delegate: 0
10:03:52.224  uart:~$ uart:~$ [00:14:59.016,000] <dbg> chip.LogV: [EM]Forcing tx of solitary ack for duplicate MessageCounter:187351259 on exchange 63785r
10:03:52.264  uart:~$ uart:~$ [00:14:59.017,000] <inf> chip: [EM]<<< [E:63785r S:31647 M:100832052 (Ack:187351259)] (S) Msg TX from 00000000DCF2A6E2 to 1:0000000072197CCC [4145] [UDP:[fe80::84a:18c1:cea4:c124%ETH_W5500]:52967] --- Type 0000:10 (SecureChannel:StandaloneAck) (B:34)
10:03:52.341  uart:~$ uart:~$ [00:14:59.365,000] <inf> chip: [EM]<<3 [E:25171i S:31647 M:100832044] (S) Msg Retransmission to 1:0000000072197CCC
10:03:52.371  uart:~$ uart:~$ [00:14:59.373,000] <inf> chip: [EM]??4 [E:25171i S:31647 M:100832044] (S) Msg Retransmission to 1:0000000072197CCC scheduled for 1045ms from now [State:Active II:500 AI:300 AT:4000]
10:03:52.422  uart:~$ uart:~$ [00:14:59.378,000] <inf> chip: [EM]>>> [E:63784r S:31647 M:187351262 (Ack:100832038)] (S) Msg RX from 1:0000000072197CCC [4145] to 00000000DCF2A6E2 --- Type 0000:10 (SecureChannel:StandaloneAck) (B:34)
10:03:52.443  uart:~$ uart:~$ [00:14:59.380,000] <dbg> chip.LogV: [IN]Received a duplicate message with MessageCounter:187351259 on exchange 63785r
10:03:52.476  uart:~$ uart:~$ [00:14:59.381,000] <inf> chip: [EM]>>> [E:63785r S:31647 M:187351259] (S) Msg RX from 1:0000000072197CCC [4145] to 00000000DCF2A6E2 --- Type 0001:08 (IM:InvokeCommandRequest) (B:59)
10:03:52.496  uart:~$ uart:~$ [00:14:59.381,000] <dbg> chip.LogV: [EM]Found matching exchange: 63785r, Delegate: 0
10:03:52.526  uart:~$ uart:~$ [00:14:59.381,000] <dbg> chip.LogV: [EM]Forcing tx of solitary ack for duplicate MessageCounter:187351259 on exchange 63785r
10:03:52.577  uart:~$ uart:~$ [00:14:59.382,000] <inf> chip: [EM]<<< [E:63785r S:31647 M:100832053 (Ack:187351259)] (S) Msg TX from 00000000DCF2A6E2 to 1:0000000072197CCC [4145] [UDP:[fe80::84a:18c1:cea4:c124%ETH_W5500]:52967] --- Type 0000:10 (SecureChannel:StandaloneAck) (B:34)
10:03:52.598  uart:~$ uart:~$ [00:14:59.390,000] <inf> chip: [EM]<<2 [E:63785r S:31647 M:100832049] (S) Msg Retransmission to 1:0000000072197CCC
10:03:52.638  uart:~$ uart:~$ [00:14:59.397,000] <inf> chip: [EM]??3 [E:63785r S:31647 M:100832049] (S) Msg Retransmission to 1:0000000072197CCC scheduled for 542ms from now [State:Active II:500 AI:300 AT:4000]
10:03:52.700  uart:~$ uart:~$ [00:14:59.731,000] <inf> chip: [EM]>>> [E:25171i S:31647 M:187351263 (Ack:100832044)] (S) Msg RX from 1:0000000072197CCC [4145] to 00000000DCF2A6E2 --- Type 0001:01 (IM:StatusResponse) (B:42)
10:03:52.720  uart:~$ uart:~$ [00:14:59.731,000] <dbg> chip.LogV: [EM]Found matching exchange: 25171i, Delegate: 0x20016268
10:03:52.741  uart:~$ uart:~$ [00:14:59.732,000] <dbg> chip.LogV: [EM]Rxd Ack; Removing MessageCounter:100832044 from Retrans Table on exchange 25171i
10:03:52.761  uart:~$ uart:~$ [00:14:59.732,000] <inf> chip: [IM]Received status response, status is 0x00
10:03:52.781  uart:~$ uart:~$ [00:14:59.732,000] <dbg> chip.LogV: [DMG]<RE> OnReportConfirm: NumReports = 0
10:03:52.812  uart:~$ uart:~$ [00:14:59.733,000] <dbg> chip.LogV: [DMG]IM RH moving to [CanStartReporting]
10:03:52.852  uart:~$ uart:~$ [00:14:59.734,000] <inf> chip: [EM]<<< [E:25171i S:31647 M:100832054 (Ack:187351263)] (S) Msg TX from 00000000DCF2A6E2 to 1:0000000072197CCC [4145] [UDP:[fe80::84a:18c1:cea4:c124%ETH_W5500]:52967] --- Type 0000:10 (SecureChannel:StandaloneAck) (B:34)
10:03:52.882  uart:~$ uart:~$ [00:14:59.741,000] <dbg> chip.LogV: [EM]Flushed pending ack for MessageCounter:187351263 on exchange 25171i
10:03:52.912  uart:~$ uart:~$ [00:14:59.742,000] <dbg> chip.LogV: [DMG]Building Reports for ReadHandler with LastReportGeneration = 0x0000005E DirtyGeneration = 0x0000005F
10:03:52.933  uart:~$ uart:~$ [00:14:59.749,000] <dbg> chip.LogV: [DMG]<RE:Run> Cluster 6, Attribute 0 is dirty
10:03:52.989  uart:~$ uart:~$ [00:15:00.020,000] <dbg> chip.LogV: [DMG]Reading attribute: Cluster=0x0000_0006 Endpoint=0x1 AttributeId=0x0000_0000 (expanded=1)
10:03:53.009  uart:~$ uart:~$ [00:15:00.031,000] <dbg> chip.LogV: [DMG]Fetched 0 events
10:03:53.029  uart:~$ uart:~$ [00:15:00.032,000] <dbg> chip.LogV: [DMG]<RE> Sending report (payload has 39 bytes)...
10:03:53.069  uart:~$ uart:~$ [00:15:00.033,000] <inf> chip: [EM]<<< [E:25172i S:31647 M:100832055] (S) Msg TX from 00000000DCF2A6E2 to 1:0000000072197CCC [4145] [UDP:[fe80::84a:18c1:cea4:c124%ETH_W5500]:52967] --- Type 0001:05 (IM:ReportData) (B:69)
10:03:53.109  uart:~$ uart:~$ [00:15:00.041,000] <inf> chip: [EM]??1 [E:25172i S:31647 M:100832055] (S) Msg Retransmission to 1:0000000072197CCC scheduled for 346ms from now [State:Active II:500 AI:300 AT:4000]
10:03:53.129  uart:~$ uart:~$ [00:15:00.041,000] <dbg> chip.LogV: [DMG]IM RH moving to [AwaitingReportResponse]
10:03:53.150  uart:~$ uart:~$ [00:15:00.042,000] <dbg> chip.LogV: [DMG]<RE> ReportsInFlight = 1 with readHandler 0, RE has no more messages
10:03:53.170  uart:~$ uart:~$ [00:15:00.042,000] <dbg> chip.LogV: [DMG]All ReadHandler-s are clean, clear GlobalDirtySet
10:03:53.222  uart:~$ uart:~$ [00:15:00.047,000] <inf> chip: [EM]>>> [E:63784r S:31647 M:187351264 (Ack:100832038)] (S) Msg RX from 1:0000000072197CCC [4145] to 00000000DCF2A6E2 --- Type 0000:10 (SecureChannel:StandaloneAck) (B:34)
10:03:53.242  uart:~$ uart:~$ [00:15:00.048,000] <inf> chip: [EM]<<3 [E:63785r S:31647 M:100832049] (S) Msg Retransmission to 1:0000000072197CCC
10:03:53.305  uart:~$ uart:~$ [00:15:00.342,000] <inf> chip: [EM]??4 [E:63785r S:31647 M:100832049] (S) Msg Retransmission to 1:0000000072197CCC scheduled for 849ms from now [State:Active II:500 AI:300 AT:4000]
10:03:53.335  uart:~$ uart:~$ [00:15:00.343,000] <dbg> chip.LogV: [IN]Received a duplicate message with MessageCounter:187351263 on exchange 25171i
10:03:53.376  uart:~$ uart:~$ [00:15:00.344,000] <inf> chip: [EM]>>> [E:25171i S:31647 M:187351263 (Ack:100832044)] (S) Msg RX from 1:0000000072197CCC [4145] to 00000000DCF2A6E2 --- Type 0001:01 (IM:StatusResponse) (B:42)
10:03:53.396  uart:~$ uart:~$ [00:15:00.348,000] <dbg> chip.LogV: [EM]Generating StandaloneAck via exchange: 25171i
10:03:53.427  uart:~$ uart:~$ [00:15:00.348,000] <dbg> chip.LogV: [EM]Forcing tx of solitary ack for duplicate MessageCounter:187351263 on exchange 25171i
10:03:53.467  uart:~$ uart:~$ [00:15:00.349,000] <inf> chip: [EM]<<< [E:25171i S:31647 M:100832056 (Ack:187351263)] (S) Msg TX from 00000000DCF2A6E2 to 1:0000000072197CCC [4145] [UDP:[fe80::84a:18c1:cea4:c124%ETH_W5500]:52967] --- Type 0000:10 (SecureChannel:StandaloneAck) (B:34)
10:03:53.508  uart:~$ uart:~$ [00:15:00.358,000] <inf> chip: [EM]>>> [E:25171i S:31647 M:187351265 (Ack:100832044)] (S) Msg RX from 1:0000000072197CCC [4145] to 00000000DCF2A6E2 --- Type 0000:10 (SecureChannel:StandaloneAck) (B:34)
10:03:53.538  uart:~$ uart:~$ [00:15:00.360,000] <dbg> chip.LogV: [IN]Received a duplicate message with MessageCounter:187351263 on exchange 25171i
10:03:53.578  uart:~$ uart:~$ [00:15:00.360,000] <inf> chip: [EM]>>> [E:25171i S:31647 M:187351263 (Ack:100832044)] (S) Msg RX from 1:0000000072197CCC [4145] to 00000000DCF2A6E2 --- Type 0001:01 (IM:StatusResponse) (B:42)
10:03:53.599  uart:~$ uart:~$ [00:15:00.361,000] <dbg> chip.LogV: [EM]Generating StandaloneAck via exchange: 25171i
10:03:53.664  uart:~$ uart:~$ [00:15:00.683,000] <dbg> chip.LogV: [EM]Forcing tx of solitary ack for duplicate MessageCounter:187351263 on exchange 25171i
10:03:53.704  uart:~$ uart:~$ [00:15:00.685,000] <inf> chip: [EM]<<< [E:25171i S:31647 M:100832057 (Ack:187351263)] (S) Msg TX from 00000000DCF2A6E2 to 1:0000000072197CCC [4145] [UDP:[fe80::84a:18c1:cea4:c124%ETH_W5500]:52967] --- Type 0000:10 (SecureChannel:StandaloneAck) (B:34)
10:03:53.735  uart:~$ uart:~$ [00:15:00.692,000] <inf> chip: [EM]<<1 [E:25172i S:31647 M:100832055] (S) Msg Retransmission to 1:0000000072197CCC
10:03:53.765  uart:~$ uart:~$ [00:15:00.700,000] <inf> chip: [EM]??2 [E:25172i S:31647 M:100832055] (S) Msg Retransmission to 1:0000000072197CCC scheduled for 355ms from now [State:Active II:500 AI:300 AT:4000]
10:03:53.795  uart:~$ uart:~$ [00:15:00.714,000] <dbg> chip.LogV: [IN]Received a duplicate message with MessageCounter:187351259 on exchange 63785r
10:03:53.835  uart:~$ uart:~$ [00:15:00.714,000] <inf> chip: [EM]>>> [E:63785r S:31647 M:187351259] (S) Msg RX from 1:0000000072197CCC [4145] to 00000000DCF2A6E2 --- Type 0001:08 (IM:InvokeCommandRequest) (B:59)
10:03:53.856  uart:~$ uart:~$ [00:15:00.714,000] <dbg> chip.LogV: [EM]Found matching exchange: 63785r, Delegate: 0
10:03:53.886  uart:~$ uart:~$ [00:15:00.715,000] <dbg> chip.LogV: [EM]Forcing tx of solitary ack for duplicate MessageCounter:187351259 on exchange 63785r
10:03:53.936  uart:~$ uart:~$ [00:15:00.716,000] <inf> chip: [EM]<<< [E:63785r S:31647 M:100832058 (Ack:187351259)] (S) Msg TX from 00000000DCF2A6E2 to 1:0000000072197CCC [4145] [UDP:[fe80::84a:18c1:cea4:c124%ETH_W5500]:52967] --- Type 0000:10 (SecureChannel:StandaloneAck) (B:34)
10:03:53.956  uart:~$ uart:~$ [00:15:00.724,000] <dbg> chip.LogV: [IN]Received a duplicate message with MessageCounter:187351263 on exchange 25171i
10:03:54.017  uart:~$ uart:~$ [00:15:01.047,000] <inf> chip: [EM]>>> [E:25171i S:31647 M:187351263 (Ack:100832044)] (S) Msg RX from 1:0000000072197CCC [4145] to 00000000DCF2A6E2 --- Type 0001:01 (IM:StatusResponse) (B:42)
10:03:54.048  uart:~$ uart:~$ [00:15:01.047,000] <dbg> chip.LogV: [EM]Generating StandaloneAck via exchange: 25171i
10:03:54.078  uart:~$ uart:~$ [00:15:01.047,000] <dbg> chip.LogV: [EM]Forcing tx of solitary ack for duplicate MessageCounter:187351263 on exchange 25171i
10:03:54.118  uart:~$ uart:~$ [00:15:01.049,000] <inf> chip: [EM]<<< [E:25171i S:31647 M:100832059 (Ack:187351263)] (S) Msg TX from 00000000DCF2A6E2 to 1:0000000072197CCC [4145] [UDP:[fe80::84a:18c1:cea4:c124%ETH_W5500]:52967] --- Type 0000:10 (SecureChannel:StandaloneAck) (B:34)
10:03:54.148  uart:~$ uart:~$ [00:15:01.056,000] <inf> chip: [EM]<<2 [E:25172i S:31647 M:100832055] (S) Msg Retransmission to 1:0000000072197CCC
10:03:54.179  uart:~$ uart:~$ [00:15:01.064,000] <inf> chip: [EM]??3 [E:25172i S:31647 M:100832055] (S) Msg Retransmission to 1:0000000072197CCC scheduled for 572ms from now [State:Active II:500 AI:300 AT:4000]
10:03:54.219  uart:~$ uart:~$ [00:15:01.065,000] <inf> chip: [EM]>>> [E:63785r S:31647 M:187351266 (Ack:100832049)] (S) Msg RX from 1:0000000072197CCC [4145] to 00000000DCF2A6E2 --- Type 0000:10 (SecureChannel:StandaloneAck) (B:34)
10:03:54.250  uart:~$ uart:~$ [00:15:01.066,000] <dbg> chip.LogV: [EM]Found matching exchange: 63785r, Delegate: 0
10:03:54.270  uart:~$ uart:~$ [00:15:01.067,000] <dbg> chip.LogV: [EM]Rxd Ack; Removing MessageCounter:100832049 from Retrans Table on exchange 63785r
10:03:54.311  uart:~$ uart:~$ [00:15:01.073,000] <inf> chip: [EM]>>> [E:63786r S:31647 M:187351267] (S) Msg RX from 1:0000000072197CCC [4145] to 00000000DCF2A6E2 --- Type 0001:08 (IM:InvokeCommandRequest) (B:59)
10:03:54.341  uart:~$ uart:~$ [00:15:01.396,000] <dbg> chip.LogV: [EM]Handling via exchange: 63786r, Delegate: 0x20014644
10:03:54.361  uart:~$ uart:~$ [00:15:01.398,000] <dbg> chip.LogV: [DMG]Received command for Endpoint=2 Cluster=0x0000_0006 Command=0x0000_0000
10:03:54.381  uart:~$ uart:~$ [00:15:01.399,000] <inf> chip: [ZCL]Toggle ep2 on/off from state 1 to 0
10:03:54.411  uart:~$ uart:~$ [00:15:01.401,000] <dbg> chip.LogV: [DMG]Endpoint 2, Cluster 0x0000_0006 update version to b6237348
10:03:54.442  uart:~$ uart:~$ [00:15:01.402,000] <dbg> chip.LogV: [DMG]Cannot merge the new path into any existing path, create one.
10:03:54.462  uart:~$ uart:~$ [00:15:01.402,000] <inf> matter_event_loop: Call cluster ID: 6, Attribute ID: 0
10:03:54.482  uart:~$ uart:~$ [00:15:01.402,000] <inf> matter_event_loop: Matter OnOff changed: endpoint=2 state=0
10:03:54.502  uart:~$ uart:~$ [00:15:01.403,000] <inf> io: io event handled: evt.io_event = 4, evt.bool_data = 0, evt.event_direction = 1
10:03:54.522  uart:~$ uart:~$ [00:15:01.404,000] <inf> chip: [ZCL]Off completed. reset OnTime to  0
10:03:54.542  uart:~$ uart:~$ [00:15:01.404,000] <dbg> chip.LogV: [DMG]Command handler moving to [NewRespons]
10:03:54.583  uart:~$ uart:~$ [00:15:01.630,000] <dbg> chip.LogV: [DMG]Command handler moving to [ Preparing]
10:03:54.603  uart:~$ uart:~$ [00:15:01.631,000] <dbg> chip.LogV: [DMG]Command handler moving to [AddingComm]
10:03:54.623  uart:~$ uart:~$ [00:15:01.631,000] <dbg> chip.LogV: [DMG]Command handler moving to [AddedComma]
10:03:54.653  uart:~$ uart:~$ [00:15:01.631,000] <dbg> chip.LogV: [DMG]Decreasing reference count for CommandHandlerImpl, remaining 1
10:03:54.673  uart:~$ uart:~$ [00:15:01.631,000] <dbg> chip.LogV: [DMG]Decreasing reference count for CommandHandlerImpl, remaining 0
10:03:54.694  uart:~$ uart:~$ [00:15:01.632,000] <dbg> chip.LogV: [DMG]Command handler moving to [AwaitingDe]
10:03:54.744  uart:~$ uart:~$ [00:15:01.633,000] <inf> chip: [EM]<<< [E:63786r S:31647 M:100832060 (Ack:187351267)] (S) Msg TX from 00000000DCF2A6E2 to 1:0000000072197CCC [4145] [UDP:[fe80::84a:18c1:cea4:c124%ETH_W5500]:52967] --- Type 0001:09 (IM:InvokeCommandResponse) (B:67)
10:03:54.774  uart:~$ uart:~$ [00:15:01.640,000] <inf> chip: [EM]??1 [E:63786r S:31647 M:100832060] (S) Msg Retransmission to 1:0000000072197CCC scheduled for 375ms from now [State:Active II:500 AI:300 AT:4000]
10:03:54.794  uart:~$ uart:~$ [00:15:01.641,000] <dbg> chip.LogV: [DMG]Command response sender moving to [AllInvokeR]
10:03:54.814  uart:~$ uart:~$ [00:15:01.642,000] <inf> chip: [EM]<<3 [E:25172i S:31647 M:100832055] (S) Msg Retransmission to 1:0000000072197CCC
10:03:54.891  uart:~$ uart:~$ [00:15:01.928,000] <inf> chip: [EM]??4 [E:25172i S:31647 M:100832055] (S) Msg Retransmission to 1:0000000072197CCC scheduled for 1032ms from now [State:Active II:500 AI:300 AT:4000]
10:03:54.932  uart:~$ uart:~$ [00:15:01.930,000] <inf> chip: [EM]>>> [E:25171i S:31647 M:187351268 (Ack:100832044)] (S) Msg RX from 1:0000000072197CCC [4145] to 00000000DCF2A6E2 --- Type 0000:10 (SecureChannel:StandaloneAck) (B:34)
10:03:54.952  uart:~$ uart:~$ [00:15:01.932,000] <dbg> chip.LogV: [IN]Received a duplicate message with MessageCounter:187351267 on exchange 63786r
10:03:54.992  uart:~$ uart:~$ [00:15:01.932,000] <inf> chip: [EM]>>> [E:63786r S:31647 M:187351267] (S) Msg RX from 1:0000000072197CCC [4145] to 00000000DCF2A6E2 --- Type 0001:08 (IM:InvokeCommandRequest) (B:59)
10:03:55.012  uart:~$ uart:~$ [00:15:01.933,000] <dbg> chip.LogV: [EM]Found matching exchange: 63786r, Delegate: 0
10:03:55.032  uart:~$ uart:~$ [00:15:01.933,000] <dbg> chip.LogV: [EM]Forcing tx of solitary ack for duplicate MessageCounter:187351267 on exchange 63786r
10:03:55.092  uart:~$ uart:~$ [00:15:01.934,000] <inf> chip: [EM]<<< [E:63786r S:31647 M:100832061 (Ack:187351267)] (S) Msg TX from 00000000DCF2A6E2 to 1:0000000072197CCC [4145] [UDP:[fe80::84a:18c1:cea4:c124%ETH_W5500]:52967] --- Type 0000:10 (SecureChannel:StandaloneAck) (B:34)
10:03:55.113  uart:~$ uart:~$ [00:15:01.942,000] <dbg> chip.LogV: [IN]Received a duplicate message with MessageCounter:187351263 on exchange 25171i
10:03:55.153  uart:~$ uart:~$ [00:15:01.943,000] <inf> chip: [EM]>>> [E:25171i S:31647 M:187351263 (Ack:100832044)] (S) Msg RX from 1:0000000072197CCC [4145] to 00000000DCF2A6E2 --- Type 0001:01 (IM:StatusResponse) (B:42)
10:03:55.173  uart:~$ uart:~$ [00:15:01.943,000] <dbg> chip.LogV: [EM]Generating StandaloneAck via exchange: 25171i
10:03:55.228  uart:~$ uart:~$ [00:15:02.262,000] <dbg> chip.LogV: [EM]Forcing tx of solitary ack for duplicate MessageCounter:187351263 on exchange 25171i
10:03:55.280  uart:~$ uart:~$ [00:15:02.263,000] <inf> chip: [EM]<<< [E:25171i S:31647 M:100832062 (Ack:187351263)] (S) Msg TX from 00000000DCF2A6E2 to 1:0000000072197CCC [4145] [UDP:[fe80::84a:18c1:cea4:c124%ETH_W5500]:52967] --- Type 0000:10 (SecureChannel:StandaloneAck) (B:34)
10:03:55.310  uart:~$ uart:~$ [00:15:02.271,000] <inf> chip: [EM]<<1 [E:63786r S:31647 M:100832060] (S) Msg Retransmission to 1:0000000072197CCC
10:03:55.340  uart:~$ uart:~$ [00:15:02.278,000] <inf> chip: [EM]??2 [E:63786r S:31647 M:100832060] (S) Msg Retransmission to 1:0000000072197CCC scheduled for 401ms from now [State:Active II:500 AI:300 AT:4000]
10:03:55.380  uart:~$ uart:~$ [00:15:02.280,000] <inf> chip: [EM]>>> [E:63785r S:31647 M:187351269 (Ack:100832049)] (S) Msg RX from 1:0000000072197CCC [4145] to 00000000DCF2A6E2 --- Type 0000:10 (SecureChannel:StandaloneAck) (B:34)
10:03:55.410  uart:~$ uart:~$ [00:15:02.286,000] <dbg> chip.LogV: [IN]Received a duplicate message with MessageCounter:187351267 on exchange 63786r
10:03:55.452  uart:~$ uart:~$ [00:15:02.286,000] <inf> chip: [EM]>>> [E:63786r S:31647 M:187351267] (S) Msg RX from 1:0000000072197CCC [4145] to 00000000DCF2A6E2 --- Type 0001:08 (IM:InvokeCommandRequest) (B:59)
10:03:55.472  uart:~$ uart:~$ [00:15:02.286,000] <dbg> chip.LogV: [EM]Found matching exchange: 63786r, Delegate: 0
10:03:55.492  uart:~$ uart:~$ [00:15:02.287,000] <dbg> chip.LogV: [EM]Forcing tx of solitary ack for duplicate MessageCounter:187351267 on exchange 63786r
10:03:55.556  uart:~$ uart:~$ [00:15:02.288,000] <inf> chip: [EM]<<< [E:63786r S:31647 M:100832063 (Ack:187351267)] (S) Msg TX from 00000000DCF2A6E2 to 1:0000000072197CCC [4145] [UDP:[fe80::84a:18c1:cea4:c124%ETH_W5500]:52967] --- Type 0000:10 (SecureChannel:StandaloneAck) (B:34)
10:03:55.587  uart:~$ uart:~$ [00:15:02.602,000] <wrn> net_dhcpv4: DHCP server provided more DNS servers than can be saved
10:03:55.663  uart:~$ uart:~$ [00:15:02.679,000] <inf> chip: [EM]>>> [E:25171i S:31647 M:187351270 (Ack:100832044)] (S) Msg RX from 1:0000000072197CCC [4145] to 00000000DCF2A6E2 --- Type 0000:10 (SecureChannel:StandaloneAck) (B:34)
10:03:55.684  uart:~$ uart:~$ [00:15:02.680,000] <inf> chip: [EM]<<2 [E:63786r S:31647 M:100832060] (S) Msg Retransmission to 1:0000000072197CCC
10:03:55.724  uart:~$ uart:~$ [00:15:02.688,000] <inf> chip: [EM]??3 [E:63786r S:31647 M:100832060] (S) Msg Retransmission to 1:0000000072197CCC scheduled for 653ms from now [State:Active II:500 AI:300 AT:4000]
10:03:55.764  uart:~$ uart:~$ [00:15:02.690,000] <inf> chip: [EM]>>> [E:63785r S:31647 M:187351271 (Ack:100832049)] (S) Msg RX from 1:0000000072197CCC [4145] to 00000000DCF2A6E2 --- Type 0000:10 (SecureChannel:StandaloneAck) (B:34)
10:03:55.784  uart:~$ uart:~$ [00:15:02.695,000] <dbg> chip.LogV: [IN]Received a duplicate message with MessageCounter:187351267 on exchange 63786r
10:03:55.824  uart:~$ uart:~$ [00:15:02.696,000] <inf> chip: [EM]>>> [E:63786r S:31647 M:187351267] (S) Msg RX from 1:0000000072197CCC [4145] to 00000000DCF2A6E2 --- Type 0001:08 (IM:InvokeCommandRequest) (B:59)
10:03:55.845  uart:~$ uart:~$ [00:15:02.696,000] <dbg> chip.LogV: [EM]Found matching exchange: 63786r, Delegate: 0
10:03:55.875  uart:~$ uart:~$ [00:15:02.696,000] <dbg> chip.LogV: [EM]Forcing tx of solitary ack for duplicate MessageCounter:187351267 on exchange 63786r
10:03:55.925  uart:~$ uart:~$ [00:15:02.698,000] <inf> chip: [EM]<<< [E:63786r S:31647 M:100832064 (Ack:187351267)] (S) Msg TX from 00000000DCF2A6E2 to 1:0000000072197CCC [4145] [UDP:[fe80::84a:18c1:cea4:c124%ETH_W5500]:52967] --- Type 0000:10 (SecureChannel:StandaloneAck) (B:34)
10:03:55.956  uart:~$ uart:~$ [00:15:02.706,000] <inf> chip: [EM]>>> [E:25172i S:31647 M:187351272 (Ack:100832055)] (S) Msg RX from 1:0000000072197CCC [4145] to 00000000DCF2A6E2 --- Type 0001:01 (IM:StatusResponse) (B:42)
10:03:55.998  uart:~$ uart:~$ [00:15:03.048,000] <dbg> chip.LogV: [EM]Found matching exchange: 25172i, Delegate: 0x20016268
10:03:56.028  uart:~$ uart:~$ [00:15:03.049,000] <dbg> chip.LogV: [EM]Rxd Ack; Removing MessageCounter:100832055 from Retrans Table on exchange 25172i
10:03:56.049  uart:~$ uart:~$ [00:15:03.050,000] <inf> chip: [IM]Received status response, status is 0x00
10:03:56.079  uart:~$ uart:~$ [00:15:03.050,000] <dbg> chip.LogV: [DMG]<RE> OnReportConfirm: NumReports = 0
10:03:56.099  uart:~$ uart:~$ [00:15:03.050,000] <dbg> chip.LogV: [DMG]IM RH moving to [CanStartReporting]
10:03:56.139  uart:~$ uart:~$ [00:15:03.052,000] <inf> chip: [EM]<<< [E:25172i S:31647 M:100832065 (Ack:187351272)] (S) Msg TX from 00000000DCF2A6E2 to 1:0000000072197CCC [4145] [UDP:[fe80::84a:18c1:cea4:c124%ETH_W5500]:52967] --- Type 0000:10 (SecureChannel:StandaloneAck) (B:34)
10:03:56.170  uart:~$ uart:~$ [00:15:03.058,000] <dbg> chip.LogV: [EM]Flushed pending ack for MessageCounter:187351272 on exchange 25172i
10:03:56.190  uart:~$ uart:~$ [00:15:03.059,000] <dbg> chip.LogV: [DMG]Building Reports for ReadHandler with LastReportGeneration = 0x0000005F DirtyGeneration = 0x00000060
10:03:56.210  uart:~$ uart:~$ [00:15:03.069,000] <dbg> chip.LogV: [DMG]<RE:Run> Cluster 6, Attribute 0 is dirty
10:03:56.240  uart:~$ uart:~$ [00:15:03.070,000] <dbg> chip.LogV: [DMG]Reading attribute: Cluster=0x0000_0006 Endpoint=0x2 AttributeId=0x0000_0000 (expanded=1)
10:03:56.307  uart:~$ uart:~$ [00:15:03.348,000] <dbg> chip.LogV: [DMG]Fetched 0 events
10:03:56.327  uart:~$ uart:~$ [00:15:03.349,000] <dbg> chip.LogV: [DMG]<RE> Sending report (payload has 39 bytes)...
10:03:56.367  uart:~$ uart:~$ [00:15:03.351,000] <inf> chip: [EM]<<< [E:25173i S:31647 M:100832066] (S) Msg TX from 00000000DCF2A6E2 to 1:0000000072197CCC [4145] [UDP:[fe80::84a:18c1:cea4:c124%ETH_W5500]:52967] --- Type 0001:05 (IM:ReportData) (B:69)
10:03:56.397  uart:~$ uart:~$ [00:15:03.358,000] <inf> chip: [EM]??1 [E:25173i S:31647 M:100832066] (S) Msg Retransmission to 1:0000000072197CCC scheduled for 411ms from now [State:Active II:500 AI:300 AT:4000]
10:03:56.418  uart:~$ uart:~$ [00:15:03.359,000] <dbg> chip.LogV: [DMG]IM RH moving to [AwaitingReportResponse]
10:03:56.448  uart:~$ uart:~$ [00:15:03.359,000] <dbg> chip.LogV: [DMG]<RE> ReportsInFlight = 1 with readHandler 0, RE has no more messages
10:03:56.479  uart:~$ uart:~$ [00:15:03.359,000] <dbg> chip.LogV: [DMG]All ReadHandler-s are clean, clear GlobalDirtySet
10:03:56.509  uart:~$ uart:~$ [00:15:03.361,000] <inf> chip: [EM]>>> [E:63785r S:31647 M:187351273 (Ack:100832049)] (S) Msg RX from 1:0000000072197CCC [4145] to 00000000DCF2A6E2 --- Type 0000:10 (SecureChannel:StandaloneAck) (B:34)
10:03:56.539  uart:~$ uart:~$ [00:15:03.366,000] <inf> chip: [EM]<<3 [E:63786r S:31647 M:100832060] (S) Msg Retransmission to 1:0000000072197CCC
10:03:56.569  uart:~$ uart:~$ [00:15:03.374,000] <inf> chip: [EM]??4 [E:63786r S:31647 M:100832060] (S) Msg Retransmission to 1:0000000072197CCC scheduled for 975ms from now [State:Active II:500 AI:300 AT:4000]
10:03:56.611  uart:~$ uart:~$ [00:15:03.662,000] <dbg> chip.LogV: [IN]Received a duplicate message with MessageCounter:187351272 on exchange 25172i
10:03:56.652  uart:~$ uart:~$ [00:15:03.663,000] <inf> chip: [EM]>>> [E:25172i S:31647 M:187351272 (Ack:100832055)] (S) Msg RX from 1:0000000072197CCC [4145] to 00000000DCF2A6E2 --- Type 0001:01 (IM:StatusResponse) (B:42)
10:03:56.683  uart:~$ uart:~$ [00:15:03.663,000] <dbg> chip.LogV: [EM]Generating StandaloneAck via exchange: 25172i
10:03:56.703  uart:~$ uart:~$ [00:15:03.664,000] <dbg> chip.LogV: [EM]Forcing tx of solitary ack for duplicate MessageCounter:187351272 on exchange 25172i
10:03:56.753  uart:~$ uart:~$ [00:15:03.665,000] <inf> chip: [EM]<<< [E:25172i S:31647 M:100832067 (Ack:187351272)] (S) Msg TX from 00000000DCF2A6E2 to 1:0000000072197CCC [4145] [UDP:[fe80::84a:18c1:cea4:c124%ETH_W5500]:52967] --- Type 0000:10 (SecureChannel:StandaloneAck) (B:34)
10:03:56.773  uart:~$ uart:~$ [00:15:03.673,000] <dbg> chip.LogV: [IN]Received a duplicate message with MessageCounter:187351267 on exchange 63786r
10:03:56.814  uart:~$ uart:~$ [00:15:03.674,000] <inf> chip: [EM]>>> [E:63786r S:31647 M:187351267] (S) Msg RX from 1:0000000072197CCC [4145] to 00000000DCF2A6E2 --- Type 0001:08 (IM:InvokeCommandRequest) (B:59)
10:03:56.834  uart:~$ uart:~$ [00:15:03.674,000] <dbg> chip.LogV: [EM]Found matching exchange: 63786r, Delegate: 0
10:03:56.854  uart:~$ uart:~$ [00:15:03.674,000] <dbg> chip.LogV: [EM]Forcing tx of solitary ack for duplicate MessageCounter:187351267 on exchange 63786r
10:03:56.916  uart:~$ uart:~$ [00:15:03.675,000] <inf> chip: [EM]<<< [E:63786r S:31647 M:100832068 (Ack:187351267)] (S) Msg TX from 00000000DCF2A6E2 to 1:0000000072197CCC [4145] [UDP:[fe80::84a:18c1:cea4:c124%ETH_W5500]:52967] --- Type 0000:10 (SecureChannel:StandaloneAck) (B:34)
10:03:56.972  uart:~$ uart:~$ [00:15:04.011,000] <inf> chip: [EM]<<1 [E:25173i S:31647 M:100832066] (S) Msg Retransmission to 1:0000000072197CCC
10:03:57.013  uart:~$ uart:~$ [00:15:04.019,000] <inf> chip: [EM]??2 [E:25173i S:31647 M:100832066] (S) Msg Retransmission to 1:0000000072197CCC scheduled for 374ms from now [State:Active II:500 AI:300 AT:4000]
10:03:57.053  uart:~$ uart:~$ [00:15:04.025,000] <inf> chip: [EM]>>> [E:25172i S:31647 M:187351274 (Ack:100832055)] (S) Msg RX from 1:0000000072197CCC [4145] to 00000000DCF2A6E2 --- Type 0000:10 (SecureChannel:StandaloneAck) (B:34)
10:03:57.084  uart:~$ uart:~$ [00:15:04.026,000] <dbg> chip.LogV: [IN]Received a duplicate message with MessageCounter:187351272 on exchange 25172i
10:03:57.124  uart:~$ uart:~$ [00:15:04.027,000] <inf> chip: [EM]>>> [E:25172i S:31647 M:187351272 (Ack:100832055)] (S) Msg RX from 1:0000000072197CCC [4145] to 00000000DCF2A6E2 --- Type 0001:01 (IM:StatusResponse) (B:42)
10:03:57.144  uart:~$ uart:~$ [00:15:04.027,000] <dbg> chip.LogV: [EM]Generating StandaloneAck via exchange: 25172i
10:03:57.164  uart:~$ uart:~$ [00:15:04.027,000] <dbg> chip.LogV: [EM]Forcing tx of solitary ack for duplicate MessageCounter:187351272 on exchange 25172i
10:03:57.214  uart:~$ uart:~$ [00:15:04.029,000] <inf> chip: [EM]<<< [E:25172i S:31647 M:100832069 (Ack:187351272)] (S) Msg TX from 00000000DCF2A6E2 to 1:0000000072197CCC [4145] [UDP:[fe80::84a:18c1:cea4:c124%ETH_W5500]:52967] --- Type 0000:10 (SecureChannel:StandaloneAck) (B:34)
10:03:57.245  uart:~$ uart:~$ [00:15:04.037,000] <inf> chip: [EM]>>> [E:25172i S:31647 M:187351275 (Ack:100832055)] (S) Msg RX from 1:0000000072197CCC [4145] to 00000000DCF2A6E2 --- Type 0000:10 (SecureChannel:StandaloneAck) (B:34)
10:03:57.285  uart:~$ uart:~$ [00:15:04.039,000] <dbg> chip.LogV: [IN]Received a duplicate message with MessageCounter:187351272 on exchange 25172i
10:03:57.340  uart:~$ uart:~$ [00:15:04.372,000] <inf> chip: [EM]>>> [E:25172i S:31647 M:187351272 (Ack:100832055)] (S) Msg RX from 1:0000000072197CCC [4145] to 00000000DCF2A6E2 --- Type 0001:01 (IM:StatusResponse) (B:42)
10:03:57.360  uart:~$ uart:~$ [00:15:04.373,000] <dbg> chip.LogV: [EM]Generating StandaloneAck via exchange: 25172i
10:03:57.390  uart:~$ uart:~$ [00:15:04.373,000] <dbg> chip.LogV: [EM]Forcing tx of solitary ack for duplicate MessageCounter:187351272 on exchange 25172i
10:03:57.440  uart:~$ uart:~$ [00:15:04.374,000] <inf> chip: [EM]<<< [E:25172i S:31647 M:100832070 (Ack:187351272)] (S) Msg TX from 00000000DCF2A6E2 to 1:0000000072197CCC [4145] [UDP:[fe80::84a:18c1:cea4:c124%ETH_W5500]:52967] --- Type 0000:10 (SecureChannel:StandaloneAck) (B:34)
10:03:57.460  uart:~$ uart:~$ [00:15:04.382,000] <inf> chip: [EM]<<4 [E:63786r S:31647 M:100832060] (S) Msg Retransmission to 1:0000000072197CCC
10:03:57.502  uart:~$ uart:~$ [00:15:04.389,000] <inf> chip: [EM]??5 [E:63786r S:31647 M:100832060] (S) Msg Retransmission to 1:0000000072197CCC scheduled for 1430ms from now [State:Active II:500 AI:300 AT:4000]
10:03:57.542  uart:~$ uart:~$ [00:15:04.395,000] <inf> chip: [EM]>>> [E:63786r S:31647 M:187351276 (Ack:100832060)] (S) Msg RX from 1:0000000072197CCC [4145] to 00000000DCF2A6E2 --- Type 0000:10 (SecureChannel:StandaloneAck) (B:34)
10:03:57.562  uart:~$ uart:~$ [00:15:04.395,000] <dbg> chip.LogV: [EM]Found matching exchange: 63786r, Delegate: 0
10:03:57.592  uart:~$ uart:~$ [00:15:04.396,000] <dbg> chip.LogV: [EM]Rxd Ack; Removing MessageCounter:100832060 from Retrans Table on exchange 63786r
10:03:57.612  uart:~$ uart:~$ [00:15:04.397,000] <inf> chip: [EM]<<2 [E:25173i S:31647 M:100832066] (S) Msg Retransmission to 1:0000000072197CCC
10:03:57.665  uart:~$ uart:~$ [00:15:04.710,000] <inf> chip: [EM]??3 [E:25173i S:31647 M:100832066] (S) Msg Retransmission to 1:0000000072197CCC scheduled for 643ms from now [State:Active II:500 AI:300 AT:4000]
10:03:57.717  uart:~$ uart:~$ [00:15:04.716,000] <inf> chip: [EM]>>> [E:63787r S:31647 M:187351277] (S) Msg RX from 1:0000000072197CCC [4145] to 00000000DCF2A6E2 --- Type 0001:08 (IM:InvokeCommandRequest) (B:59)
10:03:57.737  uart:~$ uart:~$ [00:15:04.716,000] <dbg> chip.LogV: [EM]Handling via exchange: 63787r, Delegate: 0x20014644
10:03:57.757  uart:~$ uart:~$ [00:15:04.718,000] <dbg> chip.LogV: [DMG]Received command for Endpoint=4 Cluster=0x0000_0006 Command=0x0000_0000
10:03:57.777  uart:~$ uart:~$ [00:15:04.718,000] <inf> chip: [ZCL]Toggle ep4 on/off from state 1 to 0
10:03:57.807  uart:~$ uart:~$ [00:15:04.720,000] <dbg> chip.LogV: [DMG]Endpoint 4, Cluster 0x0000_0006 update version to 56e47b40
10:03:57.827  uart:~$ uart:~$ [00:15:04.722,000] <dbg> chip.LogV: [DMG]Cannot merge the new path into any existing path, create one.
10:03:57.848  uart:~$ uart:~$ [00:15:04.722,000] <inf> matter_event_loop: Call cluster ID: 6, Attribute ID: 0
10:03:57.868  uart:~$ uart:~$ [00:15:04.722,000] <inf> matter_event_loop: Matter OnOff changed: endpoint=4 state=0
10:03:57.898  uart:~$ uart:~$ [00:15:04.723,000] <inf> io: io event handled: evt.io_event = 6, evt.bool_data = 0, evt.event_direction = 1
10:03:57.931  uart:~$ uart:~$ [00:15:04.989,000] <inf> chip: [ZCL]Off completed. reset OnTime to  0
10:03:57.951  uart:~$ uart:~$ [00:15:04.989,000] <dbg> chip.LogV: [DMG]Command handler moving to [NewRespons]
10:03:57.971  uart:~$ uart:~$ [00:15:04.990,000] <dbg> chip.LogV: [DMG]Command handler moving to [ Preparing]
10:03:57.991  uart:~$ uart:~$ [00:15:04.990,000] <dbg> chip.LogV: [DMG]Command handler moving to [AddingComm]
10:03:58.011  uart:~$ uart:~$ [00:15:04.990,000] <dbg> chip.LogV: [DMG]Command handler moving to [AddedComma]
10:03:58.032  uart:~$ uart:~$ [00:15:04.990,000] <dbg> chip.LogV: [DMG]Decreasing reference count for CommandHandlerImpl, remaining 1
10:03:58.062  uart:~$ uart:~$ [00:15:04.991,000] <dbg> chip.LogV: [DMG]Decreasing reference count for CommandHandlerImpl, remaining 0
10:03:58.082  uart:~$ uart:~$ [00:15:04.991,000] <dbg> chip.LogV: [DMG]Command handler moving to [AwaitingDe]
10:03:58.132  uart:~$ uart:~$ [00:15:04.992,000] <inf> chip: [EM]<<< [E:63787r S:31647 M:100832071 (Ack:187351277)] (S) Msg TX from 00000000DCF2A6E2 to 1:0000000072197CCC [4145] [UDP:[fe80::84a:18c1:cea4:c124%ETH_W5500]:52967] --- Type 0001:09 (IM:InvokeCommandResponse) (B:67)
10:03:58.162  uart:~$ uart:~$ [00:15:05.000,000] <inf> chip: [EM]??1 [E:63787r S:31647 M:100832071] (S) Msg Retransmission to 1:0000000072197CCC scheduled for 370ms from now [State:Active II:500 AI:300 AT:4000]
10:03:58.205  uart:~$ uart:~$ [00:15:05.255,000] <dbg> chip.LogV: [DMG]Command response sender moving to [AllInvokeR]
10:03:58.245  uart:~$ uart:~$ [00:15:05.257,000] <inf> chip: [EM]>>> [E:25172i S:31647 M:187351278 (Ack:100832055)] (S) Msg RX from 1:0000000072197CCC [4145] to 00000000DCF2A6E2 --- Type 0000:10 (SecureChannel:StandaloneAck) (B:34)
10:03:58.265  uart:~$ uart:~$ [00:15:05.259,000] <dbg> chip.LogV: [IN]Received a duplicate message with MessageCounter:187351277 on exchange 63787r
10:03:58.306  uart:~$ uart:~$ [00:15:05.260,000] <inf> chip: [EM]>>> [E:63787r S:31647 M:187351277] (S) Msg RX from 1:0000000072197CCC [4145] to 00000000DCF2A6E2 --- Type 0001:08 (IM:InvokeCommandRequest) (B:59)
10:03:58.326  uart:~$ uart:~$ [00:15:05.260,000] <dbg> chip.LogV: [EM]Found matching exchange: 63787r, Delegate: 0
10:03:58.356  uart:~$ uart:~$ [00:15:05.260,000] <dbg> chip.LogV: [EM]Forcing tx of solitary ack for duplicate MessageCounter:187351277 on exchange 63787r
10:03:58.406  uart:~$ uart:~$ [00:15:05.261,000] <inf> chip: [EM]<<< [E:63787r S:31647 M:100832072 (Ack:187351277)] (S) Msg TX from 00000000DCF2A6E2 to 1:0000000072197CCC [4145] [UDP:[fe80::84a:18c1:cea4:c124%ETH_W5500]:52967] --- Type 0000:10 (SecureChannel:StandaloneAck) (B:34)
10:03:58.436  uart:~$ uart:~$ [00:15:05.270,000] <inf> chip: [EM]>>> [E:63786r S:31647 M:187351279 (Ack:100832060)] (S) Msg RX from 1:0000000072197CCC [4145] to 00000000DCF2A6E2 --- Type 0000:10 (SecureChannel:StandaloneAck) (B:34)
10:03:58.467  uart:~$ uart:~$ [00:15:05.272,000] <dbg> chip.LogV: [IN]Received a duplicate message with MessageCounter:187351277 on exchange 63787r
10:03:58.507  uart:~$ uart:~$ [00:15:05.272,000] <inf> chip: [EM]>>> [E:63787r S:31647 M:187351277] (S) Msg RX from 1:0000000072197CCC [4145] to 00000000DCF2A6E2 --- Type 0001:08 (IM:InvokeCommandRequest) (B:59)
10:03:58.562  uart:~$ uart:~$ [00:15:05.597,000] <dbg> chip.LogV: [EM]Found matching exchange: 63787r, Delegate: 0
10:03:58.593  uart:~$ uart:~$ [00:15:05.597,000] <dbg> chip.LogV: [EM]Forcing tx of solitary ack for duplicate MessageCounter:187351277 on exchange 63787r
10:03:58.633  uart:~$ uart:~$ [00:15:05.598,000] <inf> chip: [EM]<<< [E:63787r S:31647 M:100832073 (Ack:187351277)] (S) Msg TX from 00000000DCF2A6E2 to 1:0000000072197CCC [4145] [UDP:[fe80::84a:18c1:cea4:c124%ETH_W5500]:52967] --- Type 0000:10 (SecureChannel:StandaloneAck) (B:34)
10:03:58.663  uart:~$ uart:~$ [00:15:05.606,000] <inf> chip: [EM]<<1 [E:63787r S:31647 M:100832071] (S) Msg Retransmission to 1:0000000072197CCC
10:03:58.704  uart:~$ uart:~$ [00:15:05.613,000] <inf> chip: [EM]??2 [E:63787r S:31647 M:100832071] (S) Msg Retransmission to 1:0000000072197CCC scheduled for 360ms from now [State:Active II:500 AI:300 AT:4000]
10:03:58.734  uart:~$ uart:~$ [00:15:05.614,000] <inf> chip: [EM]<<3 [E:25173i S:31647 M:100832066] (S) Msg Retransmission to 1:0000000072197CCC
10:03:58.765  uart:~$ uart:~$ [00:15:05.628,000] <inf> chip: [EM]??4 [E:25173i S:31647 M:100832066] (S) Msg Retransmission to 1:0000000072197CCC scheduled for 891ms from now [State:Active II:500 AI:300 AT:4000]
10:03:58.795  uart:~$ uart:~$ [00:15:05.630,000] <dbg> chip.LogV: [IN]Received a duplicate message with MessageCounter:187351272 on exchange 25172i
10:03:58.825  uart:~$ uart:~$ [00:15:05.630,000] <inf> chip: [EM]>>> [E:25172i S:31647 M:187351272 (Ack:100832055)] (S) Msg RX from 1:0000000072197CCC [4145] to 00000000DCF2A6E2 --- Type 0001:01 (IM:StatusResponse) (B:42)
10:03:58.845  uart:~$ uart:~$ [00:15:05.631,000] <dbg> chip.LogV: [EM]Generating StandaloneAck via exchange: 25172i
10:03:58.909  uart:~$ uart:~$ [00:15:05.939,000] <dbg> chip.LogV: [EM]Forcing tx of solitary ack for duplicate MessageCounter:187351272 on exchange 25172i
10:03:58.949  uart:~$ uart:~$ [00:15:05.940,000] <inf> chip: [EM]<<< [E:25172i S:31647 M:100832074 (Ack:187351272)] (S) Msg TX from 00000000DCF2A6E2 to 1:0000000072197CCC [4145] [UDP:[fe80::84a:18c1:cea4:c124%ETH_W5500]:52967] --- Type 0000:10 (SecureChannel:StandaloneAck) (B:34)
10:03:58.990  uart:~$ uart:~$ [00:15:05.949,000] <inf> chip: [EM]>>> [E:63786r S:31647 M:187351280 (Ack:100832060)] (S) Msg RX from 1:0000000072197CCC [4145] to 00000000DCF2A6E2 --- Type 0000:10 (SecureChannel:StandaloneAck) (B:34)
10:03:59.020  uart:~$ uart:~$ [00:15:05.951,000] <dbg> chip.LogV: [IN]Received a duplicate message with MessageCounter:187351277 on exchange 63787r
10:03:59.050  uart:~$ uart:~$ [00:15:05.951,000] <inf> chip: [EM]>>> [E:63787r S:31647 M:187351277] (S) Msg RX from 1:0000000072197CCC [4145] to 00000000DCF2A6E2 --- Type 0001:08 (IM:InvokeCommandRequest) (B:59)
10:03:59.070  uart:~$ uart:~$ [00:15:05.951,000] <dbg> chip.LogV: [EM]Found matching exchange: 63787r, Delegate: 0
10:03:59.101  uart:~$ uart:~$ [00:15:05.952,000] <dbg> chip.LogV: [EM]Forcing tx of solitary ack for duplicate MessageCounter:187351277 on exchange 63787r
10:03:59.151  uart:~$ uart:~$ [00:15:05.953,000] <inf> chip: [EM]<<< [E:63787r S:31647 M:100832075 (Ack:187351277)] (S) Msg TX from 00000000DCF2A6E2 to 1:0000000072197CCC [4145] [UDP:[fe80::84a:18c1:cea4:c124%ETH_W5500]:52967] --- Type 0000:10 (SecureChannel:StandaloneAck) (B:34)
10:03:59.191  uart:~$ uart:~$ [00:15:05.962,000] <inf> chip: [EM]>>> [E:25173i S:31647 M:187351281 (Ack:100832066)] (S) Msg RX from 1:0000000072197CCC [4145] to 00000000DCF2A6E2 --- Type 0001:01 (IM:StatusResponse) (B:42)
10:03:59.212  uart:~$ uart:~$ [00:15:05.962,000] <dbg> chip.LogV: [EM]Found matching exchange: 25173i, Delegate: 0x20016268
10:03:59.269  uart:~$ uart:~$ [00:15:06.301,000] <dbg> chip.LogV: [EM]Rxd Ack; Removing MessageCounter:100832066 from Retrans Table on exchange 25173i
10:03:59.300  uart:~$ uart:~$ [00:15:06.302,000] <inf> chip: [IM]Received status response, status is 0x00
10:03:59.320  uart:~$ uart:~$ [00:15:06.302,000] <dbg> chip.LogV: [DMG]<RE> OnReportConfirm: NumReports = 0
10:03:59.340  uart:~$ uart:~$ [00:15:06.302,000] <dbg> chip.LogV: [DMG]IM RH moving to [CanStartReporting]
10:03:59.381  uart:~$ uart:~$ [00:15:06.304,000] <inf> chip: [EM]<<< [E:25173i S:31647 M:100832076 (Ack:187351281)] (S) Msg TX from 00000000DCF2A6E2 to 1:0000000072197CCC [4145] [UDP:[fe80::84a:18c1:cea4:c124%ETH_W5500]:52967] --- Type 0000:10 (SecureChannel:StandaloneAck) (B:34)
10:03:59.411  uart:~$ uart:~$ [00:15:06.310,000] <dbg> chip.LogV: [EM]Flushed pending ack for MessageCounter:187351281 on exchange 25173i
10:03:59.431  uart:~$ uart:~$ [00:15:06.311,000] <inf> chip: [EM]<<2 [E:63787r S:31647 M:100832071] (S) Msg Retransmission to 1:0000000072197CCC
10:03:59.471  uart:~$ uart:~$ [00:15:06.319,000] <inf> chip: [EM]??3 [E:63787r S:31647 M:100832071] (S) Msg Retransmission to 1:0000000072197CCC scheduled for 651ms from now [State:Active II:500 AI:300 AT:4000]
10:03:59.502  uart:~$ uart:~$ [00:15:06.319,000] <dbg> chip.LogV: [DMG]Building Reports for ReadHandler with LastReportGeneration = 0x00000060 DirtyGeneration = 0x00000061
10:03:59.533  uart:~$ uart:~$ [00:15:06.336,000] <dbg> chip.LogV: [DMG]<RE:Run> Cluster 6, Attribute 0 is dirty
10:03:59.586  uart:~$ uart:~$ [00:15:06.619,000] <dbg> chip.LogV: [DMG]Reading attribute: Cluster=0x0000_0006 Endpoint=0x4 AttributeId=0x0000_0000 (expanded=1)
10:03:59.596  uart:~$ uart:~$ [00:15:06.625,000] <dbg> chip.LogV: [DMG]Fetched 0 events
10:03:59.616  uart:~$ uart:~$ [00:15:06.626,000] <dbg> chip.LogV: [DMG]<RE> Sending report (payload has 39 bytes)...
10:03:59.657  uart:~$ uart:~$ [00:15:06.627,000] <inf> chip: [EM]<<< [E:25174i S:31647 M:100832077] (S) Msg TX from 00000000DCF2A6E2 to 1:0000000072197CCC [4145] [UDP:[fe80::84a:18c1:cea4:c124%ETH_W5500]:52967] --- Type 0001:05 (IM:ReportData) (B:69)
10:03:59.697  uart:~$ uart:~$ [00:15:06.635,000] <inf> chip: [EM]??1 [E:25174i S:31647 M:100832077] (S) Msg Retransmission to 1:0000000072197CCC scheduled for 398ms from now [State:Active II:500 AI:300 AT:4000]
10:03:59.727  uart:~$ uart:~$ [00:15:06.635,000] <dbg> chip.LogV: [DMG]IM RH moving to [AwaitingReportResponse]
10:03:59.747  uart:~$ uart:~$ [00:15:06.635,000] <dbg> chip.LogV: [DMG]<RE> ReportsInFlight = 1 with readHandler 0, RE has no more messages
10:03:59.767  uart:~$ uart:~$ [00:15:06.636,000] <dbg> chip.LogV: [DMG]All ReadHandler-s are clean, clear GlobalDirtySet
10:03:59.808  uart:~$ uart:~$ [00:15:06.641,000] <inf> chip: [EM]>>> [E:63786r S:31647 M:187351282 (Ack:100832060)] (S) Msg RX from 1:0000000072197CCC [4145] to 00000000DCF2A6E2 --- Type 0000:10 (SecureChannel:StandaloneAck) (B:34)
10:03:59.828  uart:~$ uart:~$ [00:15:06.643,000] <dbg> chip.LogV: [IN]Received a duplicate message with MessageCounter:187351281 on exchange 25173i
10:03:59.893  uart:~$ uart:~$ [00:15:06.921,000] <inf> chip: [EM]>>> [E:25173i S:31647 M:187351281 (Ack:100832066)] (S) Msg RX from 1:0000000072197CCC [4145] to 00000000DCF2A6E2 --- Type 0001:01 (IM:StatusResponse) (B:42)
10:03:59.923  uart:~$ uart:~$ [00:15:06.922,000] <dbg> chip.LogV: [EM]Generating StandaloneAck via exchange: 25173i
10:03:59.943  uart:~$ uart:~$ [00:15:06.922,000] <dbg> chip.LogV: [EM]Forcing tx of solitary ack for duplicate MessageCounter:187351281 on exchange 25173i
10:03:59.994  uart:~$ uart:~$ [00:15:06.923,000] <inf> chip: [EM]<<< [E:25173i S:31647 M:100832078 (Ack:187351281)] (S) Msg TX from 00000000DCF2A6E2 to 1:0000000072197CCC [4145] [UDP:[fe80::84a:18c1:cea4:c124%ETH_W5500]:52967] --- Type 0000:10 (SecureChannel:StandaloneAck) (B:34)
10:04:00.014  uart:~$ uart:~$ [00:15:06.932,000] <dbg> chip.LogV: [IN]Received a duplicate message with MessageCounter:187351277 on exchange 63787r
10:04:00.054  uart:~$ uart:~$ [00:15:06.932,000] <inf> chip: [EM]>>> [E:63787r S:31647 M:187351277] (S) Msg RX from 1:0000000072197CCC [4145] to 00000000DCF2A6E2 --- Type 0001:08 (IM:InvokeCommandRequest) (B:59)
10:04:00.074  uart:~$ uart:~$ [00:15:06.932,000] <dbg> chip.LogV: [EM]Found matching exchange: 63787r, Delegate: 0
10:04:00.115  uart:~$ uart:~$ [00:15:06.932,000] <dbg> chip.LogV: [EM]Forcing tx of solitary ack for duplicate MessageCounter:187351277 on exchange 63787r
10:04:00.155  uart:~$ uart:~$ [00:15:06.934,000] <inf> chip: [EM]<<< [E:63787r S:31647 M:100832079 (Ack:187351277)] (S) Msg TX from 00000000DCF2A6E2 to 1:0000000072197CCC [4145] [UDP:[fe80::84a:18c1:cea4:c124%ETH_W5500]:52967] --- Type 0000:10 (SecureChannel:StandaloneAck) (B:34)
10:04:00.195  uart:~$ uart:~$ [00:15:06.943,000] <inf> chip: [EM]>>> [E:25173i S:31647 M:187351283 (Ack:100832066)] (S) Msg RX from 1:0000000072197CCC [4145] to 00000000DCF2A6E2 --- Type 0000:10 (SecureChannel:StandaloneAck) (B:34)
10:04:00.262  uart:~$ uart:~$ [00:15:07.284,000] <inf> chip: [EM]<<3 [E:63787r S:31647 M:100832071] (S) Msg Retransmission to 1:0000000072197CCC
10:04:00.292  uart:~$ uart:~$ [00:15:07.292,000] <inf> chip: [EM]??4 [E:63787r S:31647 M:100832071] (S) Msg Retransmission to 1:0000000072197CCC scheduled for 1035ms from now [State:Active II:500 AI:300 AT:4000]
10:04:00.324  uart:~$ uart:~$ [00:15:07.292,000] <inf> chip: [EM]<<1 [E:25174i S:31647 M:100832077] (S) Msg Retransmission to 1:0000000072197CCC
10:04:00.364  uart:~$ uart:~$ [00:15:07.307,000] <inf> chip: [EM]??2 [E:25174i S:31647 M:100832077] (S) Msg Retransmission to 1:0000000072197CCC scheduled for 403ms from now [State:Active II:500 AI:300 AT:4000]
10:04:00.384  uart:~$ uart:~$ [00:15:07.308,000] <dbg> chip.LogV: [IN]Received a duplicate message with MessageCounter:187351281 on exchange 25173i
10:04:00.424  uart:~$ uart:~$ [00:15:07.309,000] <inf> chip: [EM]>>> [E:25173i S:31647 M:187351281 (Ack:100832066)] (S) Msg RX from 1:0000000072197CCC [4145] to 00000000DCF2A6E2 --- Type 0001:01 (IM:StatusResponse) (B:42)
10:04:00.445  uart:~$ uart:~$ [00:15:07.309,000] <dbg> chip.LogV: [EM]Generating StandaloneAck via exchange: 25173i
10:04:00.465  uart:~$ uart:~$ [00:15:07.309,000] <dbg> chip.LogV: [EM]Forcing tx of solitary ack for duplicate MessageCounter:187351281 on exchange 25173i
10:04:00.526  uart:~$ uart:~$ [00:15:07.311,000] <inf> chip: [EM]<<< [E:25173i S:31647 M:100832080 (Ack:187351281)] (S) Msg TX from 00000000DCF2A6E2 to 1:0000000072197CCC [4145] [UDP:[fe80::84a:18c1:cea4:c124%ETH_W5500]:52967] --- Type 0000:10 (SecureChannel:StandaloneAck) (B:34)
10:04:00.556  uart:~$ uart:~$ [00:15:07.319,000] <inf> chip: [EM]>>> [E:63786r S:31647 M:187351284 (Ack:100832060)] (S) Msg RX from 1:0000000072197CCC [4145] to 00000000DCF2A6E2 --- Type 0000:10 (SecureChannel:StandaloneAck) (B:34)
10:04:00.620  uart:~$ uart:~$ [00:15:07.651,000] <inf> chip: [EM]>>> [E:25173i S:31647 M:187351285 (Ack:100832066)] (S) Msg RX from 1:0000000072197CCC [4145] to 00000000DCF2A6E2 --- Type 0000:10 (SecureChannel:StandaloneAck) (B:34)
10:04:00.640  uart:~$ uart:~$ [00:15:07.652,000] <dbg> chip.LogV: [IN]Received a duplicate message with MessageCounter:187351281 on exchange 25173i
10:04:00.680  uart:~$ uart:~$ [00:15:07.653,000] <inf> chip: [EM]>>> [E:25173i S:31647 M:187351281 (Ack:100832066)] (S) Msg RX from 1:0000000072197CCC [4145] to 00000000DCF2A6E2 --- Type 0001:01 (IM:StatusResponse) (B:42)
10:04:00.700  uart:~$ uart:~$ [00:15:07.653,000] <dbg> chip.LogV: [EM]Generating StandaloneAck via exchange: 25173i
10:04:00.740  uart:~$ uart:~$ [00:15:07.653,000] <dbg> chip.LogV: [EM]Forcing tx of solitary ack for duplicate MessageCounter:187351281 on exchange 25173i
10:04:00.780  uart:~$ uart:~$ [00:15:07.655,000] <inf> chip: [EM]<<< [E:25173i S:31647 M:100832081 (Ack:187351281)] (S) Msg TX from 00000000DCF2A6E2 to 1:0000000072197CCC [4145] [UDP:[fe80::84a:18c1:cea4:c124%ETH_W5500]:52967] --- Type 0000:10 (SecureChannel:StandaloneAck) (B:34)
10:04:00.821  uart:~$ uart:~$ [00:15:07.663,000] <inf> chip: [EM]>>> [E:63787r S:31647 M:187351286 (Ack:100832071)] (S) Msg RX from 1:0000000072197CCC [4145] to 00000000DCF2A6E2 --- Type 0000:10 (SecureChannel:StandaloneAck) (B:34)
10:04:00.841  uart:~$ uart:~$ [00:15:07.664,000] <dbg> chip.LogV: [EM]Found matching exchange: 63787r, Delegate: 0
10:04:00.871  uart:~$ uart:~$ [00:15:07.664,000] <dbg> chip.LogV: [EM]Rxd Ack; Removing MessageCounter:100832071 from Retrans Table on exchange 63787r
10:04:00.911  uart:~$ uart:~$ [00:15:07.666,000] <inf> chip: [EM]>>> [E:63787r S:31647 M:187351287 (Ack:100832071)] (S) Msg RX from 1:0000000072197CCC [4145] to 00000000DCF2A6E2 --- Type 0000:10 (SecureChannel:StandaloneAck) (B:34)
10:04:01.001  uart:~$ uart:~$ [00:15:08.006,000] <inf> chip: [EM]<<2 [E:25174i S:31647 M:100832077] (S) Msg Retransmission to 1:0000000072197CCC
10:04:01.031  uart:~$ uart:~$ [00:15:08.013,000] <inf> chip: [EM]??3 [E:25174i S:31647 M:100832077] (S) Msg Retransmission to 1:0000000072197CCC scheduled for 548ms from now [State:Active II:500 AI:300 AT:4000]
10:04:01.071  uart:~$ uart:~$ [00:15:08.015,000] <inf> chip: [EM]>>> [E:25173i S:31647 M:187351288 (Ack:100832066)] (S) Msg RX from 1:0000000072197CCC [4145] to 00000000DCF2A6E2 --- Type 0000:10 (SecureChannel:StandaloneAck) (B:34)
10:04:01.091  uart:~$ uart:~$ [00:15:08.034,000] <dbg> chip.LogV: [IN]Received a duplicate message with MessageCounter:187351281 on exchange 25173i
10:04:01.133  uart:~$ uart:~$ [00:15:08.034,000] <inf> chip: [EM]>>> [E:25173i S:31647 M:187351281 (Ack:100832066)] (S) Msg RX from 1:0000000072197CCC [4145] to 00000000DCF2A6E2 --- Type 0001:01 (IM:StatusResponse) (B:42)
10:04:01.164  uart:~$ uart:~$ [00:15:08.034,000] <dbg> chip.LogV: [EM]Generating StandaloneAck via exchange: 25173i
10:04:01.194  uart:~$ uart:~$ [00:15:08.035,000] <dbg> chip.LogV: [EM]Forcing tx of solitary ack for duplicate MessageCounter:187351281 on exchange 25173i
10:04:01.245  uart:~$ uart:~$ [00:15:08.036,000] <inf> chip: [EM]<<< [E:25173i S:31647 M:100832082 (Ack:187351281)] (S) Msg TX from 00000000DCF2A6E2 to 1:0000000072197CCC [4145] [UDP:[fe80::84a:18c1:cea4:c124%ETH_W5500]:52967] --- Type 0000:10 (SecureChannel:StandaloneAck) (B:34)
10:04:01.275  uart:~$ uart:~$ [00:15:08.058,000] <inf> chip: [EM]>>> [E:63788r S:31647 M:187351289] (S) Msg RX from 1:0000000072197CCC [4145] to 00000000DCF2A6E2 --- Type 0001:08 (IM:InvokeCommandRequest) (B:59)
10:04:01.295  uart:~$ uart:~$ [00:15:08.058,000] <dbg> chip.LogV: [EM]Handling via exchange: 63788r, Delegate: 0x20014644
10:04:01.337  uart:~$ uart:~$ [00:15:08.388,000] <dbg> chip.LogV: [DMG]Received command for Endpoint=4 Cluster=0x0000_0006 Command=0x0000_0001
10:04:01.357  uart:~$ uart:~$ [00:15:08.388,000] <inf> chip: [ZCL]Toggle ep4 on/off from state 0 to 1
10:04:01.377  uart:~$ uart:~$ [00:15:08.388,000] <inf> chip: [ZCL]On Command - OffWaitTime :  0
10:04:01.397  uart:~$ uart:~$ [00:15:08.389,000] <inf> chip: [ZCL]On/Toggle Command - Stop Timer
10:04:01.418  uart:~$ uart:~$ [00:15:08.391,000] <dbg> chip.LogV: [DMG]Endpoint 4, Cluster 0x0000_0006 update version to 56e47b41
10:04:01.438  uart:~$ uart:~$ [00:15:08.392,000] <dbg> chip.LogV: [DMG]Cannot merge the new path into any existing path, create one.
10:04:01.458  uart:~$ uart:~$ [00:15:08.392,000] <inf> matter_event_loop: Call cluster ID: 6, Attribute ID: 0
10:04:01.489  uart:~$ uart:~$ [00:15:08.393,000] <inf> matter_event_loop: Matter OnOff changed: endpoint=4 state=1
10:04:01.509  uart:~$ uart:~$ [00:15:08.393,000] <inf> io: io event handled: evt.io_event = 6, evt.bool_data = 1, evt.event_direction = 1
10:04:01.539  uart:~$ uart:~$ [00:15:08.394,000] <dbg> chip.LogV: [DMG]Command handler moving to [NewRespons]
10:04:01.572  uart:~$ uart:~$ [00:15:08.629,000] <dbg> chip.LogV: [DMG]Command handler moving to [ Preparing]
10:04:01.592  uart:~$ uart:~$ [00:15:08.629,000] <dbg> chip.LogV: [DMG]Command handler moving to [AddingComm]
10:04:01.612  uart:~$ uart:~$ [00:15:08.630,000] <dbg> chip.LogV: [DMG]Command handler moving to [AddedComma]
10:04:01.642  uart:~$ uart:~$ [00:15:08.630,000] <dbg> chip.LogV: [DMG]Decreasing reference count for CommandHandlerImpl, remaining 1
10:04:01.662  uart:~$ uart:~$ [00:15:08.630,000] <dbg> chip.LogV: [DMG]Decreasing reference count for CommandHandlerImpl, remaining 0
10:04:01.682  uart:~$ uart:~$ [00:15:08.630,000] <dbg> chip.LogV: [DMG]Command handler moving to [AwaitingDe]
10:04:01.734  uart:~$ uart:~$ [00:15:08.632,000] <inf> chip: [EM]<<< [E:63788r S:31647 M:100832083 (Ack:187351289)] (S) Msg TX from 00000000DCF2A6E2 to 1:0000000072197CCC [4145] [UDP:[fe80::84a:18c1:cea4:c124%ETH_W5500]:52967] --- Type 0001:09 (IM:InvokeCommandResponse) (B:67)
10:04:01.774  uart:~$ uart:~$ [00:15:08.639,000] <inf> chip: [EM]??1 [E:63788r S:31647 M:100832083] (S) Msg Retransmission to 1:0000000072197CCC scheduled for 344ms from now [State:Active II:500 AI:300 AT:4000]
10:04:01.794  uart:~$ uart:~$ [00:15:08.640,000] <dbg> chip.LogV: [DMG]Command response sender moving to [AllInvokeR]
10:04:01.814  uart:~$ uart:~$ [00:15:08.641,000] <inf> chip: [EM]<<3 [E:25174i S:31647 M:100832077] (S) Msg Retransmission to 1:0000000072197CCC
10:04:01.901  uart:~$ uart:~$ [00:15:08.912,000] <inf> chip: [EM]??4 [E:25174i S:31647 M:100832077] (S) Msg Retransmission to 1:0000000072197CCC scheduled for 919ms from now [State:Active II:500 AI:300 AT:4000]
10:04:01.944  uart:~$ uart:~$ [00:15:08.918,000] <dbg> chip.LogV: [IN]Received a duplicate message with MessageCounter:187351289 on exchange 63788r
10:04:01.974  uart:~$ uart:~$ [00:15:08.918,000] <inf> chip: [EM]>>> [E:63788r S:31647 M:187351289] (S) Msg RX from 1:0000000072197CCC [4145] to 00000000DCF2A6E2 --- Type 0001:08 (IM:InvokeCommandRequest) (B:59)
10:04:01.994  uart:~$ uart:~$ [00:15:08.918,000] <dbg> chip.LogV: [EM]Found matching exchange: 63788r, Delegate: 0
10:04:02.024  uart:~$ uart:~$ [00:15:08.919,000] <dbg> chip.LogV: [EM]Forcing tx of solitary ack for duplicate MessageCounter:187351289 on exchange 63788r
10:04:02.064  uart:~$ uart:~$ [00:15:08.920,000] <inf> chip: [EM]<<< [E:63788r S:31647 M:100832084 (Ack:187351289)] (S) Msg TX from 00000000DCF2A6E2 to 1:0000000072197CCC [4145] [UDP:[fe80::84a:18c1:cea4:c124%ETH_W5500]:52967] --- Type 0000:10 (SecureChannel:StandaloneAck) (B:34)
10:04:02.104  uart:~$ uart:~$ [00:15:08.941,000] <inf> chip: [EM]>>> [E:63787r S:31647 M:187351290 (Ack:100832071)] (S) Msg RX from 1:0000000072197CCC [4145] to 00000000DCF2A6E2 --- Type 0000:10 (SecureChannel:StandaloneAck) (B:34)
10:04:02.135  uart:~$ uart:~$ [00:15:08.956,000] <dbg> chip.LogV: [IN]Received a duplicate message with MessageCounter:187351289 on exchange 63788r
10:04:02.176  uart:~$ uart:~$ [00:15:08.957,000] <inf> chip: [EM]>>> [E:63788r S:31647 M:187351289] (S) Msg RX from 1:0000000072197CCC [4145] to 00000000DCF2A6E2 --- Type 0001:08 (IM:InvokeCommandRequest) (B:59)
10:04:02.196  uart:~$ uart:~$ [00:15:08.957,000] <dbg> chip.LogV: [EM]Found matching exchange: 63788r, Delegate: 0
10:04:02.249  uart:~$ uart:~$ [00:15:09.285,000] <dbg> chip.LogV: [EM]Forcing tx of solitary ack for duplicate MessageCounter:187351289 on exchange 63788r
10:04:02.289  uart:~$ uart:~$ [00:15:09.286,000] <inf> chip: [EM]<<< [E:63788r S:31647 M:100832085 (Ack:187351289)] (S) Msg TX from 00000000DCF2A6E2 to 1:0000000072197CCC [4145] [UDP:[fe80::84a:18c1:cea4:c124%ETH_W5500]:52967] --- Type 0000:10 (SecureChannel:StandaloneAck) (B:34)
10:04:02.319  uart:~$ uart:~$ [00:15:09.294,000] <inf> chip: [EM]<<1 [E:63788r S:31647 M:100832083] (S) Msg Retransmission to 1:0000000072197CCC
10:04:02.361  uart:~$ uart:~$ [00:15:09.301,000] <inf> chip: [EM]??2 [E:63788r S:31647 M:100832083] (S) Msg Retransmission to 1:0000000072197CCC scheduled for 343ms from now [State:Active II:500 AI:300 AT:4000]
10:04:02.401  uart:~$ uart:~$ [00:15:09.303,000] <inf> chip: [EM]>>> [E:25174i S:31647 M:187351291 (Ack:100832077)] (S) Msg RX from 1:0000000072197CCC [4145] to 00000000DCF2A6E2 --- Type 0001:01 (IM:StatusResponse) (B:42)
10:04:02.421  uart:~$ uart:~$ [00:15:09.303,000] <dbg> chip.LogV: [EM]Found matching exchange: 25174i, Delegate: 0x20016268
10:04:02.441  uart:~$ uart:~$ [00:15:09.308,000] <dbg> chip.LogV: [EM]Rxd Ack; Removing MessageCounter:100832077 from Retrans Table on exchange 25174i
10:04:02.461  uart:~$ uart:~$ [00:15:09.309,000] <inf> chip: [IM]Received status response, status is 0x00
10:04:02.481  uart:~$ uart:~$ [00:15:09.309,000] <dbg> chip.LogV: [DMG]<RE> OnReportConfirm: NumReports = 0
10:04:02.501  uart:~$ uart:~$ [00:15:09.309,000] <dbg> chip.LogV: [DMG]IM RH moving to [CanStartReporting]
10:04:02.601  uart:~$ uart:~$ [00:15:09.595,000] <inf> chip: [EM]<<< [E:25174i S:31647 M:100832086 (Ack:187351291)] (S) Msg TX from 00000000DCF2A6E2 to 1:0000000072197CCC [4145] [UDP:[fe80::84a:18c1:cea4:c124%ETH_W5500]:52967] --- Type 0000:10 (SecureChannel:StandaloneAck) (B:34)
10:04:02.632  uart:~$ uart:~$ [00:15:09.601,000] <dbg> chip.LogV: [EM]Flushed pending ack for MessageCounter:187351291 on exchange 25174i
10:04:02.652  uart:~$ uart:~$ [00:15:09.603,000] <dbg> chip.LogV: [DMG]Building Reports for ReadHandler with LastReportGeneration = 0x00000061 DirtyGeneration = 0x00000062
10:04:02.682  uart:~$ uart:~$ [00:15:09.615,000] <dbg> chip.LogV: [DMG]<RE:Run> Cluster 6, Attribute 0 is dirty
10:04:02.702  uart:~$ uart:~$ [00:15:09.617,000] <dbg> chip.LogV: [DMG]Reading attribute: Cluster=0x0000_0006 Endpoint=0x4 AttributeId=0x0000_0000 (expanded=1)
10:04:02.722  uart:~$ uart:~$ [00:15:09.632,000] <dbg> chip.LogV: [DMG]Fetched 0 events
10:04:02.752  uart:~$ uart:~$ [00:15:09.632,000] <dbg> chip.LogV: [DMG]<RE> Sending report (payload has 39 bytes)...
10:04:02.793  uart:~$ uart:~$ [00:15:09.634,000] <inf> chip: [EM]<<< [E:25175i S:31647 M:100832087] (S) Msg TX from 00000000DCF2A6E2 to 1:0000000072197CCC [4145] [UDP:[fe80::84a:18c1:cea4:c124%ETH_W5500]:52967] --- Type 0001:05 (IM:ReportData) (B:69)
10:04:02.823  uart:~$ uart:~$ [00:15:09.642,000] <inf> chip: [EM]??1 [E:25175i S:31647 M:100832087] (S) Msg Retransmission to 1:0000000072197CCC scheduled for 374ms from now [State:Active II:500 AI:300 AT:4000]
10:04:02.843  uart:~$ uart:~$ [00:15:09.642,000] <dbg> chip.LogV: [DMG]IM RH moving to [AwaitingReportResponse]
10:04:02.897  uart:~$ uart:~$ [00:15:09.935,000] <dbg> chip.LogV: [DMG]<RE> ReportsInFlight = 1 with readHandler 0, RE has no more messages
10:04:02.917  uart:~$ uart:~$ [00:15:09.935,000] <dbg> chip.LogV: [DMG]All ReadHandler-s are clean, clear GlobalDirtySet
10:04:02.957  uart:~$ uart:~$ [00:15:09.936,000] <dbg> chip.LogV: [IN]Received a duplicate message with MessageCounter:187351291 on exchange 25174i
10:04:02.987  uart:~$ uart:~$ [00:15:09.937,000] <inf> chip: [EM]>>> [E:25174i S:31647 M:187351291 (Ack:100832077)] (S) Msg RX from 1:0000000072197CCC [4145] to 00000000DCF2A6E2 --- Type 0001:01 (IM:StatusResponse) (B:42)
10:04:03.007  uart:~$ uart:~$ [00:15:09.937,000] <dbg> chip.LogV: [EM]Generating StandaloneAck via exchange: 25174i
10:04:03.038  uart:~$ uart:~$ [00:15:09.937,000] <dbg> chip.LogV: [EM]Forcing tx of solitary ack for duplicate MessageCounter:187351291 on exchange 25174i
10:04:03.078  uart:~$ uart:~$ [00:15:09.938,000] <inf> chip: [EM]<<< [E:25174i S:31647 M:100832088 (Ack:187351291)] (S) Msg TX from 00000000DCF2A6E2 to 1:0000000072197CCC [4145] [UDP:[fe80::84a:18c1:cea4:c124%ETH_W5500]:52967] --- Type 0000:10 (SecureChannel:StandaloneAck) (B:34)
10:04:03.108  uart:~$ uart:~$ [00:15:09.946,000] <inf> chip: [EM]<<2 [E:63788r S:31647 M:100832083] (S) Msg Retransmission to 1:0000000072197CCC
10:04:03.138  uart:~$ uart:~$ [00:15:09.953,000] <inf> chip: [EM]??3 [E:63788r S:31647 M:100832083] (S) Msg Retransmission to 1:0000000072197CCC scheduled for 628ms from now [State:Active II:500 AI:300 AT:4000]
10:04:03.181  uart:~$ uart:~$ [00:15:09.955,000] <dbg> chip.LogV: [IN]Received a duplicate message with MessageCounter:187351289 on exchange 63788r
10:04:03.236  uart:~$ uart:~$ [00:15:10.267,000] <inf> chip: [EM]>>> [E:63788r S:31647 M:187351289] (S) Msg RX from 1:0000000072197CCC [4145] to 00000000DCF2A6E2 --- Type 0001:08 (IM:InvokeCommandRequest) (B:59)
10:04:03.256  uart:~$ uart:~$ [00:15:10.268,000] <dbg> chip.LogV: [EM]Found matching exchange: 63788r, Delegate: 0
10:04:03.286  uart:~$ uart:~$ [00:15:10.268,000] <dbg> chip.LogV: [EM]Forcing tx of solitary ack for duplicate MessageCounter:187351289 on exchange 63788r
10:04:03.338  uart:~$ uart:~$ [00:15:10.269,000] <inf> chip: [EM]<<< [E:63788r S:31647 M:100832089 (Ack:187351289)] (S) Msg TX from 00000000DCF2A6E2 to 1:0000000072197CCC [4145] [UDP:[fe80::84a:18c1:cea4:c124%ETH_W5500]:52967] --- Type 0000:10 (SecureChannel:StandaloneAck) (B:34)
10:04:03.370  uart:~$ uart:~$ [00:15:10.277,000] <inf> chip: [EM]<<1 [E:25175i S:31647 M:100832087] (S) Msg Retransmission to 1:0000000072197CCC
10:04:03.400  uart:~$ uart:~$ [00:15:10.284,000] <inf> chip: [EM]??2 [E:25175i S:31647 M:100832087] (S) Msg Retransmission to 1:0000000072197CCC scheduled for 345ms from now [State:Active II:500 AI:300 AT:4000]
10:04:03.440  uart:~$ uart:~$ [00:15:10.286,000] <inf> chip: [EM]>>> [E:63787r S:31647 M:187351292 (Ack:100832071)] (S) Msg RX from 1:0000000072197CCC [4145] to 00000000DCF2A6E2 --- Type 0000:10 (SecureChannel:StandaloneAck) (B:34)
10:04:03.480  uart:~$ uart:~$ [00:15:10.292,000] <inf> chip: [EM]>>> [E:25174i S:31647 M:187351293 (Ack:100832077)] (S) Msg RX from 1:0000000072197CCC [4145] to 00000000DCF2A6E2 --- Type 0000:10 (SecureChannel:StandaloneAck) (B:34)
10:04:03.500  uart:~$ uart:~$ [00:15:10.294,000] <dbg> chip.LogV: [IN]Received a duplicate message with MessageCounter:187351291 on exchange 25174i
10:04:03.541  uart:~$ uart:~$ [00:15:10.295,000] <inf> chip: [EM]>>> [E:25174i S:31647 M:187351291 (Ack:100832077)] (S) Msg RX from 1:0000000072197CCC [4145] to 00000000DCF2A6E2 --- Type 0001:01 (IM:StatusResponse) (B:42)
10:04:03.599  uart:~$ uart:~$ [00:15:10.629,000] <dbg> chip.LogV: [EM]Generating StandaloneAck via exchange: 25174i
10:04:03.629  uart:~$ uart:~$ [00:15:10.629,000] <dbg> chip.LogV: [EM]Forcing tx of solitary ack for duplicate MessageCounter:187351291 on exchange 25174i
10:04:03.669  uart:~$ uart:~$ [00:15:10.630,000] <inf> chip: [EM]<<< [E:25174i S:31647 M:100832090 (Ack:187351291)] (S) Msg TX from 00000000DCF2A6E2 to 1:0000000072197CCC [4145] [UDP:[fe80::84a:18c1:cea4:c124%ETH_W5500]:52967] --- Type 0000:10 (SecureChannel:StandaloneAck) (B:34)
10:04:03.699  uart:~$ uart:~$ [00:15:10.646,000] <inf> chip: [EM]<<3 [E:63788r S:31647 M:100832083] (S) Msg Retransmission to 1:0000000072197CCC
10:04:03.729  uart:~$ uart:~$ [00:15:10.654,000] <inf> chip: [EM]??4 [E:63788r S:31647 M:100832083] (S) Msg Retransmission to 1:0000000072197CCC scheduled for 861ms from now [State:Active II:500 AI:300 AT:4000]
10:04:03.770  uart:~$ uart:~$ [00:15:10.655,000] <inf> chip: [EM]<<2 [E:25175i S:31647 M:100832087] (S) Msg Retransmission to 1:0000000072197CCC
10:04:03.800  uart:~$ uart:~$ [00:15:10.669,000] <inf> chip: [EM]??3 [E:25175i S:31647 M:100832087] (S) Msg Retransmission to 1:0000000072197CCC scheduled for 537ms from now [State:Active II:500 AI:300 AT:4000]
10:04:03.830  uart:~$ uart:~$ [00:15:10.671,000] <dbg> chip.LogV: [IN]Received a duplicate message with MessageCounter:187351291 on exchange 25174i
10:04:03.860  uart:~$ uart:~$ [00:15:10.671,000] <inf> chip: [EM]>>> [E:25174i S:31647 M:187351291 (Ack:100832077)] (S) Msg RX from 1:0000000072197CCC [4145] to 00000000DCF2A6E2 --- Type 0001:01 (IM:StatusResponse) (B:42)
10:04:03.891  uart:~$ uart:~$ [00:15:10.671,000] <dbg> chip.LogV: [EM]Generating StandaloneAck via exchange: 25174i
10:04:03.932  uart:~$ uart:~$ [00:15:10.976,000] <dbg> chip.LogV: [EM]Forcing tx of solitary ack for duplicate MessageCounter:187351291 on exchange 25174i
10:04:03.993  uart:~$ uart:~$ [00:15:10.977,000] <inf> chip: [EM]<<< [E:25174i S:31647 M:100832091 (Ack:187351291)] (S) Msg TX from 00000000DCF2A6E2 to 1:0000000072197CCC [4145] [UDP:[fe80::84a:18c1:cea4:c124%ETH_W5500]:52967] --- Type 0000:10 (SecureChannel:StandaloneAck) (B:34)
10:04:04.033  uart:~$ uart:~$ [00:15:10.986,000] <inf> chip: [EM]>>> [E:25174i S:31647 M:187351294 (Ack:100832077)] (S) Msg RX from 1:0000000072197CCC [4145] to 00000000DCF2A6E2 --- Type 0000:10 (SecureChannel:StandaloneAck) (B:34)
10:04:04.053  uart:~$ uart:~$ [00:15:10.988,000] <dbg> chip.LogV: [IN]Received a duplicate message with MessageCounter:187351289 on exchange 63788r
10:04:04.093  uart:~$ uart:~$ [00:15:10.988,000] <inf> chip: [EM]>>> [E:63788r S:31647 M:187351289] (S) Msg RX from 1:0000000072197CCC [4145] to 00000000DCF2A6E2 --- Type 0001:08 (IM:InvokeCommandRequest) (B:59)
10:04:04.114  uart:~$ uart:~$ [00:15:10.988,000] <dbg> chip.LogV: [EM]Found matching exchange: 63788r, Delegate: 0
10:04:04.134  uart:~$ uart:~$ [00:15:10.989,000] <dbg> chip.LogV: [EM]Forcing tx of solitary ack for duplicate MessageCounter:187351289 on exchange 63788r
10:04:04.184  uart:~$ uart:~$ [00:15:10.990,000] <inf> chip: [EM]<<< [E:63788r S:31647 M:100832092 (Ack:187351289)] (S) Msg TX from 00000000DCF2A6E2 to 1:0000000072197CCC [4145] [UDP:[fe80::84a:18c1:cea4:c124%ETH_W5500]:52967] --- Type 0000:10 (SecureChannel:StandaloneAck) (B:34)
10:04:04.235  uart:~$ uart:~$ [00:15:10.999,000] <inf> chip: [EM]>>> [E:63788r S:31647 M:187351295 (Ack:100832083)] (S) Msg RX from 1:0000000072197CCC [4145] to 00000000DCF2A6E2 --- Type 0000:10 (SecureChannel:StandaloneAck) (B:34)
10:04:04.256  uart:~$ uart:~$ [00:15:10.999,000] <dbg> chip.LogV: [EM]Found matching exchange: 63788r, Delegate: 0
10:04:04.298  uart:~$ uart:~$ [00:15:11.341,000] <dbg> chip.LogV: [EM]Rxd Ack; Removing MessageCounter:100832083 from Retrans Table on exchange 63788r
10:04:04.328  uart:~$ uart:~$ [00:15:11.342,000] <inf> chip: [EM]<<3 [E:25175i S:31647 M:100832087] (S) Msg Retransmission to 1:0000000072197CCC
10:04:04.358  uart:~$ uart:~$ [00:15:11.350,000] <inf> chip: [EM]??4 [E:25175i S:31647 M:100832087] (S) Msg Retransmission to 1:0000000072197CCC scheduled for 959ms from now [State:Active II:500 AI:300 AT:4000]
10:04:04.410  uart:~$ uart:~$ [00:15:11.352,000] <inf> chip: [EM]>>> [E:25174i S:31647 M:187351296 (Ack:100832077)] (S) Msg RX from 1:0000000072197CCC [4145] to 00000000DCF2A6E2 --- Type 0000:10 (SecureChannel:StandaloneAck) (B:34)
10:04:04.440  uart:~$ uart:~$ [00:15:11.358,000] <inf> chip: [EM]>>> [E:63789r S:31647 M:187351297] (S) Msg RX from 1:0000000072197CCC [4145] to 00000000DCF2A6E2 --- Type 0001:08 (IM:InvokeCommandRequest) (B:59)
10:04:04.460  uart:~$ uart:~$ [00:15:11.358,000] <dbg> chip.LogV: [EM]Handling via exchange: 63789r, Delegate: 0x20014644
10:04:04.490  uart:~$ uart:~$ [00:15:11.360,000] <dbg> chip.LogV: [DMG]Received command for Endpoint=4 Cluster=0x0000_0006 Command=0x0000_0000
10:04:04.510  uart:~$ uart:~$ [00:15:11.361,000] <inf> chip: [ZCL]Toggle ep4 on/off from state 1 to 0
10:04:04.530  uart:~$ uart:~$ [00:15:11.363,000] <dbg> chip.LogV: [DMG]Endpoint 4, Cluster 0x0000_0006 update version to 56e47b42
10:04:04.551  uart:~$ uart:~$ [00:15:11.364,000] <dbg> chip.LogV: [DMG]Cannot merge the new path into any existing path, create one.
10:04:04.581  uart:~$ uart:~$ [00:15:11.643,000] <inf> matter_event_loop: Call cluster ID: 6, Attribute ID: 0
10:04:04.601  uart:~$ uart:~$ [00:15:11.643,000] <inf> matter_event_loop: Matter OnOff changed: endpoint=4 state=0
10:04:04.631  uart:~$ uart:~$ [00:15:11.643,000] <inf> io: io event handled: evt.io_event = 6, evt.bool_data = 0, evt.event_direction = 1
10:04:04.652  uart:~$ uart:~$ [00:15:11.644,000] <inf> chip: [ZCL]Off completed. reset OnTime to  0
10:04:04.672  uart:~$ uart:~$ [00:15:11.645,000] <dbg> chip.LogV: [DMG]Command handler moving to [NewRespons]
10:04:04.692  uart:~$ uart:~$ [00:15:11.645,000] <dbg> chip.LogV: [DMG]Command handler moving to [ Preparing]
10:04:04.712  uart:~$ uart:~$ [00:15:11.645,000] <dbg> chip.LogV: [DMG]Command handler moving to [AddingComm]
10:04:04.732  uart:~$ uart:~$ [00:15:11.645,000] <dbg> chip.LogV: [DMG]Command handler moving to [AddedComma]
10:04:04.752  uart:~$ uart:~$ [00:15:11.646,000] <dbg> chip.LogV: [DMG]Decreasing reference count for CommandHandlerImpl, remaining 1
10:04:04.772  uart:~$ uart:~$ [00:15:11.646,000] <dbg> chip.LogV: [DMG]Decreasing reference count for CommandHandlerImpl, remaining 0
10:04:04.826  uart:~$ uart:~$ [00:15:11.873,000] <dbg> chip.LogV: [DMG]Command handler moving to [AwaitingDe]
10:04:04.876  uart:~$ uart:~$ [00:15:11.874,000] <inf> chip: [EM]<<< [E:63789r S:31647 M:100832093 (Ack:187351297)] (S) Msg TX from 00000000DCF2A6E2 to 1:0000000072197CCC [4145] [UDP:[fe80::84a:18c1:cea4:c124%ETH_W5500]:52967] --- Type 0001:09 (IM:InvokeCommandResponse) (B:67)
10:04:04.906  uart:~$ uart:~$ [00:15:11.882,000] <inf> chip: [EM]??1 [E:63789r S:31647 M:100832093] (S) Msg Retransmission to 1:0000000072197CCC scheduled for 333ms from now [State:Active II:500 AI:300 AT:4000]
10:04:04.937  uart:~$ uart:~$ [00:15:11.882,000] <dbg> chip.LogV: [DMG]Command response sender moving to [AllInvokeR]
10:04:04.957  uart:~$ uart:~$ [00:15:11.884,000] <dbg> chip.LogV: [IN]Received a duplicate message with MessageCounter:187351291 on exchange 25174i
10:04:04.997  uart:~$ uart:~$ [00:15:11.889,000] <inf> chip: [EM]>>> [E:25174i S:31647 M:187351291 (Ack:100832077)] (S) Msg RX from 1:0000000072197CCC [4145] to 00000000DCF2A6E2 --- Type 0001:01 (IM:StatusResponse) (B:42)
10:04:05.027  uart:~$ uart:~$ [00:15:11.889,000] <dbg> chip.LogV: [EM]Generating StandaloneAck via exchange: 25174i
10:04:05.048  uart:~$ uart:~$ [00:15:11.889,000] <dbg> chip.LogV: [EM]Forcing tx of solitary ack for duplicate MessageCounter:187351291 on exchange 25174i
10:04:05.098  uart:~$ uart:~$ [00:15:11.890,000] <inf> chip: [EM]<<< [E:25174i S:31647 M:100832094 (Ack:187351291)] (S) Msg TX from 00000000DCF2A6E2 to 1:0000000072197CCC [4145] [UDP:[fe80::84a:18c1:cea4:c124%ETH_W5500]:52967] --- Type 0000:10 (SecureChannel:StandaloneAck) (B:34)
10:04:05.128  uart:~$ uart:~$ [00:15:11.899,000] <inf> chip: [EM]>>> [E:63788r S:31647 M:187351298 (Ack:100832083)] (S) Msg RX from 1:0000000072197CCC [4145] to 00000000DCF2A6E2 --- Type 0000:10 (SecureChannel:StandaloneAck) (B:34)
10:04:05.181  uart:~$ uart:~$ [00:15:12.223,000] <inf> chip: [EM]<<1 [E:63789r S:31647 M:100832093] (S) Msg Retransmission to 1:0000000072197CCC
10:04:05.222  uart:~$ uart:~$ [00:15:12.230,000] <inf> chip: [EM]??2 [E:63789r S:31647 M:100832093] (S) Msg Retransmission to 1:0000000072197CCC scheduled for 389ms from now [State:Active II:500 AI:300 AT:4000]
10:04:05.252  uart:~$ uart:~$ [00:15:12.232,000] <dbg> chip.LogV: [IN]Received a duplicate message with MessageCounter:187351297 on exchange 63789r
10:04:05.282  uart:~$ uart:~$ [00:15:12.232,000] <inf> chip: [EM]>>> [E:63789r S:31647 M:187351297] (S) Msg RX from 1:0000000072197CCC [4145] to 00000000DCF2A6E2 --- Type 0001:08 (IM:InvokeCommandRequest) (B:59)
10:04:05.302  uart:~$ uart:~$ [00:15:12.232,000] <dbg> chip.LogV: [EM]Found matching exchange: 63789r, Delegate: 0
10:04:05.332  uart:~$ uart:~$ [00:15:12.233,000] <dbg> chip.LogV: [EM]Forcing tx of solitary ack for duplicate MessageCounter:187351297 on exchange 63789r
10:04:05.373  uart:~$ uart:~$ [00:15:12.238,000] <inf> chip: [EM]<<< [E:63789r S:31647 M:100832095 (Ack:187351297)] (S) Msg TX from 00000000DCF2A6E2 to 1:0000000072197CCC [4145] [UDP:[fe80::84a:18c1:cea4:c124%ETH_W5500]:52967] --- Type 0000:10 (SecureChannel:StandaloneAck) (B:34)
10:04:05.423  uart:~$ uart:~$ [00:15:12.247,000] <inf> chip: [EM]>>> [E:25175i S:31647 M:187351299 (Ack:100832087)] (S) Msg RX from 1:0000000072197CCC [4145] to 00000000DCF2A6E2 --- Type 0001:01 (IM:StatusResponse) (B:42)
10:04:05.444  uart:~$ uart:~$ [00:15:12.247,000] <dbg> chip.LogV: [EM]Found matching exchange: 25175i, Delegate: 0x20016268
10:04:05.475  uart:~$ uart:~$ [00:15:12.247,000] <dbg> chip.LogV: [EM]Rxd Ack; Removing MessageCounter:100832087 from Retrans Table on exchange 25175i
10:04:05.519  uart:~$ uart:~$ [00:15:12.560,000] <inf> chip: [IM]Received status response, status is 0x00
10:04:05.539  uart:~$ uart:~$ [00:15:12.561,000] <dbg> chip.LogV: [DMG]<RE> OnReportConfirm: NumReports = 0
10:04:05.559  uart:~$ uart:~$ [00:15:12.561,000] <dbg> chip.LogV: [DMG]IM RH moving to [CanStartReporting]
10:04:05.611  uart:~$ uart:~$ [00:15:12.562,000] <inf> chip: [EM]<<< [E:25175i S:31647 M:100832096 (Ack:187351299)] (S) Msg TX from 00000000DCF2A6E2 to 1:0000000072197CCC [4145] [UDP:[fe80::84a:18c1:cea4:c124%ETH_W5500]:52967] --- Type 0000:10 (SecureChannel:StandaloneAck) (B:34)
10:04:05.641  uart:~$ uart:~$ [00:15:12.569,000] <dbg> chip.LogV: [EM]Flushed pending ack for MessageCounter:187351299 on exchange 25175i
10:04:05.672  uart:~$ uart:~$ [00:15:12.570,000] <dbg> chip.LogV: [DMG]Building Reports for ReadHandler with LastReportGeneration = 0x00000062 DirtyGeneration = 0x00000063
10:04:05.692  uart:~$ uart:~$ [00:15:12.583,000] <dbg> chip.LogV: [DMG]<RE:Run> Cluster 6, Attribute 0 is dirty
10:04:05.712  uart:~$ uart:~$ [00:15:12.584,000] <dbg> chip.LogV: [DMG]Reading attribute: Cluster=0x0000_0006 Endpoint=0x4 AttributeId=0x0000_0000 (expanded=1)
10:04:05.732  uart:~$ uart:~$ [00:15:12.590,000] <dbg> chip.LogV: [DMG]Fetched 0 events
10:04:05.752  uart:~$ uart:~$ [00:15:12.591,000] <dbg> chip.LogV: [DMG]<RE> Sending report (payload has 39 bytes)...
10:04:05.815  uart:~$ uart:~$ [00:15:12.845,000] <inf> chip: [EM]<<< [E:25176i S:31647 M:100832097] (S) Msg TX from 00000000DCF2A6E2 to 1:0000000072197CCC [4145] [UDP:[fe80::84a:18c1:cea4:c124%ETH_W5500]:52967] --- Type 0001:05 (IM:ReportData) (B:69)
10:04:05.855  uart:~$ uart:~$ [00:15:12.853,000] <inf> chip: [EM]??1 [E:25176i S:31647 M:100832097] (S) Msg Retransmission to 1:0000000072197CCC scheduled for 404ms from now [State:Active II:500 AI:300 AT:4000]
10:04:05.875  uart:~$ uart:~$ [00:15:12.853,000] <dbg> chip.LogV: [DMG]IM RH moving to [AwaitingReportResponse]
10:04:05.895  uart:~$ uart:~$ [00:15:12.853,000] <dbg> chip.LogV: [DMG]<RE> ReportsInFlight = 1 with readHandler 0, RE has no more messages
10:04:05.915  uart:~$ uart:~$ [00:15:12.853,000] <dbg> chip.LogV: [DMG]All ReadHandler-s are clean, clear GlobalDirtySet
10:04:05.945  uart:~$ uart:~$ [00:15:12.855,000] <dbg> chip.LogV: [IN]Received a duplicate message with MessageCounter:187351297 on exchange 63789r
10:04:05.976  uart:~$ uart:~$ [00:15:12.855,000] <inf> chip: [EM]>>> [E:63789r S:31647 M:187351297] (S) Msg RX from 1:0000000072197CCC [4145] to 00000000DCF2A6E2 --- Type 0001:08 (IM:InvokeCommandRequest) (B:59)
10:04:06.007  uart:~$ uart:~$ [00:15:12.855,000] <dbg> chip.LogV: [EM]Found matching exchange: 63789r, Delegate: 0
10:04:06.037  uart:~$ uart:~$ [00:15:12.856,000] <dbg> chip.LogV: [EM]Forcing tx of solitary ack for duplicate MessageCounter:187351297 on exchange 63789r
10:04:06.078  uart:~$ uart:~$ [00:15:12.857,000] <inf> chip: [EM]<<< [E:63789r S:31647 M:100832098 (Ack:187351297)] (S) Msg TX from 00000000DCF2A6E2 to 1:0000000072197CCC [4145] [UDP:[fe80::84a:18c1:cea4:c124%ETH_W5500]:52967] --- Type 0000:10 (SecureChannel:StandaloneAck) (B:34)
10:04:06.145  uart:~$ uart:~$ [00:15:13.187,000] <inf> chip: [EM]<<2 [E:63789r S:31647 M:100832093] (S) Msg Retransmission to 1:0000000072197CCC
10:04:06.185  uart:~$ uart:~$ [00:15:13.195,000] <inf> chip: [EM]??3 [E:63789r S:31647 M:100832093] (S) Msg Retransmission to 1:0000000072197CCC scheduled for 637ms from now [State:Active II:500 AI:300 AT:4000]
10:04:06.236  uart:~$ uart:~$ [00:15:13.197,000] <inf> chip: [EM]>>> [E:63788r S:31647 M:187351300 (Ack:100832083)] (S) Msg RX from 1:0000000072197CCC [4145] to 00000000DCF2A6E2 --- Type 0000:10 (SecureChannel:StandaloneAck) (B:34)
10:04:06.256  uart:~$ uart:~$ [00:15:13.203,000] <dbg> chip.LogV: [IN]Received a duplicate message with MessageCounter:187351299 on exchange 25175i
10:04:06.296  uart:~$ uart:~$ [00:15:13.203,000] <inf> chip: [EM]>>> [E:25175i S:31647 M:187351299 (Ack:100832087)] (S) Msg RX from 1:0000000072197CCC [4145] to 00000000DCF2A6E2 --- Type 0001:01 (IM:StatusResponse) (B:42)
10:04:06.317  uart:~$ uart:~$ [00:15:13.203,000] <dbg> chip.LogV: [EM]Generating StandaloneAck via exchange: 25175i
10:04:06.337  uart:~$ uart:~$ [00:15:13.204,000] <dbg> chip.LogV: [EM]Forcing tx of solitary ack for duplicate MessageCounter:187351299 on exchange 25175i
10:04:06.387  uart:~$ uart:~$ [00:15:13.205,000] <inf> chip: [EM]<<< [E:25175i S:31647 M:100832099 (Ack:187351299)] (S) Msg TX from 00000000DCF2A6E2 to 1:0000000072197CCC [4145] [UDP:[fe80::84a:18c1:cea4:c124%ETH_W5500]:52967] --- Type 0000:10 (SecureChannel:StandaloneAck) (B:34)
10:04:06.418  uart:~$ uart:~$ [00:15:13.213,000] <dbg> chip.LogV: [IN]Received a duplicate message with MessageCounter:187351297 on exchange 63789r
10:04:06.458  uart:~$ uart:~$ [00:15:13.214,000] <inf> chip: [EM]>>> [E:63789r S:31647 M:187351297] (S) Msg RX from 1:0000000072197CCC [4145] to 00000000DCF2A6E2 --- Type 0001:08 (IM:InvokeCommandRequest) (B:59)
10:04:06.502  uart:~$ uart:~$ [00:15:13.545,000] <dbg> chip.LogV: [EM]Found matching exchange: 63789r, Delegate: 0
10:04:06.532  uart:~$ uart:~$ [00:15:13.545,000] <dbg> chip.LogV: [EM]Forcing tx of solitary ack for duplicate MessageCounter:187351297 on exchange 63789r
10:04:06.573  uart:~$ uart:~$ [00:15:13.546,000] <inf> chip: [EM]<<< [E:63789r S:31647 M:100832100 (Ack:187351297)] (S) Msg TX from 00000000DCF2A6E2 to 1:0000000072197CCC [4145] [UDP:[fe80::84a:18c1:cea4:c124%ETH_W5500]:52967] --- Type 0000:10 (SecureChannel:StandaloneAck) (B:34)
10:04:06.603  uart:~$ uart:~$ [00:15:13.554,000] <inf> chip: [EM]<<1 [E:25176i S:31647 M:100832097] (S) Msg Retransmission to 1:0000000072197CCC
10:04:06.643  uart:~$ uart:~$ [00:15:13.562,000] <inf> chip: [EM]??2 [E:25176i S:31647 M:100832097] (S) Msg Retransmission to 1:0000000072197CCC scheduled for 335ms from now [State:Active II:500 AI:300 AT:4000]
10:04:06.683  uart:~$ uart:~$ [00:15:13.563,000] <inf> chip: [EM]>>> [E:25175i S:31647 M:187351301 (Ack:100832087)] (S) Msg RX from 1:0000000072197CCC [4145] to 00000000DCF2A6E2 --- Type 0000:10 (SecureChannel:StandaloneAck) (B:34)
10:04:06.703  uart:~$ uart:~$ [00:15:13.569,000] <dbg> chip.LogV: [IN]Received a duplicate message with MessageCounter:187351299 on exchange 25175i
10:04:06.755  uart:~$ uart:~$ [00:15:13.570,000] <inf> chip: [EM]>>> [E:25175i S:31647 M:187351299 (Ack:100832087)] (S) Msg RX from 1:0000000072197CCC [4145] to 00000000DCF2A6E2 --- Type 0001:01 (IM:StatusResponse) (B:42)
10:04:06.775  uart:~$ uart:~$ [00:15:13.570,000] <dbg> chip.LogV: [EM]Generating StandaloneAck via exchange: 25175i
10:04:06.795  uart:~$ uart:~$ [00:15:13.570,000] <dbg> chip.LogV: [EM]Forcing tx of solitary ack for duplicate MessageCounter:187351299 on exchange 25175i
10:04:06.929  uart:~$ uart:~$ [00:15:13.889,000] <inf> chip: [EM]<<< [E:25175i S:31647 M:100832101 (Ack:187351299)] (S) Msg TX from 00000000DCF2A6E2 to 1:0000000072197CCC [4145] [UDP:[fe80::84a:18c1:cea4:c124%ETH_W5500]:52967] --- Type 0000:10 (SecureChannel:StandaloneAck) (B:34)
10:04:06.959  uart:~$ uart:~$ [00:15:13.923,000] <inf> chip: [EM]<<3 [E:63789r S:31647 M:100832093] (S) Msg Retransmission to 1:0000000072197CCC
10:04:06.989  uart:~$ uart:~$ [00:15:13.930,000] <inf> chip: [EM]??4 [E:63789r S:31647 M:100832093] (S) Msg Retransmission to 1:0000000072197CCC scheduled for 874ms from now [State:Active II:500 AI:300 AT:4000]
10:04:07.021  uart:~$ uart:~$ [00:15:13.930,000] <inf> chip: [EM]<<2 [E:25176i S:31647 M:100832097] (S) Msg Retransmission to 1:0000000072197CCC
10:04:07.061  uart:~$ uart:~$ [00:15:13.948,000] <inf> chip: [EM]??3 [E:25176i S:31647 M:100832097] (S) Msg Retransmission to 1:0000000072197CCC scheduled for 617ms from now [State:Active II:500 AI:300 AT:4000]
10:04:07.102  uart:~$ uart:~$ [00:15:13.953,000] <inf> chip: [EM]>>> [E:63788r S:31647 M:187351302 (Ack:100832083)] (S) Msg RX from 1:0000000072197CCC [4145] to 00000000DCF2A6E2 --- Type 0000:10 (SecureChannel:StandaloneAck) (B:34)
10:04:07.142  uart:~$ uart:~$ [00:15:13.970,000] <inf> chip: [EM]>>> [E:25175i S:31647 M:187351303 (Ack:100832087)] (S) Msg RX from 1:0000000072197CCC [4145] to 00000000DCF2A6E2 --- Type 0000:10 (SecureChannel:StandaloneAck) (B:34)
10:04:07.162  uart:~$ uart:~$ [00:15:13.972,000] <dbg> chip.LogV: [IN]Received a duplicate message with MessageCounter:187351299 on exchange 25175i
10:04:07.202  uart:~$ uart:~$ [00:15:13.972,000] <inf> chip: [EM]>>> [E:25175i S:31647 M:187351299 (Ack:100832087)] (S) Msg RX from 1:0000000072197CCC [4145] to 00000000DCF2A6E2 --- Type 0001:01 (IM:StatusResponse) (B:42)
10:04:07.233  uart:~$ uart:~$ [00:15:13.973,000] <dbg> chip.LogV: [EM]Generating StandaloneAck via exchange: 25175i
10:04:07.285  uart:~$ uart:~$ [00:15:14.322,000] <dbg> chip.LogV: [EM]Forcing tx of solitary ack for duplicate MessageCounter:187351299 on exchange 25175i
10:04:07.325  uart:~$ uart:~$ [00:15:14.324,000] <inf> chip: [EM]<<< [E:25175i S:31647 M:100832102 (Ack:187351299)] (S) Msg TX from 00000000DCF2A6E2 to 1:0000000072197CCC [4145] [UDP:[fe80::84a:18c1:cea4:c124%ETH_W5500]:52967] --- Type 0000:10 (SecureChannel:StandaloneAck) (B:34)
10:04:07.356  uart:~$ uart:~$ [00:15:14.332,000] <dbg> chip.LogV: [IN]Received a duplicate message with MessageCounter:187351297 on exchange 63789r
10:04:07.386  uart:~$ uart:~$ [00:15:14.333,000] <inf> chip: [EM]>>> [E:63789r S:31647 M:187351297] (S) Msg RX from 1:0000000072197CCC [4145] to 00000000DCF2A6E2 --- Type 0001:08 (IM:InvokeCommandRequest) (B:59)
10:04:07.406  uart:~$ uart:~$ [00:15:14.333,000] <dbg> chip.LogV: [EM]Found matching exchange: 63789r, Delegate: 0
10:04:07.446  uart:~$ uart:~$ [00:15:14.333,000] <dbg> chip.LogV: [EM]Forcing tx of solitary ack for duplicate MessageCounter:187351297 on exchange 63789r
10:04:07.486  uart:~$ uart:~$ [00:15:14.334,000] <inf> chip: [EM]<<< [E:63789r S:31647 M:100832103 (Ack:187351297)] (S) Msg TX from 00000000DCF2A6E2 to 1:0000000072197CCC [4145] [UDP:[fe80::84a:18c1:cea4:c124%ETH_W5500]:52967] --- Type 0000:10 (SecureChannel:StandaloneAck) (B:34)
10:04:07.527  uart:~$ uart:~$ [00:15:14.344,000] <inf> chip: [EM]>>> [E:25175i S:31647 M:187351304 (Ack:100832087)] (S) Msg RX from 1:0000000072197CCC [4145] to 00000000DCF2A6E2 --- Type 0000:10 (SecureChannel:StandaloneAck) (B:34)
10:04:07.567  uart:~$ uart:~$ [00:15:14.346,000] <inf> chip: [EM]>>> [E:63789r S:31647 M:187351305 (Ack:100832093)] (S) Msg RX from 1:0000000072197CCC [4145] to 00000000DCF2A6E2 --- Type 0000:10 (SecureChannel:StandaloneAck) (B:34)
10:04:07.588  uart:~$ uart:~$ [00:15:14.346,000] <dbg> chip.LogV: [EM]Found matching exchange: 63789r, Delegate: 0
10:04:07.644  uart:~$ uart:~$ [00:15:14.674,000] <dbg> chip.LogV: [EM]Rxd Ack; Removing MessageCounter:100832093 from Retrans Table on exchange 63789r
10:04:07.674  uart:~$ uart:~$ [00:15:14.675,000] <inf> chip: [EM]<<3 [E:25176i S:31647 M:100832097] (S) Msg Retransmission to 1:0000000072197CCC
10:04:07.704  uart:~$ uart:~$ [00:15:14.682,000] <inf> chip: [EM]??4 [E:25176i S:31647 M:100832097] (S) Msg Retransmission to 1:0000000072197CCC scheduled for 915ms from now [State:Active II:500 AI:300 AT:4000]
10:04:07.735  uart:~$ uart:~$ [00:15:14.684,000] <dbg> chip.LogV: [IN]Received a duplicate message with MessageCounter:187351299 on exchange 25175i
10:04:07.775  uart:~$ uart:~$ [00:15:14.684,000] <inf> chip: [EM]>>> [E:25175i S:31647 M:187351299 (Ack:100832087)] (S) Msg RX from 1:0000000072197CCC [4145] to 00000000DCF2A6E2 --- Type 0001:01 (IM:StatusResponse) (B:42)
10:04:07.795  uart:~$ uart:~$ [00:15:14.688,000] <dbg> chip.LogV: [EM]Generating StandaloneAck via exchange: 25175i
10:04:07.826  uart:~$ uart:~$ [00:15:14.689,000] <dbg> chip.LogV: [EM]Forcing tx of solitary ack for duplicate MessageCounter:187351299 on exchange 25175i
10:04:07.876  uart:~$ uart:~$ [00:15:14.690,000] <inf> chip: [EM]<<< [E:25175i S:31647 M:100832104 (Ack:187351299)] (S) Msg TX from 00000000DCF2A6E2 to 1:0000000072197CCC [4145] [UDP:[fe80::84a:18c1:cea4:c124%ETH_W5500]:52967] --- Type 0000:10 (SecureChannel:StandaloneAck) (B:34)
10:04:07.917  uart:~$ uart:~$ [00:15:14.699,000] <inf> chip: [EM]>>> [E:63789r S:31647 M:187351306 (Ack:100832093)] (S) Msg RX from 1:0000000072197CCC [4145] to 00000000DCF2A6E2 --- Type 0000:10 (SecureChannel:StandaloneAck) (B:34)
10:04:07.957  uart:~$ uart:~$ [00:15:14.701,000] <inf> chip: [EM]>>> [E:25176i S:31647 M:187351307 (Ack:100832097)] (S) Msg RX from 1:0000000072197CCC [4145] to 00000000DCF2A6E2 --- Type 0001:01 (IM:StatusResponse) (B:42)
10:04:07.990  uart:~$ uart:~$ [00:15:15.045,000] <dbg> chip.LogV: [EM]Found matching exchange: 25176i, Delegate: 0x20016268
10:04:08.020  uart:~$ uart:~$ [00:15:15.046,000] <dbg> chip.LogV: [EM]Rxd Ack; Removing MessageCounter:100832097 from Retrans Table on exchange 25176i
10:04:08.041  uart:~$ uart:~$ [00:15:15.046,000] <inf> chip: [IM]Received status response, status is 0x00
10:04:08.061  uart:~$ uart:~$ [00:15:15.047,000] <dbg> chip.LogV: [DMG]<RE> OnReportConfirm: NumReports = 0
10:04:08.081  uart:~$ uart:~$ [00:15:15.047,000] <dbg> chip.LogV: [DMG]IM RH moving to [CanStartReporting]
10:04:08.132  uart:~$ uart:~$ [00:15:15.048,000] <inf> chip: [EM]<<< [E:25176i S:31647 M:100832105 (Ack:187351307)] (S) Msg TX from 00000000DCF2A6E2 to 1:0000000072197CCC [4145] [UDP:[fe80::84a:18c1:cea4:c124%ETH_W5500]:52967] --- Type 0000:10 (SecureChannel:StandaloneAck) (B:34)
10:04:08.152  uart:~$ uart:~$ [00:15:15.055,000] <dbg> chip.LogV: [EM]Flushed pending ack for MessageCounter:187351307 on exchange 25176i
10:04:08.192  uart:~$ uart:~$ [00:15:15.057,000] <inf> chip: [EM]>>> [E:63789r S:31647 M:187351308 (Ack:100832093)] (S) Msg RX from 1:0000000072197CCC [4145] to 00000000DCF2A6E2 --- Type 0000:10 (SecureChannel:StandaloneAck) (B:34)
10:04:08.212  uart:~$ uart:~$ [00:15:15.059,000] <dbg> chip.LogV: [IN]Received a duplicate message with MessageCounter:187351307 on exchange 25176i
10:04:08.264  uart:~$ uart:~$ [00:15:15.059,000] <inf> chip: [EM]>>> [E:25176i S:31647 M:187351307 (Ack:100832097)] (S) Msg RX from 1:0000000072197CCC [4145] to 00000000DCF2A6E2 --- Type 0001:01 (IM:StatusResponse) (B:42)
10:04:08.306  uart:~$ uart:~$ [00:15:15.350,000] <dbg> chip.LogV: [EM]Generating StandaloneAck via exchange: 25176i
10:04:08.326  uart:~$ uart:~$ [00:15:15.350,000] <dbg> chip.LogV: [EM]Forcing tx of solitary ack for duplicate MessageCounter:187351307 on exchange 25176i
10:04:08.376  uart:~$ uart:~$ [00:15:15.351,000] <inf> chip: [EM]<<< [E:25176i S:31647 M:100832106 (Ack:187351307)] (S) Msg TX from 00000000DCF2A6E2 to 1:0000000072197CCC [4145] [UDP:[fe80::84a:18c1:cea4:c124%ETH_W5500]:52967] --- Type 0000:10 (SecureChannel:StandaloneAck) (B:34)
10:04:08.417  uart:~$ uart:~$ [00:15:15.360,000] <inf> chip: [EM]>>> [E:25176i S:31647 M:187351309 (Ack:100832097)] (S) Msg RX from 1:0000000072197CCC [4145] to 00000000DCF2A6E2 --- Type 0000:10 (SecureChannel:StandaloneAck) (B:34)
10:04:08.437  uart:~$ uart:~$ [00:15:15.362,000] <dbg> chip.LogV: [IN]Received a duplicate message with MessageCounter:187351307 on exchange 25176i
10:04:08.478  uart:~$ uart:~$ [00:15:15.362,000] <inf> chip: [EM]>>> [E:25176i S:31647 M:187351307 (Ack:100832097)] (S) Msg RX from 1:0000000072197CCC [4145] to 00000000DCF2A6E2 --- Type 0001:01 (IM:StatusResponse) (B:42)
10:04:08.508  uart:~$ uart:~$ [00:15:15.362,000] <dbg> chip.LogV: [EM]Generating StandaloneAck via exchange: 25176i
10:04:08.528  uart:~$ uart:~$ [00:15:15.363,000] <dbg> chip.LogV: [EM]Forcing tx of solitary ack for duplicate MessageCounter:187351307 on exchange 25176i
10:04:08.578  uart:~$ uart:~$ [00:15:15.364,000] <inf> chip: [EM]<<< [E:25176i S:31647 M:100832107 (Ack:187351307)] (S) Msg TX from 00000000DCF2A6E2 to 1:0000000072197CCC [4145] [UDP:[fe80::84a:18c1:cea4:c124%ETH_W5500]:52967] --- Type 0000:10 (SecureChannel:StandaloneAck) (B:34)
10:04:08.608  uart:~$ uart:~$ [00:15:15.373,000] <inf> chip: [EM]>>> [E:63789r S:31647 M:187351310 (Ack:100832093)] (S) Msg RX from 1:0000000072197CCC [4145] to 00000000DCF2A6E2 --- Type 0000:10 (SecureChannel:StandaloneAck) (B:34)
10:04:09.653  uart:~$ uart:~$ [00:15:15.704,000] <inf> chip: [EM]>>> [E:25176i S:31647 M:187351311 (Ack:100832097)] (S) Msg RX from 1:0000000072197CCC [4145] to 00000000DCF2A6E2 --- Type 0000:10 (SecureChannel:StandaloneAck) (B:34)
10:04:09.684  uart:~$ uart:~$ [00:15:15.706,000] <dbg> chip.LogV: [IN]Received a duplicate message with MessageCounter:187351307 on exchange 25176i
10:04:09.724  uart:~$ uart:~$ [00:15:15.706,000] <inf> chip: [EM]>>> [E:25176i S:31647 M:187351307 (Ack:100832097)] (S) Msg RX from 1:0000000072197CCC [4145] to 00000000DCF2A6E2 --- Type 0001:01 (IM:StatusResponse) (B:42)
10:04:09.744  uart:~$ uart:~$ [00:15:15.707,000] <dbg> chip.LogV: [EM]Generating StandaloneAck via exchange: 25176i
10:04:09.774  uart:~$ uart:~$ [00:15:15.707,000] <dbg> chip.LogV: [EM]Forcing tx of solitary ack for duplicate MessageCounter:187351307 on exchange 25176i
10:04:09.825  uart:~$ uart:~$ [00:15:15.708,000] <inf> chip: [EM]<<< [E:25176i S:31647 M:100832108 (Ack:187351307)] (S) Msg TX from 00000000DCF2A6E2 to 1:0000000072197CCC [4145] [UDP:[fe80::84a:18c1:cea4:c124%ETH_W5500]:52967] --- Type 0000:10 (SecureChannel:StandaloneAck) (B:34)
10:04:09.866  uart:~$ uart:~$ [00:15:15.717,000] <inf> chip: [EM]>>> [E:25176i S:31647 M:187351312 (Ack:100832097)] (S) Msg RX from 1:0000000072197CCC [4145] to 00000000DCF2A6E2 --- Type 0000:10 (SecureChannel:StandaloneAck) (B:34)
10:04:36.234  ### capture end
