uart:~$ fwupd fetch_prjconf
Downloading prj.conf from GitPreparing HTTP GET request for http://raw.githubusercontent.com:443/kshypachov/cedar_switch_3i3o_power/refs/heads/main/zephyr.signed.bin
Hub...
getaddrinfo status: 0
addrinfo @0x20061660: ai_family=1, ai_socktype=1, ai_protocol=6, sa_family=1, sin_port=1bb
sock = 9
HTTP download complete, written 923292 bytes

Close socket
Readback OK: 923292 bytes
Download done.
--- 9999 messages dropped ---
[00:00:46.759,000] <dbg> mbedtls: zephyr_mbedtls_debug: WEST_TOPDIR/modules/crypto/mbedtls/library/ssl_tls.c:1332: The SSL configuration is tls12 only.
--- 13 messages dropped ---
[00:00:46.761,000] <wrn> mbedtls: WEST_TOPDIR/modules/crypto/mbedtls/library/ssl_tls.c:4667: => handshake
[00:00:46.761,000] <wrn> mbedtls: WEST_TOPDIR/modules/crypto/mbedtls/library/ssl_msg.c:2354: => flush output
[00:00:46.761,000] <wrn> mbedtls: WEST_TOPDIR/modules/crypto/mbedtls/library/ssl_msg.c:2363: <= flush output
[00:00:46.761,000] <wrn> mbedtls: WEST_TOPDIR/modules/crypto/mbedtls/library/ssl_tls.c:4586: client state: MBEDTLS_SSL_HELLO_REQUEST
[00:00:46.832,000] <wrn> mbedtls: WEST_TOPDIR/modules/crypto/mbedtls/library/ssl_tls12_client.c:1447: server hello, total extension length: 11
[00:01:30.668,000] <dbg> mbedtls: zephyr_mbedtls_debug: WEST_TOPDIR/modules/crypto/mbedtls/library/ssl_msg.c:1993: dumping 'raw buffer after decryption' (6745 bytes)
[00:01:30.677,000] <dbg> mbedtls: zephyr_mbedtls_debug: WEST_TOPDIR/modules/crypto/mbedtls/library/ssl_msg.c:1993: 00d0:  02 00 00 00 00 00 00 00 00 28 1a 00 20 28 1a 00  .........(.. (..
[00:01:30.678,000] <dbg> mbedtls: zephyr_mbedtls_debug: WEST_TOPDIR/modules/crypto/mbedtls/library/ssl_msg.c:1993: 00e0:  20 00 00 00 00 00 00 00 00 0e 00 00 00 01 00 00   ...............
[00:01:30.678,000] <dbg> mbedtls: zephyr_mbedtls_debug: WEST_TOPDIR/modules/crypto/mbedtls/library/ssl_msg.c:1993: 00f0:  00 01 00 00 00 00 00 00 00 00 00 00 00 00 00 00  ................
[00:01:30.682,000] <dbg> mbedtls: zephyr_mbedtls_debug: WEST_TOPDIR/modules/crypto/mbedtls/library/ssl_msg.c:1993: 0100:  00 40 5f 0d 02 01 00 00 00 01 00 00 00 5c 1a 00  .@_..........\..
[00:01:30.683,000] <dbg> mbedtls: zephyr_mbedtls_debug: WEST_TOPDIR/modules/crypto/mbedtls/library/ssl_msg.c:1993: 0110:  20 5c 1a 00 20 64 1a 00 20 64 1a 00 20 6c 1a 00   \.. d.. d.. l..
[00:01:30.684,000] <dbg> mbedtls: zephyr_mbedtls_debug: WEST_TOPDIR/modules/crypto/mbedtls/library/ssl_msg.c:1993: 0120:  20 6c 1a 00 20 0a 00 00 00 01 00 00 00 94 04 02   l.. ...........
[00:01:30.684,000] <dbg> mbedtls: zephyr_mbedtls_debug: WEST_TOPDIR/modules/crypto/mbedtls/library/ssl_msg.c:1993: 0130:  20 00 00 00 00 84 1a 00 20 84 1a 00 20 90 1a 00   ....... ... ...
[00:01:30.685,000] <dbg> mbedtls: zephyr_mbedtls_debug: WEST_TOPDIR/modules/crypto/mbedtls/library/ssl_msg.c:1993: 0140:  20 00 00 00 00 00 00 00 00 01 00 00 00 9c b3 0b   ...............
[00:01:30.686,000] <dbg> mbedtls: zephyr_mbedtls_debug: WEST_TOPDIR/modules/crypto/mbedtls/library/ssl_msg.c:1993: 0150:  02 b4 1a 00 20 00 00 00 00 00 00 00 00 00 00 00  .... ...........
[00:01:30.686,000] <dbg> mbedtls: zephyr_mbedtls_debug: WEST_TOPDIR/modules/crypto/mbedtls/library/ssl_msg.c:1993: 0160:  00 04 00 00 00 00 00 00 00 00 00 00 00 00 00 00  ................
[00:01:30.687,000] <dbg> mbedtls: zephyr_mbedtls_debug: WEST_TOPDIR/modules/crypto/mbedtls/library/ssl_msg.c:1993: 0170:  00 00 00 00 00 00 00 00 00 00 01 00 00 00 01 00  ................
[00:01:30.688,000] <dbg> mbedtls: zephyr_mbedtls_debug: WEST_TOPDIR/modules/crypto/mbedtls/library/ssl_msg.c:1993: 0180:  00 00 00 00 00 00 00 00 00 00 04 00 00 00 08 00  ................
[00:01:30.688,000] <dbg> mbedtls: zephyr_mbedtls_debug: WEST_TOPDIR/modules/crypto/mbedtls/library/ssl_msg.c:1993: 0190:  00 00 01 00 00 00 00 00 00 a8 0d 02 20 a8 05 02  ............ ...
[00:01:30.689,000] <dbg> mbedtls: zephyr_mbedtls_debug: WEST_TOPDIR/modules/crypto/mbedtls/library/ssl_msg.c:1993: 01a0:  20 a8 04 02 20 00 00 00 00 00 00 00 00 00 00 00   ... ...........
[00:01:30.690,000] <dbg> mbedtls: zephyr_mbedtls_debug: WEST_TOPDIR/modules/crypto/mbedtls/library/ssl_msg.c:1993: 01b0:  00 00 00 00 00 00 00 00 00 00 00 00 00 00 00 00  ................
[00:01:30.690,000] <dbg> mbedtls: zephyr_mbedtls_debug: WEST_TOPDIR/modules/crypto/mbedtls/library/ssl_msg.c:1993: 01c0:  00 00 00 00 00 00 00 00 00 00 00 00 00 00 00 00  ................
[00:01:30.691,000] <dbg> mbedtls: zephyr_mbedtls_debug: WEST_TOPDIR/modules/crypto/mbedtls/library/ssl_msg.c:1993: 01d0:  00 00 00 00 00 00 00 00 00 00 00 00 00 00 00 00  ................
[00:01:30.692,000] <dbg> mbedtls: zephyr_mbedtls_debug: WEST_TOPDIR/modules/crypto/mbedtls/library/ssl_msg.c:1993: 01e0:  00 00 00 00 00 00 00 00 00 00 00 00 00 00 00 00  ................
[00:01:30.692,000] <dbg> mbedtls: zephyr_mbedtls_debug: WEST_TOPDIR/modules/crypto/mbedtls/library/ssl_msg.c:1993: 01f0:  00 00 00 00 00 00 00 00 00 00 00 00 00 00 00 00  ................
[00:01:30.693,000] <dbg> mbedtls: zephyr_mbedtls_debug: WEST_TOPDIR/modules/crypto/mbedtls/library/ssl_msg.c:1993: 0200:  00 00 00 00 00 00 00 00 00 00 00 00 00 00 00 00  ................
[00:01:30.693,000] <dbg> mbedtls: zephyr_mbedtls_debug: WEST_TOPDIR/modules/crypto/mbedtls/library/ssl_msg.c:1993: 0210:  00 00 00 00 00 00 00 00 00 00 00 00 00 00 00 00  ................
[00:01:30.694,000] <dbg> mbedtls: zephyr_mbedtls_debug: WEST_TOPDIR/modules/crypto/mbedtls/library/ssl_msg.c:1993: 0220:  00 00 00 00 00 00 00 00 00 00 00 00 00 00 00 00  ................
[00:01:30.695,000] <dbg> mbedtls: zephyr_mbedtls_debug: WEST_TOPDIR/modules/crypto/mbedtls/library/ssl_msg.c:1993: 0230:  00 00 00 00 00 00 00 00 00 00 00 00 00 00 00 00  ................
[00:01:30.695,000] <dbg> mbedtls: zephyr_mbedtls_debug: WEST_TOPDIR/modules/crypto/mbedtls/library/ssl_msg.c:1993: 0240:  00 00 00 00 00 00 00 00 00 00 00 00 00 00 00 00  ................
[00:01:30.696,000] <dbg> mbedtls: zephyr_mbedtls_debug: WEST_TOPDIR/modules/crypto/mbedtls/library/ssl_msg.c:1993: 0250:  00 00 00 00 00 00 00 00 00 00 00 00 00 00 00 00  ................
[00:01:30.697,000] <dbg> mbedtls: zephyr_mbedtls_debug: WEST_TOPDIR/modules/crypto/mbedtls/library/ssl_msg.c:1993: 0260:  00 00 00 00 00 00 00 00 00 00 00 00 00 00 00 00  ................
[00:01:30.697,000] <dbg> mbedtls: zephyr_mbedtls_debug: WEST_TOPDIR/modules/crypto/mbedtls/library/ssl_msg.c:1993: 0270:  00 00 00 00 00 00 00 00 00 00 00 00 00 00 00 00  ................
[00:01:30.698,000] <dbg> mbedtls: zephyr_mbedtls_debug: WEST_TOPDIR/modules/crypto/mbedtls/library/ssl_msg.c:1993: 0280:  00 00 00 00 00 00 00 00 00 00 00 00 00 10 00 00  ................
[00:01:30.699,000] <dbg> mbedtls: zephyr_mbedtls_debug: WEST_TOPDIR/modules/crypto/mbedtls/library/ssl_msg.c:1993: 0290:  00 10 00 00 00 00 00 00 00 00 00 00 00 00 00 00  ................
[00:01:30.699,000] <dbg> mbedtls: zephyr_mbedtls_debug: WEST_TOPDIR/modules/crypto/mbedtls/library/ssl_msg.c:1993: 02a0:  00 40 00 00 00 20 00 00 00 00 00 00 00 08 16 02  .@... ..........
[00:01:30.700,000] <dbg> mbedtls: zephyr_mbedtls_debug: WEST_TOPDIR/modules/crypto/mbedtls/library/ssl_msg.c:1993: 02b0:  20 c8 15 02 20 a8 15 02 20 00 00 00 00 00 00 00   ... ... .......
[00:01:30.701,000] <dbg> mbedtls: zephyr_mbedtls_debug: WEST_TOPDIR/modules/crypto/mbedtls/library/ssl_msg.c:1993: 02c0:  00 00 00 00 00 00 00 00 00 00 00 00 00 00 00 00  ................
[00:01:30.701,000] <dbg> mbedtls: zephyr_mbedtls_debug: WEST_TOPDIR/modules/crypto/mbedtls/library/ssl_msg.c:1993: 02d0:  00 00 00 00 00 00 00 00 00 00 00 00 00 00 00 00  ................
[00:01:30.702,000] <dbg> mbedtls: zephyr_mbedtls_debug: WEST_TOPDIR/modules/crypto/mbedtls/library/ssl_msg.c:1993: 02e0:  00 00 00 00 00 00 00 00 00 00 00 00 00 00 00 00  ................
[00:01:30.703,000] <dbg> mbedtls: zephyr_mbedtls_debug: WEST_TOPDIR/modules/crypto/mbedtls/library/ssl_msg.c:1993: 02f0:  00 00 00 00 00 00 00 00 00 00 00 00 00 00 00 00  ................
[00:01:30.703,000] <dbg> mbedtls: zephyr_mbedtls_debug: WEST_TOPDIR/modules/crypto/mbedtls/library/ssl_msg.c:1993: 0300:  00 00 00 00 00 00 00 00 00 00 00 00 00 00 00 00  ................
[00:01:30.704,000] <dbg> mbedtls: zephyr_mbedtls_debug: WEST_TOPDIR/modules/crypto/mbedtls/library/ssl_msg.c:1993: 0310:  00 00 00 00 00 00 00 00 00 00 00 00 00 00 00 00  ................
[00:01:30.705,000] <dbg> mbedtls: zephyr_mbedtls_debug: WEST_TOPDIR/modules/crypto/mbedtls/library/ssl_msg.c:1993: 0320:  00 00 00 00 00 00 00 00 00 00 00 00 00 00 00 00  ................
[00:01:30.705,000] <dbg> mbedtls: zephyr_mbedtls_debug: WEST_TOPDIR/modules/crypto/mbedtls/library/ssl_msg.c:1993: 0330:  00 00 00 00 00 00 00 00 00 00 00 00 00 00 00 00  ................
[00:01:30.706,000] <dbg> mbedtls: zephyr_mbedtls_debug: WEST_TOPDIR/modules/crypto/mbedtls/library/ssl_msg.c:1993: 0340:  00 00 00 00 00 00 00 00 00 00 00 00 00 00 00 00  ................
[00:01:30.707,000] <dbg> mbedtls: zephyr_mbedtls_debug: WEST_TOPDIR/modules/crypto/mbedtls/library/ssl_msg.c:1993: 0350:  00 00 00 00 00 00 00 00 00 00 00 00 00 00 00 00  ................
[00:01:30.707,000] <dbg> mbedtls: zephyr_mbedtls_debug: WEST_TOPDIR/modules/crypto/mbedtls/library/ssl_msg.c:1993: 0360:  00 00 00 00 00 00 00 00 00 00 00 00 00 00 00 00  ................
[00:01:30.708,000] <dbg> mbedtls: zephyr_mbedtls_debug: WEST_TOPDIR/modules/crypto/mbedtls/library/ssl_msg.c:1993: 0370:  00 00 00 00 00 00 00 00 00 00 00 00 00 00 00 00  ................
[00:01:30.709,000] <dbg> mbedtls: zephyr_mbedtls_debug: WEST_TOPDIR/modules/crypto/mbedtls/library/ssl_msg.c:1993: 0380:  00 00 00 00 00 00 00 00 00 00 00 00 00 68 e4 05  .............h..
[00:01:30.709,000] <dbg> mbedtls: zephyr_mbedtls_debug: WEST_TOPDIR/modules/crypto/mbedtls/library/ssl_msg.c:1993: 0390:  20 00 00 00 00 00 00 00 00 00 00 00 00 00 04 00   ...............
[00:01:30.710,000] <dbg> mbedtls: zephyr_mbedtls_debug: WEST_TOPDIR/modules/crypto/mbedtls/library/ssl_msg.c:1993: 03a0:  00 68 e8 05 20 00 00 00 00 00 00 00 00 00 00 00  .h.. ...........
[00:01:30.711,000] <dbg> mbedtls: zephyr_mbedtls_debug: WEST_TOPDIR/modules/crypto/mbedtls/library/ssl_msg.c:1993: 03b0:  00 00 04 00 00 00 00 00 00 00 00 00 00 00 05 01  ................
[00:01:30.711,000] <dbg> mbedtls: zephyr_mbedtls_debug: WEST_TOPDIR/modules/crypto/mbedtls/library/ssl_msg.c:1993: 03c0:  00 00 00 00 00 04 38 0c 02 1a 03 00 00 ac 37 0c  ......8.......7.
[00:01:30.712,000] <dbg> mbedtls: zephyr_mbedtls_debug: WEST_TOPDIR/modules/crypto/mbedtls/library/ssl_msg.c:1993: 03d0:  02 00 00 00 00 ec 1e 00 20 00 00 00 00 64 99 0b  ........ ....d..
[00:01:30.713,000] <dbg> mbedtls: zephyr_mbedtls_debug: WEST_TOPDIR/modules/crypto/mbedtls/library/ssl_msg.c:1993: 03e0:  02 88 1d 00 20 90 1d 00 20 99 1d 00 20 9e 1d 00  .... ... ... ...
[00:01:30.713,000] <dbg> mbedtls: zephyr_mbedtls_debug: WEST_TOPDIR/modules/crypto/mbedtls/library/ssl_msg.c:1993: 03f0:  20 a3 1d 00 20 a7 1d 00 20 ca 1d 00 20 b3 1d 00   ... ... ... ...
[00:01:30.714,000] <dbg> mbedtls: zephyr_mbedtls_debug: WEST_TOPDIR/modules/crypto/mbedtls/library/ssl_msg.c:1993: 0400:  20 d1 1d 00 20 d8 1d 00 20 df 1d 00 20 88 1d 00   ... ... ... ...
[00:01:30.715,000] <dbg> mbedtls: zephyr_mbedtls_debug: WEST_TOPDIR/modules/crypto/mbedtls/library/ssl_msg.c:1993: 0410:  20 90 1d 00 20 99 1d 00 20 9e 1d 00 20 a3 1d 00   ... ... ... ...
[00:01:30.715,000] <dbg> mbedtls: zephyr_mbedtls_debug: WEST_TOPDIR/modules/crypto/mbedtls/library/ssl_msg.c:1993: 0420:  20 a7 1d 00 20 ac 1d 00 20 b3 1d 00 20 bc 1d 00   ... ... ... ...
[00:01:30.716,000] <dbg> mbedtls: zephyr_mbedtls_debug: WEST_TOPDIR/modules/crypto/mbedtls/library/ssl_msg.c:1993: 0430:  20 c3 1d 00 20 df 1d 00 20 08 0b 00 02 02 02 00   ... ... .......
[00:01:30.717,000] <dbg> mbedtls: zephyr_mbedtls_debug: WEST_TOPDIR/modules/crypto/mbedtls/library/ssl_msg.c:1993: 0440:  00 09 04 00 00 01 02 02 00 00 05 24 00 10 01 05  ...........$....
[00:01:30.717,000] <dbg> mbedtls: zephyr_mbedtls_debug: WEST_TOPDIR/modules/crypto/mbedtls/library/ssl_msg.c:1993: 0450:  24 01 00 01 04 24 02 02 05 24 06 00 01 07 05 81  $....$...$......
[00:01:30.718,000] <dbg> mbedtls: zephyr_mbedtls_debug: WEST_TOPDIR/modules/crypto/mbedtls/library/ssl_msg.c:1993: 0460:  03 10 00 0a 09 04 01 00 02 0a 00 00 00 07 05 82  ................
[00:01:30.719,000] <dbg> mbedtls: zephyr_mbedtls_debug: WEST_TOPDIR/modules/crypto/mbedtls/library/ssl_msg.c:1993: 0470:  02 40 00 00 07 05 01 02 40 00 00 07 05 81 03 10  .@......@.......
[00:01:30.719,000] <dbg> mbedtls: zephyr_mbedtls_debug: WEST_TOPDIR/modules/crypto/mbedtls/library/ssl_msg.c:1993: 0480:  00 07 07 05 82 02 00 02 00 07 05 01 02 00 02 00  ................
[00:01:30.720,000] <dbg> mbedtls: zephyr_mbedtls_debug: WEST_TOPDIR/modules/crypto/mbedtls/library/ssl_msg.c:1993: 0490:  00 00 00 00 00 68 ec 05 20 00 00 00 00 00 00 00  .....h.. .......
[00:01:30.721,000] <dbg> mbedtls: zephyr_mbedtls_debug: WEST_TOPDIR/modules/crypto/mbedtls/library/ssl_msg.c:1993: 04a0:  00 00 00 00 00 00 04 00 00 68 f0 05 20 00 00 00  .........h.. ...
[00:01:30.721,000] <dbg> mbedtls: zephyr_mbedtls_debug: WEST_TOPDIR/modules/crypto/mbedtls/library/ssl_msg.c:1993: 04b0:  00 00 00 00 00 00 00 00 00 00 04 00 00 00 00 00  ................
[00:01:30.722,000] <dbg> mbedtls: zephyr_mbedtls_debug: WEST_TOPDIR/modules/crypto/mbedtls/library/ssl_msg.c:1993: 04c0:  00 00 00 00 00 00 05 01 00 00 00 00 00 34 38 0c  .............48.
[00:01:30.723,000] <dbg> mbedtls: zephyr_mbedtls_debug: WEST_TOPDIR/modules/crypto/mbedtls/library/ssl_msg.c:1993: 04d0:  02 32 03 00 00 dc 03 0c 02 00 00 00 00 ec 1e 00  .2..............
[00:01:30.723,000] <dbg> mbedtls: zephyr_mbedtls_debug: WEST_TOPDIR/modules/crypto/mbedtls/library/ssl_msg.c:1993: 04e0:  20 00 00 00 00 88 99 0b 02 90 1e 00 20 98 1e 00   ........... ...
[00:01:30.724,000] <dbg> mbedtls: zephyr_mbedtls_debug: WEST_TOPDIR/modules/crypto/mbedtls/library/ssl_msg.c:1993: 04f0:  20 a1 1e 00 20 a6 1e 00 20 ab 1e 00 20 af 1e 00   ... ... ... ...
[00:01:30.725,000] <dbg> mbedtls: zephyr_mbedtls_debug: WEST_TOPDIR/modules/crypto/mbedtls/library/ssl_msg.c:1993: 0500:  20 d2 1e 00 20 bb 1e 00 20 d9 1e 00 20 e0 1e 00   ... ... ... ...
[00:01:30.725,000] <dbg> mbedtls: zephyr_mbedtls_debug: WEST_TOPDIR/modules/crypto/mbedtls/library/ssl_msg.c:1993: 0510:  20 e7 1e 00 20 90 1e 00 20 98 1e 00 20 a1 1e 00   ... ... ... ...
[00:01:30.726,000] <dbg> mbedtls: zephyr_mbedtls_debug: WEST_TOPDIR/modules/crypto/mbedtls/library/ssl_msg.c:1993: 0520:  20 a6 1e 00 20 ab 1e 00 20 af 1e 00 20 b4 1e 00   ... ... ... ...
[00:01:30.727,000] <dbg> mbedtls: zephyr_mbedtls_debug: WEST_TOPDIR/modules/crypto/mbedtls/library/ssl_msg.c:1993: 0530:  20 bb 1e 00 20 c4 1e 00 20 cb 1e 00 20 e7 1e 00   ... ... ... ...
[00:01:30.727,000] <dbg> mbedtls: zephyr_mbedtls_debug: WEST_TOPDIR/modules/crypto/mbedtls/library/ssl_msg.c:1993: 0540:  20 08 0b 00 02 02 02 00 00 09 04 00 00 01 02 02   ...............
[00:01:30.728,000] <dbg> mbedtls: zephyr_mbedtls_debug: WEST_TOPDIR/modules/crypto/mbedtls/library/ssl_msg.c:1993: 0550:  00 00 05 24 00 10 01 05 24 01 00 01 04 24 02 02  ...$....$....$..
[00:01:30.729,000] <dbg> mbedtls: zephyr_mbedtls_debug: WEST_TOPDIR/modules/crypto/mbedtls/library/ssl_msg.c:1993: 0560:  05 24 06 00 01 07 05 81 03 10 00 0a 09 04 01 00  .$..............
[00:01:30.729,000] <dbg> mbedtls: zephyr_mbedtls_debug: WEST_TOPDIR/modules/crypto/mbedtls/library/ssl_msg.c:1993: 0570:  02 0a 00 00 00 07 05 82 02 40 00 00 07 05 01 02  .........@......
[00:01:30.730,000] <dbg> mbedtls: zephyr_mbedtls_debug: WEST_TOPDIR/modules/crypto/mbedtls/library/ssl_msg.c:1993: 0580:  40 00 00 07 05 81 03 10 00 07 07 05 82 02 00 02  @...............
[00:01:30.731,000] <dbg> mbedtls: zephyr_mbedtls_debug: WEST_TOPDIR/modules/crypto/mbedtls/library/ssl_msg.c:1993: 0590:  00 07 05 01 02 00 02 00 00 00 00 00 00 00 00 00  ................
[00:01:30.731,000] <dbg> mbedtls: zephyr_mbedtls_debug: WEST_TOPDIR/modules/crypto/mbedtls/library/ssl_msg.c:1993: 05a0:  00 b1 75 02 02 31 7a 02 02 e1 76 02 02 71 7e 02  ..u..1z...v..q~.
[00:01:30.732,000] <dbg> mbedtls: zephyr_mbedtls_debug: WEST_TOPDIR/modules/crypto/mbedtls/library/ssl_msg.c:1993: 05b0:  02 99 77 02 02 81 77 02 02 00 00 00 00 99 79 02  ..w...w.......y.
[00:01:30.733,000] <dbg> mbedtls: zephyr_mbedtls_debug: WEST_TOPDIR/modules/crypto/mbedtls/library/ssl_msg.c:1993: 05c0:  02 59 77 02 02 f9 79 02 02 00 00 00 00 b5 75 02  .Yw...y.......u.
[00:01:30.733,000] <dbg> mbedtls: zephyr_mbedtls_debug: WEST_TOPDIR/modules/crypto/mbedtls/library/ssl_msg.c:1993: 05d0:  02 00 00 00 00 8d 96 03 02 00 00 00 00 00 00 00  ................
[00:01:30.734,000] <dbg> mbedtls: zephyr_mbedtls_debug: WEST_TOPDIR/modules/crypto/mbedtls/library/ssl_msg.c:1993: 05e0:  00 3c 1f 00 20 f5 f4 03 02 08 00 00 00 00 ff 58  .<.. ..........X
[00:01:30.735,000] <dbg> mbedtls: zephyr_mbedtls_debug: WEST_TOPDIR/modules/crypto/mbedtls/library/ssl_msg.c:1993: 05f0:  00 00 00 00 00 00 00 00 00 21 f2 03 02 00 00 00  .........!......
[00:01:30.735,000] <dbg> mbedtls: zephyr_mbedtls_debug: WEST_TOPDIR/modules/crypto/mbedtls/library/ssl_msg.c:1993: 0600:  00 00 00 00 00 00 00 00 00 00 00 00 00 00 00 00  ................
[00:01:30.736,000] <dbg> mbedtls: zephyr_mbedtls_debug: WEST_TOPDIR/modules/crypto/mbedtls/library/ssl_msg.c:1993: 0610:  00 00 00 00 00 00 00 00 00 00 00 00 00 00 00 00  ................
[00:01:30.737,000] <dbg> mbedtls: zephyr_mbedtls_debug: WEST_TOPDIR/modules/crypto/mbedtls/library/ssl_msg.c:1993: 0620:  00 00 00 00 00 00 00 00 00 00 00 00 00 00 00 00  ................
[00:01:30.737,000] <dbg> mbedtls: zephyr_mbedtls_debug: WEST_TOPDIR/modules/crypto/mbedtls/library/ssl_msg.c:1993: 0630:  00 00 00 00 00 00 00 00 00 00 00 00 00 00 00 00  ................
[00:01:30.738,000] <dbg> mbedtls: zephyr_mbedtls_debug: WEST_TOPDIR/modules/crypto/mbedtls/library/ssl_msg.c:1993: 0640:  00 00 00 00 00 00 00 00 00 00 00 00 00 00 00 00  ................
[00:01:30.739,000] <dbg> mbedtls: zephyr_mbedtls_debug: WEST_TOPDIR/modules/crypto/mbedtls/library/ssl_msg.c:1993: 0650:  00 00 00 00 00 00 ff 58 00 00 00 00 00 00 00 00  .......X........
[00:01:30.739,000] <dbg> mbedtls: zephyr_mbedtls_debug: WEST_TOPDIR/modules/crypto/mbedtls/library/ssl_msg.c:1993: 0660:  00 21 f2 03 02 00 00 00 00 00 00 00 00 00 00 00  .!..............
[00:01:30.740,000] <dbg> mbedtls: zephyr_mbedtls_debug: WEST_TOPDIR/modules/crypto/mbedtls/library/ssl_msg.c:1993: 0670:  00 00 00 00 00 00 00 00 00 00 00 00 00 00 00 00  ................
[00:01:30.741,000] <dbg> mbedtls: zephyr_mbedtls_debug: WEST_TOPDIR/modules/crypto/mbedtls/library/ssl_msg.c:1993: 0680:  00 00 00 00 00 00 00 00 00 00 00 00 00 00 00 00  ................
[00:01:30.741,000] <dbg> mbedtls: zephyr_mbedtls_debug: WEST_TOPDIR/modules/crypto/mbedtls/library/ssl_msg.c:1993: 0690:  00 00 00 00 00 00 00 00 00 00 00 00 00 00 00 00  ................
[00:01:30.742,000] <dbg> mbedtls: zephyr_mbedtls_debug: WEST_TOPDIR/modules/crypto/mbedtls/library/ssl_msg.c:1993: 06a0:  00 00 00 00 00 00 00 00 00 00 00 00 00 00 00 00  ................
[00:01:30.743,000] <dbg> mbedtls: zephyr_mbedtls_debug: WEST_TOPDIR/modules/crypto/mbedtls/library/ssl_msg.c:1993: 06b0:  00 00 00 00 00 00 00 00 00 00 00 00 00 00 ff 58  ...............X
[00:01:30.743,000] <dbg> mbedtls: zephyr_mbedtls_debug: WEST_TOPDIR/modules/crypto/mbedtls/library/ssl_msg.c:1993: 06c0:  00 00 00 00 00 00 00 00 00 21 f2 03 02 00 00 00  .........!......
[00:01:30.744,000] <dbg> mbedtls: zephyr_mbedtls_debug: WEST_TOPDIR/modules/crypto/mbedtls/library/ssl_msg.c:1993: 06d0:  00 00 00 00 00 00 00 00 00 00 00 00 00 00 00 00  ................
[00:01:30.745,000] <dbg> mbedtls: zephyr_mbedtls_debug: WEST_TOPDIR/modules/crypto/mbedtls/library/ssl_msg.c:1993: 06e0:  00 00 00 00 00 00 00 00 00 00 00 00 00 00 00 00  ................
[00:01:30.745,000] <dbg> mbedtls: zephyr_mbedtls_debug: WEST_TOPDIR/modules/crypto/mbedtls/library/ssl_msg.c:1993: 06f0:  00 00 00 00 00 00 00 00 00 00 00 00 00 00 00 00  ................
[00:01:30.746,000] <dbg> mbedtls: zephyr_mbedtls_debug: WEST_TOPDIR/modules/crypto/mbedtls/library/ssl_msg.c:1993: 0700:  00 00 00 00 00 00 00 00 00 00 00 00 00 00 00 00  ................
[00:01:30.747,000] <dbg> mbedtls: zephyr_mbedtls_debug: WEST_TOPDIR/modules/crypto/mbedtls/library/ssl_msg.c:1993: 0710:  00 00 00 00 00 00 00 00 00 00 00 00 00 00 00 00  ................
[00:01:30.747,000] <dbg> mbedtls: zephyr_mbedtls_debug: WEST_TOPDIR/modules/crypto/mbedtls/library/ssl_msg.c:1993: 0720:  00 00 00 00 00 00 ff 58 00 00 00 00 00 00 00 00  .......X........
[00:01:30.748,000] <dbg> mbedtls: zephyr_mbedtls_debug: WEST_TOPDIR/modules/crypto/mbedtls/library/ssl_msg.c:1993: 0730:  00 21 f2 03 02 00 00 00 00 00 00 00 00 00 00 00  .!..............
[00:01:30.749,000] <dbg> mbedtls: zephyr_mbedtls_debug: WEST_TOPDIR/modules/crypto/mbedtls/library/ssl_msg.c:1993: 0740:  00 00 00 00 00 00 00 00 00 00 00 00 00 00 00 00  ................
[00:01:30.749,000] <dbg> mbedtls: zephyr_mbedtls_debug: WEST_TOPDIR/modules/crypto/mbedtls/library/ssl_msg.c:1993: 0750:  00 00 00 00 00 00 00 00 00 00 00 00 00 00 00 00  ................
[00:01:30.750,000] <dbg> mbedtls: zephyr_mbedtls_debug: WEST_TOPDIR/modules/crypto/mbedtls/library/ssl_msg.c:1993: 0760:  00 00 00 00 00 00 00 00 00 00 00 00 00 00 00 00  ................
[00:01:30.750,000] <dbg> mbedtls: zephyr_mbedtls_debug: WEST_TOPDIR/modules/crypto/mbedtls/library/ssl_msg.c:1993: 0770:  00 00 00 00 00 00 00 00 00 00 00 00 00 00 00 00  ................
[00:01:30.751,000] <dbg> mbedtls: zephyr_mbedtls_debug: WEST_TOPDIR/modules/crypto/mbedtls/library/ssl_msg.c:1993: 0780:  00 00 00 00 00 00 00 00 00 00 00 00 00 00 ff 58  ...............X
[00:01:30.752,000] <dbg> mbedtls: zephyr_mbedtls_debug: WEST_TOPDIR/modules/crypto/mbedtls/library/ssl_msg.c:1993: 0790:  00 00 00 00 00 00 00 00 00 21 f2 03 02 00 00 00  .........!......
[00:01:30.752,000] <dbg> mbedtls: zephyr_mbedtls_debug: WEST_TOPDIR/modules/crypto/mbedtls/library/ssl_msg.c:1993: 07a0:  00 00 00 00 00 00 00 00 00 00 00 00 00 00 00 00  ................
[00:01:30.753,000] <dbg> mbedtls: zephyr_mbedtls_debug: WEST_TOPDIR/modules/crypto/mbedtls/library/ssl_msg.c:1993: 07b0:  00 00 00 00 00 00 00 00 00 00 00 00 00 00 00 00  ................
[00:01:30.754,000] <dbg> mbedtls: zephyr_mbedtls_debug: WEST_TOPDIR/modules/crypto/mbedtls/library/ssl_msg.c:1993: 07c0:  00 00 00 00 00 00 00 00 00 00 00 00 00 00 00 00  ................
[00:01:30.754,000] <dbg> mbedtls: zephyr_mbedtls_debug: WEST_TOPDIR/modules/crypto/mbedtls/library/ssl_msg.c:1993: 07d0:  00 00 00 00 00 00 00 00 00 00 00 00 00 00 00 00  ................
[00:01:30.755,000] <dbg> mbedtls: zephyr_mbedtls_debug: WEST_TOPDIR/modules/crypto/mbedtls/library/ssl_msg.c:1993: 07e0:  00 00 00 00 00 00 00 00 00 00 00 00 00 00 00 00  ................
[00:01:30.756,000] <dbg> mbedtls: zephyr_mbedtls_debug: WEST_TOPDIR/modules/crypto/mbedtls/library/ssl_msg.c:1993: 07f0:  00 00 00 00 00 00 ff 58 00 00 00 00 00 00 00 00  .......X........
[00:01:30.756,000] <dbg> mbedtls: zephyr_mbedtls_debug: WEST_TOPDIR/modules/crypto/mbedtls/library/ssl_msg.c:1993: 0800:  00 21 f2 03 02 00 00 00 00 00 00 00 00 00 00 00  .!..............
[00:01:30.757,000] <dbg> mbedtls: zephyr_mbedtls_debug: WEST_TOPDIR/modules/crypto/mbedtls/library/ssl_msg.c:1993: 0810:  00 00 00 00 00 00 00 00 00 00 00 00 00 00 00 00  ................
[00:01:30.758,000] <dbg> mbedtls: zephyr_mbedtls_debug: WEST_TOPDIR/modules/crypto/mbedtls/library/ssl_msg.c:1993: 0820:  00 00 00 00 00 00 00 00 00 00 00 00 00 00 00 00  ................
[00:01:30.758,000] <dbg> mbedtls: zephyr_mbedtls_debug: WEST_TOPDIR/modules/crypto/mbedtls/library/ssl_msg.c:1993: 0830:  00 00 00 00 00 00 00 00 00 00 00 00 00 00 00 00  ................
[00:01:30.759,000] <dbg> mbedtls: zephyr_mbedtls_debug: WEST_TOPDIR/modules/crypto/mbedtls/library/ssl_msg.c:1993: 0840:  00 00 00 00 00 00 00 00 00 00 00 00 00 00 00 00  ................
[00:01:30.760,000] <dbg> mbedtls: zephyr_mbedtls_debug: WEST_TOPDIR/modules/crypto/mbedtls/library/ssl_msg.c:1993: 0850:  00 00 00 00 00 00 00 00 00 00 00 00 00 00 ff 58  ...............X
[00:01:30.760,000] <dbg> mbedtls: zephyr_mbedtls_debug: WEST_TOPDIR/modules/crypto/mbedtls/library/ssl_msg.c:1993: 0860:  00 00 00 00 00 00 00 00 00 21 f2 03 02 00 00 00  .........!......
[00:01:30.761,000] <dbg> mbedtls: zephyr_mbedtls_debug: WEST_TOPDIR/modules/crypto/mbedtls/library/ssl_msg.c:1993: 0870:  00 00 00 00 00 00 00 00 00 00 00 00 00 00 00 00  ................
[00:01:30.762,000] <dbg> mbedtls: zephyr_mbedtls_debug: WEST_TOPDIR/modules/crypto/mbedtls/library/ssl_msg.c:1993: 0880:  00 00 00 00 00 00 00 00 00 00 00 00 00 00 00 00  ................
[00:01:30.762,000] <dbg> mbedtls: zephyr_mbedtls_debug: WEST_TOPDIR/modules/crypto/mbedtls/library/ssl_msg.c:1993: 0890:  00 00 00 00 00 00 00 00 00 00 00 00 00 00 00 00  ................
[00:01:30.763,000] <dbg> mbedtls: zephyr_mbedtls_debug: WEST_TOPDIR/modules/crypto/mbedtls/library/ssl_msg.c:1993: 08a0:  00 00 00 00 00 00 00 00 00 00 00 00 00 00 00 00  ................
[00:01:30.764,000] <dbg> mbedtls: zephyr_mbedtls_debug: WEST_TOPDIR/modules/crypto/mbedtls/library/ssl_msg.c:1993: 08b0:  00 00 00 00 00 00 00 00 00 00 00 00 00 00 00 00  ................
[00:01:30.764,000] <dbg> mbedtls: zephyr_mbedtls_debug: WEST_TOPDIR/modules/crypto/mbedtls/library/ssl_msg.c:1993: 08c0:  00 00 00 00 00 00 ff 58 00 00 00 00 00 00 00 00  .......X........
[00:01:30.765,000] <dbg> mbedtls: zephyr_mbedtls_debug: WEST_TOPDIR/modules/crypto/mbedtls/library/ssl_msg.c:1993: 08d0:  00 21 f2 03 02 00 00 00 00 00 00 00 00 00 00 00  .!..............
[00:01:30.766,000] <dbg> mbedtls: zephyr_mbedtls_debug: WEST_TOPDIR/modules/crypto/mbedtls/library/ssl_msg.c:1993: 08e0:  00 00 00 00 00 00 00 00 00 00 00 00 00 00 00 00  ................
[00:01:30.766,000] <dbg> mbedtls: zephyr_mbedtls_debug: WEST_TOPDIR/modules/crypto/mbedtls/library/ssl_msg.c:1993: 08f0:  00 00 00 00 00 00 00 00 00 00 00 00 00 00 00 00  ................
[00:01:30.767,000] <dbg> mbedtls: zephyr_mbedtls_debug: WEST_TOPDIR/modules/crypto/mbedtls/library/ssl_msg.c:1993: 0900:  00 00 00 00 00 00 00 00 00 00 00 00 00 00 00 00  ................
[00:01:30.768,000] <dbg> mbedtls: zephyr_mbedtls_debug: WEST_TOPDIR/modules/crypto/mbedtls/library/ssl_msg.c:1993: 0910:  00 00 00 00 00 00 00 00 00 00 00 00 00 00 00 00  ................
[00:01:30.768,000] <dbg> mbedtls: zephyr_mbedtls_debug: WEST_TOPDIR/modules/crypto/mbedtls/library/ssl_msg.c:1993: 0920:  00 00 00 00 00 00 00 00 00 00 00 00 00 88 22 00  ..............".
[00:01:30.769,000] <dbg> mbedtls: zephyr_mbedtls_debug: WEST_TOPDIR/modules/crypto/mbedtls/library/ssl_msg.c:1993: 0930:  20 75 14 04 02 08 00 00 00 00 ff 34 00 00 00 00   u.........4....
[00:01:30.770,000] <dbg> mbedtls: zephyr_mbedtls_debug: WEST_TOPDIR/modules/crypto/mbedtls/library/ssl_msg.c:1993: 0940:  00 00 00 00 00 79 14 04 02 00 00 00 00 00 00 00  .....y..........
[00:01:30.770,000] <dbg> mbedtls: zephyr_mbedtls_debug: WEST_TOPDIR/modules/crypto/mbedtls/library/ssl_msg.c:1993: 0950:  00 00 00 00 00 00 00 00 00 00 00 00 00 00 00 00  ................
[00:01:30.771,000] <dbg> mbedtls: zephyr_mbedtls_debug: WEST_TOPDIR/modules/crypto/mbedtls/library/ssl_msg.c:1993: 0960:  00 00 00 00 00 00 00 00 00 00 00 00 00 00 00 00  ................
[00:01:30.772,000] <dbg> mbedtls: zephyr_mbedtls_debug: WEST_TOPDIR/modules/crypto/mbedtls/library/ssl_msg.c:1993: 0970:  00 00 00 00 00 00 00 00 00 00 00 00 00 00 ff 34  ...............4
[00:01:30.772,000] <dbg> mbedtls: zephyr_mbedtls_debug: WEST_TOPDIR/modules/crypto/mbedtls/library/ssl_msg.c:1993: 0980:  00 00 00 00 00 00 00 00 00 79 14 04 02 00 00 00  .........y......
[00:01:30.773,000] <dbg> mbedtls: zephyr_mbedtls_debug: WEST_TOPDIR/modules/crypto/mbedtls/library/ssl_msg.c:1993: 0990:  00 00 00 00 00 00 00 00 00 00 00 00 00 00 00 00  ................
[00:01:30.774,000] <dbg> mbedtls: zephyr_mbedtls_debug: WEST_TOPDIR/modules/crypto/mbedtls/library/ssl_msg.c:1993: 09a0:  00 00 00 00 00 00 00 00 00 00 00 00 00 00 00 00  ................
[00:01:30.774,000] <dbg> mbedtls: zephyr_mbedtls_debug: WEST_TOPDIR/modules/crypto/mbedtls/library/ssl_msg.c:1993: 09b0:  00 00 00 00 00 00 00 00 00 00 00 00 00 00 00 00  ................
[00:01:30.775,000] <dbg> mbedtls: zephyr_mbedtls_debug: WEST_TOPDIR/modules/crypto/mbedtls/library/ssl_msg.c:1993: 09c0:  00 00 ff 34 00 00 00 00 00 00 00 00 00 79 14 04  ...4.........y..
[00:01:30.776,000] <dbg> mbedtls: zephyr_mbedtls_debug: WEST_TOPDIR/modules/crypto/mbedtls/library/ssl_msg.c:1993: 09d0:  02 00 00 00 00 00 00 00 00 00 00 00 00 00 00 00  ................
[00:01:30.776,000] <dbg> mbedtls: zephyr_mbedtls_debug: WEST_TOPDIR/modules/crypto/mbedtls/library/ssl_msg.c:1993: 09e0:  00 00 00 00 00 00 00 00 00 00 00 00 00 00 00 00  ................
[00:01:30.777,000] <dbg> mbedtls: zephyr_mbedtls_debug: WEST_TOPDIR/modules/crypto/mbedtls/library/ssl_msg.c:1993: 09f0:  00 00 00 00 00 00 00 00 00 00 00 00 00 00 00 00  ................
[00:01:30.777,000] <dbg> mbedtls: zephyr_mbedtls_debug: WEST_TOPDIR/modules/crypto/mbedtls/library/ssl_msg.c:1993: 0a00:  00 00 00 00 00 00 ff 34 00 00 00 00 00 00 00 00  .......4........
[00:01:30.778,000] <dbg> mbedtls: zephyr_mbedtls_debug: WEST_TOPDIR/modules/crypto/mbedtls/library/ssl_msg.c:1993: 0a10:  00 79 14 04 02 00 00 00 00 00 00 00 00 00 00 00  .y..............
[00:01:30.782,000] <dbg> mbedtls: zephyr_mbedtls_debug: WEST_TOPDIR/modules/crypto/mbedtls/library/ssl_msg.c:1993: 0a20:  00 00 00 00 00 00 00 00 00 00 00 00 00 00 00 00  ................
[00:01:30.782,000] <dbg> mbedtls: zephyr_mbedtls_debug: WEST_TOPDIR/modules/crypto/mbedtls/library/ssl_msg.c:1993: 0a30:  00 00 00 00 00 00 00 00 00 00 00 00 00 00 00 00  ................
[00:01:30.783,000] <dbg> mbedtls: zephyr_mbedtls_debug: WEST_TOPDIR/modules/crypto/mbedtls/library/ssl_msg.c:1993: 0a40:  00 00 00 00 00 00 00 00 00 00 ff 34 00 00 00 00  ...........4....
[00:01:30.784,000] <dbg> mbedtls: zephyr_mbedtls_debug: WEST_TOPDIR/modules/crypto/mbedtls/library/ssl_msg.c:1993: 0a50:  00 00 00 00 00 79 14 04 02 00 00 00 00 00 00 00  .....y..........
[00:01:30.784,000] <dbg> mbedtls: zephyr_mbedtls_debug: WEST_TOPDIR/modules/crypto/mbedtls/library/ssl_msg.c:1993: 0a60:  00 00 00 00 00 00 00 00 00 00 00 00 00 00 00 00  ................
[00:01:30.785,000] <dbg> mbedtls: zephyr_mbedtls_debug: WEST_TOPDIR/modules/crypto/mbedtls/library/ssl_msg.c:1993: 0a70:  00 00 00 00 00 00 00 00 00 00 00 00 00 00 00 00  ................
[00:01:30.786,000] <dbg> mbedtls: zephyr_mbedtls_debug: WEST_TOPDIR/modules/crypto/mbedtls/library/ssl_msg.c:1993: 0a80:  00 00 00 00 00 00 00 00 00 00 00 00 00 00 ff 34  ...............4
[00:01:30.786,000] <dbg> mbedtls: zephyr_mbedtls_debug: WEST_TOPDIR/modules/crypto/mbedtls/library/ssl_msg.c:1993: 0a90:  00 00 00 00 00 00 00 00 00 79 14 04 02 00 00 00  .........y......
[00:01:30.787,000] <dbg> mbedtls: zephyr_mbedtls_debug: WEST_TOPDIR/modules/crypto/mbedtls/library/ssl_msg.c:1993: 0aa0:  00 00 00 00 00 00 00 00 00 00 00 00 00 00 00 00  ................
[00:01:30.788,000] <dbg> mbedtls: zephyr_mbedtls_debug: WEST_TOPDIR/modules/crypto/mbedtls/library/ssl_msg.c:1993: 0ab0:  00 00 00 00 00 00 00 00 00 00 00 00 00 00 00 00  ................
[00:01:30.788,000] <dbg> mbedtls: zephyr_mbedtls_debug: WEST_TOPDIR/modules/crypto/mbedtls/library/ssl_msg.c:1993: 0ac0:  00 00 00 00 00 00 00 00 00 00 00 00 00 00 00 00  ................
[00:01:30.789,000] <dbg> mbedtls: zephyr_mbedtls_debug: WEST_TOPDIR/modules/crypto/mbedtls/library/ssl_msg.c:1993: 0ad0:  00 00 ff 34 00 00 00 00 00 00 00 00 00 79 14 04  ...4.........y..
[00:01:30.789,000] <dbg> mbedtls: zephyr_mbedtls_debug: WEST_TOPDIR/modules/crypto/mbedtls/library/ssl_msg.c:1993: 0ae0:  02 00 00 00 00 00 00 00 00 00 00 00 00 00 00 00  ................
[00:01:30.790,000] <dbg> mbedtls: zephyr_mbedtls_debug: WEST_TOPDIR/modules/crypto/mbedtls/library/ssl_msg.c:1993: 0af0:  00 00 00 00 00 00 00 00 00 00 00 00 00 00 00 00  ................
[00:01:30.791,000] <dbg> mbedtls: zephyr_mbedtls_debug: WEST_TOPDIR/modules/crypto/mbedtls/library/ssl_msg.c:1993: 0b00:  00 00 00 00 00 00 00 00 00 00 00 00 00 00 00 00  ................
[00:01:30.791,000] <dbg> mbedtls: zephyr_mbedtls_debug: WEST_TOPDIR/modules/crypto/mbedtls/library/ssl_msg.c:1993: 0b10:  00 00 00 00 00 00 ff 34 00 00 00 00 00 00 00 00  .......4........
[00:01:30.792,000] <dbg> mbedtls: zephyr_mbedtls_debug: WEST_TOPDIR/modules/crypto/mbedtls/library/ssl_msg.c:1993: 0b20:  00 79 14 04 02 00 00 00 00 00 00 00 00 00 00 00  .y..............
[00:01:30.793,000] <dbg> mbedtls: zephyr_mbedtls_debug: WEST_TOPDIR/modules/crypto/mbedtls/library/ssl_msg.c:1993: 0b30:  00 00 00 00 00 00 00 00 00 00 00 00 00 00 00 00  ................
[00:01:30.793,000] <dbg> mbedtls: zephyr_mbedtls_debug: WEST_TOPDIR/modules/crypto/mbedtls/library/ssl_msg.c:1993: 0b40:  00 00 00 00 00 00 00 00 00 00 00 00 00 00 00 00  ................
[00:01:30.794,000] <dbg> mbedtls: zephyr_mbedtls_debug: WEST_TOPDIR/modules/crypto/mbedtls/library/ssl_msg.c:1993: 0b50:  00 00 00 00 00 00 00 00 00 00 ff 08 00 00 00 00  ................
[00:01:30.795,000] <dbg> mbedtls: zephyr_mbedtls_debug: WEST_TOPDIR/modules/crypto/mbedtls/library/ssl_msg.c:1993: 0b60:  00 00 00 00 00 29 14 04 02 00 00 00 00 00 00 00  .....)..........
[00:01:30.795,000] <dbg> mbedtls: zephyr_mbedtls_debug: WEST_TOPDIR/modules/crypto/mbedtls/library/ssl_msg.c:1993: 0b70:  00 00 ff 08 00 00 00 00 00 00 00 00 00 29 14 04  .............)..
[00:01:30.796,000] <dbg> mbedtls: zephyr_mbedtls_debug: WEST_TOPDIR/modules/crypto/mbedtls/library/ssl_msg.c:1993: 0b80:  02 00 00 00 00 00 00 00 00 00 ff 08 00 00 00 00  ................
[00:01:30.797,000] <dbg> mbedtls: zephyr_mbedtls_debug: WEST_TOPDIR/modules/crypto/mbedtls/library/ssl_msg.c:1993: 0b90:  00 00 00 00 00 29 14 04 02 00 00 00 00 00 00 00  .....)..........
[00:01:30.797,000] <dbg> mbedtls: zephyr_mbedtls_debug: WEST_TOPDIR/modules/crypto/mbedtls/library/ssl_msg.c:1993: 0ba0:  00 00 ff 08 00 00 00 00 00 00 00 00 00 29 14 04  .............)..
[00:01:30.798,000] <dbg> mbedtls: zephyr_mbedtls_debug: WEST_TOPDIR/modules/crypto/mbedtls/library/ssl_msg.c:1993: 0bb0:  02 00 00 00 00 00 00 00 00 00 ff 08 00 00 00 00  ................
[00:01:30.799,000] <dbg> mbedtls: zephyr_mbedtls_debug: WEST_TOPDIR/modules/crypto/mbedtls/library/ssl_msg.c:1993: 0bc0:  00 00 00 00 00 29 14 04 02 00 00 00 00 00 00 00  .....)..........
[00:01:30.799,000] <dbg> mbedtls: zephyr_mbedtls_debug: WEST_TOPDIR/modules/crypto/mbedtls/library/ssl_msg.c:1993: 0bd0:  00 00 ff 08 00 00 00 00 00 00 00 00 00 29 14 04  .............)..
[00:01:30.800,000] <dbg> mbedtls: zephyr_mbedtls_debug: WEST_TOPDIR/modules/crypto/mbedtls/library/ssl_msg.c:1993: 0be0:  02 00 00 00 00 00 00 00 00 00 ff 08 00 00 00 00  ................
[00:01:30.801,000] <dbg> mbedtls: zephyr_mbedtls_debug: WEST_TOPDIR/modules/crypto/mbedtls/library/ssl_msg.c:1993: 0bf0:  00 00 00 00 00 29 14 04 02 00 00 00 00 00 00 00  .....)..........
[00:01:30.801,000] <dbg> mbedtls: zephyr_mbedtls_debug: WEST_TOPDIR/modules/crypto/mbedtls/library/ssl_msg.c:1993: 0c00:  00 00 ff 08 00 00 00 00 00 00 00 00 00 29 14 04  .............)..
[00:01:30.802,000] <dbg> mbedtls: zephyr_mbedtls_debug: WEST_TOPDIR/modules/crypto/mbedtls/library/ssl_msg.c:1993: 0c10:  02 00 00 00 00 00 00 00 00 71 8b 04 02 ff ff ff  .........q......
[00:01:30.803,000] <dbg> mbedtls: zephyr_mbedtls_debug: WEST_TOPDIR/modules/crypto/mbedtls/library/ssl_msg.c:1993: 0c20:  ff 00 00 00 00 00 00 00 00 00 00 00 00 71 8b 04  .............q..
[00:01:30.803,000] <dbg> mbedtls: zephyr_mbedtls_debug: WEST_TOPDIR/modules/crypto/mbedtls/library/ssl_msg.c:1993: 0c30:  02 ff ff ff ff 00 00 00 00 00 00 00 00 00 00 00  ................
[00:01:30.804,000] <dbg> mbedtls: zephyr_mbedtls_debug: WEST_TOPDIR/modules/crypto/mbedtls/library/ssl_msg.c:1993: 0c40:  00 ff ff ff ff ff ff ff ff ff ff ff ff ff ff ff  ................
[00:01:30.805,000] <dbg> mbedtls: zephyr_mbedtls_debug: WEST_TOPDIR/modules/crypto/mbedtls/library/ssl_msg.c:1993: 0c50:  ff 8c 00 00 00 00 40 00 00 06 00 00 00 e0 00 3a  ......@........:
[00:01:30.805,000] <dbg> mbedtls: zephyr_mbedtls_debug: WEST_TOPDIR/modules/crypto/mbedtls/library/ssl_msg.c:1993: 0c60:  00 00 00 00 00 00 00 00 00 00 00 00 00 00 00 00  ................
[00:01:30.806,000] <dbg> mbedtls: zephyr_mbedtls_debug: WEST_TOPDIR/modules/crypto/mbedtls/library/ssl_msg.c:1993: 0c70:  00 00 00 00 00 00 00 00 00 00 00 00 00 00 00 00  ................
[00:01:30.807,000] <dbg> mbedtls: zephyr_mbedtls_debug: WEST_TOPDIR/modules/crypto/mbedtls/library/ssl_msg.c:1993: 0c80:  00 00 00 00 00 00 00 00 00 00 00 00 00 00 00 00  ................
[00:01:30.807,000] <dbg> mbedtls: zephyr_mbedtls_debug: WEST_TOPDIR/modules/crypto/mbedtls/library/ssl_msg.c:1993: 0c90:  00 00 00 00 00 00 00 00 00 00 00 00 00 00 00 00  ................
[00:01:30.808,000] <dbg> mbedtls: zephyr_mbedtls_debug: WEST_TOPDIR/modules/crypto/mbedtls/library/ssl_msg.c:1993: 0ca0:  00 00 00 00 00 00 00 00 00 00 00 00 00 00 00 00  ................
[00:01:30.809,000] <dbg> mbedtls: zephyr_mbedtls_debug: WEST_TOPDIR/modules/crypto/mbedtls/library/ssl_msg.c:1993: 0cb0:  00 00 00 00 00 00 00 00 00 00 00 00 00 00 00 00  ................
[00:01:30.809,000] <dbg> mbedtls: zephyr_mbedtls_debug: WEST_TOPDIR/modules/crypto/mbedtls/library/ssl_msg.c:1993: 0cc0:  00 00 00 00 00 00 00 00 00 00 00 00 00 00 00 00  ................
[00:01:30.810,000] <dbg> mbedtls: zephyr_mbedtls_debug: WEST_TOPDIR/modules/crypto/mbedtls/library/ssl_msg.c:1993: 0cd0:  00 00 00 00 00 00 00 00 00 00 00 00 00 00 00 00  ................
[00:01:30.811,000] <dbg> mbedtls: zephyr_mbedtls_debug: WEST_TOPDIR/modules/crypto/mbedtls/library/ssl_msg.c:1993: 0ce0:  00 00 00 00 00 34 26 00 20 34 26 00 20 00 00 00  .....4&. 4&. ...
[00:01:30.811,000] <dbg> mbedtls: zephyr_mbedtls_debug: WEST_TOPDIR/modules/crypto/mbedtls/library/ssl_msg.c:1993: 0cf0:  00 00 00 00 00 0e 00 00 00 00 00 00 00 00 00 00  ................
[00:01:30.812,000] <dbg> mbedtls: zephyr_mbedtls_debug: WEST_TOPDIR/modules/crypto/mbedtls/library/ssl_msg.c:1993: 0d00:  00 00 00 00 00 00 00 00 00 00 00 00 00 00 88 01  ................
[00:01:30.813,000] <dbg> mbedtls: zephyr_mbedtls_debug: WEST_TOPDIR/modules/crypto/mbedtls/library/ssl_msg.c:1993: 0d10:  20 00 00 0c 42 00 00 00 00 00 00 00 00 00 00 00   ...B...........
[00:01:30.813,000] <dbg> mbedtls: zephyr_mbedtls_debug: WEST_TOPDIR/modules/crypto/mbedtls/library/ssl_msg.c:1993: 0d20:  00 00 00 00 00 00 00 00 00 00 00 00 00 00 00 00  ................
[00:01:30.814,000] <dbg> mbedtls: zephyr_mbedtls_debug: WEST_TOPDIR/modules/crypto/mbedtls/library/ssl_msg.c:1993: 0d30:  00 00 00 00 00 00 00 00 00 00 00 00 00 00 00 00  ................
[00:01:30.815,000] <dbg> mbedtls: zephyr_mbedtls_debug: WEST_TOPDIR/modules/crypto/mbedtls/library/ssl_msg.c:1993: 0d40:  00 00 00 00 00 00 00 00 00 00 00 00 00 00 00 00  ................
[00:01:30.815,000] <dbg> mbedtls: zephyr_mbedtls_debug: WEST_TOPDIR/modules/crypto/mbedtls/library/ssl_msg.c:1993: 0d50:  00 00 00 00 00 00 00 00 00 00 00 00 00 00 00 00  ................
[00:01:30.816,000] <dbg> mbedtls: zephyr_mbedtls_debug: WEST_TOPDIR/modules/crypto/mbedtls/library/ssl_msg.c:1993: 0d60:  00 00 00 00 00 00 00 00 00 00 00 00 00 00 00 00  ................
[00:01:30.817,000] <dbg> mbedtls: zephyr_mbedtls_debug: WEST_TOPDIR/modules/crypto/mbedtls/library/ssl_msg.c:1993: 0d70:  00 00 00 00 00 00 00 00 00 00 00 00 00 00 00 00  ................
[00:01:30.817,000] <dbg> mbedtls: zephyr_mbedtls_debug: WEST_TOPDIR/modules/crypto/mbedtls/library/ssl_msg.c:1993: 0d80:  00 00 00 00 00 00 00 00 00 00 00 00 00 00 00 00  ................
[00:01:30.818,000] <dbg> mbedtls: zephyr_mbedtls_debug: WEST_TOPDIR/modules/crypto/mbedtls/library/ssl_msg.c:1993: 0d90:  00 00 00 00 00 00 00 00 00 00 00 00 00 00 00 00  ................
[00:01:30.819,000] <dbg> mbedtls: zephyr_mbedtls_debug: WEST_TOPDIR/modules/crypto/mbedtls/library/ssl_msg.c:1993: 0da0:  00 00 00 00 00 00 00 00 00 00 08 0c 42 00 00 00  ............B...
[00:01:30.819,000] <dbg> mbedtls: zephyr_mbedtls_debug: WEST_TOPDIR/modules/crypto/mbedtls/library/ssl_msg.c:1993: 0db0:  00 00 00 00 00 00 00 00 00 00 00 00 00 00 00 00  ................
[00:01:30.820,000] <dbg> mbedtls: zephyr_mbedtls_debug: WEST_TOPDIR/modules/crypto/mbedtls/library/ssl_msg.c:1993: 0dc0:  00 00 00 00 00 00 00 00 00 00 00 00 00 00 00 00  ................
[00:01:30.821,000] <dbg> mbedtls: zephyr_mbedtls_debug: WEST_TOPDIR/modules/crypto/mbedtls/library/ssl_msg.c:1993: 0dd0:  00 00 00 00 00 00 00 00 00 00 00 00 00 00 00 00  ................
[00:01:30.821,000] <dbg> mbedtls: zephyr_mbedtls_debug: WEST_TOPDIR/modules/crypto/mbedtls/library/ssl_msg.c:1993: 0de0:  00 00 00 00 00 00 00 00 00 00 00 00 00 00 00 00  ................
[00:01:30.822,000] <dbg> mbedtls: zephyr_mbedtls_debug: WEST_TOPDIR/modules/crypto/mbedtls/library/ssl_msg.c:1993: 0df0:  00 00 00 00 00 00 00 00 00 00 00 00 00 00 00 00  ................
[00:01:30.822,000] <dbg> mbedtls: zephyr_mbedtls_debug: WEST_TOPDIR/modules/crypto/mbedtls/library/ssl_msg.c:1993: 0e00:  00 00 00 00 00 00 00 00 00 00 00 00 00 00 00 00  ................
[00:01:30.823,000] <dbg> mbedtls: zephyr_mbedtls_debug: WEST_TOPDIR/modules/crypto/mbedtls/library/ssl_msg.c:1993: 0e10:  00 00 00 00 00 68 27 00 20 8c 00 00 00 00 00 04  .....h'. .......
[00:01:30.824,000] <dbg> mbedtls: zephyr_mbedtls_debug: WEST_TOPDIR/modules/crypto/mbedtls/library/ssl_msg.c:1993: 0e20:  00 00 14 0d 42 04 00 00 00 00 00 00 00 00 00 00  ....B...........
[00:01:30.824,000] <dbg> mbedtls: zephyr_mbedtls_debug: WEST_TOPDIR/modules/crypto/mbedtls/library/ssl_msg.c:1993: 0e30:  00 00 00 00 00 01 00 00 00 00 00 00 00 00 00 00  ................
[00:01:30.825,000] <dbg> mbedtls: zephyr_mbedtls_debug: WEST_TOPDIR/modules/crypto/mbedtls/library/ssl_msg.c:1993: 0e40:  00 00 00 00 00 00 00 00 00 00 00 00 00 00 00 00  ................
[00:01:30.826,000] <dbg> mbedtls: zephyr_mbedtls_debug: WEST_TOPDIR/modules/crypto/mbedtls/library/ssl_msg.c:1993: 0e50:  00 00 00 00 00 00 00 00 00 00 00 00 00 00 00 00  ................
[00:01:30.826,000] <dbg> mbedtls: zephyr_mbedtls_debug: WEST_TOPDIR/modules/crypto/mbedtls/library/ssl_msg.c:1993: 0e60:  00 00 00 00 00 00 00 00 00 00 00 00 00 00 00 00  ................
[00:01:30.827,000] <dbg> mbedtls: zephyr_mbedtls_debug: WEST_TOPDIR/modules/crypto/mbedtls/library/ssl_msg.c:1993: 0e70:  00 00 00 00 00 00 00 00 00 00 00 00 00 00 00 00  ................
[00:01:30.828,000] <dbg> mbedtls: zephyr_mbedtls_debug: WEST_TOPDIR/modules/crypto/mbedtls/library/ssl_msg.c:1993: 0e80:  00 00 00 00 00 00 00 00 00 00 00 00 00 00 00 00  ................
[00:01:30.828,000] <dbg> mbedtls: zephyr_mbedtls_debug: WEST_TOPDIR/modules/crypto/mbedtls/library/ssl_msg.c:1993: 0e90:  00 00 00 00 00 00 00 00 00 00 00 00 00 00 00 00  ................
[00:01:30.829,000] <dbg> mbedtls: zephyr_mbedtls_debug: WEST_TOPDIR/modules/crypto/mbedtls/library/ssl_msg.c:1993: 0ea0:  00 00 00 00 00 00 00 00 00 00 00 00 00 00 00 00  ................
[00:01:30.830,000] <dbg> mbedtls: zephyr_mbedtls_debug: WEST_TOPDIR/modules/crypto/mbedtls/library/ssl_msg.c:1993: 0eb0:  00 00 00 00 00 00 00 00 00 00 00 00 00 00 01 00  ................
[00:01:30.830,000] <dbg> mbedtls: zephyr_mbedtls_debug: WEST_TOPDIR/modules/crypto/mbedtls/library/ssl_msg.c:1993: 0ec0:  00 00 00 00 00 ff 00 00 00 00 02 00 00 00 00 00  ................
[00:01:30.831,000] <dbg> mbedtls: zephyr_mbedtls_debug: WEST_TOPDIR/modules/crypto/mbedtls/library/ssl_msg.c:1993: 0ed0:  00 00 00 00 00 00 20 02 40 00 00 00 00 00 00 00  ...... .@.......
[00:01:30.832,000] <dbg> mbedtls: zephyr_mbedtls_debug: WEST_TOPDIR/modules/crypto/mbedtls/library/ssl_msg.c:1993: 0ee0:  00 00 00 00 00 00 00 00 00 00 00 00 00 00 00 00  ................
[00:01:30.832,000] <dbg> mbedtls: zephyr_mbedtls_debug: WEST_TOPDIR/modules/crypto/mbedtls/library/ssl_msg.c:1993: 0ef0:  00 c0 12 00 00 00 01 03 00 00 c2 01 00 00 01 03  ................
[00:01:30.833,000] <dbg> mbedtls: zephyr_mbedtls_debug: WEST_TOPDIR/modules/crypto/mbedtls/library/ssl_msg.c:1993: 0f00:  00 00 c2 01 00 00 01 03 00 00 00 00 00 00 00 00  ................
[00:01:30.834,000] <dbg> mbedtls: zephyr_mbedtls_debug: WEST_TOPDIR/modules/crypto/mbedtls/library/ssl_msg.c:1993: 0f10:  00 24 e2 0c 02 02 00 00 00 68 28 00 20 68 28 00  .$.......h(. h(.
[00:01:30.834,000] <dbg> mbedtls: zephyr_mbedtls_debug: WEST_TOPDIR/modules/crypto/mbedtls/library/ssl_msg.c:1993: 0f20:  20 00 00 00 00 01 00 00 00 78 28 00 20 78 28 00   ........x(. x(.
[00:01:30.835,000] <dbg> mbedtls: zephyr_mbedtls_debug: WEST_TOPDIR/modules/crypto/mbedtls/library/ssl_msg.c:1993: 0f30:  20 80 28 00 20 80 28 00 20 00 00 00 00 01 00 00   .(. .(. .......
[00:01:30.836,000] <dbg> mbedtls: zephyr_mbedtls_debug: WEST_TOPDIR/modules/crypto/mbedtls/library/ssl_msg.c:1993: 0f40:  00 90 28 00 20 90 28 00 20 00 00 00 00 00 00 00  ..(. .(. .......
[00:01:30.836,000] <dbg> mbedtls: zephyr_mbedtls_debug: WEST_TOPDIR/modules/crypto/mbedtls/library/ssl_msg.c:1993: 0f50:  00 00 00 00 00 00 00 00 00 00 00 00 00 00 00 00  ................
[00:01:30.837,000] <dbg> mbedtls: zephyr_mbedtls_debug: WEST_TOPDIR/modules/crypto/mbedtls/library/ssl_msg.c:1993: 0f60:  00 00 00 00 00 00 00 00 00 00 00 00 00 00 00 00  ................
[00:01:30.838,000] <dbg> mbedtls: zephyr_mbedtls_debug: WEST_TOPDIR/modules/crypto/mbedtls/library/ssl_msg.c:1993: 0f70:  00 00 00 00 00 00 00 00 00 8c e2 0c 02 02 00 00  ................
[00:01:30.838,000] <dbg> mbedtls: zephyr_mbedtls_debug: WEST_TOPDIR/modules/crypto/mbedtls/library/ssl_msg.c:1993: 0f80:  00 d0 28 00 20 d0 28 00 20 00 00 00 00 01 00 00  ..(. .(. .......
[00:01:30.839,000] <dbg> mbedtls: zephyr_mbedtls_debug: WEST_TOPDIR/modules/crypto/mbedtls/library/ssl_msg.c:1993: 0f90:  00 e0 28 00 20 e0 28 00 20 e8 28 00 20 e8 28 00  ..(. .(. .(. .(.
[00:01:30.840,000] <dbg> mbedtls: zephyr_mbedtls_debug: WEST_TOPDIR/modules/crypto/mbedtls/library/ssl_msg.c:1993: 0fa0:  20 00 00 00 00 01 00 00 00 f8 28 00 20 f8 28 00   .........(. .(.
[00:01:30.840,000] <dbg> mbedtls: zephyr_mbedtls_debug: WEST_TOPDIR/modules/crypto/mbedtls/library/ssl_msg.c:1993: 0fb0:  20 00 00 00 00 00 00 00 00 00 00 00 00 00 00 00   ...............
[00:01:30.841,000] <dbg> mbedtls: zephyr_mbedtls_debug: WEST_TOPDIR/modules/crypto/mbedtls/library/ssl_msg.c:1993: 0fc0:  00 00 00 00 00 00 00 00 00 00 00 00 00 00 00 00  ................
[00:01:30.842,000] <dbg> mbedtls: zephyr_mbedtls_debug: WEST_TOPDIR/modules/crypto/mbedtls/library/ssl_msg.c:1993: 0fe0:  02 f1 1a 02 02 2d 1b 02 02 38 29 00 20 38 29 00  .....-...8). 8).
[00:01:30.843,000] <dbg> mbedtls: zephyr_mbedtls_debug: WEST_TOPDIR/modules/crypto/mbedtls/library/ssl_msg.c:1993: 0ff0:  20 40 29 00 20 40 29 00 20 f8 15 00 20 55 7c 08   @). @). ... U|.
[00:01:30.867,000] <dbg> mbedtls: zephyr_mbedtls_debug: WEST_TOPDIR/modules/crypto/mbedtls/library/ssl_msg.c:2065: dumping 'expected mac' (32 bytes)
[00:01:30.868,000] <dbg> mbedtls: zephyr_mbedtls_debug: WEST_TOPDIR/modules/crypto/mbedtls/library/ssl_msg.c:2065: 0000:  5d 25 57 dc 6e 5f ae af a2 4a fc 85 cd c1 ee 8d  ]%W.n_...J......
[00:01:30.869,000] <dbg> mbedtls: zephyr_mbedtls_debug: WEST_TOPDIR/modules/crypto/mbedtls/library/ssl_msg.c:2065: 0010:  9b 44 32 8b 99 ba 45 d8 9e cf c1 5a 47 bc 5f f1  .D2...E....ZG._.
[00:01:30.869,000] <dbg> mbedtls: zephyr_mbedtls_debug: WEST_TOPDIR/modules/crypto/mbedtls/library/ssl_msg.c:2066: dumping 'message  mac' (32 bytes)
[00:01:30.870,000] <dbg> mbedtls: zephyr_mbedtls_debug: WEST_TOPDIR/modules/crypto/mbedtls/library/ssl_msg.c:2066: 0000:  5d 25 57 dc 6e 5f ae af a2 4a fc 85 cd c1 ee 8d  ]%W.n_...J......
[00:01:30.870,000] <dbg> mbedtls: zephyr_mbedtls_debug: WEST_TOPDIR/modules/crypto/mbedtls/library/ssl_msg.c:2066: 0010:  9b 44 32 8b 99 ba 45 d8 9e cf c1 5a 47 bc 5f f1  .D2...E....ZG._.
[00:01:30.870,000] <wrn> mbedtls: WEST_TOPDIR/modules/crypto/mbedtls/library/ssl_msg.c:2122: <= decrypt buf
[00:01:30.871,000] <dbg> mbedtls: zephyr_mbedtls_debug: WEST_TOPDIR/modules/crypto/mbedtls/library/ssl_msg.c:4162: dumping 'input payload after decrypt' (6713 bytes)
[00:01:30.871,000] <dbg> mbedtls: zephyr_mbedtls_debug: WEST_TOPDIR/modules/crypto/mbedtls/library/ssl_msg.c:4162: 0000:  00 00 00 00 00 d0 04 0c 02 22 03 00 00 00 00 00  ........."......
[00:01:30.872,000] <dbg> mbedtls: zephyr_mbedtls_debug: WEST_TOPDIR/modules/crypto/mbedtls/library/ssl_msg.c:4162: 0010:  00 00 00 00 00 00 03 03 00 00 00 00 00 00 00 00  ................
[00:01:30.873,000] <dbg> mbedtls: zephyr_mbedtls_debug: WEST_TOPDIR/modules/crypto/mbedtls/library/ssl_msg.c:4162: 0020:  00 00 03 00 00 00 00 00 00 00 00 00 00 00 02 01  ................
[00:01:30.873,000] <dbg> mbedtls: zephyr_mbedtls_debug: WEST_TOPDIR/modules/crypto/mbedtls/library/ssl_msg.c:4162: 0030:  00 00 00 00 00 e4 04 0c 02 2e 03 00 00 00 00 00  ................
[00:01:30.874,000] <dbg> mbedtls: zephyr_mbedtls_debug: WEST_TOPDIR/modules/crypto/mbedtls/library/ssl_msg.c:4162: 0040:  00 00 00 00 00 00 01 01 00 00 00 00 00 fc 04 0c  ................
[00:01:30.875,000] <dbg> mbedtls: zephyr_mbedtls_debug: WEST_TOPDIR/modules/crypto/mbedtls/library/ssl_msg.c:4162: 0050:  02 1e 03 00 00 00 00 00 00 00 00 00 00 00 00 00  ................
[00:01:30.875,000] <dbg> mbedtls: zephyr_mbedtls_debug: WEST_TOPDIR/modules/crypto/mbedtls/library/ssl_msg.c:4162: 0060:  00 00 00 00 00 5c 9b 0d 02 04 03 00 00 12 01 00  .....\..........
[00:01:30.876,000] <dbg> mbedtls: zephyr_mbedtls_debug: WEST_TOPDIR/modules/crypto/mbedtls/library/ssl_msg.c:4162: 0070:  02 ef 02 01 40 e3 2f 04 00 03 04 00 00 00 00 00  ....@./.........
[00:01:30.877,000] <dbg> mbedtls: zephyr_mbedtls_debug: WEST_TOPDIR/modules/crypto/mbedtls/library/ssl_msg.c:4162: 0080:  00 12 01 00 02 ef 02 01 40 e3 2f 04 00 03 04 00  ........@./.....
[00:01:30.877,000] <dbg> mbedtls: zephyr_mbedtls_debug: WEST_TOPDIR/modules/crypto/mbedtls/library/ssl_msg.c:4162: 0090:  00 00 00 00 00 00 00 00 00 00 00 00 00 8c 05 0c  ................
[00:01:30.878,000] <dbg> mbedtls: zephyr_mbedtls_debug: WEST_TOPDIR/modules/crypto/mbedtls/library/ssl_msg.c:4162: 00a0:  02 20 00 00 00 00 00 00 00 00 00 00 00 01 00 00  . ..............
[00:01:30.879,000] <dbg> mbedtls: zephyr_mbedtls_debug: WEST_TOPDIR/modules/crypto/mbedtls/library/ssl_msg.c:4162: 00b0:  00 e0 2c 00 20 04 1a 00 20 04 1a 00 20 00 00 00  ..,. ... ... ...
[00:01:30.879,000] <dbg> mbedtls: zephyr_mbedtls_debug: WEST_TOPDIR/modules/crypto/mbedtls/library/ssl_msg.c:4162: 00c0:  00 60 13 0c 02 90 70 01 20 00 00 00 00 cd 19 02  .`....p. .......
[00:01:30.880,000] <dbg> mbedtls: zephyr_mbedtls_debug: WEST_TOPDIR/modules/crypto/mbedtls/library/ssl_msg.c:4162: 00d0:  02 00 00 00 00 00 00 00 00 28 1a 00 20 28 1a 00  .........(.. (..
[00:01:30.881,000] <dbg> mbedtls: zephyr_mbedtls_debug: WEST_TOPDIR/modules/crypto/mbedtls/library/ssl_msg.c:4162: 00e0:  20 00 00 00 00 00 00 00 00 0e 00 00 00 01 00 00   ...............
[00:01:30.881,000] <dbg> mbedtls: zephyr_mbedtls_debug: WEST_TOPDIR/modules/crypto/mbedtls/library/ssl_msg.c:4162: 00f0:  00 01 00 00 00 00 00 00 00 00 00 00 00 00 00 00  ................
[00:01:30.882,000] <dbg> mbedtls: zephyr_mbedtls_debug: WEST_TOPDIR/modules/crypto/mbedtls/library/ssl_msg.c:4162: 0100:  00 40 5f 0d 02 01 00 00 00 01 00 00 00 5c 1a 00  .@_..........\..
[00:01:30.883,000] <dbg> mbedtls: zephyr_mbedtls_debug: WEST_TOPDIR/modules/crypto/mbedtls/library/ssl_msg.c:4162: 0110:  20 5c 1a 00 20 64 1a 00 20 64 1a 00 20 6c 1a 00   \.. d.. d.. l..
[00:01:30.883,000] <dbg> mbedtls: zephyr_mbedtls_debug: WEST_TOPDIR/modules/crypto/mbedtls/library/ssl_msg.c:4162: 0120:  20 6c 1a 00 20 0a 00 00 00 01 00 00 00 94 04 02   l.. ...........
[00:01:30.884,000] <dbg> mbedtls: zephyr_mbedtls_debug: WEST_TOPDIR/modules/crypto/mbedtls/library/ssl_msg.c:4162: 0130:  20 00 00 00 00 84 1a 00 20 84 1a 00 20 90 1a 00   ....... ... ...
[00:01:30.885,000] <dbg> mbedtls: zephyr_mbedtls_debug: WEST_TOPDIR/modules/crypto/mbedtls/library/ssl_msg.c:4162: 0140:  20 00 00 00 00 00 00 00 00 01 00 00 00 9c b3 0b   ...............
[00:01:30.885,000] <dbg> mbedtls: zephyr_mbedtls_debug: WEST_TOPDIR/modules/crypto/mbedtls/library/ssl_msg.c:4162: 0150:  02 b4 1a 00 20 00 00 00 00 00 00 00 00 00 00 00  .... ...........
[00:01:30.886,000] <dbg> mbedtls: zephyr_mbedtls_debug: WEST_TOPDIR/modules/crypto/mbedtls/library/ssl_msg.c:4162: 0160:  00 04 00 00 00 00 00 00 00 00 00 00 00 00 00 00  ................
[00:01:30.887,000] <dbg> mbedtls: zephyr_mbedtls_debug: WEST_TOPDIR/modules/crypto/mbedtls/library/ssl_msg.c:4162: 0170:  00 00 00 00 00 00 00 00 00 00 01 00 00 00 01 00  ................
[00:01:30.887,000] <dbg> mbedtls: zephyr_mbedtls_debug: WEST_TOPDIR/modules/crypto/mbedtls/library/ssl_msg.c:4162: 0180:  00 00 00 00 00 00 00 00 00 00 04 00 00 00 08 00  ................
[00:01:30.888,000] <dbg> mbedtls: zephyr_mbedtls_debug: WEST_TOPDIR/modules/crypto/mbedtls/library/ssl_msg.c:4162: 0190:  00 00 01 00 00 00 00 00 00 a8 0d 02 20 a8 05 02  ............ ...
[00:01:30.889,000] <dbg> mbedtls: zephyr_mbedtls_debug: WEST_TOPDIR/modules/crypto/mbedtls/library/ssl_msg.c:4162: 01a0:  20 a8 04 02 20 00 00 00 00 00 00 00 00 00 00 00   ... ...........
[00:01:30.889,000] <dbg> mbedtls: zephyr_mbedtls_debug: WEST_TOPDIR/modules/crypto/mbedtls/library/ssl_msg.c:4162: 01b0:  00 00 00 00 00 00 00 00 00 00 00 00 00 00 00 00  ................
[00:01:30.890,000] <dbg> mbedtls: zephyr_mbedtls_debug: WEST_TOPDIR/modules/crypto/mbedtls/library/ssl_msg.c:4162: 01c0:  00 00 00 00 00 00 00 00 00 00 00 00 00 00 00 00  ................
[00:01:30.891,000] <dbg> mbedtls: zephyr_mbedtls_debug: WEST_TOPDIR/modules/crypto/mbedtls/library/ssl_msg.c:4162: 01d0:  00 00 00 00 00 00 00 00 00 00 00 00 00 00 00 00  ................
[00:01:30.891,000] <dbg> mbedtls: zephyr_mbedtls_debug: WEST_TOPDIR/modules/crypto/mbedtls/library/ssl_msg.c:4162: 01e0:  00 00 00 00 00 00 00 00 00 00 00 00 00 00 00 00  ................
[00:01:30.892,000] <dbg> mbedtls: zephyr_mbedtls_debug: WEST_TOPDIR/modules/crypto/mbedtls/library/ssl_msg.c:4162: 01f0:  00 00 00 00 00 00 00 00 00 00 00 00 00 00 00 00  ................
[00:01:30.893,000] <dbg> mbedtls: zephyr_mbedtls_debug: WEST_TOPDIR/modules/crypto/mbedtls/library/ssl_msg.c:4162: 0200:  00 00 00 00 00 00 00 00 00 00 00 00 00 00 00 00  ................
[00:01:30.893,000] <dbg> mbedtls: zephyr_mbedtls_debug: WEST_TOPDIR/modules/crypto/mbedtls/library/ssl_msg.c:4162: 0210:  00 00 00 00 00 00 00 00 00 00 00 00 00 00 00 00  ................
[00:01:30.894,000] <dbg> mbedtls: zephyr_mbedtls_debug: WEST_TOPDIR/modules/crypto/mbedtls/library/ssl_msg.c:4162: 0220:  00 00 00 00 00 00 00 00 00 00 00 00 00 00 00 00  ................
[00:01:30.895,000] <dbg> mbedtls: zephyr_mbedtls_debug: WEST_TOPDIR/modules/crypto/mbedtls/library/ssl_msg.c:4162: 0230:  00 00 00 00 00 00 00 00 00 00 00 00 00 00 00 00  ................
[00:01:30.895,000] <dbg> mbedtls: zephyr_mbedtls_debug: WEST_TOPDIR/modules/crypto/mbedtls/library/ssl_msg.c:4162: 0240:  00 00 00 00 00 00 00 00 00 00 00 00 00 00 00 00  ................
[00:01:30.896,000] <dbg> mbedtls: zephyr_mbedtls_debug: WEST_TOPDIR/modules/crypto/mbedtls/library/ssl_msg.c:4162: 0250:  00 00 00 00 00 00 00 00 00 00 00 00 00 00 00 00  ................
[00:01:30.897,000] <dbg> mbedtls: zephyr_mbedtls_debug: WEST_TOPDIR/modules/crypto/mbedtls/library/ssl_msg.c:4162: 0260:  00 00 00 00 00 00 00 00 00 00 00 00 00 00 00 00  ................
[00:01:30.897,000] <dbg> mbedtls: zephyr_mbedtls_debug: WEST_TOPDIR/modules/crypto/mbedtls/library/ssl_msg.c:4162: 0270:  00 00 00 00 00 00 00 00 00 00 00 00 00 00 00 00  ................
[00:01:30.898,000] <dbg> mbedtls: zephyr_mbedtls_debug: WEST_TOPDIR/modules/crypto/mbedtls/library/ssl_msg.c:4162: 0280:  00 00 00 00 00 00 00 00 00 00 00 00 00 10 00 00  ................
[00:01:30.898,000] <dbg> mbedtls: zephyr_mbedtls_debug: WEST_TOPDIR/modules/crypto/mbedtls/library/ssl_msg.c:4162: 0290:  00 10 00 00 00 00 00 00 00 00 00 00 00 00 00 00  ................
[00:01:30.899,000] <dbg> mbedtls: zephyr_mbedtls_debug: WEST_TOPDIR/modules/crypto/mbedtls/library/ssl_msg.c:4162: 02a0:  00 40 00 00 00 20 00 00 00 00 00 00 00 08 16 02  .@... ..........
[00:01:30.900,000] <dbg> mbedtls: zephyr_mbedtls_debug: WEST_TOPDIR/modules/crypto/mbedtls/library/ssl_msg.c:4162: 02b0:  20 c8 15 02 20 a8 15 02 20 00 00 00 00 00 00 00   ... ... .......
[00:01:30.900,000] <dbg> mbedtls: zephyr_mbedtls_debug: WEST_TOPDIR/modules/crypto/mbedtls/library/ssl_msg.c:4162: 02c0:  00 00 00 00 00 00 00 00 00 00 00 00 00 00 00 00  ................
[00:01:30.901,000] <dbg> mbedtls: zephyr_mbedtls_debug: WEST_TOPDIR/modules/crypto/mbedtls/library/ssl_msg.c:4162: 02d0:  00 00 00 00 00 00 00 00 00 00 00 00 00 00 00 00  ................
[00:01:30.902,000] <dbg> mbedtls: zephyr_mbedtls_debug: WEST_TOPDIR/modules/crypto/mbedtls/library/ssl_msg.c:4162: 02e0:  00 00 00 00 00 00 00 00 00 00 00 00 00 00 00 00  ................
[00:01:30.902,000] <dbg> mbedtls: zephyr_mbedtls_debug: WEST_TOPDIR/modules/crypto/mbedtls/library/ssl_msg.c:4162: 02f0:  00 00 00 00 00 00 00 00 00 00 00 00 00 00 00 00  ................
[00:01:30.903,000] <dbg> mbedtls: zephyr_mbedtls_debug: WEST_TOPDIR/modules/crypto/mbedtls/library/ssl_msg.c:4162: 0300:  00 00 00 00 00 00 00 00 00 00 00 00 00 00 00 00  ................
[00:01:30.904,000] <dbg> mbedtls: zephyr_mbedtls_debug: WEST_TOPDIR/modules/crypto/mbedtls/library/ssl_msg.c:4162: 0310:  00 00 00 00 00 00 00 00 00 00 00 00 00 00 00 00  ................
[00:01:30.904,000] <dbg> mbedtls: zephyr_mbedtls_debug: WEST_TOPDIR/modules/crypto/mbedtls/library/ssl_msg.c:4162: 0320:  00 00 00 00 00 00 00 00 00 00 00 00 00 00 00 00  ................
[00:01:30.905,000] <dbg> mbedtls: zephyr_mbedtls_debug: WEST_TOPDIR/modules/crypto/mbedtls/library/ssl_msg.c:4162: 0330:  00 00 00 00 00 00 00 00 00 00 00 00 00 00 00 00  ................
[00:01:30.906,000] <dbg> mbedtls: zephyr_mbedtls_debug: WEST_TOPDIR/modules/crypto/mbedtls/library/ssl_msg.c:4162: 0340:  00 00 00 00 00 00 00 00 00 00 00 00 00 00 00 00  ................
[00:01:30.906,000] <dbg> mbedtls: zephyr_mbedtls_debug: WEST_TOPDIR/modules/crypto/mbedtls/library/ssl_msg.c:4162: 0350:  00 00 00 00 00 00 00 00 00 00 00 00 00 00 00 00  ................
[00:01:30.907,000] <dbg> mbedtls: zephyr_mbedtls_debug: WEST_TOPDIR/modules/crypto/mbedtls/library/ssl_msg.c:4162: 0360:  00 00 00 00 00 00 00 00 00 00 00 00 00 00 00 00  ................
[00:01:30.908,000] <dbg> mbedtls: zephyr_mbedtls_debug: WEST_TOPDIR/modules/crypto/mbedtls/library/ssl_msg.c:4162: 0370:  00 00 00 00 00 00 00 00 00 00 00 00 00 00 00 00  ................
[00:01:30.908,000] <dbg> mbedtls: zephyr_mbedtls_debug: WEST_TOPDIR/modules/crypto/mbedtls/library/ssl_msg.c:4162: 0380:  00 00 00 00 00 00 00 00 00 00 00 00 00 68 e4 05  .............h..
[00:01:30.909,000] <dbg> mbedtls: zephyr_mbedtls_debug: WEST_TOPDIR/modules/crypto/mbedtls/library/ssl_msg.c:4162: 0390:  20 00 00 00 00 00 00 00 00 00 00 00 00 00 04 00   ...............
[00:01:30.910,000] <dbg> mbedtls: zephyr_mbedtls_debug: WEST_TOPDIR/modules/crypto/mbedtls/library/ssl_msg.c:4162: 03a0:  00 68 e8 05 20 00 00 00 00 00 00 00 00 00 00 00  .h.. ...........
[00:01:30.910,000] <dbg> mbedtls: zephyr_mbedtls_debug: WEST_TOPDIR/modules/crypto/mbedtls/library/ssl_msg.c:4162: 03b0:  00 00 04 00 00 00 00 00 00 00 00 00 00 00 05 01  ................
[00:01:30.911,000] <dbg> mbedtls: zephyr_mbedtls_debug: WEST_TOPDIR/modules/crypto/mbedtls/library/ssl_msg.c:4162: 03c0:  00 00 00 00 00 04 38 0c 02 1a 03 00 00 ac 37 0c  ......8.......7.
[00:01:30.912,000] <dbg> mbedtls: zephyr_mbedtls_debug: WEST_TOPDIR/modules/crypto/mbedtls/library/ssl_msg.c:4162: 03d0:  02 00 00 00 00 ec 1e 00 20 00 00 00 00 64 99 0b  ........ ....d..
[00:01:30.912,000] <dbg> mbedtls: zephyr_mbedtls_debug: WEST_TOPDIR/modules/crypto/mbedtls/library/ssl_msg.c:4162: 03e0:  02 88 1d 00 20 90 1d 00 20 99 1d 00 20 9e 1d 00  .... ... ... ...
[00:01:30.913,000] <dbg> mbedtls: zephyr_mbedtls_debug: WEST_TOPDIR/modules/crypto/mbedtls/library/ssl_msg.c:4162: 03f0:  20 a3 1d 00 20 a7 1d 00 20 ca 1d 00 20 b3 1d 00   ... ... ... ...
[00:01:30.914,000] <dbg> mbedtls: zephyr_mbedtls_debug: WEST_TOPDIR/modules/crypto/mbedtls/library/ssl_msg.c:4162: 0400:  20 d1 1d 00 20 d8 1d 00 20 df 1d 00 20 88 1d 00   ... ... ... ...
[00:01:30.914,000] <dbg> mbedtls: zephyr_mbedtls_debug: WEST_TOPDIR/modules/crypto/mbedtls/library/ssl_msg.c:4162: 0410:  20 90 1d 00 20 99 1d 00 20 9e 1d 00 20 a3 1d 00   ... ... ... ...
[00:01:30.915,000] <dbg> mbedtls: zephyr_mbedtls_debug: WEST_TOPDIR/modules/crypto/mbedtls/library/ssl_msg.c:4162: 0420:  20 a7 1d 00 20 ac 1d 00 20 b3 1d 00 20 bc 1d 00   ... ... ... ...
[00:01:30.916,000] <dbg> mbedtls: zephyr_mbedtls_debug: WEST_TOPDIR/modules/crypto/mbedtls/library/ssl_msg.c:4162: 0430:  20 c3 1d 00 20 df 1d 00 20 08 0b 00 02 02 02 00   ... ... .......
[00:01:30.916,000] <dbg> mbedtls: zephyr_mbedtls_debug: WEST_TOPDIR/modules/crypto/mbedtls/library/ssl_msg.c:4162: 0440:  00 09 04 00 00 01 02 02 00 00 05 24 00 10 01 05  ...........$....
[00:01:30.917,000] <dbg> mbedtls: zephyr_mbedtls_debug: WEST_TOPDIR/modules/crypto/mbedtls/library/ssl_msg.c:4162: 0450:  24 01 00 01 04 24 02 02 05 24 06 00 01 07 05 81  $....$...$......
[00:01:30.918,000] <dbg> mbedtls: zephyr_mbedtls_debug: WEST_TOPDIR/modules/crypto/mbedtls/library/ssl_msg.c:4162: 0460:  03 10 00 0a 09 04 01 00 02 0a 00 00 00 07 05 82  ................
[00:01:30.918,000] <dbg> mbedtls: zephyr_mbedtls_debug: WEST_TOPDIR/modules/crypto/mbedtls/library/ssl_msg.c:4162: 0470:  02 40 00 00 07 05 01 02 40 00 00 07 05 81 03 10  .@......@.......
[00:01:30.919,000] <dbg> mbedtls: zephyr_mbedtls_debug: WEST_TOPDIR/modules/crypto/mbedtls/library/ssl_msg.c:4162: 0480:  00 07 07 05 82 02 00 02 00 07 05 01 02 00 02 00  ................
[00:01:30.920,000] <dbg> mbedtls: zephyr_mbedtls_debug: WEST_TOPDIR/modules/crypto/mbedtls/library/ssl_msg.c:4162: 0490:  00 00 00 00 00 68 ec 05 20 00 00 00 00 00 00 00  .....h.. .......
[00:01:30.920,000] <dbg> mbedtls: zephyr_mbedtls_debug: WEST_TOPDIR/modules/crypto/mbedtls/library/ssl_msg.c:4162: 04a0:  00 00 00 00 00 00 04 00 00 68 f0 05 20 00 00 00  .........h.. ...
[00:01:30.921,000] <dbg> mbedtls: zephyr_mbedtls_debug: WEST_TOPDIR/modules/crypto/mbedtls/library/ssl_msg.c:4162: 04b0:  00 00 00 00 00 00 00 00 00 00 04 00 00 00 00 00  ................
[00:01:30.922,000] <dbg> mbedtls: zephyr_mbedtls_debug: WEST_TOPDIR/modules/crypto/mbedtls/library/ssl_msg.c:4162: 04c0:  00 00 00 00 00 00 05 01 00 00 00 00 00 34 38 0c  .............48.
[00:01:30.922,000] <dbg> mbedtls: zephyr_mbedtls_debug: WEST_TOPDIR/modules/crypto/mbedtls/library/ssl_msg.c:4162: 04d0:  02 32 03 00 00 dc 03 0c 02 00 00 00 00 ec 1e 00  .2..............
[00:01:30.923,000] <dbg> mbedtls: zephyr_mbedtls_debug: WEST_TOPDIR/modules/crypto/mbedtls/library/ssl_msg.c:4162: 04e0:  20 00 00 00 00 88 99 0b 02 90 1e 00 20 98 1e 00   ........... ...
[00:01:30.924,000] <dbg> mbedtls: zephyr_mbedtls_debug: WEST_TOPDIR/modules/crypto/mbedtls/library/ssl_msg.c:4162: 04f0:  20 a1 1e 00 20 a6 1e 00 20 ab 1e 00 20 af 1e 00   ... ... ... ...
[00:01:30.924,000] <dbg> mbedtls: zephyr_mbedtls_debug: WEST_TOPDIR/modules/crypto/mbedtls/library/ssl_msg.c:4162: 0500:  20 d2 1e 00 20 bb 1e 00 20 d9 1e 00 20 e0 1e 00   ... ... ... ...
[00:01:30.925,000] <dbg> mbedtls: zephyr_mbedtls_debug: WEST_TOPDIR/modules/crypto/mbedtls/library/ssl_msg.c:4162: 0510:  20 e7 1e 00 20 90 1e 00 20 98 1e 00 20 a1 1e 00   ... ... ... ...
[00:01:30.926,000] <dbg> mbedtls: zephyr_mbedtls_debug: WEST_TOPDIR/modules/crypto/mbedtls/library/ssl_msg.c:4162: 0520:  20 a6 1e 00 20 ab 1e 00 20 af 1e 00 20 b4 1e 00   ... ... ... ...
[00:01:30.926,000] <dbg> mbedtls: zephyr_mbedtls_debug: WEST_TOPDIR/modules/crypto/mbedtls/library/ssl_msg.c:4162: 0530:  20 bb 1e 00 20 c4 1e 00 20 cb 1e 00 20 e7 1e 00   ... ... ... ...
[00:01:30.927,000] <dbg> mbedtls: zephyr_mbedtls_debug: WEST_TOPDIR/modules/crypto/mbedtls/library/ssl_msg.c:4162: 0540:  20 08 0b 00 02 02 02 00 00 09 04 00 00 01 02 02   ...............
[00:01:30.928,000] <dbg> mbedtls: zephyr_mbedtls_debug: WEST_TOPDIR/modules/crypto/mbedtls/library/ssl_msg.c:4162: 0550:  00 00 05 24 00 10 01 05 24 01 00 01 04 24 02 02  ...$....$....$..
[00:01:30.928,000] <dbg> mbedtls: zephyr_mbedtls_debug: WEST_TOPDIR/modules/crypto/mbedtls/library/ssl_msg.c:4162: 0560:  05 24 06 00 01 07 05 81 03 10 00 0a 09 04 01 00  .$..............
[00:01:30.929,000] <dbg> mbedtls: zephyr_mbedtls_debug: WEST_TOPDIR/modules/crypto/mbedtls/library/ssl_msg.c:4162: 0570:  02 0a 00 00 00 07 05 82 02 40 00 00 07 05 01 02  .........@......
[00:01:30.930,000] <dbg> mbedtls: zephyr_mbedtls_debug: WEST_TOPDIR/modules/crypto/mbedtls/library/ssl_msg.c:4162: 0580:  40 00 00 07 05 81 03 10 00 07 07 05 82 02 00 02  @...............
[00:01:30.930,000] <dbg> mbedtls: zephyr_mbedtls_debug: WEST_TOPDIR/modules/crypto/mbedtls/library/ssl_msg.c:4162: 0590:  00 07 05 01 02 00 02 00 00 00 00 00 00 00 00 00  ................
[00:01:30.931,000] <dbg> mbedtls: zephyr_mbedtls_debug: WEST_TOPDIR/modules/crypto/mbedtls/library/ssl_msg.c:4162: 05a0:  00 b1 75 02 02 31 7a 02 02 e1 76 02 02 71 7e 02  ..u..1z...v..q~.
[00:01:30.932,000] <dbg> mbedtls: zephyr_mbedtls_debug: WEST_TOPDIR/modules/crypto/mbedtls/library/ssl_msg.c:4162: 05b0:  02 99 77 02 02 81 77 02 02 00 00 00 00 99 79 02  ..w...w.......y.
[00:01:30.932,000] <dbg> mbedtls: zephyr_mbedtls_debug: WEST_TOPDIR/modules/crypto/mbedtls/library/ssl_msg.c:4162: 05c0:  02 59 77 02 02 f9 79 02 02 00 00 00 00 b5 75 02  .Yw...y.......u.
[00:01:30.933,000] <dbg> mbedtls: zephyr_mbedtls_debug: WEST_TOPDIR/modules/crypto/mbedtls/library/ssl_msg.c:4162: 05d0:  02 00 00 00 00 8d 96 03 02 00 00 00 00 00 00 00  ................
[00:01:30.934,000] <dbg> mbedtls: zephyr_mbedtls_debug: WEST_TOPDIR/modules/crypto/mbedtls/library/ssl_msg.c:4162: 05e0:  00 3c 1f 00 20 f5 f4 03 02 08 00 00 00 00 ff 58  .<.. ..........X
[00:01:30.934,000] <dbg> mbedtls: zephyr_mbedtls_debug: WEST_TOPDIR/modules/crypto/mbedtls/library/ssl_msg.c:4162: 05f0:  00 00 00 00 00 00 00 00 00 21 f2 03 02 00 00 00  .........!......
[00:01:30.935,000] <dbg> mbedtls: zephyr_mbedtls_debug: WEST_TOPDIR/modules/crypto/mbedtls/library/ssl_msg.c:4162: 0600:  00 00 00 00 00 00 00 00 00 00 00 00 00 00 00 00  ................
[00:01:30.936,000] <dbg> mbedtls: zephyr_mbedtls_debug: WEST_TOPDIR/modules/crypto/mbedtls/library/ssl_msg.c:4162: 0610:  00 00 00 00 00 00 00 00 00 00 00 00 00 00 00 00  ................
[00:01:30.936,000] <dbg> mbedtls: zephyr_mbedtls_debug: WEST_TOPDIR/modules/crypto/mbedtls/library/ssl_msg.c:4162: 0620:  00 00 00 00 00 00 00 00 00 00 00 00 00 00 00 00  ................
[00:01:30.937,000] <dbg> mbedtls: zephyr_mbedtls_debug: WEST_TOPDIR/modules/crypto/mbedtls/library/ssl_msg.c:4162: 0630:  00 00 00 00 00 00 00 00 00 00 00 00 00 00 00 00  ................
[00:01:30.938,000] <dbg> mbedtls: zephyr_mbedtls_debug: WEST_TOPDIR/modules/crypto/mbedtls/library/ssl_msg.c:4162: 0640:  00 00 00 00 00 00 00 00 00 00 00 00 00 00 00 00  ................
[00:01:30.938,000] <dbg> mbedtls: zephyr_mbedtls_debug: WEST_TOPDIR/modules/crypto/mbedtls/library/ssl_msg.c:4162: 0650:  00 00 00 00 00 00 ff 58 00 00 00 00 00 00 00 00  .......X........
[00:01:30.939,000] <dbg> mbedtls: zephyr_mbedtls_debug: WEST_TOPDIR/modules/crypto/mbedtls/library/ssl_msg.c:4162: 0660:  00 21 f2 03 02 00 00 00 00 00 00 00 00 00 00 00  .!..............
[00:01:30.940,000] <dbg> mbedtls: zephyr_mbedtls_debug: WEST_TOPDIR/modules/crypto/mbedtls/library/ssl_msg.c:4162: 0670:  00 00 00 00 00 00 00 00 00 00 00 00 00 00 00 00  ................
[00:01:30.940,000] <dbg> mbedtls: zephyr_mbedtls_debug: WEST_TOPDIR/modules/crypto/mbedtls/library/ssl_msg.c:4162: 0680:  00 00 00 00 00 00 00 00 00 00 00 00 00 00 00 00  ................
[00:01:30.941,000] <dbg> mbedtls: zephyr_mbedtls_debug: WEST_TOPDIR/modules/crypto/mbedtls/library/ssl_msg.c:4162: 0690:  00 00 00 00 00 00 00 00 00 00 00 00 00 00 00 00  ................
[00:01:30.942,000] <dbg> mbedtls: zephyr_mbedtls_debug: WEST_TOPDIR/modules/crypto/mbedtls/library/ssl_msg.c:4162: 06a0:  00 00 00 00 00 00 00 00 00 00 00 00 00 00 00 00  ................
[00:01:30.942,000] <dbg> mbedtls: zephyr_mbedtls_debug: WEST_TOPDIR/modules/crypto/mbedtls/library/ssl_msg.c:4162: 06b0:  00 00 00 00 00 00 00 00 00 00 00 00 00 00 ff 58  ...............X
[00:01:30.943,000] <dbg> mbedtls: zephyr_mbedtls_debug: WEST_TOPDIR/modules/crypto/mbedtls/library/ssl_msg.c:4162: 06c0:  00 00 00 00 00 00 00 00 00 21 f2 03 02 00 00 00  .........!......
[00:01:30.944,000] <dbg> mbedtls: zephyr_mbedtls_debug: WEST_TOPDIR/modules/crypto/mbedtls/library/ssl_msg.c:4162: 06d0:  00 00 00 00 00 00 00 00 00 00 00 00 00 00 00 00  ................
[00:01:30.944,000] <dbg> mbedtls: zephyr_mbedtls_debug: WEST_TOPDIR/modules/crypto/mbedtls/library/ssl_msg.c:4162: 06e0:  00 00 00 00 00 00 00 00 00 00 00 00 00 00 00 00  ................
[00:01:30.945,000] <dbg> mbedtls: zephyr_mbedtls_debug: WEST_TOPDIR/modules/crypto/mbedtls/library/ssl_msg.c:4162: 06f0:  00 00 00 00 00 00 00 00 00 00 00 00 00 00 00 00  ................
[00:01:30.946,000] <dbg> mbedtls: zephyr_mbedtls_debug: WEST_TOPDIR/modules/crypto/mbedtls/library/ssl_msg.c:4162: 0700:  00 00 00 00 00 00 00 00 00 00 00 00 00 00 00 00  ................
[00:01:30.946,000] <dbg> mbedtls: zephyr_mbedtls_debug: WEST_TOPDIR/modules/crypto/mbedtls/library/ssl_msg.c:4162: 0710:  00 00 00 00 00 00 00 00 00 00 00 00 00 00 00 00  ................
[00:01:30.947,000] <dbg> mbedtls: zephyr_mbedtls_debug: WEST_TOPDIR/modules/crypto/mbedtls/library/ssl_msg.c:4162: 0720:  00 00 00 00 00 00 ff 58 00 00 00 00 00 00 00 00  .......X........
[00:01:30.948,000] <dbg> mbedtls: zephyr_mbedtls_debug: WEST_TOPDIR/modules/crypto/mbedtls/library/ssl_msg.c:4162: 0730:  00 21 f2 03 02 00 00 00 00 00 00 00 00 00 00 00  .!..............
[00:01:30.948,000] <dbg> mbedtls: zephyr_mbedtls_debug: WEST_TOPDIR/modules/crypto/mbedtls/library/ssl_msg.c:4162: 0740:  00 00 00 00 00 00 00 00 00 00 00 00 00 00 00 00  ................
[00:01:30.949,000] <dbg> mbedtls: zephyr_mbedtls_debug: WEST_TOPDIR/modules/crypto/mbedtls/library/ssl_msg.c:4162: 0750:  00 00 00 00 00 00 00 00 00 00 00 00 00 00 00 00  ................
[00:01:30.950,000] <dbg> mbedtls: zephyr_mbedtls_debug: WEST_TOPDIR/modules/crypto/mbedtls/library/ssl_msg.c:4162: 0760:  00 00 00 00 00 00 00 00 00 00 00 00 00 00 00 00  ................
[00:01:30.950,000] <dbg> mbedtls: zephyr_mbedtls_debug: WEST_TOPDIR/modules/crypto/mbedtls/library/ssl_msg.c:4162: 0770:  00 00 00 00 00 00 00 00 00 00 00 00 00 00 00 00  ................
[00:01:30.951,000] <dbg> mbedtls: zephyr_mbedtls_debug: WEST_TOPDIR/modules/crypto/mbedtls/library/ssl_msg.c:4162: 0780:  00 00 00 00 00 00 00 00 00 00 00 00 00 00 ff 58  ...............X
[00:01:30.952,000] <dbg> mbedtls: zephyr_mbedtls_debug: WEST_TOPDIR/modules/crypto/mbedtls/library/ssl_msg.c:4162: 0790:  00 00 00 00 00 00 00 00 00 21 f2 03 02 00 00 00  .........!......
[00:01:30.952,000] <dbg> mbedtls: zephyr_mbedtls_debug: WEST_TOPDIR/modules/crypto/mbedtls/library/ssl_msg.c:4162: 07a0:  00 00 00 00 00 00 00 00 00 00 00 00 00 00 00 00  ................
[00:01:30.953,000] <dbg> mbedtls: zephyr_mbedtls_debug: WEST_TOPDIR/modules/crypto/mbedtls/library/ssl_msg.c:4162: 07b0:  00 00 00 00 00 00 00 00 00 00 00 00 00 00 00 00  ................
[00:01:30.954,000] <dbg> mbedtls: zephyr_mbedtls_debug: WEST_TOPDIR/modules/crypto/mbedtls/library/ssl_msg.c:4162: 07c0:  00 00 00 00 00 00 00 00 00 00 00 00 00 00 00 00  ................
[00:01:30.954,000] <dbg> mbedtls: zephyr_mbedtls_debug: WEST_TOPDIR/modules/crypto/mbedtls/library/ssl_msg.c:4162: 07d0:  00 00 00 00 00 00 00 00 00 00 00 00 00 00 00 00  ................
[00:01:30.955,000] <dbg> mbedtls: zephyr_mbedtls_debug: WEST_TOPDIR/modules/crypto/mbedtls/library/ssl_msg.c:4162: 07e0:  00 00 00 00 00 00 00 00 00 00 00 00 00 00 00 00  ................
[00:01:30.955,000] <dbg> mbedtls: zephyr_mbedtls_debug: WEST_TOPDIR/modules/crypto/mbedtls/library/ssl_msg.c:4162: 07f0:  00 00 00 00 00 00 ff 58 00 00 00 00 00 00 00 00  .......X........
[00:01:30.956,000] <dbg> mbedtls: zephyr_mbedtls_debug: WEST_TOPDIR/modules/crypto/mbedtls/library/ssl_msg.c:4162: 0800:  00 21 f2 03 02 00 00 00 00 00 00 00 00 00 00 00  .!..............
[00:01:30.957,000] <dbg> mbedtls: zephyr_mbedtls_debug: WEST_TOPDIR/modules/crypto/mbedtls/library/ssl_msg.c:4162: 0810:  00 00 00 00 00 00 00 00 00 00 00 00 00 00 00 00  ................
[00:01:30.957,000] <dbg> mbedtls: zephyr_mbedtls_debug: WEST_TOPDIR/modules/crypto/mbedtls/library/ssl_msg.c:4162: 0820:  00 00 00 00 00 00 00 00 00 00 00 00 00 00 00 00  ................
[00:01:30.958,000] <dbg> mbedtls: zephyr_mbedtls_debug: WEST_TOPDIR/modules/crypto/mbedtls/library/ssl_msg.c:4162: 0830:  00 00 00 00 00 00 00 00 00 00 00 00 00 00 00 00  ................
[00:01:30.959,000] <dbg> mbedtls: zephyr_mbedtls_debug: WEST_TOPDIR/modules/crypto/mbedtls/library/ssl_msg.c:4162: 0840:  00 00 00 00 00 00 00 00 00 00 00 00 00 00 00 00  ................
[00:01:30.959,000] <dbg> mbedtls: zephyr_mbedtls_debug: WEST_TOPDIR/modules/crypto/mbedtls/library/ssl_msg.c:4162: 0850:  00 00 00 00 00 00 00 00 00 00 00 00 00 00 ff 58  ...............X
[00:01:30.960,000] <dbg> mbedtls: zephyr_mbedtls_debug: WEST_TOPDIR/modules/crypto/mbedtls/library/ssl_msg.c:4162: 0860:  00 00 00 00 00 00 00 00 00 21 f2 03 02 00 00 00  .........!......
[00:01:30.961,000] <dbg> mbedtls: zephyr_mbedtls_debug: WEST_TOPDIR/modules/crypto/mbedtls/library/ssl_msg.c:4162: 0870:  00 00 00 00 00 00 00 00 00 00 00 00 00 00 00 00  ................
[00:01:30.961,000] <dbg> mbedtls: zephyr_mbedtls_debug: WEST_TOPDIR/modules/crypto/mbedtls/library/ssl_msg.c:4162: 0880:  00 00 00 00 00 00 00 00 00 00 00 00 00 00 00 00  ................
[00:01:30.962,000] <dbg> mbedtls: zephyr_mbedtls_debug: WEST_TOPDIR/modules/crypto/mbedtls/library/ssl_msg.c:4162: 0890:  00 00 00 00 00 00 00 00 00 00 00 00 00 00 00 00  ................
[00:01:30.963,000] <dbg> mbedtls: zephyr_mbedtls_debug: WEST_TOPDIR/modules/crypto/mbedtls/library/ssl_msg.c:4162: 08a0:  00 00 00 00 00 00 00 00 00 00 00 00 00 00 00 00  ................
[00:01:30.963,000] <dbg> mbedtls: zephyr_mbedtls_debug: WEST_TOPDIR/modules/crypto/mbedtls/library/ssl_msg.c:4162: 08b0:  00 00 00 00 00 00 00 00 00 00 00 00 00 00 00 00  ................
[00:01:30.964,000] <dbg> mbedtls: zephyr_mbedtls_debug: WEST_TOPDIR/modules/crypto/mbedtls/library/ssl_msg.c:4162: 08c0:  00 00 00 00 00 00 ff 58 00 00 00 00 00 00 00 00  .......X........
[00:01:30.965,000] <dbg> mbedtls: zephyr_mbedtls_debug: WEST_TOPDIR/modules/crypto/mbedtls/library/ssl_msg.c:4162: 08d0:  00 21 f2 03 02 00 00 00 00 00 00 00 00 00 00 00  .!..............
[00:01:30.965,000] <dbg> mbedtls: zephyr_mbedtls_debug: WEST_TOPDIR/modules/crypto/mbedtls/library/ssl_msg.c:4162: 08e0:  00 00 00 00 00 00 00 00 00 00 00 00 00 00 00 00  ................
[00:01:30.966,000] <dbg> mbedtls: zephyr_mbedtls_debug: WEST_TOPDIR/modules/crypto/mbedtls/library/ssl_msg.c:4162: 08f0:  00 00 00 00 00 00 00 00 00 00 00 00 00 00 00 00  ................
[00:01:30.967,000] <dbg> mbedtls: zephyr_mbedtls_debug: WEST_TOPDIR/modules/crypto/mbedtls/library/ssl_msg.c:4162: 0900:  00 00 00 00 00 00 00 00 00 00 00 00 00 00 00 00  ................
[00:01:30.967,000] <dbg> mbedtls: zephyr_mbedtls_debug: WEST_TOPDIR/modules/crypto/mbedtls/library/ssl_msg.c:4162: 0910:  00 00 00 00 00 00 00 00 00 00 00 00 00 00 00 00  ................
[00:01:30.968,000] <dbg> mbedtls: zephyr_mbedtls_debug: WEST_TOPDIR/modules/crypto/mbedtls/library/ssl_msg.c:4162: 0920:  00 00 00 00 00 00 00 00 00 00 00 00 00 88 22 00  ..............".
[00:01:30.969,000] <dbg> mbedtls: zephyr_mbedtls_debug: WEST_TOPDIR/modules/crypto/mbedtls/library/ssl_msg.c:4162: 0930:  20 75 14 04 02 08 00 00 00 00 ff 34 00 00 00 00   u.........4....
[00:01:30.969,000] <dbg> mbedtls: zephyr_mbedtls_debug: WEST_TOPDIR/modules/crypto/mbedtls/library/ssl_msg.c:4162: 0940:  00 00 00 00 00 79 14 04 02 00 00 00 00 00 00 00  .....y..........
[00:01:30.970,000] <dbg> mbedtls: zephyr_mbedtls_debug: WEST_TOPDIR/modules/crypto/mbedtls/library/ssl_msg.c:4162: 0950:  00 00 00 00 00 00 00 00 00 00 00 00 00 00 00 00  ................
[00:01:30.971,000] <dbg> mbedtls: zephyr_mbedtls_debug: WEST_TOPDIR/modules/crypto/mbedtls/library/ssl_msg.c:4162: 0960:  00 00 00 00 00 00 00 00 00 00 00 00 00 00 00 00  ................
[00:01:30.971,000] <dbg> mbedtls: zephyr_mbedtls_debug: WEST_TOPDIR/modules/crypto/mbedtls/library/ssl_msg.c:4162: 0970:  00 00 00 00 00 00 00 00 00 00 00 00 00 00 ff 34  ...............4
[00:01:30.972,000] <dbg> mbedtls: zephyr_mbedtls_debug: WEST_TOPDIR/modules/crypto/mbedtls/library/ssl_msg.c:4162: 0980:  00 00 00 00 00 00 00 00 00 79 14 04 02 00 00 00  .........y......
[00:01:30.973,000] <dbg> mbedtls: zephyr_mbedtls_debug: WEST_TOPDIR/modules/crypto/mbedtls/library/ssl_msg.c:4162: 0990:  00 00 00 00 00 00 00 00 00 00 00 00 00 00 00 00  ................
[00:01:30.973,000] <dbg> mbedtls: zephyr_mbedtls_debug: WEST_TOPDIR/modules/crypto/mbedtls/library/ssl_msg.c:4162: 09a0:  00 00 00 00 00 00 00 00 00 00 00 00 00 00 00 00  ................
[00:01:30.974,000] <dbg> mbedtls: zephyr_mbedtls_debug: WEST_TOPDIR/modules/crypto/mbedtls/library/ssl_msg.c:4162: 09b0:  00 00 00 00 00 00 00 00 00 00 00 00 00 00 00 00  ................
[00:01:30.975,000] <dbg> mbedtls: zephyr_mbedtls_debug: WEST_TOPDIR/modules/crypto/mbedtls/library/ssl_msg.c:4162: 09c0:  00 00 ff 34 00 00 00 00 00 00 00 00 00 79 14 04  ...4.........y..
[00:01:30.975,000] <dbg> mbedtls: zephyr_mbedtls_debug: WEST_TOPDIR/modules/crypto/mbedtls/library/ssl_msg.c:4162: 09d0:  02 00 00 00 00 00 00 00 00 00 00 00 00 00 00 00  ................
[00:01:30.976,000] <dbg> mbedtls: zephyr_mbedtls_debug: WEST_TOPDIR/modules/crypto/mbedtls/library/ssl_msg.c:4162: 09e0:  00 00 00 00 00 00 00 00 00 00 00 00 00 00 00 00  ................
[00:01:30.977,000] <dbg> mbedtls: zephyr_mbedtls_debug: WEST_TOPDIR/modules/crypto/mbedtls/library/ssl_msg.c:4162: 09f0:  00 00 00 00 00 00 00 00 00 00 00 00 00 00 00 00  ................
[00:01:30.977,000] <dbg> mbedtls: zephyr_mbedtls_debug: WEST_TOPDIR/modules/crypto/mbedtls/library/ssl_msg.c:4162: 0a00:  00 00 00 00 00 00 ff 34 00 00 00 00 00 00 00 00  .......4........
[00:01:30.978,000] <dbg> mbedtls: zephyr_mbedtls_debug: WEST_TOPDIR/modules/crypto/mbedtls/library/ssl_msg.c:4162: 0a10:  00 79 14 04 02 00 00 00 00 00 00 00 00 00 00 00  .y..............
[00:01:30.979,000] <dbg> mbedtls: zephyr_mbedtls_debug: WEST_TOPDIR/modules/crypto/mbedtls/library/ssl_msg.c:4162: 0a20:  00 00 00 00 00 00 00 00 00 00 00 00 00 00 00 00  ................
[00:01:30.979,000] <dbg> mbedtls: zephyr_mbedtls_debug: WEST_TOPDIR/modules/crypto/mbedtls/library/ssl_msg.c:4162: 0a30:  00 00 00 00 00 00 00 00 00 00 00 00 00 00 00 00  ................
[00:01:30.980,000] <dbg> mbedtls: zephyr_mbedtls_debug: WEST_TOPDIR/modules/crypto/mbedtls/library/ssl_msg.c:4162: 0a40:  00 00 00 00 00 00 00 00 00 00 ff 34 00 00 00 00  ...........4....
[00:01:30.981,000] <dbg> mbedtls: zephyr_mbedtls_debug: WEST_TOPDIR/modules/crypto/mbedtls/library/ssl_msg.c:4162: 0a50:  00 00 00 00 00 79 14 04 02 00 00 00 00 00 00 00  .....y..........
[00:01:30.981,000] <dbg> mbedtls: zephyr_mbedtls_debug: WEST_TOPDIR/modules/crypto/mbedtls/library/ssl_msg.c:4162: 0a60:  00 00 00 00 00 00 00 00 00 00 00 00 00 00 00 00  ................
[00:01:30.982,000] <dbg> mbedtls: zephyr_mbedtls_debug: WEST_TOPDIR/modules/crypto/mbedtls/library/ssl_msg.c:4162: 0a70:  00 00 00 00 00 00 00 00 00 00 00 00 00 00 00 00  ................
[00:01:30.983,000] <dbg> mbedtls: zephyr_mbedtls_debug: WEST_TOPDIR/modules/crypto/mbedtls/library/ssl_msg.c:4162: 0a80:  00 00 00 00 00 00 00 00 00 00 00 00 00 00 ff 34  ...............4
[00:01:30.983,000] <dbg> mbedtls: zephyr_mbedtls_debug: WEST_TOPDIR/modules/crypto/mbedtls/library/ssl_msg.c:4162: 0a90:  00 00 00 00 00 00 00 00 00 79 14 04 02 00 00 00  .........y......
[00:01:30.984,000] <dbg> mbedtls: zephyr_mbedtls_debug: WEST_TOPDIR/modules/crypto/mbedtls/library/ssl_msg.c:4162: 0aa0:  00 00 00 00 00 00 00 00 00 00 00 00 00 00 00 00  ................
[00:01:30.984,000] <dbg> mbedtls: zephyr_mbedtls_debug: WEST_TOPDIR/modules/crypto/mbedtls/library/ssl_msg.c:4162: 0ab0:  00 00 00 00 00 00 00 00 00 00 00 00 00 00 00 00  ................
[00:01:30.985,000] <dbg> mbedtls: zephyr_mbedtls_debug: WEST_TOPDIR/modules/crypto/mbedtls/library/ssl_msg.c:4162: 0ac0:  00 00 00 00 00 00 00 00 00 00 00 00 00 00 00 00  ................
[00:01:30.986,000] <dbg> mbedtls: zephyr_mbedtls_debug: WEST_TOPDIR/modules/crypto/mbedtls/library/ssl_msg.c:4162: 0ad0:  00 00 ff 34 00 00 00 00 00 00 00 00 00 79 14 04  ...4.........y..
[00:01:30.986,000] <dbg> mbedtls: zephyr_mbedtls_debug: WEST_TOPDIR/modules/crypto/mbedtls/library/ssl_msg.c:4162: 0ae0:  02 00 00 00 00 00 00 00 00 00 00 00 00 00 00 00  ................
[00:01:30.987,000] <dbg> mbedtls: zephyr_mbedtls_debug: WEST_TOPDIR/modules/crypto/mbedtls/library/ssl_msg.c:4162: 0af0:  00 00 00 00 00 00 00 00 00 00 00 00 00 00 00 00  ................
[00:01:30.988,000] <dbg> mbedtls: zephyr_mbedtls_debug: WEST_TOPDIR/modules/crypto/mbedtls/library/ssl_msg.c:4162: 0b00:  00 00 00 00 00 00 00 00 00 00 00 00 00 00 00 00  ................
[00:01:30.988,000] <dbg> mbedtls: zephyr_mbedtls_debug: WEST_TOPDIR/modules/crypto/mbedtls/library/ssl_msg.c:4162: 0b10:  00 00 00 00 00 00 ff 34 00 00 00 00 00 00 00 00  .......4........
[00:01:30.989,000] <dbg> mbedtls: zephyr_mbedtls_debug: WEST_TOPDIR/modules/crypto/mbedtls/library/ssl_msg.c:4162: 0b20:  00 79 14 04 02 00 00 00 00 00 00 00 00 00 00 00  .y..............
[00:01:30.990,000] <dbg> mbedtls: zephyr_mbedtls_debug: WEST_TOPDIR/modules/crypto/mbedtls/library/ssl_msg.c:4162: 0b30:  00 00 00 00 00 00 00 00 00 00 00 00 00 00 00 00  ................
[00:01:30.990,000] <dbg> mbedtls: zephyr_mbedtls_debug: WEST_TOPDIR/modules/crypto/mbedtls/library/ssl_msg.c:4162: 0b40:  00 00 00 00 00 00 00 00 00 00 00 00 00 00 00 00  ................
[00:01:30.991,000] <dbg> mbedtls: zephyr_mbedtls_debug: WEST_TOPDIR/modules/crypto/mbedtls/library/ssl_msg.c:4162: 0b50:  00 00 00 00 00 00 00 00 00 00 ff 08 00 00 00 00  ................
[00:01:30.992,000] <dbg> mbedtls: zephyr_mbedtls_debug: WEST_TOPDIR/modules/crypto/mbedtls/library/ssl_msg.c:4162: 0b60:  00 00 00 00 00 29 14 04 02 00 00 00 00 00 00 00  .....)..........
[00:01:30.992,000] <dbg> mbedtls: zephyr_mbedtls_debug: WEST_TOPDIR/modules/crypto/mbedtls/library/ssl_msg.c:4162: 0b70:  00 00 ff 08 00 00 00 00 00 00 00 00 00 29 14 04  .............)..
[00:01:30.993,000] <dbg> mbedtls: zephyr_mbedtls_debug: WEST_TOPDIR/modules/crypto/mbedtls/library/ssl_msg.c:4162: 0b80:  02 00 00 00 00 00 00 00 00 00 ff 08 00 00 00 00  ................
[00:01:30.994,000] <dbg> mbedtls: zephyr_mbedtls_debug: WEST_TOPDIR/modules/crypto/mbedtls/library/ssl_msg.c:4162: 0b90:  00 00 00 00 00 29 14 04 02 00 00 00 00 00 00 00  .....)..........
[00:01:30.994,000] <dbg> mbedtls: zephyr_mbedtls_debug: WEST_TOPDIR/modules/crypto/mbedtls/library/ssl_msg.c:4162: 0ba0:  00 00 ff 08 00 00 00 00 00 00 00 00 00 29 14 04  .............)..
[00:01:30.995,000] <dbg> mbedtls: zephyr_mbedtls_debug: WEST_TOPDIR/modules/crypto/mbedtls/library/ssl_msg.c:4162: 0bb0:  02 00 00 00 00 00 00 00 00 00 ff 08 00 00 00 00  ................
[00:01:30.996,000] <dbg> mbedtls: zephyr_mbedtls_debug: WEST_TOPDIR/modules/crypto/mbedtls/library/ssl_msg.c:4162: 0bc0:  00 00 00 00 00 29 14 04 02 00 00 00 00 00 00 00  .....)..........
[00:01:30.996,000] <dbg> mbedtls: zephyr_mbedtls_debug: WEST_TOPDIR/modules/crypto/mbedtls/library/ssl_msg.c:4162: 0bd0:  00 00 ff 08 00 00 00 00 00 00 00 00 00 29 14 04  .............)..
[00:01:30.997,000] <dbg> mbedtls: zephyr_mbedtls_debug: WEST_TOPDIR/modules/crypto/mbedtls/library/ssl_msg.c:4162: 0be0:  02 00 00 00 00 00 00 00 00 00 ff 08 00 00 00 00  ................
[00:01:30.998,000] <dbg> mbedtls: zephyr_mbedtls_debug: WEST_TOPDIR/modules/crypto/mbedtls/library/ssl_msg.c:4162: 0bf0:  00 00 00 00 00 29 14 04 02 00 00 00 00 00 00 00  .....)..........
[00:01:30.998,000] <dbg> mbedtls: zephyr_mbedtls_debug: WEST_TOPDIR/modules/crypto/mbedtls/library/ssl_msg.c:4162: 0c00:  00 00 ff 08 00 00 00 00 00 00 00 00 00 29 14 04  .............)..
[00:01:30.999,000] <dbg> mbedtls: zephyr_mbedtls_debug: WEST_TOPDIR/modules/crypto/mbedtls/library/ssl_msg.c:4162: 0c10:  02 00 00 00 00 00 00 00 00 71 8b 04 02 ff ff ff  .........q......
[00:01:31.000,000] <dbg> mbedtls: zephyr_mbedtls_debug: WEST_TOPDIR/modules/crypto/mbedtls/library/ssl_msg.c:4162: 0c20:  ff 00 00 00 00 00 00 00 00 00 00 00 00 71 8b 04  .............q..
[00:01:31.000,000] <dbg> mbedtls: zephyr_mbedtls_debug: WEST_TOPDIR/modules/crypto/mbedtls/library/ssl_msg.c:4162: 0c30:  02 ff ff ff ff 00 00 00 00 00 00 00 00 00 00 00  ................
[00:01:31.001,000] <dbg> mbedtls: zephyr_mbedtls_debug: WEST_TOPDIR/modules/crypto/mbedtls/library/ssl_msg.c:4162: 0c40:  00 ff ff ff ff ff ff ff ff ff ff ff ff ff ff ff  ................
[00:01:31.002,000] <dbg> mbedtls: zephyr_mbedtls_debug: WEST_TOPDIR/modules/crypto/mbedtls/library/ssl_msg.c:4162: 0c50:  ff 8c 00 00 00 00 40 00 00 06 00 00 00 e0 00 3a  ......@........:
[00:01:31.002,000] <dbg> mbedtls: zephyr_mbedtls_debug: WEST_TOPDIR/modules/crypto/mbedtls/library/ssl_msg.c:4162: 0c60:  00 00 00 00 00 00 00 00 00 00 00 00 00 00 00 00  ................
[00:01:31.003,000] <dbg> mbedtls: zephyr_mbedtls_debug: WEST_TOPDIR/modules/crypto/mbedtls/library/ssl_msg.c:4162: 0c70:  00 00 00 00 00 00 00 00 00 00 00 00 00 00 00 00  ................
[00:01:31.004,000] <dbg> mbedtls: zephyr_mbedtls_debug: WEST_TOPDIR/modules/crypto/mbedtls/library/ssl_msg.c:4162: 0c80:  00 00 00 00 00 00 00 00 00 00 00 00 00 00 00 00  ................
[00:01:31.004,000] <dbg> mbedtls: zephyr_mbedtls_debug: WEST_TOPDIR/modules/crypto/mbedtls/library/ssl_msg.c:4162: 0c90:  00 00 00 00 00 00 00 00 00 00 00 00 00 00 00 00  ................
[00:01:31.005,000] <dbg> mbedtls: zephyr_mbedtls_debug: WEST_TOPDIR/modules/crypto/mbedtls/library/ssl_msg.c:4162: 0ca0:  00 00 00 00 00 00 00 00 00 00 00 00 00 00 00 00  ................
[00:01:31.006,000] <dbg> mbedtls: zephyr_mbedtls_debug: WEST_TOPDIR/modules/crypto/mbedtls/library/ssl_msg.c:4162: 0cb0:  00 00 00 00 00 00 00 00 00 00 00 00 00 00 00 00  ................
[00:01:31.006,000] <dbg> mbedtls: zephyr_mbedtls_debug: WEST_TOPDIR/modules/crypto/mbedtls/library/ssl_msg.c:4162: 0cc0:  00 00 00 00 00 00 00 00 00 00 00 00 00 00 00 00  ................
[00:01:31.007,000] <dbg> mbedtls: zephyr_mbedtls_debug: WEST_TOPDIR/modules/crypto/mbedtls/library/ssl_msg.c:4162: 0cd0:  00 00 00 00 00 00 00 00 00 00 00 00 00 00 00 00  ................
[00:01:31.008,000] <dbg> mbedtls: zephyr_mbedtls_debug: WEST_TOPDIR/modules/crypto/mbedtls/library/ssl_msg.c:4162: 0ce0:  00 00 00 00 00 34 26 00 20 34 26 00 20 00 00 00  .....4&. 4&. ...
[00:01:31.008,000] <dbg> mbedtls: zephyr_mbedtls_debug: WEST_TOPDIR/modules/crypto/mbedtls/library/ssl_msg.c:4162: 0cf0:  00 00 00 00 00 0e 00 00 00 00 00 00 00 00 00 00  ................
[00:01:31.009,000] <dbg> mbedtls: zephyr_mbedtls_debug: WEST_TOPDIR/modules/crypto/mbedtls/library/ssl_msg.c:4162: 0d00:  00 00 00 00 00 00 00 00 00 00 00 00 00 00 88 01  ................
[00:01:31.010,000] <dbg> mbedtls: zephyr_mbedtls_debug: WEST_TOPDIR/modules/crypto/mbedtls/library/ssl_msg.c:4162: 0d10:  20 00 00 0c 42 00 00 00 00 00 00 00 00 00 00 00   ...B...........
[00:01:31.010,000] <dbg> mbedtls: zephyr_mbedtls_debug: WEST_TOPDIR/modules/crypto/mbedtls/library/ssl_msg.c:4162: 0d20:  00 00 00 00 00 00 00 00 00 00 00 00 00 00 00 00  ................
[00:01:31.011,000] <dbg> mbedtls: zephyr_mbedtls_debug: WEST_TOPDIR/modules/crypto/mbedtls/library/ssl_msg.c:4162: 0d30:  00 00 00 00 00 00 00 00 00 00 00 00 00 00 00 00  ................
[00:01:31.012,000] <dbg> mbedtls: zephyr_mbedtls_debug: WEST_TOPDIR/modules/crypto/mbedtls/library/ssl_msg.c:4162: 0d40:  00 00 00 00 00 00 00 00 00 00 00 00 00 00 00 00  ................
[00:01:31.012,000] <dbg> mbedtls: zephyr_mbedtls_debug: WEST_TOPDIR/modules/crypto/mbedtls/library/ssl_msg.c:4162: 0d50:  00 00 00 00 00 00 00 00 00 00 00 00 00 00 00 00  ................
[00:01:31.013,000] <dbg> mbedtls: zephyr_mbedtls_debug: WEST_TOPDIR/modules/crypto/mbedtls/library/ssl_msg.c:4162: 0d60:  00 00 00 00 00 00 00 00 00 00 00 00 00 00 00 00  ................
[00:01:31.014,000] <dbg> mbedtls: zephyr_mbedtls_debug: WEST_TOPDIR/modules/crypto/mbedtls/library/ssl_msg.c:4162: 0d70:  00 00 00 00 00 00 00 00 00 00 00 00 00 00 00 00  ................
[00:01:31.014,000] <dbg> mbedtls: zephyr_mbedtls_debug: WEST_TOPDIR/modules/crypto/mbedtls/library/ssl_msg.c:4162: 0d80:  00 00 00 00 00 00 00 00 00 00 00 00 00 00 00 00  ................
[00:01:31.015,000] <dbg> mbedtls: zephyr_mbedtls_debug: WEST_TOPDIR/modules/crypto/mbedtls/library/ssl_msg.c:4162: 0d90:  00 00 00 00 00 00 00 00 00 00 00 00 00 00 00 00  ................
[00:01:31.016,000] <dbg> mbedtls: zephyr_mbedtls_debug: WEST_TOPDIR/modules/crypto/mbedtls/library/ssl_msg.c:4162: 0da0:  00 00 00 00 00 00 00 00 00 00 08 0c 42 00 00 00  ............B...
[00:01:31.016,000] <dbg> mbedtls: zephyr_mbedtls_debug: WEST_TOPDIR/modules/crypto/mbedtls/library/ssl_msg.c:4162: 0db0:  00 00 00 00 00 00 00 00 00 00 00 00 00 00 00 00  ................
[00:01:31.017,000] <dbg> mbedtls: zephyr_mbedtls_debug: WEST_TOPDIR/modules/crypto/mbedtls/library/ssl_msg.c:4162: 0dc0:  00 00 00 00 00 00 00 00 00 00 00 00 00 00 00 00  ................
[00:01:31.018,000] <dbg> mbedtls: zephyr_mbedtls_debug: WEST_TOPDIR/modules/crypto/mbedtls/library/ssl_msg.c:4162: 0dd0:  00 00 00 00 00 00 00 00 00 00 00 00 00 00 00 00  ................
[00:01:31.018,000] <dbg> mbedtls: zephyr_mbedtls_debug: WEST_TOPDIR/modules/crypto/mbedtls/library/ssl_msg.c:4162: 0de0:  00 00 00 00 00 00 00 00 00 00 00 00 00 00 00 00  ................
[00:01:31.019,000] <dbg> mbedtls: zephyr_mbedtls_debug: WEST_TOPDIR/modules/crypto/mbedtls/library/ssl_msg.c:4162: 0df0:  00 00 00 00 00 00 00 00 00 00 00 00 00 00 00 00  ................
[00:01:31.020,000] <dbg> mbedtls: zephyr_mbedtls_debug: WEST_TOPDIR/modules/crypto/mbedtls/library/ssl_msg.c:4162: 0e00:  00 00 00 00 00 00 00 00 00 00 00 00 00 00 00 00  ................
[00:01:31.022,000] <dbg> mbedtls: zephyr_mbedtls_debug: WEST_TOPDIR/modules/crypto/mbedtls/library/ssl_msg.c:4162: 0e10:  00 00 00 00 00 68 27 00 20 8c 00 00 00 00 00 04  .....h'. .......
[00:01:31.023,000] <dbg> mbedtls: zephyr_mbedtls_debug: WEST_TOPDIR/modules/crypto/mbedtls/library/ssl_msg.c:4162: 0e20:  00 00 14 0d 42 04 00 00 00 00 00 00 00 00 00 00  ....B...........
[00:01:31.024,000] <dbg> mbedtls: zephyr_mbedtls_debug: WEST_TOPDIR/modules/crypto/mbedtls/library/ssl_msg.c:4162: 0e30:  00 00 00 00 00 01 00 00 00 00 00 00 00 00 00 00  ................
[00:01:31.024,000] <dbg> mbedtls: zephyr_mbedtls_debug: WEST_TOPDIR/modules/crypto/mbedtls/library/ssl_msg.c:4162: 0e40:  00 00 00 00 00 00 00 00 00 00 00 00 00 00 00 00  ................
[00:01:31.025,000] <dbg> mbedtls: zephyr_mbedtls_debug: WEST_TOPDIR/modules/crypto/mbedtls/library/ssl_msg.c:4162: 0e50:  00 00 00 00 00 00 00 00 00 00 00 00 00 00 00 00  ................
[00:01:31.026,000] <dbg> mbedtls: zephyr_mbedtls_debug: WEST_TOPDIR/modules/crypto/mbedtls/library/ssl_msg.c:4162: 0e60:  00 00 00 00 00 00 00 00 00 00 00 00 00 00 00 00  ................
[00:01:31.026,000] <dbg> mbedtls: zephyr_mbedtls_debug: WEST_TOPDIR/modules/crypto/mbedtls/library/ssl_msg.c:4162: 0e70:  00 00 00 00 00 00 00 00 00 00 00 00 00 00 00 00  ................
[00:01:31.027,000] <dbg> mbedtls: zephyr_mbedtls_debug: WEST_TOPDIR/modules/crypto/mbedtls/library/ssl_msg.c:4162: 0e80:  00 00 00 00 00 00 00 00 00 00 00 00 00 00 00 00  ................
[00:01:31.027,000] <dbg> mbedtls: zephyr_mbedtls_debug: WEST_TOPDIR/modules/crypto/mbedtls/library/ssl_msg.c:4162: 0e90:  00 00 00 00 00 00 00 00 00 00 00 00 00 00 00 00  ................
[00:01:31.028,000] <dbg> mbedtls: zephyr_mbedtls_debug: WEST_TOPDIR/modules/crypto/mbedtls/library/ssl_msg.c:4162: 0ea0:  00 00 00 00 00 00 00 00 00 00 00 00 00 00 00 00  ................
[00:01:31.029,000] <dbg> mbedtls: zephyr_mbedtls_debug: WEST_TOPDIR/modules/crypto/mbedtls/library/ssl_msg.c:4162: 0eb0:  00 00 00 00 00 00 00 00 00 00 00 00 00 00 01 00  ................
[00:01:31.029,000] <dbg> mbedtls: zephyr_mbedtls_debug: WEST_TOPDIR/modules/crypto/mbedtls/library/ssl_msg.c:4162: 0ec0:  00 00 00 00 00 ff 00 00 00 00 02 00 00 00 00 00  ................
[00:01:31.033,000] <dbg> mbedtls: zephyr_mbedtls_debug: WEST_TOPDIR/modules/crypto/mbedtls/library/ssl_msg.c:4162: 0ed0:  00 00 00 00 00 00 20 02 40 00 00 00 00 00 00 00  ...... .@.......
[00:01:31.034,000] <dbg> mbedtls: zephyr_mbedtls_debug: WEST_TOPDIR/modules/crypto/mbedtls/library/ssl_msg.c:4162: 0ee0:  00 00 00 00 00 00 00 00 00 00 00 00 00 00 00 00  ................
[00:01:31.034,000] <dbg> mbedtls: zephyr_mbedtls_debug: WEST_TOPDIR/modules/crypto/mbedtls/library/ssl_msg.c:4162: 0ef0:  00 c0 12 00 00 00 01 03 00 00 c2 01 00 00 01 03  ................
[00:01:31.035,000] <dbg> mbedtls: zephyr_mbedtls_debug: WEST_TOPDIR/modules/crypto/mbedtls/library/ssl_msg.c:4162: 0f00:  00 00 c2 01 00 00 01 03 00 00 00 00 00 00 00 00  ................
[00:01:31.036,000] <dbg> mbedtls: zephyr_mbedtls_debug: WEST_TOPDIR/modules/crypto/mbedtls/library/ssl_msg.c:4162: 0f10:  00 24 e2 0c 02 02 00 00 00 68 28 00 20 68 28 00  .$.......h(. h(.
[00:01:31.036,000] <dbg> mbedtls: zephyr_mbedtls_debug: WEST_TOPDIR/modules/crypto/mbedtls/library/ssl_msg.c:4162: 0f20:  20 00 00 00 00 01 00 00 00 78 28 00 20 78 28 00   ........x(. x(.
[00:01:31.037,000] <dbg> mbedtls: zephyr_mbedtls_debug: WEST_TOPDIR/modules/crypto/mbedtls/library/ssl_msg.c:4162: 0f30:  20 80 28 00 20 80 28 00 20 00 00 00 00 01 00 00   .(. .(. .......
[00:01:31.038,000] <dbg> mbedtls: zephyr_mbedtls_debug: WEST_TOPDIR/modules/crypto/mbedtls/library/ssl_msg.c:4162: 0f40:  00 90 28 00 20 90 28 00 20 00 00 00 00 00 00 00  ..(. .(. .......
[00:01:31.038,000] <dbg> mbedtls: zephyr_mbedtls_debug: WEST_TOPDIR/modules/crypto/mbedtls/library/ssl_msg.c:4162: 0f50:  00 00 00 00 00 00 00 00 00 00 00 00 00 00 00 00  ................
[00:01:31.039,000] <dbg> mbedtls: zephyr_mbedtls_debug: WEST_TOPDIR/modules/crypto/mbedtls/library/ssl_msg.c:4162: 0f60:  00 00 00 00 00 00 00 00 00 00 00 00 00 00 00 00  ................
[00:01:31.040,000] <dbg> mbedtls: zephyr_mbedtls_debug: WEST_TOPDIR/modules/crypto/mbedtls/library/ssl_msg.c:4162: 0f70:  00 00 00 00 00 00 00 00 00 8c e2 0c 02 02 00 00  ................
[00:01:31.040,000] <dbg> mbedtls: zephyr_mbedtls_debug: WEST_TOPDIR/modules/crypto/mbedtls/library/ssl_msg.c:4162: 0f80:  00 d0 28 00 20 d0 28 00 20 00 00 00 00 01 00 00  ..(. .(. .......
[00:01:31.041,000] <dbg> mbedtls: zephyr_mbedtls_debug: WEST_TOPDIR/modules/crypto/mbedtls/library/ssl_msg.c:4162: 0f90:  00 e0 28 00 20 e0 28 00 20 e8 28 00 20 e8 28 00  ..(. .(. .(. .(.
[00:01:31.042,000] <dbg> mbedtls: zephyr_mbedtls_debug: WEST_TOPDIR/modules/crypto/mbedtls/library/ssl_msg.c:4162: 0fa0:  20 00 00 00 00 01 00 00 00 f8 28 00 20 f8 28 00   .........(. .(.
[00:01:31.042,000] <dbg> mbedtls: zephyr_mbedtls_debug: WEST_TOPDIR/modules/crypto/mbedtls/library/ssl_msg.c:4162: 0fb0:  20 00 00 00 00 00 00 00 00 00 00 00 00 00 00 00   ...............
[00:01:31.043,000] <dbg> mbedtls: zephyr_mbedtls_debug: WEST_TOPDIR/modules/crypto/mbedtls/library/ssl_msg.c:4162: 0fc0:  00 00 00 00 00 00 00 00 00 00 00 00 00 00 00 00  ................
[00:01:31.043,000] <dbg> mbedtls: zephyr_mbedtls_debug: WEST_TOPDIR/modules/crypto/mbedtls/library/ssl_msg.c:4162: 0fd0:  00 00 00 00 00 00 00 00 00 00 09 3d 00 47 8d 0b  ...........=.G..
[00:01:31.044,000] <dbg> mbedtls: zephyr_mbedtls_debug: WEST_TOPDIR/modules/crypto/mbedtls/library/ssl_msg.c:4162: 0fe0:  02 f1 1a 02 02 2d 1b 02 02 38 29 00 20 38 29 00  .....-...8). 8).
[00:01:31.045,000] <dbg> mbedtls: zephyr_mbedtls_debug: WEST_TOPDIR/modules/crypto/mbedtls/library/ssl_msg.c:4162: 0ff0:  20 40 29 00 20 40 29 00 20 f8 15 00 20 55 7c 08   @). @). ... U|.
[00:01:31.045,000] <wrn> mbedtls: WEST_TOPDIR/modules/crypto/mbedtls/library/ssl_msg.c:4371: <= read record
[00:01:31.045,000] <wrn> mbedtls: WEST_TOPDIR/modules/crypto/mbedtls/library/ssl_msg.c:6089: <= read
[00:01:31.045,000] <wrn> mbedtls: WEST_TOPDIR/modules/crypto/mbedtls/library/ssl_msg.c:5929: => read
[00:01:31.045,000] <wrn> mbedtls: WEST_TOPDIR/modules/crypto/mbedtls/library/ssl_msg.c:6089: <= read
[00:01:31.051,000] <wrn> mbedtls: WEST_TOPDIR/modules/crypto/mbedtls/library/ssl_msg.c:5929: => read
[00:01:31.051,000] <wrn> mbedtls: WEST_TOPDIR/modules/crypto/mbedtls/library/ssl_msg.c:6089: <= read
[00:01:31.056,000] <wrn> mbedtls: WEST_TOPDIR/modules/crypto/mbedtls/library/ssl_msg.c:5929: => read
[00:01:31.057,000] <wrn> mbedtls: WEST_TOPDIR/modules/crypto/mbedtls/library/ssl_msg.c:6089: <= read
[00:01:31.062,000] <wrn> mbedtls: WEST_TOPDIR/modules/crypto/mbedtls/library/ssl_msg.c:5929: => read
[00:01:31.062,000] <wrn> mbedtls: WEST_TOPDIR/modules/crypto/mbedtls/library/ssl_msg.c:6089: <= read
[00:01:31.068,000] <wrn> mbedtls: WEST_TOPDIR/modules/crypto/mbedtls/library/ssl_msg.c:5929: => read
[00:01:31.068,000] <wrn> mbedtls: WEST_TOPDIR/modules/crypto/mbedtls/library/ssl_msg.c:6089: <= read
[00:01:31.073,000] <wrn> mbedtls: WEST_TOPDIR/modules/crypto/mbedtls/library/ssl_msg.c:5929: => read
[00:01:31.073,000] <wrn> mbedtls: WEST_TOPDIR/modules/crypto/mbedtls/library/ssl_msg.c:6089: <= read
[00:01:31.079,000] <wrn> mbedtls: WEST_TOPDIR/modules/crypto/mbedtls/library/ssl_msg.c:5929: => read
[00:01:31.079,000] <wrn> mbedtls: WEST_TOPDIR/modules/crypto/mbedtls/library/ssl_msg.c:6089: <= read
[00:01:33.268,000] <wrn> mbedtls: WEST_TOPDIR/modules/crypto/mbedtls/library/ssl_msg.c:6334: => write close notify
[00:01:33.269,000] <wrn> mbedtls: WEST_TOPDIR/modules/crypto/mbedtls/library/ssl_msg.c:5295: => send alert message
[00:01:33.269,000] <inf> mbedtls: WEST_TOPDIR/modules/crypto/mbedtls/library/ssl_msg.c:5296: send alert level=1 message=0
[00:01:33.269,000] <wrn> mbedtls: WEST_TOPDIR/modules/crypto/mbedtls/library/ssl_msg.c:2944: => write record
[00:01:33.269,000] <wrn> mbedtls: WEST_TOPDIR/modules/crypto/mbedtls/library/ssl_msg.c:0936: => encrypt buf
[00:01:33.269,000] <dbg> mbedtls: zephyr_mbedtls_debug: WEST_TOPDIR/modules/crypto/mbedtls/library/ssl_msg.c:0958: dumping 'before encrypt: output payload' (2 bytes)
[00:01:33.269,000] <dbg> mbedtls: zephyr_mbedtls_debug: WEST_TOPDIR/modules/crypto/mbedtls/library/ssl_msg.c:0958: 0000:  01 00                                            ..
[00:01:33.270,000] <dbg> mbedtls: zephyr_mbedtls_debug: WEST_TOPDIR/modules/crypto/mbedtls/library/ssl_msg.c:1099: dumping 'computed mac' (32 bytes)
[00:01:33.271,000] <dbg> mbedtls: zephyr_mbedtls_debug: WEST_TOPDIR/modules/crypto/mbedtls/library/ssl_msg.c:1099: 0000:  4d fd c8 ad 81 c6 f6 50 4c 8f d3 73 51 4f 37 78  M......PL..sQO7x
[00:01:33.272,000] <dbg> mbedtls: zephyr_mbedtls_debug: WEST_TOPDIR/modules/crypto/mbedtls/library/ssl_msg.c:1099: 0010:  0d f1 a7 10 b5 9e e7 f0 3b bc 47 7d 2b 58 80 0b  ........;.G}+X..
[00:01:33.272,000] <inf> mbedtls: WEST_TOPDIR/modules/crypto/mbedtls/library/ssl_msg.c:1305: before encrypt: msglen = 48, including 16 bytes of IV and 14 bytes of padding
[00:01:33.273,000] <wrn> mbedtls: WEST_TOPDIR/modules/crypto/mbedtls/library/ssl_msg.c:1475: <= encrypt buf
[00:01:33.273,000] <inf> mbedtls: WEST_TOPDIR/modules/crypto/mbedtls/library/ssl_msg.c:3028: output record: msgtype = 21, version = [3:3], msglen = 64
[00:01:33.273,000] <dbg> mbedtls: zephyr_mbedtls_debug: WEST_TOPDIR/modules/crypto/mbedtls/library/ssl_msg.c:3033: dumping 'output record sent to network' (69 bytes)
[00:01:33.274,000] <dbg> mbedtls: zephyr_mbedtls_debug: WEST_TOPDIR/modules/crypto/mbedtls/library/ssl_msg.c:3033: 0000:  15 03 03 00 40 e3 15 b7 37 59 c1 79 ee 04 df d7  ....@...7Y.y....
[00:01:33.275,000] <dbg> mbedtls: zephyr_mbedtls_debug: WEST_TOPDIR/modules/crypto/mbedtls/library/ssl_msg.c:3033: 0010:  45 50 9f bb 5f c9 4d f8 a1 fd 53 14 01 0e 12 d9  EP.._.M...S.....
[00:01:33.275,000] <dbg> mbedtls: zephyr_mbedtls_debug: WEST_TOPDIR/modules/crypto/mbedtls/library/ssl_msg.c:3033: 0020:  9f ec ee 27 12 2e 6a e1 4f b7 69 d7 95 dc 5e c7  ...'..j.O.i...^.
[00:01:33.276,000] <dbg> mbedtls: zephyr_mbedtls_debug: WEST_TOPDIR/modules/crypto/mbedtls/library/ssl_msg.c:3033: 0030:  8f bf 0a 38 f2 d1 e2 19 13 57 2e 29 53 fc b0 38  ...8.....W.)S..8
[00:01:33.276,000] <dbg> mbedtls: zephyr_mbedtls_debug: WEST_TOPDIR/modules/crypto/mbedtls/library/ssl_msg.c:3033: 0040:  67 e2 6a dc b8                                   g.j..
[00:01:33.277,000] <wrn> mbedtls: WEST_TOPDIR/modules/crypto/mbedtls/library/ssl_msg.c:2354: => flush output
[00:01:33.277,000] <wrn> mbedtls: WEST_TOPDIR/modules/crypto/mbedtls/library/ssl_msg.c:2368: message length: 69, out_left: 69
[00:01:33.279,000] <wrn> mbedtls: WEST_TOPDIR/modules/crypto/mbedtls/library/ssl_msg.c:2375: ssl->f_send() returned 69 (-0xffffffbb)
[00:01:33.279,000] <wrn> mbedtls: WEST_TOPDIR/modules/crypto/mbedtls/library/ssl_msg.c:2402: <= flush output
[00:01:33.279,000] <wrn> mbedtls: WEST_TOPDIR/modules/crypto/mbedtls/library/ssl_msg.c:3081: <= write record
[00:01:33.279,000] <wrn> mbedtls: WEST_TOPDIR/modules/crypto/mbedtls/library/ssl_msg.c:5307: <= send alert message
[00:01:33.279,000] <wrn> mbedtls: WEST_TOPDIR/modules/crypto/mbedtls/library/ssl_msg.c:6345: <= write close notify
uart:~$
