I: Detected ESP-PSRAM64H (ID D 5D 46 A0 2F)
I: PSRAM initialised in QPI mode, 8192 KB
*** Using Zephyr OS build v4.4.0-12983-gb6a5e6e8aa90 ***
I: Starting bootloader
I: ICACHE alias: 0x02000000 -> 0x90000000 (4MB)
I: 0x90000000..0x9000001F:
I: 3d b8 f3 96 0 0 0 0 0 4 0 0 38 53 11 0
I: 0 0 0 0 0 0 0 0 0 0 0 0 0 0 0 0
I: Alias[0x02000000..0x0200001F]:
I: 3d b8 f3 96 0 0 0 0 0 4 0 0 38 53 11 0
I: 0 0 0 0 0 0 0 0 0 0 0 0 0 0 0 0
I: PSRAM 0x70000000..0x7000001F:
I: 38 f1 f 2 30 bb 1 70 98 d9 f 2 fc c 0 70
I: fc d8 f 2 80 d9 f 2 0 0 0 0 1c 7d 10 2
I: PSRAM write/read: PASS
I: Primary image: magic=good, swap_type=0x4, copy_done=0x1, image_ok=0x1
I: Scratch: magic=bad, swap_type=0x1, copy_done=0x2, image_ok=0x2
I: Boot source: none
I: Image index: 0, Swap type: none
I: Bootloader chainload address offset: 0x0
I: Image version: v0.0.0
I: Jumping to the first image slot
[m
[1;32muart:~$ [m[8D[J[00:00:00.842,000] [0m<inf> esp_hosted_mcu_core: coprocessor priv event 34[0m
[1;32muart:~$ [m[8D[J[00:00:00.846,000] [0m<inf> esp_hosted_mcu_core: coprocessor firmware v3.0.6[0m
[1;32muart:~$ [m[8D[J[00:00:00.846,000] [1;31m<err> mb85rsxx: invalid device ID: 04 7F 03 02[0m
[1;32muart:~$ [m[8D[J[00:00:00.846,000] [1;31m<err> mb85rsxx: Failed to initialize device, RDID check failed (err -5)[0m
[1;32muart:~$ [m[8D[J[00:00:00.846,000] [0m<inf> eth_w5500: ETH_W5500: interrupt mode[0m
[1;32muart:~$ [m[8D[J[00:00:00.854,000] [0m<inf> eth_w5500: W5500 Initialized[0m
[1;32muart:~$ [m[8D[J[00:00:00.855,000] [0m<inf> spi_nor: SPI_FLASH: SFDP v 1.0 AP ff with 1 PH[0m
[1;32muart:~$ [m[8D[J[00:00:00.855,000] [0m<inf> spi_nor: PH0: ff00 rev 1.0: 9 DW @ 80[0m
[1;32muart:~$ [m[8D[J[00:00:00.855,000] [0m<inf> spi_nor: SPI_FLASH: 16 MiBy flash[0m
[1;32muart:~$ [m[8D[J[00:00:01.355,000] [1;31m<err> net_ethernet: Invalid MAC address for iface 1 (0x20002c90)[0m
[1;32muart:~$ [m[8D[J[00:00:01.355,000] [0m<inf> littlefs: LittleFS version 2.11, disk version 2.1[0m
[1;32muart:~$ [m[8D[J[00:00:01.356,000] [0m<inf> littlefs: FS at SPI_FLASH:0xa00000 is 1280 0x1000-byte blocks with 1024 cycle[0m
[1;32muart:~$ [m[8D[J[00:00:01.356,000] [0m<inf> littlefs: partition sizes: rd 256 ; pr 256 ; ca 2048 ; la 256[0m
[1;32muart:~$ [m[8D[J*** Booting Zephyr OS build v4.4.0-12983-gb6a5e6e8aa90 ***
[1;32muart:~$ [m[8D[J[00:00:01.441,000] [0m<inf> shell_telnet: Telnet shell backend initialized[0m
[1;32muart:~$ [m[8D[J[00:00:01.442,000] [0m<inf> main_app: Start main app (build: Sep 12 2026 21:56:16) version 8[0m
[1;32muart:~$ [m[8D[J[00:00:01.443,000] [0m<inf> main_app: PSRAM @0x701aa890: write/read 1024 words OK[0m
[1;32muart:~$ [m[8D[J[00:00:01.641,000] [0m<inf> settings_registry: 0 keys registered, 0 rejected[0m
[1;32muart:~$ [m[8D[J[00:00:01.641,000] [0m<inf> io: Start io init[0m
[1;32muart:~$ [m[8D[J[00:00:02.658,000] [0m<inf> net_init: EEPROM MAC: 80:34:28:10:12:73[0m
[1;32muart:~$ [m[8D[J[00:00:02.658,000] [0m<inf> eth_w5500: ETH_W5500 MAC set to 80:34:28:10:12:73[0m
[1;32muart:~$ [m[8D[J[00:00:02.658,000] [0m<inf> net_init: Network interface up with MAC 80:34:28:10:12:73[0m
[1;32muart:~$ [m[8D[J[00:00:02.664,000] [0m<inf> io: Start io outputs task[0m
[1;32muart:~$ [m[8D[J[1;32muart:~$ [m[8D[J[1;32muart:~$ [m[8D[J[00:00:03.855,000] [0m<inf> eth_w5500: ETH_W5500: Link speed 100 Mb, full duplex[0m
[1;32muart:~$ [m[8D[J[00:00:03.873,000] [0m<inf> matter: Net callback IPv6 got, start matter after 5 sec[0m
[1;32muart:~$ [m[8D[J[00:00:03.883,000] [1;33m<wrn> net_dhcpv4: DHCP server provided more DNS servers than can be saved[0m
[1;32muart:~$ [m[8D[J[00:00:03.897,000] [1;33m<wrn> net_dhcpv4: DHCP server provided more DNS servers than can be saved[0m
[1;32muart:~$ [m[8D[J[00:00:03.898,000] [0m<inf> net_dhcpv4: Received: 192.168.88.14[0m
[1;32muart:~$ [m[8D[J[1;32muart:~$ [m[8D[J[1;32muart:~$ [m[8D[J[00:00:08.878,000] [0m<inf> matter: Net callback IPv6 got, start matter after 5 sec[0m
[1;32muart:~$ [m[8D[J[00:00:08.879,000] [0m<inf> matter: Init CHIP stack[0m
[1;32muart:~$ [m[8D[J[1;32muart:~$ [m[8D[J[1;32muart:~$ [m[8D[J[00:00:10.643,000] [0m<inf> chip: [SVR]Initializing session resumption storage...[0m
[1;32muart:~$ [m[8D[J[00:00:10.644,000] [0m<inf> chip: [SVR]Server initializing...[0m
[1;32muart:~$ [m[8D[J[00:00:10.645,000] [0m<dbg> chip.LogV: [FP]Initializing FabricTable from persistent storage[0m
[1;32muart:~$ [m[8D[J[00:00:11.095,000] [0m<inf> chip: [TS]Last Known Good Time: 2023-10-14T01:16:48[0m
[1;32muart:~$ [m[8D[J[1;32muart:~$ [m[8D[J[1;32muart:~$ [m[8D[J[00:00:12.037,000] [0m<inf> chip: [DMG]AccessControl: initializing[0m
[1;32muart:~$ [m[8D[J[00:00:12.038,000] [0m<inf> chip: [DMG]Examples::AccessControlDelegate::Init[0m
[1;32muart:~$ [m[8D[J[00:00:12.038,000] [0m<inf> chip: [DMG]AccessControl: setting[0m
[1;32muart:~$ [m[8D[J[00:00:12.039,000] [0m<inf> chip: [DMG]DefaultAclStorage: initializing[0m
[1;32muart:~$ [m[8D[J[00:00:12.039,000] [0m<inf> chip: [DMG]DefaultAclStorage: 0 entries loaded[0m
[1;32muart:~$ [m[8D[J[00:00:12.040,000] [0m<inf> chip: [SVR]WARNING: mTestEventTriggerDelegate is null[0m
[1;32muart:~$ [m[8D[J[00:00:12.041,000] [0m<dbg> chip.LogV: [IN]UDP::Init bind&listen port=5540[0m
[1;32muart:~$ [m[8D[J[00:00:12.044,000] [0m<dbg> chip.LogV: [IN]UDP::Init bound to port=5540[0m
[1;32muart:~$ [m[8D[J[00:00:12.044,000] [0m<dbg> chip.LogV: [IN]TransportMgr initialized[0m
[1;32muart:~$ [m[8D[J[1;32muart:~$ [m[8D[J[1;32muart:~$ [m[8D[J[00:00:13.879,000] [0m<inf> matter: Matter start work already submitted[0m
[1;32muart:~$ [m[8D[J[1;32muart:~$ [m[8D[J[00:00:15.023,000] [0m<inf> chip: [ZCL]Using ZAP configuration...[0m
[1;32muart:~$ [m[8D[J[00:00:15.474,000] [0m<dbg> chip.LogV: [DMG]Failed to read stored attribute (1, 0x0000_0006, 0x0000_0000: a0[0m
[1;32muart:~$ [m[8D[J[00:00:15.929,000] [0m<dbg> chip.LogV: [DMG]Failed to read stored attribute (1, 0x0000_0006, 0x0000_4003: a0[0m
[1;32muart:~$ [m[8D[J[1;32muart:~$ [m[8D[J[1;32muart:~$ [m[8D[J[00:00:16.419,000] [0m<dbg> chip.LogV: [DMG]Failed to read stored attribute (2, 0x0000_0006, 0x0000_0000: a0[0m
[1;32muart:~$ [m[8D[J[00:00:16.877,000] [0m<dbg> chip.LogV: [DMG]Failed to read stored attribute (2, 0x0000_0006, 0x0000_4003: a0[0m
[1;32muart:~$ [m[8D[J[00:00:17.326,000] [0m<dbg> chip.LogV: [DMG]Failed to read stored attribute (3, 0x0000_0006, 0x0000_0000: a0[0m
[1;32muart:~$ [m[8D[J[1;32muart:~$ [m[8D[J[1;32muart:~$ [m[8D[J[00:00:17.822,000] [0m<dbg> chip.LogV: [DMG]Failed to read stored attribute (3, 0x0000_0006, 0x0000_4003: a0[0m
[1;32muart:~$ [m[8D[J[00:00:18.270,000] [0m<dbg> chip.LogV: [DMG]Failed to read stored attribute (4, 0x0000_0006, 0x0000_0000: a0[0m
[1;32muart:~$ [m[8D[J[00:00:18.724,000] [0m<dbg> chip.LogV: [DMG]Failed to read stored attribute (4, 0x0000_0006, 0x0000_4003: a0[0m
[1;32muart:~$ [m[8D[J[00:00:18.729,000] [0m<dbg> chip.LogV: [DL]Boot reason: 1[0m
[1;32muart:~$ [m[8D[J[00:00:18.732,000] [0m<inf> chip: [ZCL]Boot reason: 1[0m
[1;32muart:~$ [m[8D[J[00:00:18.733,000] [0m<inf> chip: [ZCL]Endpoint 1 On/off already set to new value[0m
[1;32muart:~$ [m[8D[J[00:00:18.735,000] [0m<inf> chip: [ZCL]Boot reason: 1[0m
[1;32muart:~$ [m[8D[J[00:00:18.735,000] [0m<inf> chip: [ZCL]Endpoint 2 On/off already set to new value[0m
[1;32muart:~$ [m[8D[J[00:00:18.737,000] [0m<inf> chip: [ZCL]Boot reason: 1[0m
[1;32muart:~$ [m[8D[J[00:00:18.738,000] [0m<inf> chip: [ZCL]Endpoint 3 On/off already set to new value[0m
[1;32muart:~$ [m[8D[J[1;32muart:~$ [m[8D[J[1;32muart:~$ [m[8D[J[00:00:18.793,000] [0m<inf> chip: [ZCL]Boot reason: 1[0m
[1;32muart:~$ [m[8D[J[00:00:18.799,000] [0m<inf> chip: [ZCL]Endpoint 4 On/off already set to new value[0m
[1;32muart:~$ [m[8D[J[00:00:18.872,000] [0m<dbg> chip.LogV: [EVL]LogEvent event number: 0x0000000000150000 priority: 2, endpoint id:  0x0 cluster id: 0x0000_0033 event id: 0x3 Sys timestamp: 0x0000000000002020[0m
[1;32muart:~$ [m[8D[J[00:00:19.767,000] [0m<inf> chip: [DMG]AccessControlCluster: initializing[0m
[1;32muart:~$ [m[8D[J[00:00:19.769,000] [0m<inf> chip: [DIS]Updating services using commissioning mode 0[0m
[1;32muart:~$ [m[8D[J[00:00:19.770,000] [1;31m<err> chip: [DIS]DNS-SD advertising not available. DNS-SD init disabled.[0m
[1;32muart:~$ [m[8D[J[00:00:19.770,000] [1;31m<err> chip: [DIS]Failed to initialize advertiser: 2d[0m
[1;32muart:~$ [m[8D[J[00:00:19.771,000] [1;31m<err> chip: [DIS]DNS-SD advertising not available. Removing services failed.[0m
[1;32muart:~$ [m[8D[J[00:00:19.772,000] [1;31m<err> chip: [DIS]Failed to remove advertised services: 2d[0m
[1;32muart:~$ [m[8D[J[00:00:19.772,000] [1;31m<err> chip: [DIS]DNS-SD advertising not available. Finalizing service update failed.[0m
[1;32muart:~$ [m[8D[J[00:00:19.803,000] [1;31m<err> chip: [DIS]Failed to finalize service update: 2d[0m
[1;32muart:~$ [m[8D[J[00:00:19.807,000] [0m<inf> chip: [IN]CASE Server enabling CASE session setups[0m
[1;32muart:~$ [m[8D[J[00:00:19.825,000] [0m<dbg> chip.LogV: [IN]SecureSession[0x70001540]: Allocated Type:2 LSID:20481[0m
[1;32muart:~$ [m[8D[J[00:00:19.833,000] [0m<dbg> chip.LogV: [SC]Allocated SecureSession (0x70001540) - waiting for Sigma1 msg[0m
[1;32muart:~$ [m[8D[J[00:00:19.837,000] [0m<inf> chip: [SVR]Joining Multicast groups[0m
[1;32muart:~$ [m[8D[J[00:00:19.847,000] [0m<dbg> chip.LogV: [ZCL]Emitting StartUp event[0m
[1;32muart:~$ [m[8D[J[00:00:19.887,000] [0m<dbg> chip.LogV: [EVL]LogEvent event number: 0x0000000000150001 priority: 2, endpoint id:  0x0 cluster id: 0x0000_0028 event id: 0x0 Sys timestamp: 0x00000000000023F4[0m
[1;32muart:~$ [m[8D[J[00:00:19.891,000] [0m<inf> chip: [SVR]Server initialization complete[0m
[1;32muart:~$ [m[8D[J[00:00:19.901,000] [0m<inf> chip: [SVR]Server Listening...[0m
[1;32muart:~$ [m[8D[J[00:00:19.902,000] [0m<inf> matter: Matter stack initialized[0m
[1;32muart:~$ [m[8D[J[00:00:19.915,000] [0m<inf> matter: Matter event loop started[0m
[1;32muart:~$ [m[8D[J[00:00:19.916,000] [0m<inf> matter_event_loop: Init io_to_matter_stream[0m
[1;32muart:~$ [m[8D[J[00:00:19.920,000] [0m<inf> matter_event_loop: Start io_to_matter_stream[0m
[1;32muart:~$ [m[8D[J[00:00:19.925,000] [0m<inf> chip: [DL]CHIP task running[0m
[1;32muart:~$ [m[8D[J[1;32muart:~$ [m[8D[J[1;32muart:~$ [mkernel uptime
Uptime: 39356 ms
[1;32muart:~$ [mnet iface
Hostname: zephyr000000000000
Default interface: 1


Interface eth0 (0x20002c90) (Ethernet) [1]
===================================
Link addr : 80:34:28:10:12:73
MTU       : 1500
Flags     : AUTO_START,IPv4,IPv6
Device    : ETH_W5500 (0x20de594)
Status    : oper=UP, admin=UP, carrier=ON
Ethernet capabilities supported:
	10 Mbits
	100 Mbits
Ethernet PHY device: ETH_W5500_phy (0x20de5b4)
Ethernet link speed: 100 Mbits full-duplex
IPv6 unicast addresses (max 2):
	fe80::8234:28ff:fe10:1273 autoconf preferred infinite
	fd27:e0cb:e5e8:8374:8234:28ff:fe10:1273 autoconf preferred
IPv6 multicast addresses (max 3):
	ff02::1
	ff02::1:ff10:1273
IPv6 prefixes (max 2):
	fd27:e0cb:e5e8:8374::/64
IPv6 hop limit           : 64
IPv6 base reachable time : 30000
IPv6 reachable time      : 34437
IPv6 retransmit timer    : 0
DHCPv6 state             : disabled
IPv4 unicast addresses (max 1):
	192.168.88.14/255.255.255.0 DHCP preferred
IPv4 multicast addresses (max 1):
	<none>
IPv4 gateway : 192.168.88.1
DHCPv4 lease time : 600
DHCPv4 renew time : 300
DHCPv4 server     : 192.168.88.1
DHCPv4 requested  : 192.168.88.14
DHCPv4 state      : bound
DHCPv4 attempts   : 1
DHCPv4 state      : bound

Interface wlan0 (0x20002dc8) (WiFi) [2]
===============================
[1;32mInterface is down.
[m[1;32muart:~$ [mwifi scan

Num  | SSID                             (len) | Chan (Band)   | RSSI | Security             | BSSID             | MFP     
1    | k2                               3     | 2    (2.4GHz) | -54  | WPA3-SAE-HNP         | D4:01:C3:A0:60:28 | Disable 
2    | dupamxixi                        10    | 6    (2.4GHz) | -61  | WPA3-SAE-HNP         | A6:AD:9F:3D:C3:04 | Disable 
3    | dupamxixi_IoT                    14    | 6    (2.4GHz) | -63  | WPA2-PSK             | AA:AD:9F:3D:C3:04 | Disable 
4    | Vivacom_FiberNet-769F            22    | 11   (2.4GHz) | -63  | WPA2-PSK             | 4E:D6:29:45:76:A8 | Disable 
Scan request done
Scan requested
[1;32muart:~$ [mdevmem 0x42020014
Using data width 32
Read value 0x120
[1;32muart:~$ [mdevmem 0x42020814
Using data width 32
Read value 0xf1
[1;32muart:~$ [mdevmem 0x42020814
Using data width 32
Read value 0xf1
[1;32muart:~$ [m[8D[J[00:00:50.271,000] [0m<inf> REST_API_relays_state: GET /api/relays/state[0m
[1;32muart:~$ [m[8D[J[00:00:50.272,000] [0m<dbg> REST_API_relays_state.relays_state_handler: GET /api/relays/state: {"relay1": false, "relay2": false, "relay3": false, "relay4": false }[0m
[1;32muart:~$ [m[8D[J[00:00:50.279,000] [0m<inf> REST_API_relays_state: GET /api/relays/state[0m
[1;32muart:~$ [m[8D[J[00:00:50.279,000] [0m<dbg> REST_API_relays_state.relays_state_handler: GET /api/relays/state: {"relay1": false, "relay2": false, "relay3": false, "relay4": false }[0m
[1;32muart:~$ [m[8D[J[1;32muart:~$ [m[8D[J[1;32muart:~$ [mdevmem 0x42020414
Using data width 32
Read value 0x1104
[1;32muart:~$ [mI: Detected ESP-PSRAM64H (ID D 5D 46 A0 2F)
I: PSRAM initialised in QPI mode, 8192 KB
*** Using Zephyr OS build v4.4.0-12983-gb6a5e6e8aa90 ***
I: Starting bootloader
I: ICACHE alias: 0x02000000 -> 0x90000000 (4MB)
I: 0x90000000..0x9000001F:
I: 3d b8 f3 96 0 0 0 0 0 4 0 0 38 53 11 0
I: 0 0 0 0 0 0 0 0 0 0 0 0 0 0 0 0
I: Alias[0x02000000..0x0200001F]:
I: 3d b8 f3 96 0 0 0 0 0 4 0 0 38 53 11 0
I: 0 0 0 0 0 0 0 0 0 0 0 0 0 0 0 0
I: PSRAM 0x70000000..0x7000001F:
I: 38 f1 f 2 30 bb 1 70 98 d9 f 2 fc c 0 70
I: fc d8 f 2 80 d9 f 2 0 0 0 0 1c 7d 10 2
I: PSRAM write/read: PASS
I: Primary image: magic=good, swap_type=0x4, copy_done=0x1, image_ok=0x1
I: Scratch: magic=bad, swap_type=0x1, copy_done=0x2, image_ok=0x2
I: Boot source: none
I: Image index: 0, Swap type: none
I: Bootloader chainload address offset: 0x0
I: Image version: v0.0.0
I: Jumping to the first image slot
[m
[1;32muart:~$ [m[8D[J[00:00:00.842,000] [0m<inf> esp_hosted_mcu_core: coprocessor priv event 34[0m
[1;32muart:~$ [m[8D[J[00:00:00.846,000] [0m<inf> esp_hosted_mcu_core: coprocessor firmware v3.0.6[0m
[1;32muart:~$ [m[8D[J[00:00:00.846,000] [1;31m<err> mb85rsxx: invalid device ID: 04 7F 03 02[0m
[1;32muart:~$ [m[8D[J[00:00:00.846,000] [1;31m<err> mb85rsxx: Failed to initialize device, RDID check failed (err -5)[0m
[1;32muart:~$ [m[8D[J[00:00:00.846,000] [0m<inf> eth_w5500: ETH_W5500: interrupt mode[0m
[1;32muart:~$ [m[8D[J[00:00:00.854,000] [0m<inf> eth_w5500: W5500 Initialized[0m
[1;32muart:~$ [m[8D[J[00:00:00.855,000] [0m<inf> spi_nor: SPI_FLASH: SFDP v 1.0 AP ff with 1 PH[0m
[1;32muart:~$ [m[8D[J[00:00:00.855,000] [0m<inf> spi_nor: PH0: ff00 rev 1.0: 9 DW @ 80[0m
[1;32muart:~$ [m[8D[J[00:00:00.855,000] [0m<inf> spi_nor: SPI_FLASH: 16 MiBy flash[0m
[1;32muart:~$ [m[8D[J[00:00:01.353,000] [1;31m<err> net_ethernet: Invalid MAC address for iface 1 (0x20002c90)[0m
[1;32muart:~$ [m[8D[J[00:00:01.354,000] [0m<inf> littlefs: LittleFS version 2.11, disk version 2.1[0m
[1;32muart:~$ [m[8D[J[00:00:01.355,000] [0m<inf> littlefs: FS at SPI_FLASH:0xa00000 is 1280 0x1000-byte blocks with 1024 cycle[0m
[1;32muart:~$ [m[8D[J[00:00:01.355,000] [0m<inf> littlefs: partition sizes: rd 256 ; pr 256 ; ca 2048 ; la 256[0m
[1;32muart:~$ [m[8D[J*** Booting Zephyr OS build v4.4.0-12983-gb6a5e6e8aa90 ***
[1;32muart:~$ [m[8D[J[00:00:01.422,000] [0m<inf> shell_telnet: Telnet shell backend initialized[0m
[1;32muart:~$ [m[8D[J[00:00:01.423,000] [0m<inf> main_app: Start main app (build: Sep 12 2026 21:56:16) version 8[0m
[1;32muart:~$ [m[8D[J[00:00:01.423,000] [0m<inf> main_app: PSRAM @0x701aa890: write/read 1024 words OK[0m
[1;32muart:~$ [m[8D[J[00:00:01.647,000] [0m<inf> settings_registry: 0 keys registered, 0 rejected[0m
[1;32muart:~$ [m[8D[J[00:00:01.647,000] [0m<inf> io: Start io init[0m
[1;32muart:~$ [m[8D[J[00:00:02.672,000] [0m<inf> net_init: EEPROM MAC: 80:34:28:10:12:73[0m
[1;32muart:~$ [m[8D[J[00:00:02.673,000] [0m<inf> eth_w5500: ETH_W5500 MAC set to 80:34:28:10:12:73[0m
[1;32muart:~$ [m[8D[J[00:00:02.673,000] [0m<inf> net_init: Network interface up with MAC 80:34:28:10:12:73[0m
[1;32muart:~$ [m[8D[J[00:00:02.679,000] [0m<inf> io: Start io outputs task[0m
[1;32muart:~$ [m[8D[J[1;32muart:~$ [m[8D[J[1;32muart:~$ [m[8D[J[00:00:02.853,000] [0m<inf> eth_w5500: ETH_W5500: Link speed 100 Mb, full duplex[0m
[1;32muart:~$ [m[8D[J[00:00:02.872,000] [0m<inf> matter: Net callback IPv6 got, start matter after 5 sec[0m
[1;32muart:~$ [m[8D[J[00:00:02.881,000] [1;33m<wrn> net_dhcpv4: DHCP server provided more DNS servers than can be saved[0m
[1;32muart:~$ [m[8D[J[00:00:02.895,000] [1;33m<wrn> net_dhcpv4: DHCP server provided more DNS servers than can be saved[0m
[1;32muart:~$ [m[8D[J[00:00:02.896,000] [0m<inf> net_dhcpv4: Received: 192.168.88.14[0m
[1;32muart:~$ [m[8D[J[1;32muart:~$ [m[8D[J[1;32muart:~$ [m[8D[J[00:00:07.876,000] [0m<inf> matter: Net callback IPv6 got, start matter after 5 sec[0m
[1;32muart:~$ [m[8D[J[00:00:07.877,000] [0m<inf> matter: Init CHIP stack[0m
[1;32muart:~$ [m[8D[J[1;32muart:~$ [m[8D[J[1;32muart:~$ [m[8D[J[00:00:09.553,000] [0m<inf> chip: [SVR]Initializing session resumption storage...[0m
[1;32muart:~$ [m[8D[J[00:00:09.554,000] [0m<inf> chip: [SVR]Server initializing...[0m
[1;32muart:~$ [m[8D[J[00:00:09.555,000] [0m<dbg> chip.LogV: [FP]Initializing FabricTable from persistent storage[0m
[1;32muart:~$ [m[8D[J[00:00:10.019,000] [0m<inf> chip: [TS]Last Known Good Time: 2023-10-14T01:16:48[0m
[1;32muart:~$ [m[8D[J[1;32muart:~$ [m[8D[J[1;32muart:~$ [m[8D[J[00:00:10.970,000] [0m<inf> chip: [DMG]AccessControl: initializing[0m
[1;32muart:~$ [m[8D[J[00:00:10.971,000] [0m<inf> chip: [DMG]Examples::AccessControlDelegate::Init[0m
[1;32muart:~$ [m[8D[J[00:00:10.971,000] [0m<inf> chip: [DMG]AccessControl: setting[0m
[1;32muart:~$ [m[8D[J[00:00:10.972,000] [0m<inf> chip: [DMG]DefaultAclStorage: initializing[0m
[1;32muart:~$ [m[8D[J[00:00:10.972,000] [0m<inf> chip: [DMG]DefaultAclStorage: 0 entries loaded[0m
[1;32muart:~$ [m[8D[J[00:00:10.973,000] [0m<inf> chip: [SVR]WARNING: mTestEventTriggerDelegate is null[0m
[1;32muart:~$ [m[8D[J[00:00:10.974,000] [0m<dbg> chip.LogV: [IN]UDP::Init bind&listen port=5540[0m
[1;32muart:~$ [m[8D[J[00:00:10.977,000] [0m<dbg> chip.LogV: [IN]UDP::Init bound to port=5540[0m
[1;32muart:~$ [m[8D[J[00:00:10.977,000] [0m<dbg> chip.LogV: [IN]TransportMgr initialized[0m
[1;32muart:~$ [m[8D[J[1;32muart:~$ [m[8D[J[1;32muart:~$ [m[8D[J[00:00:12.877,000] [0m<inf> matter: Matter start work already submitted[0m
[1;32muart:~$ [m[8D[J[00:00:13.360,000] [0m<inf> chip: [ZCL]Using ZAP configuration...[0m
[1;32muart:~$ [m[8D[J[00:00:13.842,000] [0m<dbg> chip.LogV: [DMG]Failed to read stored attribute (1, 0x0000_0006, 0x0000_0000: a0[0m
[1;32muart:~$ [m[8D[J[1;32muart:~$ [m[8D[J[1;32muart:~$ [m[8D[J[00:00:14.358,000] [0m<dbg> chip.LogV: [DMG]Failed to read stored attribute (1, 0x0000_0006, 0x0000_4003: a0[0m
[1;32muart:~$ [m[8D[J[00:00:14.836,000] [0m<dbg> chip.LogV: [DMG]Failed to read stored attribute (2, 0x0000_0006, 0x0000_0000: a0[0m
[1;32muart:~$ [m[8D[J[00:00:15.314,000] [0m<dbg> chip.LogV: [DMG]Failed to read stored attribute (2, 0x0000_0006, 0x0000_4003: a0[0m
[1;32muart:~$ [m[8D[J[1;32muart:~$ [m[8D[J[1;32muart:~$ [m[8D[J[00:00:15.832,000] [0m<dbg> chip.LogV: [DMG]Failed to read stored attribute (3, 0x0000_0006, 0x0000_0000: a0[0m
[1;32muart:~$ [m[8D[J[00:00:16.310,000] [0m<dbg> chip.LogV: [DMG]Failed to read stored attribute (3, 0x0000_0006, 0x0000_4003: a0[0m
[1;32muart:~$ [m[8D[J[00:00:16.789,000] [0m<dbg> chip.LogV: [DMG]Failed to read stored attribute (4, 0x0000_0006, 0x0000_0000: a0[0m
[1;32muart:~$ [m[8D[J[1;32muart:~$ [m[8D[J[1;32muart:~$ [m[8D[J[00:00:17.312,000] [0m<dbg> chip.LogV: [DMG]Failed to read stored attribute (4, 0x0000_0006, 0x0000_4003: a0[0m
[1;32muart:~$ [m[8D[J[00:00:17.318,000] [0m<dbg> chip.LogV: [DL]Boot reason: 1[0m
[1;32muart:~$ [m[8D[J[00:00:17.322,000] [0m<inf> chip: [ZCL]Boot reason: 1[0m
[1;32muart:~$ [m[8D[J[00:00:17.322,000] [0m<inf> chip: [ZCL]Endpoint 1 On/off already set to new value[0m
[1;32muart:~$ [m[8D[J[00:00:17.324,000] [0m<inf> chip: [ZCL]Boot reason: 1[0m
[1;32muart:~$ [m[8D[J[00:00:17.325,000] [0m<inf> chip: [ZCL]Endpoint 2 On/off already set to new value[0m
[1;32muart:~$ [m[8D[J[00:00:17.327,000] [0m<inf> chip: [ZCL]Boot reason: 1[0m
[1;32muart:~$ [m[8D[J[00:00:17.327,000] [0m<inf> chip: [ZCL]Endpoint 3 On/off already set to new value[0m
[1;32muart:~$ [m[8D[J[00:00:17.329,000] [0m<inf> chip: [ZCL]Boot reason: 1[0m
[1;32muart:~$ [m[8D[J[00:00:17.330,000] [0m<inf> chip: [ZCL]Endpoint 4 On/off already set to new value[0m
[1;32muart:~$ [m[8D[J[1;32muart:~$ [m[8D[J[1;32muart:~$ [m[8D[J[00:00:17.453,000] [0m<dbg> chip.LogV: [EVL]LogEvent event number: 0x0000000000160000 priority: 2, endpoint id:  0x0 cluster id: 0x0000_0033 event id: 0x3 Sys timestamp: 0x0000000000001ED8[0m
[1;32muart:~$ [m[8D[J[00:00:18.399,000] [0m<inf> chip: [DMG]AccessControlCluster: initializing[0m
[1;32muart:~$ [m[8D[J[00:00:18.401,000] [0m<inf> chip: [DIS]Updating services using commissioning mode 0[0m
[1;32muart:~$ [m[8D[J[00:00:18.402,000] [1;31m<err> chip: [DIS]DNS-SD advertising not available. DNS-SD init disabled.[0m
[1;32muart:~$ [m[8D[J[00:00:18.402,000] [1;31m<err> chip: [DIS]Failed to initialize advertiser: 2d[0m
[1;32muart:~$ [m[8D[J[00:00:18.403,000] [1;31m<err> chip: [DIS]DNS-SD advertising not available. Removing services failed.[0m
[1;32muart:~$ [m[8D[J[00:00:18.403,000] [1;31m<err> chip: [DIS]Failed to remove advertised services: 2d[0m
[1;32muart:~$ [m[8D[J[00:00:18.404,000] [1;31m<err> chip: [DIS]DNS-SD advertising not available. Finalizing service update failed.[0m
[1;32muart:~$ [m[8D[J[00:00:18.404,000] [1;31m<err> chip: [DIS]Failed to finalize service update: 2d[0m
[1;32muart:~$ [m[8D[J[00:00:18.405,000] [0m<inf> chip: [IN]CASE Server enabling CASE session setups[0m
[1;32muart:~$ [m[8D[J[00:00:18.441,000] [0m<dbg> chip.LogV: [IN]SecureSession[0x70001540]: Allocated Type:2 LSID:31976[0m
[1;32muart:~$ [m[8D[J[00:00:18.448,000] [0m<dbg> chip.LogV: [SC]Allocated SecureSession (0x70001540) - waiting for Sigma1 msg[0m
[1;32muart:~$ [m[8D[J[00:00:18.457,000] [0m<inf> chip: [SVR]Joining Multicast groups[0m
[1;32muart:~$ [m[8D[J[00:00:18.462,000] [0m<dbg> chip.LogV: [ZCL]Emitting StartUp event[0m
[1;32muart:~$ [m[8D[J[00:00:18.502,000] [0m<dbg> chip.LogV: [EVL]LogEvent event number: 0x0000000000160001 priority: 2, endpoint id:  0x0 cluster id: 0x0000_0028 event id: 0x0 Sys timestamp: 0x00000000000022CC[0m
[1;32muart:~$ [m[8D[J[00:00:18.511,000] [0m<inf> chip: [SVR]Server initialization complete[0m
[1;32muart:~$ [m[8D[J[00:00:18.516,000] [0m<inf> chip: [SVR]Server Listening...[0m
[1;32muart:~$ [m[8D[J[00:00:18.517,000] [0m<inf> matter: Matter stack initialized[0m
[1;32muart:~$ [m[8D[J[00:00:18.530,000] [0m<inf> matter: Matter event loop started[0m
[1;32muart:~$ [m[8D[J[00:00:18.532,000] [0m<inf> matter_event_loop: Init io_to_matter_stream[0m
[1;32muart:~$ [m[8D[J[00:00:18.536,000] [0m<inf> matter_event_loop: Start io_to_matter_stream[0m
[1;32muart:~$ [m[8D[J[00:00:18.540,000] [0m<inf> chip: [DL]CHIP task running[0m
[1;32muart:~$ [m[8D[J[1;32muart:~$ [m[8D[J[1;32muart:~$ [mkernel uptime
Uptime: 39348 ms
[1;32muart:~$ [mnet iface
Hostname: zephyr000000000000
Default interface: 1


Interface eth0 (0x20002c90) (Ethernet) [1]
===================================
Link addr : 80:34:28:10:12:73
MTU       : 1500
Flags     : AUTO_START,IPv4,IPv6
Device    : ETH_W5500 (0x20de594)
Status    : oper=UP, admin=UP, carrier=ON
Ethernet capabilities supported:
	10 Mbits
	100 Mbits
Ethernet PHY device: ETH_W5500_phy (0x20de5b4)
Ethernet link speed: 100 Mbits full-duplex
IPv6 unicast addresses (max 2):
	fe80::8234:28ff:fe10:1273 autoconf preferred infinite
	fd27:e0cb:e5e8:8374:8234:28ff:fe10:1273 autoconf preferred
IPv6 multicast addresses (max 3):
	ff02::1
	ff02::1:ff10:1273
IPv6 prefixes (max 2):
	fd27:e0cb:e5e8:8374::/64
IPv6 hop limit           : 64
IPv6 base reachable time : 30000
IPv6 reachable time      : 19162
IPv6 retransmit timer    : 0
DHCPv6 state             : disabled
IPv4 unicast addresses (max 1):
	192.168.88.14/255.255.255.0 DHCP preferred
IPv4 multicast addresses (max 1):
	<none>
IPv4 gateway : 192.168.88.1
DHCPv4 lease time : 600
DHCPv4 renew time : 300
DHCPv4 server     : 192.168.88.1
DHCPv4 requested  : 192.168.88.14
DHCPv4 state      : bound
DHCPv4 attempts   : 1
DHCPv4 state      : bound

Interface wlan0 (0x20002dc8) (WiFi) [2]
===============================
[1;32mInterface is down.
[m[1;32muart:~$ [mwifi scan

Num  | SSID                             (len) | Chan (Band)   | RSSI | Security             | BSSID             | MFP     
1    | k2                               3     | 2    (2.4GHz) | -54  | WPA3-SAE-HNP         | D4:01:C3:A0:60:28 | Disable 
2    | dupamxixi                        10    | 6    (2.4GHz) | -59  | WPA3-SAE-HNP         | A6:AD:9F:3D:C3:04 | Disable 
3    | A1_580A                          8     | 3    (2.4GHz) | -62  | WPA2-PSK             | 64:85:05:82:58:09 | Disable 
4    | dupamxixi_IoT                    14    | 6    (2.4GHz) | -62  | WPA2-PSK             | AA:AD:9F:3D:C3:04 | Disable 
5    | Vivacom_FiberNet-769F            22    | 11   (2.4GHz) | -64  | WPA2-PSK             | 4E:D6:29:45:76:A8 | Disable 
6    | A1_732F                          8     | 1    (2.4GHz) | -65  | WPA2-PSK             | 70:54:F5:78:73:37 | Disable 
Scan request done
Scan requested
[1;32muart:~$ [mdevmem 0x42020014
Using data width 32
Read value 0x120
[1;32muart:~$ [mdevmem 0x42020814
Using data width 32
Read value 0xf1
[1;32muart:~$ [mdevmem 0x42020814
Using data width 32
Read value 0xf1
[1;32muart:~$ [m[8D[J[00:00:50.371,000] [0m<inf> REST_API_relays_state: GET /api/relays/state[0m
[1;32muart:~$ [m[8D[J[00:00:50.372,000] [0m<dbg> REST_API_relays_state.relays_state_handler: GET /api/relays/state: {"relay1": false, "relay2": false, "relay3": false, "relay4": false }[0m
[1;32muart:~$ [m[8D[J[00:00:50.378,000] [0m<inf> REST_API_relays_state: GET /api/relays/state[0m
[1;32muart:~$ [m[8D[J[00:00:50.379,000] [0m<dbg> REST_API_relays_state.relays_state_handler: GET /api/relays/state: {"relay1": false, "relay2": false, "relay3": false, "relay4": false }[0m
[1;32muart:~$ [m[8D[J[1;32muart:~$ [m[8D[J[1;32muart:~$ [mdevmem 0x42020414
Using data width 32
Read value 0x1104
[1;32muart:~$ [mI: Detected ESP-PSRAM64H (ID D 5D 46 A0 2F)
I: PSRAM initialised in QPI mode, 8192 KB
*** Using Zephyr OS build v4.4.0-12983-gb6a5e6e8aa90 ***
I: Starting bootloader
I: ICACHE alias: 0x02000000 -> 0x90000000 (4MB)
I: 0x90000000..0x9000001F:
I: 3d b8 f3 96 0 0 0 0 0 4 0 0 38 53 11 0
I: 0 0 0 0 0 0 0 0 0 0 0 0 0 0 0 0
I: Alias[0x02000000..0x0200001F]:
I: 3d b8 f3 96 0 0 0 0 0 4 0 0 38 53 11 0
I: 0 0 0 0 0 0 0 0 0 0 0 0 0 0 0 0
I: PSRAM 0x70000000..0x7000001F:
I: 38 f1 f 2 30 bb 1 70 98 d9 f 2 fc c 0 70
I: fc d8 f 2 80 d9 f 2 0 0 0 0 1c 7d 10 2
I: PSRAM write/read: PASS
I: Primary image: magic=good, swap_type=0x4, copy_done=0x1, image_ok=0x1
I: Scratch: magic=bad, swap_type=0x1, copy_done=0x2, image_ok=0x2
I: Boot source: none
I: Image index: 0, Swap type: none
I: Bootloader chainload address offset: 0x0
I: Image version: v0.0.0
I: Jumping to the first image slot
[m
[1;32muart:~$ [m[8D[J[00:00:00.842,000] [0m<inf> esp_hosted_mcu_core: coprocessor priv event 34[0m
[1;32muart:~$ [m[8D[J[00:00:00.846,000] [0m<inf> esp_hosted_mcu_core: coprocessor firmware v3.0.6[0m
[1;32muart:~$ [m[8D[J[00:00:00.846,000] [1;31m<err> mb85rsxx: invalid device ID: 04 7F 03 02[0m
[1;32muart:~$ [m[8D[J[00:00:00.846,000] [1;31m<err> mb85rsxx: Failed to initialize device, RDID check failed (err -5)[0m
[1;32muart:~$ [m[8D[J[00:00:00.846,000] [0m<inf> eth_w5500: ETH_W5500: interrupt mode[0m
[1;32muart:~$ [m[8D[J[00:00:00.854,000] [0m<inf> eth_w5500: W5500 Initialized[0m
[1;32muart:~$ [m[8D[J[00:00:00.855,000] [0m<inf> spi_nor: SPI_FLASH: SFDP v 1.0 AP ff with 1 PH[0m
[1;32muart:~$ [m[8D[J[00:00:00.855,000] [0m<inf> spi_nor: PH0: ff00 rev 1.0: 9 DW @ 80[0m
[1;32muart:~$ [m[8D[J[00:00:00.855,000] [0m<inf> spi_nor: SPI_FLASH: 16 MiBy flash[0m
[1;32muart:~$ [m[8D[J[00:00:01.352,000] [1;31m<err> net_ethernet: Invalid MAC address for iface 1 (0x20002c90)[0m
[1;32muart:~$ [m[8D[J[00:00:01.352,000] [0m<inf> littlefs: LittleFS version 2.11, disk version 2.1[0m
[1;32muart:~$ [m[8D[J[00:00:01.354,000] [0m<inf> littlefs: FS at SPI_FLASH:0xa00000 is 1280 0x1000-byte blocks with 1024 cycle[0m
[1;32muart:~$ [m[8D[J[00:00:01.354,000] [0m<inf> littlefs: partition sizes: rd 256 ; pr 256 ; ca 2048 ; la 256[0m
[1;32muart:~$ [m[8D[J*** Booting Zephyr OS build v4.4.0-12983-gb6a5e6e8aa90 ***
[1;32muart:~$ [m[8D[J[00:00:01.421,000] [0m<inf> shell_telnet: Telnet shell backend initialized[0m
[1;32muart:~$ [m[8D[J[00:00:01.421,000] [0m<inf> main_app: Start main app (build: Sep 12 2026 21:56:16) version 8[0m
[1;32muart:~$ [m[8D[J[00:00:01.422,000] [0m<inf> main_app: PSRAM @0x701aa890: write/read 1024 words OK[0m
[1;32muart:~$ [m[8D[J[00:00:01.657,000] [0m<inf> settings_registry: 0 keys registered, 0 rejected[0m
[1;32muart:~$ [m[8D[J[00:00:01.657,000] [0m<inf> io: Start io init[0m
[1;32muart:~$ [m[8D[J[00:00:02.351,000] [0m<inf> eth_w5500: ETH_W5500: Link speed 100 Mb, full duplex[0m
[1;32muart:~$ [m[8D[J[00:00:02.742,000] [0m<inf> net_init: EEPROM MAC: 80:34:28:10:12:73[0m
[1;32muart:~$ [m[8D[J[00:00:02.743,000] [0m<inf> eth_w5500: ETH_W5500 MAC set to 80:34:28:10:12:73[0m
[1;32muart:~$ [m[8D[J[00:00:02.743,000] [0m<inf> net_init: Network interface up with MAC 80:34:28:10:12:73[0m
[1;32muart:~$ [m[8D[J[00:00:02.757,000] [0m<inf> matter: Net callback IPv6 got, start matter after 5 sec[0m
[1;32muart:~$ [m[8D[J[00:00:02.762,000] [0m<inf> io: Start io outputs task[0m
[1;32muart:~$ [m[8D[J[1;32muart:~$ [m[8D[J[1;32muart:~$ [m[8D[J[00:00:07.761,000] [0m<inf> matter: Net callback IPv6 got, start matter after 5 sec[0m
[1;32muart:~$ [m[8D[J[00:00:07.766,000] [0m<inf> matter: Init CHIP stack[0m
[1;32muart:~$ [m[8D[J[1;32muart:~$ [m[8D[J[1;32muart:~$ [m[8D[J[00:00:09.548,000] [0m<inf> chip: [SVR]Initializing session resumption storage...[0m
[1;32muart:~$ [m[8D[J[00:00:09.550,000] [0m<inf> chip: [SVR]Server initializing...[0m
[1;32muart:~$ [m[8D[J[00:00:09.550,000] [0m<dbg> chip.LogV: [FP]Initializing FabricTable from persistent storage[0m
[1;32muart:~$ [m[8D[J[00:00:09.772,000] [1;33m<wrn> net_dhcpv4: DHCP server provided more DNS servers than can be saved[0m
[1;32muart:~$ [m[8D[J[00:00:09.786,000] [1;33m<wrn> net_dhcpv4: DHCP server provided more DNS servers than can be saved[0m
[1;32muart:~$ [m[8D[J[00:00:09.787,000] [0m<inf> net_dhcpv4: Received: 192.168.88.14[0m
[1;32muart:~$ [m[8D[J[00:00:10.054,000] [0m<inf> chip: [TS]Last Known Good Time: 2023-10-14T01:16:48[0m
[1;32muart:~$ [m[8D[J[1;32muart:~$ [m[8D[J[1;32muart:~$ [m[8D[J[00:00:11.086,000] [0m<inf> chip: [DMG]AccessControl: initializing[0m
[1;32muart:~$ [m[8D[J[00:00:11.087,000] [0m<inf> chip: [DMG]Examples::AccessControlDelegate::Init[0m
[1;32muart:~$ [m[8D[J[00:00:11.088,000] [0m<inf> chip: [DMG]AccessControl: setting[0m
[1;32muart:~$ [m[8D[J[00:00:11.088,000] [0m<inf> chip: [DMG]DefaultAclStorage: initializing[0m
[1;32muart:~$ [m[8D[J[00:00:11.089,000] [0m<inf> chip: [DMG]DefaultAclStorage: 0 entries loaded[0m
[1;32muart:~$ [m[8D[J[00:00:11.089,000] [0m<inf> chip: [SVR]WARNING: mTestEventTriggerDelegate is null[0m
[1;32muart:~$ [m[8D[J[00:00:11.090,000] [0m<dbg> chip.LogV: [IN]UDP::Init bind&listen port=5540[0m
[1;32muart:~$ [m[8D[J[00:00:11.093,000] [0m<dbg> chip.LogV: [IN]UDP::Init bound to port=5540[0m
[1;32muart:~$ [m[8D[J[00:00:11.094,000] [0m<dbg> chip.LogV: [IN]TransportMgr initialized[0m
[1;32muart:~$ [m[8D[J[00:00:13.957,000] [0m<inf> matter: Matter start work already submitted[0m
[1;32muart:~$ [m[8D[J[1;32muart:~$ [m[8D[J[1;32muart:~$ [m[8D[J[00:00:16.371,000] [0m<inf> chip: [ZCL]Using ZAP configuration...[0m
[1;32muart:~$ [m[8D[J[00:00:17.037,000] [0m<dbg> chip.LogV: [DMG]Failed to read stored attribute (1, 0x0000_0006, 0x0000_0000: a0[0m
[1;32muart:~$ [m[8D[J[1;32muart:~$ [m[8D[J[1;32muart:~$ [m[8D[J[00:00:17.728,000] [0m<dbg> chip.LogV: [DMG]Failed to read stored attribute (1, 0x0000_0006, 0x0000_4003: a0[0m
[1;32muart:~$ [m[8D[J[00:00:18.395,000] [0m<dbg> chip.LogV: [DMG]Failed to read stored attribute (2, 0x0000_0006, 0x0000_0000: a0[0m
[1;32muart:~$ [m[8D[J[1;32muart:~$ [m[8D[J[1;32muart:~$ [m[8D[J[00:00:19.089,000] [0m<dbg> chip.LogV: [DMG]Failed to read stored attribute (2, 0x0000_0006, 0x0000_4003: a0[0m
[1;32muart:~$ [m[8D[J[00:00:19.752,000] [0m<dbg> chip.LogV: [DMG]Failed to read stored attribute (3, 0x0000_0006, 0x0000_0000: a0[0m
[1;32muart:~$ [m[8D[J[1;32muart:~$ [m[8D[J[1;32muart:~$ [m[8D[J[00:00:20.446,000] [0m<dbg> chip.LogV: [DMG]Failed to read stored attribute (3, 0x0000_0006, 0x0000_4003: a0[0m
[1;32muart:~$ [m[8D[J[00:00:21.109,000] [0m<dbg> chip.LogV: [DMG]Failed to read stored attribute (4, 0x0000_0006, 0x0000_0000: a0[0m
[1;32muart:~$ [m[8D[J[1;32muart:~$ [m[8D[J[1;32muart:~$ [m[8D[J[00:00:21.803,000] [0m<dbg> chip.LogV: [DMG]Failed to read stored attribute (4, 0x0000_0006, 0x0000_4003: a0[0m
[1;32muart:~$ [m[8D[J[00:00:21.808,000] [0m<dbg> chip.LogV: [DL]Boot reason: 1[0m
[1;32muart:~$ [m[8D[J[00:00:21.812,000] [0m<inf> chip: [ZCL]Boot reason: 1[0m
[1;32muart:~$ [m[8D[J[00:00:21.813,000] [0m<inf> chip: [ZCL]Endpoint 1 On/off already set to new value[0m
[1;32muart:~$ [m[8D[J[00:00:21.815,000] [0m<inf> chip: [ZCL]Boot reason: 1[0m
[1;32muart:~$ [m[8D[J[00:00:21.815,000] [0m<inf> chip: [ZCL]Endpoint 2 On/off already set to new value[0m
[1;32muart:~$ [m[8D[J[00:00:21.817,000] [0m<inf> chip: [ZCL]Boot reason: 1[0m
[1;32muart:~$ [m[8D[J[00:00:21.818,000] [0m<inf> chip: [ZCL]Endpoint 3 On/off already set to new value[0m
[1;32muart:~$ [m[8D[J[00:00:21.820,000] [0m<inf> chip: [ZCL]Boot reason: 1[0m
[1;32muart:~$ [m[8D[J[00:00:21.820,000] [0m<inf> chip: [ZCL]Endpoint 4 On/off already set to new value[0m
[1;32muart:~$ [m[8D[J[1;32muart:~$ [m[8D[J[1;32muart:~$ [m[8D[J[00:00:21.944,000] [0m<dbg> chip.LogV: [EVL]LogEvent event number: 0x0000000000170000 priority: 2, endpoint id:  0x0 cluster id: 0x0000_0033 event id: 0x3 Sys timestamp: 0x0000000000003066[0m
[1;32muart:~$ [m[8D[J[1;32muart:~$ [m[8D[J[00:00:23.288,000] [0m<inf> chip: [DMG]AccessControlCluster: initializing[0m
[1;32muart:~$ [m[8D[J[00:00:23.290,000] [0m<inf> chip: [DIS]Updating services using commissioning mode 0[0m
[1;32muart:~$ [m[8D[J[00:00:23.292,000] [1;31m<err> chip: [DIS]DNS-SD advertising not available. DNS-SD init disabled.[0m
[1;32muart:~$ [m[8D[J[00:00:23.292,000] [1;31m<err> chip: [DIS]Failed to initialize advertiser: 2d[0m
[1;32muart:~$ [m[8D[J[00:00:23.293,000] [1;31m<err> chip: [DIS]DNS-SD advertising not available. Removing services failed.[0m
[1;32muart:~$ [m[8D[J[00:00:23.293,000] [1;31m<err> chip: [DIS]Failed to remove advertised services: 2d[0m
[1;32muart:~$ [m[8D[J[00:00:23.294,000] [1;31m<err> chip: [DIS]DNS-SD advertising not available. Finalizing service update failed.[0m
[1;32muart:~$ [m[8D[J[00:00:23.294,000] [1;31m<err> chip: [DIS]Failed to finalize service update: 2d[0m
[1;32muart:~$ [m[8D[J[00:00:23.295,000] [0m<inf> chip: [IN]CASE Server enabling CASE session setups[0m
[1;32muart:~$ [m[8D[J[00:00:23.297,000] [0m<dbg> chip.LogV: [IN]SecureSession[0x70001540]: Allocated Type:2 LSID:32111[0m
[1;32muart:~$ [m[8D[J[00:00:23.325,000] [0m<dbg> chip.LogV: [SC]Allocated SecureSession (0x70001540) - waiting for Sigma1 msg[0m
[1;32muart:~$ [m[8D[J[00:00:23.329,000] [0m<inf> chip: [SVR]Joining Multicast groups[0m
[1;32muart:~$ [m[8D[J[00:00:23.343,000] [0m<dbg> chip.LogV: [ZCL]Emitting StartUp event[0m
[1;32muart:~$ [m[8D[J[00:00:23.382,000] [0m<dbg> chip.LogV: [EVL]LogEvent event number: 0x0000000000170001 priority: 2, endpoint id:  0x0 cluster id: 0x0000_0028 event id: 0x0 Sys timestamp: 0x00000000000035E2[0m
[1;32muart:~$ [m[8D[J[00:00:23.386,000] [0m<inf> chip: [SVR]Server initialization complete[0m
[1;32muart:~$ [m[8D[J[00:00:23.396,000] [0m<inf> chip: [SVR]Server Listening...[0m
[1;32muart:~$ [m[8D[J[00:00:23.397,000] [0m<inf> matter: Matter stack initialized[0m
[1;32muart:~$ [m[8D[J[00:00:23.407,000] [0m<inf> matter: Matter event loop started[0m
[1;32muart:~$ [m[8D[J[00:00:23.408,000] [0m<inf> matter_event_loop: Init io_to_matter_stream[0m
[1;32muart:~$ [m[8D[J[00:00:23.411,000] [0m<inf> matter_event_loop: Start io_to_matter_stream[0m
[1;32muart:~$ [m[8D[J[00:00:23.416,000] [0m<inf> chip: [DL]CHIP task running[0m
[1;32muart:~$ [m[8D[J[1;32muart:~$ [m[8D[J[1;32muart:~$ [mkernel uptime
Uptime: 39351 ms
[1;32muart:~$ [mnet iface
Hostname: zephyr000000000000
Default interface: 1


Interface eth0 (0x20002c90) (Ethernet) [1]
===================================
Link addr : 80:34:28:10:12:73
MTU       : 1500
Flags     : AUTO_START,IPv4,IPv6
Device    : ETH_W5500 (0x20de594)
Status    : oper=UP, admin=UP, carrier=ON
Ethernet capabilities supported:
	10 Mbits
	100 Mbits
Ethernet PHY device: ETH_W5500_phy (0x20de5b4)
Ethernet link speed: 100 Mbits full-duplex
IPv6 unicast addresses (max 2):
	fe80::8234:28ff:fe10:1273 autoconf preferred infinite
	fd27:e0cb:e5e8:8374:8234:28ff:fe10:1273 autoconf preferred
IPv6 multicast addresses (max 3):
	ff02::1
	ff02::1:ff10:1273
IPv6 prefixes (max 2):
	fd27:e0cb:e5e8:8374::/64
IPv6 hop limit           : 64
IPv6 base reachable time : 30000
IPv6 reachable time      : 23195
IPv6 retransmit timer    : 0
DHCPv6 state             : disabled
IPv4 unicast addresses (max 1):
	192.168.88.14/255.255.255.0 DHCP preferred
IPv4 multicast addresses (max 1):
	<none>
IPv4 gateway : 192.168.88.1
DHCPv4 lease time : 600
DHCPv4 renew time : 300
DHCPv4 server     : 192.168.88.1
DHCPv4 requested  : 192.168.88.14
DHCPv4 state      : bound
DHCPv4 attempts   : 1
DHCPv4 state      : bound

Interface wlan0 (0x20002dc8) (WiFi) [2]
===============================
[1;32mInterface is down.
[m[1;32muart:~$ [mwifi scan

Num  | SSID                             (len) | Chan (Band)   | RSSI | Security             | BSSID             | MFP     
1    | k2                               3     | 2    (2.4GHz) | -55  | WPA3-SAE-HNP         | D4:01:C3:A0:60:28 | Disable 
2    | dupamxixi                        10    | 6    (2.4GHz) | -58  | WPA3-SAE-HNP         | A6:AD:9F:3D:C3:04 | Disable 
3    | dupamxixi_IoT                    14    | 6    (2.4GHz) | -59  | WPA2-PSK             | AA:AD:9F:3D:C3:04 | Disable 
4    | A1_580A                          8     | 3    (2.4GHz) | -63  | WPA2-PSK             | 64:85:05:82:58:09 | Disable 
5    | Vivacom_FiberNet-769F            22    | 11   (2.4GHz) | -66  | WPA2-PSK             | 4E:D6:29:45:76:A8 | Disable 
6    | A1_732F                          8     | 1    (2.4GHz) | -67  | WPA2-PSK             | 70:54:F5:78:73:37 | Disable 
Scan request done
Scan requested
[1;32muart:~$ [mdevmem 0x42020014
Using data width 32
Read value 0x120
[1;32muart:~$ [mdevmem 0x42020814
Using data width 32
Read value 0xf1
[1;32muart:~$ [mdevmem 0x42020814
Using data width 32
Read value 0xf1
[1;32muart:~$ [m[8D[J[00:00:51.314,000] [0m<inf> REST_API_relays_state: GET /api/relays/state[0m
[1;32muart:~$ [m[8D[J[00:00:51.315,000] [0m<dbg> REST_API_relays_state.relays_state_handler: GET /api/relays/state: {"relay1": false, "relay2": false, "relay3": false, "relay4": false }[0m
[1;32muart:~$ [m[8D[J[00:00:51.321,000] [0m<inf> REST_API_relays_state: GET /api/relays/state[0m
[1;32muart:~$ [m[8D[J[00:00:51.322,000] [0m<dbg> REST_API_relays_state.relays_state_handler: GET /api/relays/state: {"relay1": false, "relay2": false, "relay3": false, "relay4": false }[0m
[1;32muart:~$ [m[8D[J[1;32muart:~$ [m[8D[J[1;32muart:~$ [mdevmem 0x42020414
Using data width 32
Read value 0x1104
[1;32muart:~$ [mI: Detected ESP-PSRAM64H (ID D 5D 46 A0 2F)
I: PSRAM initialised in QPI mode, 8192 KB
*** Using Zephyr OS build v4.4.0-12983-gb6a5e6e8aa90 ***
I: Starting bootloader
I: ICACHE alias: 0x02000000 -> 0x90000000 (4MB)
I: 0x90000000..0x9000001F:
I: 3d b8 f3 96 0 0 0 0 0 4 0 0 38 53 11 0
I: 0 0 0 0 0 0 0 0 0 0 0 0 0 0 0 0
I: Alias[0x02000000..0x0200001F]:
I: 3d b8 f3 96 0 0 0 0 0 4 0 0 38 53 11 0
I: 0 0 0 0 0 0 0 0 0 0 0 0 0 0 0 0
I: PSRAM 0x70000000..0x7000001F:
I: 38 f1 f 2 30 bb 1 70 98 d9 f 2 fc c 0 70
I: fc d8 f 2 80 d9 f 2 0 0 0 0 1c 7d 10 2
I: PSRAM write/read: PASS
I: Primary image: magic=good, swap_type=0x4, copy_done=0x1, image_ok=0x1
I: Scratch: magic=bad, swap_type=0x1, copy_done=0x2, image_ok=0x2
I: Boot source: none
I: Image index: 0, Swap type: none
I: Bootloader chainload address offset: 0x0
I: Image version: v0.0.0
I: Jumping to the first image slot
[m
[1;32muart:~$ [m[8D[J[00:00:00.842,000] [0m<inf> esp_hosted_mcu_core: coprocessor priv event 34[0m
[1;32muart:~$ [m[8D[J[00:00:00.846,000] [0m<inf> esp_hosted_mcu_core: coprocessor firmware v3.0.6[0m
[1;32muart:~$ [m[8D[J[00:00:00.846,000] [1;31m<err> mb85rsxx: invalid device ID: 04 7F 03 02[0m
[1;32muart:~$ [m[8D[J[00:00:00.846,000] [1;31m<err> mb85rsxx: Failed to initialize device, RDID check failed (err -5)[0m
[1;32muart:~$ [m[8D[J[00:00:00.846,000] [0m<inf> eth_w5500: ETH_W5500: interrupt mode[0m
[1;32muart:~$ [m[8D[J[00:00:00.854,000] [0m<inf> eth_w5500: W5500 Initialized[0m
[1;32muart:~$ [m[8D[J[00:00:00.855,000] [0m<inf> spi_nor: SPI_FLASH: SFDP v 1.0 AP ff with 1 PH[0m
[1;32muart:~$ [m[8D[J[00:00:00.855,000] [0m<inf> spi_nor: PH0: ff00 rev 1.0: 9 DW @ 80[0m
[1;32muart:~$ [m[8D[J[00:00:00.855,000] [0m<inf> spi_nor: SPI_FLASH: 16 MiBy flash[0m
[1;32muart:~$ [m[8D[J[00:00:01.354,000] [1;31m<err> net_ethernet: Invalid MAC address for iface 1 (0x20002c90)[0m
[1;32muart:~$ [m[8D[J[00:00:01.355,000] [0m<inf> littlefs: LittleFS version 2.11, disk version 2.1[0m
[1;32muart:~$ [m[8D[J[00:00:01.356,000] [0m<inf> littlefs: FS at SPI_FLASH:0xa00000 is 1280 0x1000-byte blocks with 1024 cycle[0m
[1;32muart:~$ [m[8D[J[00:00:01.356,000] [0m<inf> littlefs: partition sizes: rd 256 ; pr 256 ; ca 2048 ; la 256[0m
[1;32muart:~$ [m[8D[J*** Booting Zephyr OS build v4.4.0-12983-gb6a5e6e8aa90 ***
[1;32muart:~$ [m[8D[J[00:00:01.438,000] [0m<inf> shell_telnet: Telnet shell backend initialized[0m
[1;32muart:~$ [m[8D[J[00:00:01.439,000] [0m<inf> main_app: Start main app (build: Sep 12 2026 21:56:16) version 8[0m
[1;32muart:~$ [m[8D[J[00:00:01.439,000] [0m<inf> main_app: PSRAM @0x701aa890: write/read 1024 words OK[0m
[1;32muart:~$ [m[8D[J[00:00:01.727,000] [0m<inf> settings_registry: 0 keys registered, 0 rejected[0m
[1;32muart:~$ [m[8D[J[00:00:01.727,000] [0m<inf> io: Start io init[0m
[1;32muart:~$ [m[8D[J[00:00:03.073,000] [0m<inf> net_init: EEPROM MAC: 80:34:28:10:12:73[0m
[1;32muart:~$ [m[8D[J[00:00:03.073,000] [0m<inf> eth_w5500: ETH_W5500 MAC set to 80:34:28:10:12:73[0m
[1;32muart:~$ [m[8D[J[00:00:03.073,000] [0m<inf> net_init: Network interface up with MAC 80:34:28:10:12:73[0m
[1;32muart:~$ [m[8D[J[00:00:03.080,000] [0m<inf> io: Start io outputs task[0m
[1;32muart:~$ [m[8D[J[1;32muart:~$ [m[8D[J[1;32muart:~$ [m[8D[J[00:00:03.854,000] [0m<inf> eth_w5500: ETH_W5500: Link speed 100 Mb, full duplex[0m
[1;32muart:~$ [m[8D[J[00:00:03.873,000] [0m<inf> matter: Net callback IPv6 got, start matter after 5 sec[0m
[1;32muart:~$ [m[8D[J[00:00:03.882,000] [1;33m<wrn> net_dhcpv4: DHCP server provided more DNS servers than can be saved[0m
[1;32muart:~$ [m[8D[J[00:00:03.896,000] [1;33m<wrn> net_dhcpv4: DHCP server provided more DNS servers than can be saved[0m
[1;32muart:~$ [m[8D[J[00:00:03.897,000] [0m<inf> net_dhcpv4: Received: 192.168.88.14[0m
[1;32muart:~$ [m[8D[J[1;32muart:~$ [m[8D[J[1;32muart:~$ [m[8D[J[00:00:08.877,000] [0m<inf> matter: Net callback IPv6 got, start matter after 5 sec[0m
[1;32muart:~$ [m[8D[J[00:00:08.878,000] [0m<inf> matter: Init CHIP stack[0m
[1;32muart:~$ [m[8D[J[1;32muart:~$ [m[8D[J[1;32muart:~$ [m[8D[J[00:00:11.357,000] [0m<inf> chip: [SVR]Initializing session resumption storage...[0m
[1;32muart:~$ [m[8D[J[00:00:11.358,000] [0m<inf> chip: [SVR]Server initializing...[0m
[1;32muart:~$ [m[8D[J[00:00:11.359,000] [0m<dbg> chip.LogV: [FP]Initializing FabricTable from persistent storage[0m
[1;32muart:~$ [m[8D[J[00:00:12.028,000] [0m<inf> chip: [TS]Last Known Good Time: 2023-10-14T01:16:48[0m
[1;32muart:~$ [m[8D[J[1;32muart:~$ [m[8D[J[1;32muart:~$ [m[8D[J[00:00:13.403,000] [0m<inf> chip: [DMG]AccessControl: initializing[0m
[1;32muart:~$ [m[8D[J[00:00:13.404,000] [0m<inf> chip: [DMG]Examples::AccessControlDelegate::Init[0m
[1;32muart:~$ [m[8D[J[00:00:13.405,000] [0m<inf> chip: [DMG]AccessControl: setting[0m
[1;32muart:~$ [m[8D[J[00:00:13.405,000] [0m<inf> chip: [DMG]DefaultAclStorage: initializing[0m
[1;32muart:~$ [m[8D[J[00:00:13.406,000] [0m<inf> chip: [DMG]DefaultAclStorage: 0 entries loaded[0m
[1;32muart:~$ [m[8D[J[00:00:13.406,000] [0m<inf> chip: [SVR]WARNING: mTestEventTriggerDelegate is null[0m
[1;32muart:~$ [m[8D[J[00:00:13.407,000] [0m<dbg> chip.LogV: [IN]UDP::Init bind&listen port=5540[0m
[1;32muart:~$ [m[8D[J[00:00:13.410,000] [0m<dbg> chip.LogV: [IN]UDP::Init bound to port=5540[0m
[1;32muart:~$ [m[8D[J[00:00:13.410,000] [0m<dbg> chip.LogV: [IN]TransportMgr initialized[0m
[1;32muart:~$ [m[8D[J[00:00:13.878,000] [0m<inf> matter: Matter start work already submitted[0m
[1;32muart:~$ [m[8D[J[1;32muart:~$ [m[8D[J[1;32muart:~$ [m[8D[J[00:00:16.716,000] [0m<inf> chip: [ZCL]Using ZAP configuration...[0m
[1;32muart:~$ [m[8D[J[00:00:17.410,000] [0m<dbg> chip.LogV: [DMG]Failed to read stored attribute (1, 0x0000_0006, 0x0000_0000: a0[0m
[1;32muart:~$ [m[8D[J[1;32muart:~$ [m[8D[J[1;32muart:~$ [m[8D[J[00:00:18.130,000] [0m<dbg> chip.LogV: [DMG]Failed to read stored attribute (1, 0x0000_0006, 0x0000_4003: a0[0m
[1;32muart:~$ [m[8D[J[00:00:18.816,000] [0m<dbg> chip.LogV: [DMG]Failed to read stored attribute (2, 0x0000_0006, 0x0000_0000: a0[0m
[1;32muart:~$ [m[8D[J[1;32muart:~$ [m[8D[J[1;32muart:~$ [m[8D[J[00:00:19.534,000] [0m<dbg> chip.LogV: [DMG]Failed to read stored attribute (2, 0x0000_0006, 0x0000_4003: a0[0m
[1;32muart:~$ [m[8D[J[00:00:20.220,000] [0m<dbg> chip.LogV: [DMG]Failed to read stored attribute (3, 0x0000_0006, 0x0000_0000: a0[0m
[1;32muart:~$ [m[8D[J[1;32muart:~$ [m[8D[J[1;32muart:~$ [m[8D[J[00:00:20.937,000] [0m<dbg> chip.LogV: [DMG]Failed to read stored attribute (3, 0x0000_0006, 0x0000_4003: a0[0m
[1;32muart:~$ [m[8D[J[00:00:21.623,000] [0m<dbg> chip.LogV: [DMG]Failed to read stored attribute (4, 0x0000_0006, 0x0000_0000: a0[0m
[1;32muart:~$ [m[8D[J[1;32muart:~$ [m[8D[J[1;32muart:~$ [m[8D[J[00:00:22.350,000] [0m<dbg> chip.LogV: [DMG]Failed to read stored attribute (4, 0x0000_0006, 0x0000_4003: a0[0m
[1;32muart:~$ [m[8D[J[00:00:22.355,000] [0m<dbg> chip.LogV: [DL]Boot reason: 1[0m
[1;32muart:~$ [m[8D[J[00:00:22.358,000] [0m<inf> chip: [ZCL]Boot reason: 1[0m
[1;32muart:~$ [m[8D[J[00:00:22.359,000] [0m<inf> chip: [ZCL]Endpoint 1 On/off already set to new value[0m
[1;32muart:~$ [m[8D[J[00:00:22.361,000] [0m<inf> chip: [ZCL]Boot reason: 1[0m
[1;32muart:~$ [m[8D[J[00:00:22.362,000] [0m<inf> chip: [ZCL]Endpoint 2 On/off already set to new value[0m
[1;32muart:~$ [m[8D[J[00:00:22.363,000] [0m<inf> chip: [ZCL]Boot reason: 1[0m
[1;32muart:~$ [m[8D[J[00:00:22.364,000] [0m<inf> chip: [ZCL]Endpoint 3 On/off already set to new value[0m
[1;32muart:~$ [m[8D[J[00:00:22.367,000] [0m<inf> chip: [ZCL]Boot reason: 1[0m
[1;32muart:~$ [m[8D[J[00:00:22.367,000] [0m<inf> chip: [ZCL]Endpoint 4 On/off already set to new value[0m
[1;32muart:~$ [m[8D[J[1;32muart:~$ [m[8D[J[1;32muart:~$ [m[8D[J[00:00:22.491,000] [0m<dbg> chip.LogV: [EVL]LogEvent event number: 0x0000000000180000 priority: 2, endpoint id:  0x0 cluster id: 0x0000_0033 event id: 0x3 Sys timestamp: 0x0000000000002B79[0m
[1;32muart:~$ [m[8D[J[1;32muart:~$ [m[8D[J[00:00:23.887,000] [0m<inf> chip: [DMG]AccessControlCluster: initializing[0m
[1;32muart:~$ [m[8D[J[00:00:23.889,000] [0m<inf> chip: [DIS]Updating services using commissioning mode 0[0m
[1;32muart:~$ [m[8D[J[00:00:23.890,000] [1;31m<err> chip: [DIS]DNS-SD advertising not available. DNS-SD init disabled.[0m
[1;32muart:~$ [m[8D[J[00:00:23.891,000] [1;31m<err> chip: [DIS]Failed to initialize advertiser: 2d[0m
[1;32muart:~$ [m[8D[J[00:00:23.891,000] [1;31m<err> chip: [DIS]DNS-SD advertising not available. Removing services failed.[0m
[1;32muart:~$ [m[8D[J[00:00:23.892,000] [1;31m<err> chip: [DIS]Failed to remove advertised services: 2d[0m
[1;32muart:~$ [m[8D[J[00:00:23.892,000] [1;31m<err> chip: [DIS]DNS-SD advertising not available. Finalizing service update failed.[0m
[1;32muart:~$ [m[8D[J[00:00:23.893,000] [1;31m<err> chip: [DIS]Failed to finalize service update: 2d[0m
[1;32muart:~$ [m[8D[J[00:00:23.894,000] [0m<inf> chip: [IN]CASE Server enabling CASE session setups[0m
[1;32muart:~$ [m[8D[J[00:00:23.895,000] [0m<dbg> chip.LogV: [IN]SecureSession[0x70001540]: Allocated Type:2 LSID:43282[0m
[1;32muart:~$ [m[8D[J[00:00:23.928,000] [0m<dbg> chip.LogV: [SC]Allocated SecureSession (0x70001540) - waiting for Sigma1 msg[0m
[1;32muart:~$ [m[8D[J[00:00:23.940,000] [0m<inf> chip: [SVR]Joining Multicast groups[0m
[1;32muart:~$ [m[8D[J[00:00:23.946,000] [0m<dbg> chip.LogV: [ZCL]Emitting StartUp event[0m
[1;32muart:~$ [m[8D[J[00:00:23.981,000] [0m<dbg> chip.LogV: [EVL]LogEvent event number: 0x0000000000180001 priority: 2, endpoint id:  0x0 cluster id: 0x0000_0028 event id: 0x0 Sys timestamp: 0x000000000000312D[0m
[1;32muart:~$ [m[8D[J[00:00:23.985,000] [0m<inf> chip: [SVR]Server initialization complete[0m
[1;32muart:~$ [m[8D[J[00:00:23.999,000] [0m<inf> chip: [SVR]Server Listening...[0m
[1;32muart:~$ [m[8D[J[00:00:24.000,000] [0m<inf> matter: Matter stack initialized[0m
[1;32muart:~$ [m[8D[J[00:00:24.006,000] [0m<inf> matter: Matter event loop started[0m
[1;32muart:~$ [m[8D[J[00:00:24.007,000] [0m<inf> matter_event_loop: Init io_to_matter_stream[0m
[1;32muart:~$ [m[8D[J[00:00:24.012,000] [0m<inf> matter_event_loop: Start io_to_matter_stream[0m
[1;32muart:~$ [m[8D[J[00:00:24.016,000] [0m<inf> chip: [DL]CHIP task running[0m
[1;32muart:~$ [m[8D[J[1;32muart:~$ [m[8D[J[1;32muart:~$ [mkernel uptime
Uptime: 39356 ms
[1;32muart:~$ [mnet iface
Hostname: zephyr000000000000
Default interface: 1


Interface eth0 (0x20002c90) (Ethernet) [1]
===================================
Link addr : 80:34:28:10:12:73
MTU       : 1500
Flags     : AUTO_START,IPv4,IPv6
Device    : ETH_W5500 (0x20de594)
Status    : oper=UP, admin=UP, carrier=ON
Ethernet capabilities supported:
	10 Mbits
	100 Mbits
Ethernet PHY device: ETH_W5500_phy (0x20de5b4)
Ethernet link speed: 100 Mbits full-duplex
IPv6 unicast addresses (max 2):
	fe80::8234:28ff:fe10:1273 autoconf preferred infinite
	fd27:e0cb:e5e8:8374:8234:28ff:fe10:1273 autoconf preferred
IPv6 multicast addresses (max 3):
	ff02::1
	ff02::1:ff10:1273
IPv6 prefixes (max 2):
	fd27:e0cb:e5e8:8374::/64
IPv6 hop limit           : 64
IPv6 base reachable time : 30000
IPv6 reachable time      : 40198
IPv6 retransmit timer    : 0
DHCPv6 state             : disabled
IPv4 unicast addresses (max 1):
	192.168.88.14/255.255.255.0 DHCP preferred
IPv4 multicast addresses (max 1):
	<none>
IPv4 gateway : 192.168.88.1
DHCPv4 lease time : 600
DHCPv4 renew time : 300
DHCPv4 server     : 192.168.88.1
DHCPv4 requested  : 192.168.88.14
DHCPv4 state      : bound
DHCPv4 attempts   : 1
DHCPv4 state      : bound

Interface wlan0 (0x20002dc8) (WiFi) [2]
===============================
[1;32mInterface is down.
[m[1;32muart:~$ [mwifi scan

Num  | SSID                             (len) | Chan (Band)   | RSSI | Security             | BSSID             | MFP     
1    | Vivacom_FiberNet-769F            22    | 11   (2.4GHz) | -57  | WPA2-PSK             | 4E:D6:29:45:76:A8 | Disable 
2    | k2                               3     | 2    (2.4GHz) | -59  | WPA3-SAE-HNP         | D4:01:C3:A0:60:28 | Disable 
3    | A1_50C7                          8     | 6    (2.4GHz) | -65  | WPA2-PSK             | 58:F9:87:21:50:D0 | Disable 
4    | Vivacom_FiberNet-A36C            22    | 8    (2.4GHz) | -67  | WPA2-PSK             | E6:90:2A:DB:A3:74 | Disable 
Scan request done
Scan requested
[1;32muart:~$ [mdevmem 0x42020014
Using data width 32
Read value 0x120
[1;32muart:~$ [mdevmem 0x42020814
Using data width 32
Read value 0xf1
[1;32muart:~$ [mdevmem 0x42020814
Using data width 32
Read value 0xf1
[1;32muart:~$ [m[8D[J[00:00:51.374,000] [0m<inf> REST_API_relays_state: GET /api/relays/state[0m
[1;32muart:~$ [m[8D[J[00:00:51.375,000] [0m<dbg> REST_API_relays_state.relays_state_handler: GET /api/relays/state: {"relay1": false, "relay2": false, "relay3": false, "relay4": false }[0m
[1;32muart:~$ [m[8D[J[00:00:51.382,000] [0m<inf> REST_API_relays_state: GET /api/relays/state[0m
[1;32muart:~$ [m[8D[J[00:00:51.382,000] [0m<dbg> REST_API_relays_state.relays_state_handler: GET /api/relays/state: {"relay1": false, "relay2": false, "relay3": false, "relay4": false }[0m
[1;32muart:~$ [m[8D[J[1;32muart:~$ [m[8D[J[1;32muart:~$ [mdevmem 0x42020414
Using data width 32
Read value 0x1104
[1;32muart:~$ [mI: Detected ESP-PSRAM64H (ID D 5D 46 A0 2F)
I: PSRAM initialised in QPI mode, 8192 KB
*** Using Zephyr OS build v4.4.0-12983-gb6a5e6e8aa90 ***
I: Starting bootloader
I: ICACHE alias: 0x02000000 -> 0x90000000 (4MB)
I: 0x90000000..0x9000001F:
I: 3d b8 f3 96 0 0 0 0 0 4 0 0 38 53 11 0
I: 0 0 0 0 0 0 0 0 0 0 0 0 0 0 0 0
I: Alias[0x02000000..0x0200001F]:
I: 3d b8 f3 96 0 0 0 0 0 4 0 0 38 53 11 0
I: 0 0 0 0 0 0 0 0 0 0 0 0 0 0 0 0
I: PSRAM 0x70000000..0x7000001F:
I: 38 f1 f 2 30 bb 1 70 98 d9 f 2 fc c 0 70
I: fc d8 f 2 80 d9 f 2 0 0 0 0 1c 7d 10 2
I: PSRAM write/read: PASS
I: Primary image: magic=good, swap_type=0x4, copy_done=0x1, image_ok=0x1
I: Scratch: magic=bad, swap_type=0x1, copy_done=0x2, image_ok=0x2
I: Boot source: none
I: Image index: 0, Swap type: none
I: Bootloader chainload address offset: 0x0
I: Image version: v0.0.0
I: Jumping to the first image slot
[m
[1;32muart:~$ [m[8D[J[00:00:00.842,000] [0m<inf> esp_hosted_mcu_core: coprocessor priv event 34[0m
[1;32muart:~$ [m[8D[J[00:00:00.846,000] [0m<inf> esp_hosted_mcu_core: coprocessor firmware v3.0.6[0m
[1;32muart:~$ [m[8D[J[00:00:00.846,000] [1;31m<err> mb85rsxx: invalid device ID: 04 7F 03 02[0m
[1;32muart:~$ [m[8D[J[00:00:00.846,000] [1;31m<err> mb85rsxx: Failed to initialize device, RDID check failed (err -5)[0m
[1;32muart:~$ [m[8D[J[00:00:00.846,000] [0m<inf> eth_w5500: ETH_W5500: interrupt mode[0m
[1;32muart:~$ [m[8D[J[00:00:00.854,000] [0m<inf> eth_w5500: W5500 Initialized[0m
[1;32muart:~$ [m[8D[J[00:00:00.855,000] [0m<inf> spi_nor: SPI_FLASH: SFDP v 1.0 AP ff with 1 PH[0m
[1;32muart:~$ [m[8D[J[00:00:00.855,000] [0m<inf> spi_nor: PH0: ff00 rev 1.0: 9 DW @ 80[0m
[1;32muart:~$ [m[8D[J[00:00:00.855,000] [0m<inf> spi_nor: SPI_FLASH: 16 MiBy flash[0m
[1;32muart:~$ [m[8D[J[00:00:01.447,000] [1;31m<err> net_ethernet: Invalid MAC address for iface 1 (0x20002c90)[0m
[1;32muart:~$ [m[8D[J[00:00:01.448,000] [0m<inf> littlefs: LittleFS version 2.11, disk version 2.1[0m
[1;32muart:~$ [m[8D[J[00:00:01.449,000] [0m<inf> littlefs: FS at SPI_FLASH:0xa00000 is 1280 0x1000-byte blocks with 1024 cycle[0m
[1;32muart:~$ [m[8D[J[00:00:01.449,000] [0m<inf> littlefs: partition sizes: rd 256 ; pr 256 ; ca 2048 ; la 256[0m
[1;32muart:~$ [m[8D[J*** Booting Zephyr OS build v4.4.0-12983-gb6a5e6e8aa90 ***
[1;32muart:~$ [m[8D[J[00:00:01.534,000] [0m<inf> shell_telnet: Telnet shell backend initialized[0m
[1;32muart:~$ [m[8D[J[00:00:01.535,000] [0m<inf> main_app: Start main app (build: Sep 12 2026 21:56:16) version 8[0m
[1;32muart:~$ [m[8D[J[00:00:01.535,000] [0m<inf> main_app: PSRAM @0x701aa890: write/read 1024 words OK[0m
[1;32muart:~$ [m[8D[J[00:00:01.814,000] [0m<inf> settings_registry: 0 keys registered, 0 rejected[0m
[1;32muart:~$ [m[8D[J[00:00:01.814,000] [0m<inf> io: Start io init[0m
[1;32muart:~$ [m[8D[J[00:00:02.447,000] [0m<inf> eth_w5500: ETH_W5500: Link speed 100 Mb, full duplex[0m
[1;32muart:~$ [m[8D[J[00:00:03.236,000] [0m<inf> net_init: EEPROM MAC: 80:34:28:10:12:73[0m
[1;32muart:~$ [m[8D[J[00:00:03.237,000] [0m<inf> eth_w5500: ETH_W5500 MAC set to 80:34:28:10:12:73[0m
[1;32muart:~$ [m[8D[J[00:00:03.237,000] [0m<inf> net_init: Network interface up with MAC 80:34:28:10:12:73[0m
[1;32muart:~$ [m[8D[J[00:00:03.251,000] [0m<inf> matter: Net callback IPv6 got, start matter after 5 sec[0m
[1;32muart:~$ [m[8D[J[00:00:03.256,000] [0m<inf> io: Start io outputs task[0m
[1;32muart:~$ [m[8D[J[1;32muart:~$ [m[8D[J[1;32muart:~$ [m[8D[J[00:00:08.254,000] [0m<inf> matter: Net callback IPv6 got, start matter after 5 sec[0m
[1;32muart:~$ [m[8D[J[00:00:08.260,000] [0m<inf> matter: Init CHIP stack[0m
[1;32muart:~$ [m[8D[J[1;32muart:~$ [m[8D[J[1;32muart:~$ [m[8D[J[00:00:10.813,000] [0m<inf> chip: [SVR]Initializing session resumption storage...[0m
[1;32muart:~$ [m[8D[J[00:00:10.815,000] [0m<inf> chip: [SVR]Server initializing...[0m
[1;32muart:~$ [m[8D[J[00:00:10.816,000] [0m<dbg> chip.LogV: [FP]Initializing FabricTable from persistent storage[0m
[1;32muart:~$ [m[8D[J[00:00:11.508,000] [0m<inf> chip: [TS]Last Known Good Time: 2023-10-14T01:16:48[0m
[1;32muart:~$ [m[8D[J[1;32muart:~$ [m[8D[J[1;32muart:~$ [m[8D[J[00:00:12.932,000] [0m<inf> chip: [DMG]AccessControl: initializing[0m
[1;32muart:~$ [m[8D[J[00:00:12.933,000] [0m<inf> chip: [DMG]Examples::AccessControlDelegate::Init[0m
[1;32muart:~$ [m[8D[J[00:00:12.933,000] [0m<inf> chip: [DMG]AccessControl: setting[0m
[1;32muart:~$ [m[8D[J[00:00:12.934,000] [0m<inf> chip: [DMG]DefaultAclStorage: initializing[0m
[1;32muart:~$ [m[8D[J[00:00:12.934,000] [0m<inf> chip: [DMG]DefaultAclStorage: 0 entries loaded[0m
[1;32muart:~$ [m[8D[J[00:00:12.935,000] [0m<inf> chip: [SVR]WARNING: mTestEventTriggerDelegate is null[0m
[1;32muart:~$ [m[8D[J[00:00:12.935,000] [0m<dbg> chip.LogV: [IN]UDP::Init bind&listen port=5540[0m
[1;32muart:~$ [m[8D[J[00:00:12.939,000] [0m<dbg> chip.LogV: [IN]UDP::Init bound to port=5540[0m
[1;32muart:~$ [m[8D[J[00:00:12.939,000] [0m<dbg> chip.LogV: [IN]TransportMgr initialized[0m
[1;32muart:~$ [m[8D[J[00:00:13.255,000] [0m<inf> matter: Matter start work already submitted[0m
[1;32muart:~$ [m[8D[J[1;32muart:~$ [m[8D[J[1;32muart:~$ [m[8D[J[00:00:15.265,000] [1;33m<wrn> net_dhcpv4: DHCP server provided more DNS servers than can be saved[0m
[1;32muart:~$ [m[8D[J[00:00:15.280,000] [1;33m<wrn> net_dhcpv4: DHCP server provided more DNS servers than can be saved[0m
[1;32muart:~$ [m[8D[J[00:00:15.281,000] [0m<inf> net_dhcpv4: Received: 192.168.88.14[0m
[1;32muart:~$ [m[8D[J[1;32muart:~$ [m[8D[J[1;32muart:~$ [m[8D[J[00:00:20.322,000] [0m<inf> chip: [ZCL]Using ZAP configuration...[0m
[1;32muart:~$ [m[8D[J[00:00:21.014,000] [0m<dbg> chip.LogV: [DMG]Failed to read stored attribute (1, 0x0000_0006, 0x0000_0000: a0[0m
[1;32muart:~$ [m[8D[J[1;32muart:~$ [m[8D[J[1;32muart:~$ [m[8D[J[00:00:21.735,000] [0m<dbg> chip.LogV: [DMG]Failed to read stored attribute (1, 0x0000_0006, 0x0000_4003: a0[0m
[1;32muart:~$ [m[8D[J[00:00:22.425,000] [0m<dbg> chip.LogV: [DMG]Failed to read stored attribute (2, 0x0000_0006, 0x0000_0000: a0[0m
[1;32muart:~$ [m[8D[J[1;32muart:~$ [m[8D[J[1;32muart:~$ [m[8D[J[00:00:23.147,000] [0m<dbg> chip.LogV: [DMG]Failed to read stored attribute (2, 0x0000_0006, 0x0000_4003: a0[0m
[1;32muart:~$ [m[8D[J[00:00:23.838,000] [0m<dbg> chip.LogV: [DMG]Failed to read stored attribute (3, 0x0000_0006, 0x0000_0000: a0[0m
[1;32muart:~$ [m[8D[J[1;32muart:~$ [m[8D[J[1;32muart:~$ [m[8D[J[00:00:24.561,000] [0m<dbg> chip.LogV: [DMG]Failed to read stored attribute (3, 0x0000_0006, 0x0000_4003: a0[0m
[1;32muart:~$ [m[8D[J[00:00:25.252,000] [0m<dbg> chip.LogV: [DMG]Failed to read stored attribute (4, 0x0000_0006, 0x0000_0000: a0[0m
[1;32muart:~$ [m[8D[J[1;32muart:~$ [m[8D[J[1;32muart:~$ [m[8D[J[00:00:25.974,000] [0m<dbg> chip.LogV: [DMG]Failed to read stored attribute (4, 0x0000_0006, 0x0000_4003: a0[0m
[1;32muart:~$ [m[8D[J[00:00:25.979,000] [0m<dbg> chip.LogV: [DL]Boot reason: 1[0m
[1;32muart:~$ [m[8D[J[00:00:25.983,000] [0m<inf> chip: [ZCL]Boot reason: 1[0m
[1;32muart:~$ [m[8D[J[00:00:25.983,000] [0m<inf> chip: [ZCL]Endpoint 1 On/off already set to new value[0m
[1;32muart:~$ [m[8D[J[00:00:25.985,000] [0m<inf> chip: [ZCL]Boot reason: 1[0m
[1;32muart:~$ [m[8D[J[00:00:25.986,000] [0m<inf> chip: [ZCL]Endpoint 2 On/off already set to new value[0m
[1;32muart:~$ [m[8D[J[00:00:25.988,000] [0m<inf> chip: [ZCL]Boot reason: 1[0m
[1;32muart:~$ [m[8D[J[00:00:25.989,000] [0m<inf> chip: [ZCL]Endpoint 3 On/off already set to new value[0m
[1;32muart:~$ [m[8D[J[00:00:25.991,000] [0m<inf> chip: [ZCL]Boot reason: 1[0m
[1;32muart:~$ [m[8D[J[00:00:25.991,000] [0m<inf> chip: [ZCL]Endpoint 4 On/off already set to new value[0m
[1;32muart:~$ [m[8D[J[1;32muart:~$ [m[8D[J[1;32muart:~$ [m[8D[J[00:00:26.114,000] [0m<dbg> chip.LogV: [EVL]LogEvent event number: 0x0000000000190000 priority: 2, endpoint id:  0x0 cluster id: 0x0000_0033 event id: 0x3 Sys timestamp: 0x0000000000003BC0[0m
[1;32muart:~$ [m[8D[J[1;32muart:~$ [m[8D[J[00:00:27.516,000] [0m<inf> chip: [DMG]AccessControlCluster: initializing[0m
[1;32muart:~$ [m[8D[J[00:00:27.518,000] [0m<inf> chip: [DIS]Updating services using commissioning mode 0[0m
[1;32muart:~$ [m[8D[J[00:00:27.519,000] [1;31m<err> chip: [DIS]DNS-SD advertising not available. DNS-SD init disabled.[0m
[1;32muart:~$ [m[8D[J[00:00:27.519,000] [1;31m<err> chip: [DIS]Failed to initialize advertiser: 2d[0m
[1;32muart:~$ [m[8D[J[00:00:27.520,000] [1;31m<err> chip: [DIS]DNS-SD advertising not available. Removing services failed.[0m
[1;32muart:~$ [m[8D[J[00:00:27.520,000] [1;31m<err> chip: [DIS]Failed to remove advertised services: 2d[0m
[1;32muart:~$ [m[8D[J[00:00:27.521,000] [1;31m<err> chip: [DIS]DNS-SD advertising not available. Finalizing service update failed.[0m
[1;32muart:~$ [m[8D[J[00:00:27.522,000] [1;31m<err> chip: [DIS]Failed to finalize service update: 2d[0m
[1;32muart:~$ [m[8D[J[00:00:27.522,000] [0m<inf> chip: [IN]CASE Server enabling CASE session setups[0m
[1;32muart:~$ [m[8D[J[00:00:27.524,000] [0m<dbg> chip.LogV: [IN]SecureSession[0x70001540]: Allocated Type:2 LSID:29856[0m
[1;32muart:~$ [m[8D[J[00:00:27.553,000] [0m<dbg> chip.LogV: [SC]Allocated SecureSession (0x70001540) - waiting for Sigma1 msg[0m
[1;32muart:~$ [m[8D[J[00:00:27.557,000] [0m<inf> chip: [SVR]Joining Multicast groups[0m
[1;32muart:~$ [m[8D[J[00:00:27.570,000] [0m<dbg> chip.LogV: [ZCL]Emitting StartUp event[0m
[1;32muart:~$ [m[8D[J[00:00:27.609,000] [0m<dbg> chip.LogV: [EVL]LogEvent event number: 0x0000000000190001 priority: 2, endpoint id:  0x0 cluster id: 0x0000_0028 event id: 0x0 Sys timestamp: 0x0000000000004174[0m
[1;32muart:~$ [m[8D[J[00:00:27.613,000] [0m<inf> chip: [SVR]Server initialization complete[0m
[1;32muart:~$ [m[8D[J[00:00:27.624,000] [0m<inf> chip: [SVR]Server Listening...[0m
[1;32muart:~$ [m[8D[J[00:00:27.624,000] [0m<inf> matter: Matter stack initialized[0m
[1;32muart:~$ [m[8D[J[00:00:27.635,000] [0m<inf> matter: Matter event loop started[0m
[1;32muart:~$ [m[8D[J[00:00:27.636,000] [0m<inf> matter_event_loop: Init io_to_matter_stream[0m
[1;32muart:~$ [m[8D[J[00:00:27.638,000] [0m<inf> matter_event_loop: Start io_to_matter_stream[0m
[1;32muart:~$ [m[8D[J[00:00:27.644,000] [0m<inf> chip: [DL]CHIP task running[0m
[1;32muart:~$ [m[8D[J[1;32muart:~$ [m[8D[J[1;32muart:~$ [mkernel uptime
Uptime: 39354 ms
[1;32muart:~$ [mnet iface
Hostname: zephyr000000000000
Default interface: 1


Interface eth0 (0x20002c90) (Ethernet) [1]
===================================
Link addr : 80:34:28:10:12:73
MTU       : 1500
Flags     : AUTO_START,IPv4,IPv6
Device    : ETH_W5500 (0x20de594)
Status    : oper=UP, admin=UP, carrier=ON
Ethernet capabilities supported:
	10 Mbits
	100 Mbits
Ethernet PHY device: ETH_W5500_phy (0x20de5b4)
Ethernet link speed: 100 Mbits full-duplex
IPv6 unicast addresses (max 2):
	fe80::8234:28ff:fe10:1273 autoconf preferred infinite
	fd27:e0cb:e5e8:8374:8234:28ff:fe10:1273 autoconf preferred
IPv6 multicast addresses (max 3):
	ff02::1
	ff02::1:ff10:1273
IPv6 prefixes (max 2):
	fd27:e0cb:e5e8:8374::/64
IPv6 hop limit           : 64
IPv6 base reachable time : 30000
IPv6 reachable time      : 32871
IPv6 retransmit timer    : 0
DHCPv6 state             : disabled
IPv4 unicast addresses (max 1):
	192.168.88.14/255.255.255.0 DHCP preferred
IPv4 multicast addresses (max 1):
	<none>
IPv4 gateway : 192.168.88.1
DHCPv4 lease time : 600
DHCPv4 renew time : 300
DHCPv4 server     : 192.168.88.1
DHCPv4 requested  : 192.168.88.14
DHCPv4 state      : bound
DHCPv4 attempts   : 1
DHCPv4 state      : bound

Interface wlan0 (0x20002dc8) (WiFi) [2]
===============================
[1;32mInterface is down.
[m[1;32muart:~$ [mwifi scan

Num  | SSID                             (len) | Chan (Band)   | RSSI | Security             | BSSID             | MFP     
1    | Vivacom_FiberNet-769F            22    | 11   (2.4GHz) | -58  | WPA2-PSK             | 4E:D6:29:45:76:A8 | Disable 
2    | k2                               3     | 2    (2.4GHz) | -61  | WPA3-SAE-HNP         | D4:01:C3:A0:60:28 | Disable 
3    | A1_50C7                          8     | 6    (2.4GHz) | -64  | WPA2-PSK             | 58:F9:87:21:50:D0 | Disable 
4    | Vivacom_FiberNet-A36C            22    | 8    (2.4GHz) | -66  | WPA2-PSK             | E6:90:2A:DB:A3:74 | Disable 
Scan request done
Scan requested
[1;32muart:~$ [mdevmem 0x42020014
Using data width 32
Read value 0x120
[1;32muart:~$ [mdevmem 0x42020814
Using data width 32
Read value 0xf1
[1;32muart:~$ [mdevmem 0x42020814
Using data width 32
Read value 0xf1
[1;32muart:~$ [m[8D[J[00:00:51.393,000] [0m<inf> REST_API_relays_state: GET /api/relays/state[0m
[1;32muart:~$ [m[8D[J[00:00:51.393,000] [0m<dbg> REST_API_relays_state.relays_state_handler: GET /api/relays/state: {"relay1": false, "relay2": false, "relay3": false, "relay4": false }[0m
[1;32muart:~$ [m[8D[J[00:00:51.400,000] [0m<inf> REST_API_relays_state: GET /api/relays/state[0m
[1;32muart:~$ [m[8D[J[00:00:51.401,000] [0m<dbg> REST_API_relays_state.relays_state_handler: GET /api/relays/state: {"relay1": false, "relay2": false, "relay3": false, "relay4": false }[0m
[1;32muart:~$ [m[8D[J[1;32muart:~$ [m[8D[J[1;32muart:~$ [mdevmem 0x42020414
Using data width 32
Read value 0x1104
[1;32muart:~$ [mI: Detected ESP-PSRAM64H (ID D 5D 46 A0 2F)
I: PSRAM initialised in QPI mode, 8192 KB
*** Using Zephyr OS build v4.4.0-12983-gb6a5e6e8aa90 ***
I: Starting bootloader
I: ICACHE alias: 0x02000000 -> 0x90000000 (4MB)
I: 0x90000000..0x9000001F:
I: 3d b8 f3 96 0 0 0 0 0 4 0 0 38 53 11 0
I: 0 0 0 0 0 0 0 0 0 0 0 0 0 0 0 0
I: Alias[0x02000000..0x0200001F]:
I: 3d b8 f3 96 0 0 0 0 0 4 0 0 38 53 11 0
I: 0 0 0 0 0 0 0 0 0 0 0 0 0 0 0 0
I: PSRAM 0x70000000..0x7000001F:
I: 38 f1 f 2 30 bb 1 70 98 d9 f 2 fc c 0 70
I: fc d8 f 2 80 d9 f 2 0 0 0 0 1c 7d 10 2
I: PSRAM write/read: PASS
I: Primary image: magic=good, swap_type=0x4, copy_done=0x1, image_ok=0x1
I: Scratch: magic=bad, swap_type=0x1, copy_done=0x2, image_ok=0x2
I: Boot source: none
I: Image index: 0, Swap type: none
I: Bootloader chainload address offset: 0x0
I: Image version: v0.0.0
I: Jumping to the first image slot
[m
[1;32muart:~$ [m[8D[J[00:00:00.842,000] [0m<inf> esp_hosted_mcu_core: coprocessor priv event 34[0m
[1;32muart:~$ [m[8D[J[00:00:00.846,000] [0m<inf> esp_hosted_mcu_core: coprocessor firmware v3.0.6[0m
[1;32muart:~$ [m[8D[J[00:00:00.846,000] [1;31m<err> mb85rsxx: invalid device ID: 04 7F 03 02[0m
[1;32muart:~$ [m[8D[J[00:00:00.846,000] [1;31m<err> mb85rsxx: Failed to initialize device, RDID check failed (err -5)[0m
[1;32muart:~$ [m[8D[J[00:00:00.846,000] [0m<inf> eth_w5500: ETH_W5500: interrupt mode[0m
[1;32muart:~$ [m[8D[J[00:00:00.854,000] [0m<inf> eth_w5500: W5500 Initialized[0m
[1;32muart:~$ [m[8D[J[00:00:00.855,000] [0m<inf> spi_nor: SPI_FLASH: SFDP v 1.0 AP ff with 1 PH[0m
[1;32muart:~$ [m[8D[J[00:00:00.855,000] [0m<inf> spi_nor: PH0: ff00 rev 1.0: 9 DW @ 80[0m
[1;32muart:~$ [m[8D[J[00:00:00.855,000] [0m<inf> spi_nor: SPI_FLASH: 16 MiBy flash[0m
[1;32muart:~$ [m[8D[J[00:00:01.354,000] [1;31m<err> net_ethernet: Invalid MAC address for iface 1 (0x20002c90)[0m
[1;32muart:~$ [m[8D[J[00:00:01.355,000] [0m<inf> littlefs: LittleFS version 2.11, disk version 2.1[0m
[1;32muart:~$ [m[8D[J[00:00:01.356,000] [0m<inf> littlefs: FS at SPI_FLASH:0xa00000 is 1280 0x1000-byte blocks with 1024 cycle[0m
[1;32muart:~$ [m[8D[J[00:00:01.356,000] [0m<inf> littlefs: partition sizes: rd 256 ; pr 256 ; ca 2048 ; la 256[0m
[1;32muart:~$ [m[8D[J*** Booting Zephyr OS build v4.4.0-12983-gb6a5e6e8aa90 ***
[1;32muart:~$ [m[8D[J[00:00:01.425,000] [0m<inf> shell_telnet: Telnet shell backend initialized[0m
[1;32muart:~$ [m[8D[J[00:00:01.426,000] [0m<inf> main_app: Start main app (build: Sep 12 2026 21:56:16) version 8[0m
[1;32muart:~$ [m[8D[J[00:00:01.426,000] [0m<inf> main_app: PSRAM @0x701aa890: write/read 1024 words OK[0m
[1;32muart:~$ [m[8D[J[00:00:01.730,000] [0m<inf> settings_registry: 0 keys registered, 0 rejected[0m
[1;32muart:~$ [m[8D[J[00:00:01.730,000] [0m<inf> io: Start io init[0m
[1;32muart:~$ [m[8D[J[00:00:02.854,000] [0m<inf> eth_w5500: ETH_W5500: Link speed 100 Mb, full duplex[0m
[1;32muart:~$ [m[8D[J[00:00:03.161,000] [0m<inf> net_init: EEPROM MAC: 80:34:28:10:12:73[0m
[1;32muart:~$ [m[8D[J[00:00:03.162,000] [0m<inf> eth_w5500: ETH_W5500 MAC set to 80:34:28:10:12:73[0m
[1;32muart:~$ [m[8D[J[00:00:03.162,000] [0m<inf> net_init: Network interface up with MAC 80:34:28:10:12:73[0m
[1;32muart:~$ [m[8D[J[00:00:03.176,000] [0m<inf> matter: Net callback IPv6 got, start matter after 5 sec[0m
[1;32muart:~$ [m[8D[J[00:00:03.181,000] [0m<inf> io: Start io outputs task[0m
[1;32muart:~$ [m[8D[J[1;32muart:~$ [m[8D[J[1;32muart:~$ [m[8D[J[00:00:08.180,000] [0m<inf> matter: Net callback IPv6 got, start matter after 5 sec[0m
[1;32muart:~$ [m[8D[J[00:00:08.185,000] [0m<inf> matter: Init CHIP stack[0m
[1;32muart:~$ [m[8D[J[1;32muart:~$ [m[8D[J[1;32muart:~$ [m[8D[J[00:00:10.670,000] [0m<inf> chip: [SVR]Initializing session resumption storage...[0m
[1;32muart:~$ [m[8D[J[00:00:10.672,000] [0m<inf> chip: [SVR]Server initializing...[0m
[1;32muart:~$ [m[8D[J[00:00:10.673,000] [0m<dbg> chip.LogV: [FP]Initializing FabricTable from persistent storage[0m
[1;32muart:~$ [m[8D[J[00:00:11.367,000] [0m<inf> chip: [TS]Last Known Good Time: 2023-10-14T01:16:48[0m
[1;32muart:~$ [m[8D[J[1;32muart:~$ [m[8D[J[1;32muart:~$ [m[8D[J[00:00:12.191,000] [1;33m<wrn> net_dhcpv4: DHCP server provided more DNS servers than can be saved[0m
[1;32muart:~$ [m[8D[J[00:00:12.205,000] [1;33m<wrn> net_dhcpv4: DHCP server provided more DNS servers than can be saved[0m
[1;32muart:~$ [m[8D[J[00:00:12.206,000] [0m<inf> net_dhcpv4: Received: 192.168.88.14[0m
[1;32muart:~$ [m[8D[J[00:00:12.821,000] [0m<inf> chip: [DMG]AccessControl: initializing[0m
[1;32muart:~$ [m[8D[J[00:00:12.822,000] [0m<inf> chip: [DMG]Examples::AccessControlDelegate::Init[0m
[1;32muart:~$ [m[8D[J[00:00:12.822,000] [0m<inf> chip: [DMG]AccessControl: setting[0m
[1;32muart:~$ [m[8D[J[00:00:12.823,000] [0m<inf> chip: [DMG]DefaultAclStorage: initializing[0m
[1;32muart:~$ [m[8D[J[00:00:12.824,000] [0m<inf> chip: [DMG]DefaultAclStorage: 0 entries loaded[0m
[1;32muart:~$ [m[8D[J[00:00:12.824,000] [0m<inf> chip: [SVR]WARNING: mTestEventTriggerDelegate is null[0m
[1;32muart:~$ [m[8D[J[00:00:12.825,000] [0m<dbg> chip.LogV: [IN]UDP::Init bind&listen port=5540[0m
[1;32muart:~$ [m[8D[J[1;32muart:~$ [m[8D[J[1;32muart:~$ [m[8D[J[00:00:12.886,000] [0m<dbg> chip.LogV: [IN]UDP::Init bound to port=5540[0m
[1;32muart:~$ [m[8D[J[00:00:12.891,000] [0m<dbg> chip.LogV: [IN]TransportMgr initialized[0m
[1;32muart:~$ [m[8D[J[00:00:13.180,000] [0m<inf> matter: Matter start work already submitted[0m
[1;32muart:~$ [m[8D[J[1;32muart:~$ [m[8D[J[1;32muart:~$ [m[8D[J[00:00:19.658,000] [0m<inf> chip: [ZCL]Using ZAP configuration...[0m
[1;32muart:~$ [m[8D[J[00:00:20.375,000] [0m<dbg> chip.LogV: [DMG]Failed to read stored attribute (1, 0x0000_0006, 0x0000_0000: a0[0m
[1;32muart:~$ [m[8D[J[1;32muart:~$ [m[8D[J[1;32muart:~$ [m[8D[J[00:00:21.115,000] [0m<dbg> chip.LogV: [DMG]Failed to read stored attribute (1, 0x0000_0006, 0x0000_4003: a0[0m
[1;32muart:~$ [m[8D[J[00:00:21.827,000] [0m<dbg> chip.LogV: [DMG]Failed to read stored attribute (2, 0x0000_0006, 0x0000_0000: a0[0m
[1;32muart:~$ [m[8D[J[1;32muart:~$ [m[8D[J[1;32muart:~$ [m[8D[J[00:00:22.570,000] [0m<dbg> chip.LogV: [DMG]Failed to read stored attribute (2, 0x0000_0006, 0x0000_4003: a0[0m
[1;32muart:~$ [m[8D[J[00:00:23.282,000] [0m<dbg> chip.LogV: [DMG]Failed to read stored attribute (3, 0x0000_0006, 0x0000_0000: a0[0m
[1;32muart:~$ [m[8D[J[1;32muart:~$ [m[8D[J[1;32muart:~$ [m[8D[J[00:00:24.025,000] [0m<dbg> chip.LogV: [DMG]Failed to read stored attribute (3, 0x0000_0006, 0x0000_4003: a0[0m
[1;32muart:~$ [m[8D[J[00:00:24.737,000] [0m<dbg> chip.LogV: [DMG]Failed to read stored attribute (4, 0x0000_0006, 0x0000_0000: a0[0m
[1;32muart:~$ [m[8D[J[1;32muart:~$ [m[8D[J[1;32muart:~$ [m[8D[J[00:00:25.480,000] [0m<dbg> chip.LogV: [DMG]Failed to read stored attribute (4, 0x0000_0006, 0x0000_4003: a0[0m
[1;32muart:~$ [m[8D[J[00:00:25.486,000] [0m<dbg> chip.LogV: [DL]Boot reason: 1[0m
[1;32muart:~$ [m[8D[J[00:00:25.489,000] [0m<inf> chip: [ZCL]Boot reason: 1[0m
[1;32muart:~$ [m[8D[J[00:00:25.490,000] [0m<inf> chip: [ZCL]Endpoint 1 On/off already set to new value[0m
[1;32muart:~$ [m[8D[J[00:00:25.492,000] [0m<inf> chip: [ZCL]Boot reason: 1[0m
[1;32muart:~$ [m[8D[J[00:00:25.493,000] [0m<inf> chip: [ZCL]Endpoint 2 On/off already set to new value[0m
[1;32muart:~$ [m[8D[J[00:00:25.495,000] [0m<inf> chip: [ZCL]Boot reason: 1[0m
[1;32muart:~$ [m[8D[J[00:00:25.495,000] [0m<inf> chip: [ZCL]Endpoint 3 On/off already set to new value[0m
[1;32muart:~$ [m[8D[J[00:00:25.497,000] [0m<inf> chip: [ZCL]Boot reason: 1[0m
[1;32muart:~$ [m[8D[J[00:00:25.498,000] [0m<inf> chip: [ZCL]Endpoint 4 On/off already set to new value[0m
[1;32muart:~$ [m[8D[J[1;32muart:~$ [m[8D[J[1;32muart:~$ [m[8D[J[00:00:25.622,000] [0m<dbg> chip.LogV: [EVL]LogEvent event number: 0x00000000001A0000 priority: 2, endpoint id:  0x0 cluster id: 0x0000_0033 event id: 0x3 Sys timestamp: 0x0000000000003A62[0m
[1;32muart:~$ [m[8D[J[1;32muart:~$ [m[8D[J[00:00:27.064,000] [0m<inf> chip: [DMG]AccessControlCluster: initializing[0m
[1;32muart:~$ [m[8D[J[00:00:27.066,000] [0m<inf> chip: [DIS]Updating services using commissioning mode 0[0m
[1;32muart:~$ [m[8D[J[00:00:27.066,000] [1;31m<err> chip: [DIS]DNS-SD advertising not available. DNS-SD init disabled.[0m
[1;32muart:~$ [m[8D[J[00:00:27.067,000] [1;31m<err> chip: [DIS]Failed to initialize advertiser: 2d[0m
[1;32muart:~$ [m[8D[J[00:00:27.068,000] [1;31m<err> chip: [DIS]DNS-SD advertising not available. Removing services failed.[0m
[1;32muart:~$ [m[8D[J[00:00:27.068,000] [1;31m<err> chip: [DIS]Failed to remove advertised services: 2d[0m
[1;32muart:~$ [m[8D[J[00:00:27.069,000] [1;31m<err> chip: [DIS]DNS-SD advertising not available. Finalizing service update failed.[0m
[1;32muart:~$ [m[8D[J[00:00:27.069,000] [1;31m<err> chip: [DIS]Failed to finalize service update: 2d[0m
[1;32muart:~$ [m[8D[J[00:00:27.070,000] [0m<inf> chip: [IN]CASE Server enabling CASE session setups[0m
[1;32muart:~$ [m[8D[J[00:00:27.071,000] [0m<dbg> chip.LogV: [IN]SecureSession[0x70001540]: Allocated Type:2 LSID:44171[0m
[1;32muart:~$ [m[8D[J[00:00:27.102,000] [0m<dbg> chip.LogV: [SC]Allocated SecureSession (0x70001540) - waiting for Sigma1 msg[0m
[1;32muart:~$ [m[8D[J[00:00:27.106,000] [0m<inf> chip: [SVR]Joining Multicast groups[0m
[1;32muart:~$ [m[8D[J[00:00:27.119,000] [0m<dbg> chip.LogV: [ZCL]Emitting StartUp event[0m
[1;32muart:~$ [m[8D[J[00:00:27.160,000] [0m<dbg> chip.LogV: [EVL]LogEvent event number: 0x00000000001A0001 priority: 2, endpoint id:  0x0 cluster id: 0x0000_0028 event id: 0x0 Sys timestamp: 0x0000000000004040[0m
[1;32muart:~$ [m[8D[J[00:00:27.169,000] [0m<inf> chip: [SVR]Server initialization complete[0m
[1;32muart:~$ [m[8D[J[00:00:27.179,000] [0m<inf> chip: [SVR]Server Listening...[0m
[1;32muart:~$ [m[8D[J[00:00:27.180,000] [0m<inf> matter: Matter stack initialized[0m
[1;32muart:~$ [m[8D[J[00:00:27.186,000] [0m<inf> matter: Matter event loop started[0m
[1;32muart:~$ [m[8D[J[00:00:27.188,000] [0m<inf> matter_event_loop: Init io_to_matter_stream[0m
[1;32muart:~$ [m[8D[J[00:00:27.190,000] [0m<inf> matter_event_loop: Start io_to_matter_stream[0m
[1;32muart:~$ [m[8D[J[00:00:27.194,000] [0m<inf> chip: [DL]CHIP task running[0m
[1;32muart:~$ [m[8D[J[1;32muart:~$ [m[8D[J[1;32muart:~$ [mkernel uptime
Uptime: 39360 ms
[1;32muart:~$ [mnet iface
Hostname: zephyr000000000000
Default interface: 1


Interface eth0 (0x20002c90) (Ethernet) [1]
===================================
Link addr : 80:34:28:10:12:73
MTU       : 1500
Flags     : AUTO_START,IPv4,IPv6
Device    : ETH_W5500 (0x20de594)
Status    : oper=UP, admin=UP, carrier=ON
Ethernet capabilities supported:
	10 Mbits
	100 Mbits
Ethernet PHY device: ETH_W5500_phy (0x20de5b4)
Ethernet link speed: 100 Mbits full-duplex
IPv6 unicast addresses (max 2):
	fe80::8234:28ff:fe10:1273 autoconf preferred infinite
	fd27:e0cb:e5e8:8374:8234:28ff:fe10:1273 autoconf preferred
IPv6 multicast addresses (max 3):
	ff02::1
	ff02::1:ff10:1273
IPv6 prefixes (max 2):
	fd27:e0cb:e5e8:8374::/64
IPv6 hop limit           : 64
IPv6 base reachable time : 30000
IPv6 reachable time      : 28559
IPv6 retransmit timer    : 0
DHCPv6 state             : disabled
IPv4 unicast addresses (max 1):
	192.168.88.14/255.255.255.0 DHCP preferred
IPv4 multicast addresses (max 1):
	<none>
IPv4 gateway : 192.168.88.1
DHCPv4 lease time : 600
DHCPv4 renew time : 300
DHCPv4 server     : 192.168.88.1
DHCPv4 requested  : 192.168.88.14
DHCPv4 state      : bound
DHCPv4 attempts   : 1
DHCPv4 state      : bound

Interface wlan0 (0x20002dc8) (WiFi) [2]
===============================
[1;32mInterface is down.
[m[1;32muart:~$ [mwifi scan

Num  | SSID                             (len) | Chan (Band)   | RSSI | Security             | BSSID             | MFP     
1    | k2                               3     | 2    (2.4GHz) | -56  | WPA3-SAE-HNP         | D4:01:C3:A0:60:28 | Disable 
2    | Vivacom_FiberNet-769F            22    | 11   (2.4GHz) | -59  | WPA2-PSK             | 4E:D6:29:45:76:A8 | Disable 
3    | A1_50C7                          8     | 6    (2.4GHz) | -63  | WPA2-PSK             | 58:F9:87:21:50:D0 | Disable 
4    | Vivacom_FiberNet-A36C            22    | 8    (2.4GHz) | -66  | WPA2-PSK             | E6:90:2A:DB:A3:74 | Disable 
Scan request done
Scan requested
[1;32muart:~$ [mdevmem 0x42020014
Using data width 32
Read value 0x120
[1;32muart:~$ [mdevmem 0x42020814
Using data width 32
Read value 0xf1
[1;32muart:~$ [mdevmem 0x42020814
Using data width 32
Read value 0xf1
[1;32muart:~$ [m[8D[J[00:00:51.526,000] [0m<inf> REST_API_relays_state: GET /api/relays/state[0m
[1;32muart:~$ [m[8D[J[00:00:51.527,000] [0m<dbg> REST_API_relays_state.relays_state_handler: GET /api/relays/state: {"relay1": false, "relay2": false, "relay3": false, "relay4": false }[0m
[1;32muart:~$ [m[8D[J[00:00:51.534,000] [0m<inf> REST_API_relays_state: GET /api/relays/state[0m
[1;32muart:~$ [m[8D[J[00:00:51.534,000] [0m<dbg> REST_API_relays_state.relays_state_handler: GET /api/relays/state: {"relay1": false, "relay2": false, "relay3": false, "relay4": false }[0m
[1;32muart:~$ [m[8D[J[1;32muart:~$ [m[8D[J[1;32muart:~$ [mdevmem 0x42020414
Using data width 32
Read value 0x1104
[1;32muart:~$ [mI: Detected ESP-PSRAM64H (ID D 5D 46 A0 2F)
I: PSRAM initialised in QPI mode, 8192 KB
*** Using Zephyr OS build v4.4.0-12983-gb6a5e6e8aa90 ***
I: Starting bootloader
I: ICACHE alias: 0x02000000 -> 0x90000000 (4MB)
I: 0x90000000..0x9000001F:
I: 3d b8 f3 96 0 0 0 0 0 4 0 0 38 53 11 0
I: 0 0 0 0 0 0 0 0 0 0 0 0 0 0 0 0
I: Alias[0x02000000..0x0200001F]:
I: 3d b8 f3 96 0 0 0 0 0 4 0 0 38 53 11 0
I: 0 0 0 0 0 0 0 0 0 0 0 0 0 0 0 0
I: PSRAM 0x70000000..0x7000001F:
I: 38 f1 f 2 30 bb 1 70 98 d9 f 2 fc c 0 70
I: fc d8 f 2 80 d9 f 2 0 0 0 0 1c 7d 10 2
I: PSRAM write/read: PASS
I: Primary image: magic=good, swap_type=0x4, copy_done=0x1, image_ok=0x1
I: Scratch: magic=bad, swap_type=0x1, copy_done=0x2, image_ok=0x2
I: Boot source: none
I: Image index: 0, Swap type: none
I: Bootloader chainload address offset: 0x0
I: Image version: v0.0.0
I: Jumping to the first image slot
[m
[1;32muart:~$ [m[8D[J[00:00:00.842,000] [0m<inf> esp_hosted_mcu_core: coprocessor priv event 34[0m
[1;32muart:~$ [m[8D[J[00:00:00.846,000] [0m<inf> esp_hosted_mcu_core: coprocessor firmware v3.0.6[0m
[1;32muart:~$ [m[8D[J[00:00:00.846,000] [1;31m<err> mb85rsxx: invalid device ID: 04 7F 03 02[0m
[1;32muart:~$ [m[8D[J[00:00:00.846,000] [1;31m<err> mb85rsxx: Failed to initialize device, RDID check failed (err -5)[0m
[1;32muart:~$ [m[8D[J[00:00:00.846,000] [0m<inf> eth_w5500: ETH_W5500: interrupt mode[0m
[1;32muart:~$ [m[8D[J[00:00:00.854,000] [0m<inf> eth_w5500: W5500 Initialized[0m
[1;32muart:~$ [m[8D[J[00:00:00.855,000] [0m<inf> spi_nor: SPI_FLASH: SFDP v 1.0 AP ff with 1 PH[0m
[1;32muart:~$ [m[8D[J[00:00:00.855,000] [0m<inf> spi_nor: PH0: ff00 rev 1.0: 9 DW @ 80[0m
[1;32muart:~$ [m[8D[J[00:00:00.855,000] [0m<inf> spi_nor: SPI_FLASH: 16 MiBy flash[0m
[1;32muart:~$ [m[8D[J[00:00:01.356,000] [1;31m<err> net_ethernet: Invalid MAC address for iface 1 (0x20002c90)[0m
[1;32muart:~$ [m[8D[J[00:00:01.357,000] [0m<inf> littlefs: LittleFS version 2.11, disk version 2.1[0m
[1;32muart:~$ [m[8D[J[00:00:01.358,000] [0m<inf> littlefs: FS at SPI_FLASH:0xa00000 is 1280 0x1000-byte blocks with 1024 cycle[0m
[1;32muart:~$ [m[8D[J[00:00:01.358,000] [0m<inf> littlefs: partition sizes: rd 256 ; pr 256 ; ca 2048 ; la 256[0m
[1;32muart:~$ [m[8D[J*** Booting Zephyr OS build v4.4.0-12983-gb6a5e6e8aa90 ***
[1;32muart:~$ [m[8D[J[00:00:01.429,000] [0m<inf> shell_telnet: Telnet shell backend initialized[0m
[1;32muart:~$ [m[8D[J[00:00:01.430,000] [0m<inf> main_app: Start main app (build: Sep 12 2026 21:56:16) version 8[0m
[1;32muart:~$ [m[8D[J[00:00:01.430,000] [0m<inf> main_app: PSRAM @0x701aa890: write/read 1024 words OK[0m
[1;32muart:~$ [m[8D[J[00:00:01.746,000] [0m<inf> settings_registry: 0 keys registered, 0 rejected[0m
[1;32muart:~$ [m[8D[J[00:00:01.746,000] [0m<inf> io: Start io init[0m
[1;32muart:~$ [m[8D[J[00:00:03.231,000] [0m<inf> net_init: EEPROM MAC: 80:34:28:10:12:73[0m
[1;32muart:~$ [m[8D[J[00:00:03.231,000] [0m<inf> eth_w5500: ETH_W5500 MAC set to 80:34:28:10:12:73[0m
[1;32muart:~$ [m[8D[J[00:00:03.231,000] [0m<inf> net_init: Network interface up with MAC 80:34:28:10:12:73[0m
[1;32muart:~$ [m[8D[J[00:00:03.237,000] [0m<inf> io: Start io outputs task[0m
[1;32muart:~$ [m[8D[J[1;32muart:~$ [m[8D[J[1;32muart:~$ [m[8D[J[00:00:03.857,000] [0m<inf> eth_w5500: ETH_W5500: Link speed 100 Mb, full duplex[0m
[1;32muart:~$ [m[8D[J[00:00:03.875,000] [0m<inf> matter: Net callback IPv6 got, start matter after 5 sec[0m
[1;32muart:~$ [m[8D[J[00:00:03.884,000] [1;33m<wrn> net_dhcpv4: DHCP server provided more DNS servers than can be saved[0m
[1;32muart:~$ [m[8D[J[00:00:03.898,000] [1;33m<wrn> net_dhcpv4: DHCP server provided more DNS servers than can be saved[0m
[1;32muart:~$ [m[8D[J[00:00:03.899,000] [0m<inf> net_dhcpv4: Received: 192.168.88.14[0m
[1;32muart:~$ [m[8D[J[1;32muart:~$ [m[8D[J[1;32muart:~$ [m[8D[J[00:00:09.102,000] [0m<inf> matter: Net callback IPv6 got, start matter after 5 sec[0m
[1;32muart:~$ [m[8D[J[00:00:09.110,000] [0m<inf> matter: Init CHIP stack[0m
[1;32muart:~$ [m[8D[J[1;32muart:~$ [m[8D[J[1;32muart:~$ [m[8D[J[00:00:11.694,000] [0m<inf> chip: [SVR]Initializing session resumption storage...[0m
[1;32muart:~$ [m[8D[J[00:00:11.696,000] [0m<inf> chip: [SVR]Server initializing...[0m
[1;32muart:~$ [m[8D[J[00:00:11.697,000] [0m<dbg> chip.LogV: [FP]Initializing FabricTable from persistent storage[0m
[1;32muart:~$ [m[8D[J[00:00:12.420,000] [0m<inf> chip: [TS]Last Known Good Time: 2023-10-14T01:16:48[0m
[1;32muart:~$ [m[8D[J[1;32muart:~$ [m[8D[J[1;32muart:~$ [m[8D[J[00:00:13.896,000] [0m<inf> chip: [DMG]AccessControl: initializing[0m
[1;32muart:~$ [m[8D[J[00:00:13.897,000] [0m<inf> chip: [DMG]Examples::AccessControlDelegate::Init[0m
[1;32muart:~$ [m[8D[J[00:00:13.897,000] [0m<inf> chip: [DMG]AccessControl: setting[0m
[1;32muart:~$ [m[8D[J[00:00:13.898,000] [0m<inf> chip: [DMG]DefaultAclStorage: initializing[0m
[1;32muart:~$ [m[8D[J[00:00:13.899,000] [0m<inf> chip: [DMG]DefaultAclStorage: 0 entries loaded[0m
[1;32muart:~$ [m[8D[J[00:00:13.899,000] [0m<inf> chip: [SVR]WARNING: mTestEventTriggerDelegate is null[0m
[1;32muart:~$ [m[8D[J[00:00:13.900,000] [0m<dbg> chip.LogV: [IN]UDP::Init bind&listen port=5540[0m
[1;32muart:~$ [m[8D[J[00:00:13.903,000] [0m<dbg> chip.LogV: [IN]UDP::Init bound to port=5540[0m
[1;32muart:~$ [m[8D[J[00:00:13.904,000] [0m<dbg> chip.LogV: [IN]TransportMgr initialized[0m
[1;32muart:~$ [m[8D[J[00:00:14.102,000] [0m<inf> matter: Matter start work already submitted[0m
[1;32muart:~$ [m[8D[J[1;32muart:~$ [m[8D[J[1;32muart:~$ [m[8D[J[00:00:17.429,000] [0m<inf> chip: [ZCL]Using ZAP configuration...[0m
[1;32muart:~$ [m[8D[J[00:00:18.184,000] [0m<dbg> chip.LogV: [DMG]Failed to read stored attribute (1, 0x0000_0006, 0x0000_0000: a0[0m
[1;32muart:~$ [m[8D[J[1;32muart:~$ [m[8D[J[1;32muart:~$ [m[8D[J[00:00:18.967,000] [0m<dbg> chip.LogV: [DMG]Failed to read stored attribute (1, 0x0000_0006, 0x0000_4003: a0[0m
[1;32muart:~$ [m[8D[J[00:00:19.725,000] [0m<dbg> chip.LogV: [DMG]Failed to read stored attribute (2, 0x0000_0006, 0x0000_0000: a0[0m
[1;32muart:~$ [m[8D[J[1;32muart:~$ [m[8D[J[1;32muart:~$ [m[8D[J[00:00:20.511,000] [0m<dbg> chip.LogV: [DMG]Failed to read stored attribute (2, 0x0000_0006, 0x0000_4003: a0[0m
[1;32muart:~$ [m[8D[J[00:00:21.269,000] [0m<dbg> chip.LogV: [DMG]Failed to read stored attribute (3, 0x0000_0006, 0x0000_0000: a0[0m
[1;32muart:~$ [m[8D[J[1;32muart:~$ [m[8D[J[1;32muart:~$ [m[8D[J[00:00:22.069,000] [0m<dbg> chip.LogV: [DMG]Failed to read stored attribute (3, 0x0000_0006, 0x0000_4003: a0[0m
[1;32muart:~$ [m[8D[J[00:00:22.822,000] [0m<dbg> chip.LogV: [DMG]Failed to read stored attribute (4, 0x0000_0006, 0x0000_0000: a0[0m
[1;32muart:~$ [m[8D[J[1;32muart:~$ [m[8D[J[1;32muart:~$ [m[8D[J[00:00:23.613,000] [0m<dbg> chip.LogV: [DMG]Failed to read stored attribute (4, 0x0000_0006, 0x0000_4003: a0[0m
[1;32muart:~$ [m[8D[J[00:00:23.619,000] [0m<dbg> chip.LogV: [DL]Boot reason: 1[0m
[1;32muart:~$ [m[8D[J[00:00:23.622,000] [0m<inf> chip: [ZCL]Boot reason: 1[0m
[1;32muart:~$ [m[8D[J[00:00:23.623,000] [0m<inf> chip: [ZCL]Endpoint 1 On/off already set to new value[0m
[1;32muart:~$ [m[8D[J[00:00:23.624,000] [0m<inf> chip: [ZCL]Boot reason: 1[0m
[1;32muart:~$ [m[8D[J[00:00:23.625,000] [0m<inf> chip: [ZCL]Endpoint 2 On/off already set to new value[0m
[1;32muart:~$ [m[8D[J[00:00:23.627,000] [0m<inf> chip: [ZCL]Boot reason: 1[0m
[1;32muart:~$ [m[8D[J[00:00:23.628,000] [0m<inf> chip: [ZCL]Endpoint 3 On/off already set to new value[0m
[1;32muart:~$ [m[8D[J[00:00:23.630,000] [0m<inf> chip: [ZCL]Boot reason: 1[0m
[1;32muart:~$ [m[8D[J[00:00:23.631,000] [0m<inf> chip: [ZCL]Endpoint 4 On/off already set to new value[0m
[1;32muart:~$ [m[8D[J[1;32muart:~$ [m[8D[J[1;32muart:~$ [m[8D[J[00:00:23.755,000] [0m<dbg> chip.LogV: [EVL]LogEvent event number: 0x00000000001B0000 priority: 2, endpoint id:  0x0 cluster id: 0x0000_0033 event id: 0x3 Sys timestamp: 0x0000000000002F17[0m
[1;32muart:~$ [m[8D[J[1;32muart:~$ [m[8D[J[00:00:25.289,000] [0m<inf> chip: [DMG]AccessControlCluster: initializing[0m
[1;32muart:~$ [m[8D[J[00:00:25.292,000] [0m<inf> chip: [DIS]Updating services using commissioning mode 0[0m
[1;32muart:~$ [m[8D[J[00:00:25.293,000] [1;31m<err> chip: [DIS]DNS-SD advertising not available. DNS-SD init disabled.[0m
[1;32muart:~$ [m[8D[J[00:00:25.293,000] [1;31m<err> chip: [DIS]Failed to initialize advertiser: 2d[0m
[1;32muart:~$ [m[8D[J[00:00:25.294,000] [1;31m<err> chip: [DIS]DNS-SD advertising not available. Removing services failed.[0m
[1;32muart:~$ [m[8D[J[00:00:25.294,000] [1;31m<err> chip: [DIS]Failed to remove advertised services: 2d[0m
[1;32muart:~$ [m[8D[J[00:00:25.295,000] [1;31m<err> chip: [DIS]DNS-SD advertising not available. Finalizing service update failed.[0m
[1;32muart:~$ [m[8D[J[00:00:25.296,000] [1;31m<err> chip: [DIS]Failed to finalize service update: 2d[0m
[1;32muart:~$ [m[8D[J[00:00:25.296,000] [0m<inf> chip: [IN]CASE Server enabling CASE session setups[0m
[1;32muart:~$ [m[8D[J[00:00:25.298,000] [0m<dbg> chip.LogV: [IN]SecureSession[0x70001540]: Allocated Type:2 LSID:64983[0m
[1;32muart:~$ [m[8D[J[00:00:25.330,000] [0m<dbg> chip.LogV: [SC]Allocated SecureSession (0x70001540) - waiting for Sigma1 msg[0m
[1;32muart:~$ [m[8D[J[00:00:25.334,000] [0m<inf> chip: [SVR]Joining Multicast groups[0m
[1;32muart:~$ [m[8D[J[00:00:25.348,000] [0m<dbg> chip.LogV: [ZCL]Emitting StartUp event[0m
[1;32muart:~$ [m[8D[J[00:00:25.384,000] [0m<dbg> chip.LogV: [EVL]LogEvent event number: 0x00000000001B0001 priority: 2, endpoint id:  0x0 cluster id: 0x0000_0028 event id: 0x0 Sys timestamp: 0x0000000000003555[0m
[1;32muart:~$ [m[8D[J[00:00:25.387,000] [0m<inf> chip: [SVR]Server initialization complete[0m
[1;32muart:~$ [m[8D[J[00:00:25.402,000] [0m<inf> chip: [SVR]Server Listening...[0m
[1;32muart:~$ [m[8D[J[00:00:25.403,000] [0m<inf> matter: Matter stack initialized[0m
[1;32muart:~$ [m[8D[J[00:00:25.409,000] [0m<inf> matter: Matter event loop started[0m
[1;32muart:~$ [m[8D[J[00:00:25.410,000] [0m<inf> matter_event_loop: Init io_to_matter_stream[0m
[1;32muart:~$ [m[8D[J[00:00:25.413,000] [0m<inf> matter_event_loop: Start io_to_matter_stream[0m
[1;32muart:~$ [m[8D[J[00:00:25.418,000] [0m<inf> chip: [DL]CHIP task running[0m
[1;32muart:~$ [m[8D[J[1;32muart:~$ [m[8D[J[1;32muart:~$ [mkernel uptime
Uptime: 39349 ms
[1;32muart:~$ [mnet iface
Hostname: zephyr000000000000
Default interface: 1


Interface eth0 (0x20002c90) (Ethernet) [1]
===================================
Link addr : 80:34:28:10:12:73
MTU       : 1500
Flags     : AUTO_START,IPv4,IPv6
Device    : ETH_W5500 (0x20de594)
Status    : oper=UP, admin=UP, carrier=ON
Ethernet capabilities supported:
	10 Mbits
	100 Mbits
Ethernet PHY device: ETH_W5500_phy (0x20de5b4)
Ethernet link speed: 100 Mbits full-duplex
IPv6 unicast addresses (max 2):
	fe80::8234:28ff:fe10:1273 autoconf preferred infinite
	fd27:e0cb:e5e8:8374:8234:28ff:fe10:1273 autoconf preferred
IPv6 multicast addresses (max 3):
	ff02::1
	ff02::1:ff10:1273
IPv6 prefixes (max 2):
	fd27:e0cb:e5e8:8374::/64
IPv6 hop limit           : 64
IPv6 base reachable time : 30000
IPv6 reachable time      : 26751
IPv6 retransmit timer    : 0
DHCPv6 state             : disabled
IPv4 unicast addresses (max 1):
	192.168.88.14/255.255.255.0 DHCP preferred
IPv4 multicast addresses (max 1):
	<none>
IPv4 gateway : 192.168.88.1
DHCPv4 lease time : 600
DHCPv4 renew time : 300
DHCPv4 server     : 192.168.88.1
DHCPv4 requested  : 192.168.88.14
DHCPv4 state      : bound
DHCPv4 attempts   : 1
DHCPv4 state      : bound

Interface wlan0 (0x20002dc8) (WiFi) [2]
===============================
[1;32mInterface is down.
[m[1;32muart:~$ [mwifi scan

Num  | SSID                             (len) | Chan (Band)   | RSSI | Security             | BSSID             | MFP     
1    | k2                               3     | 2    (2.4GHz) | -57  | WPA3-SAE-HNP         | D4:01:C3:A0:60:28 | Disable 
2    | Vivacom_FiberNet-769F            22    | 11   (2.4GHz) | -59  | WPA2-PSK             | 4E:D6:29:45:76:A8 | Disable 
3    | A1_50C7                          8     | 6    (2.4GHz) | -64  | WPA2-PSK             | 58:F9:87:21:50:D0 | Disable 
4    | Vivacom_FiberNet-A36C            22    | 8    (2.4GHz) | -67  | WPA2-PSK             | E6:90:2A:DB:A3:74 | Disable 
Scan request done
Scan requested
[1;32muart:~$ [mdevmem 0x42020014
Using data width 32
Read value 0x120
[1;32muart:~$ [mdevmem 0x42020814
Using data width 32
Read value 0xf1
[1;32muart:~$ [mdevmem 0x42020814
Using data width 32
Read value 0xf1
[1;32muart:~$ [m[8D[J[00:00:51.681,000] [0m<inf> REST_API_relays_state: GET /api/relays/state[0m
[1;32muart:~$ [m[8D[J[00:00:51.681,000] [0m<dbg> REST_API_relays_state.relays_state_handler: GET /api/relays/state: {"relay1": false, "relay2": false, "relay3": false, "relay4": false }[0m
[1;32muart:~$ [m[8D[J[00:00:51.688,000] [0m<inf> REST_API_relays_state: GET /api/relays/state[0m
[1;32muart:~$ [m[8D[J[00:00:51.689,000] [0m<dbg> REST_API_relays_state.relays_state_handler: GET /api/relays/state: {"relay1": false, "relay2": false, "relay3": false, "relay4": false }[0m
[1;32muart:~$ [m[8D[J[1;32muart:~$ [m[8D[J[1;32muart:~$ [mdevmem 0x42020414
Using data width 32
Read value 0x1104
[1;32muart:~$ [mI: Detected ESP-PSRAM64H (ID D 5D 46 A0 2F)
I: PSRAM initialised in QPI mode, 8192 KB
*** Using Zephyr OS build v4.4.0-12983-gb6a5e6e8aa90 ***
I: Starting bootloader
I: ICACHE alias: 0x02000000 -> 0x90000000 (4MB)
I: 0x90000000..0x9000001F:
I: 3d b8 f3 96 0 0 0 0 0 4 0 0 38 53 11 0
I: 0 0 0 0 0 0 0 0 0 0 0 0 0 0 0 0
I: Alias[0x02000000..0x0200001F]:
I: 3d b8 f3 96 0 0 0 0 0 4 0 0 38 53 11 0
I: 0 0 0 0 0 0 0 0 0 0 0 0 0 0 0 0
I: PSRAM 0x70000000..0x7000001F:
I: 38 f1 f 2 30 bb 1 70 98 d9 f 2 fc c 0 70
I: fc d8 f 2 80 d9 f 2 0 0 0 0 1c 7d 10 2
I: PSRAM write/read: PASS
I: Primary image: magic=good, swap_type=0x4, copy_done=0x1, image_ok=0x1
I: Scratch: magic=bad, swap_type=0x1, copy_done=0x2, image_ok=0x2
I: Boot source: none
I: Image index: 0, Swap type: none
I: Bootloader chainload address offset: 0x0
I: Image version: v0.0.0
I: Jumping to the first image slot
[m
[1;32muart:~$ [m[8D[J[00:00:00.842,000] [0m<inf> esp_hosted_mcu_core: coprocessor priv event 34[0m
[1;32muart:~$ [m[8D[J[00:00:00.846,000] [0m<inf> esp_hosted_mcu_core: coprocessor firmware v3.0.6[0m
[1;32muart:~$ [m[8D[J[00:00:00.846,000] [1;31m<err> mb85rsxx: invalid device ID: 04 7F 03 02[0m
[1;32muart:~$ [m[8D[J[00:00:00.846,000] [1;31m<err> mb85rsxx: Failed to initialize device, RDID check failed (err -5)[0m
[1;32muart:~$ [m[8D[J[00:00:00.846,000] [0m<inf> eth_w5500: ETH_W5500: interrupt mode[0m
[1;32muart:~$ [m[8D[J[00:00:00.854,000] [0m<inf> eth_w5500: W5500 Initialized[0m
[1;32muart:~$ [m[8D[J[00:00:00.855,000] [0m<inf> spi_nor: SPI_FLASH: SFDP v 1.0 AP ff with 1 PH[0m
[1;32muart:~$ [m[8D[J[00:00:00.855,000] [0m<inf> spi_nor: PH0: ff00 rev 1.0: 9 DW @ 80[0m
[1;32muart:~$ [m[8D[J[00:00:00.855,000] [0m<inf> spi_nor: SPI_FLASH: 16 MiBy flash[0m
[1;32muart:~$ [m[8D[J[00:00:01.354,000] [1;31m<err> net_ethernet: Invalid MAC address for iface 1 (0x20002c90)[0m
[1;32muart:~$ [m[8D[J[00:00:01.355,000] [0m<inf> littlefs: LittleFS version 2.11, disk version 2.1[0m
[1;32muart:~$ [m[8D[J[00:00:01.356,000] [0m<inf> littlefs: FS at SPI_FLASH:0xa00000 is 1280 0x1000-byte blocks with 1024 cycle[0m
[1;32muart:~$ [m[8D[J[00:00:01.356,000] [0m<inf> littlefs: partition sizes: rd 256 ; pr 256 ; ca 2048 ; la 256[0m
[1;32muart:~$ [m[8D[J*** Booting Zephyr OS build v4.4.0-12983-gb6a5e6e8aa90 ***
[1;32muart:~$ [m[8D[J[00:00:01.439,000] [0m<inf> shell_telnet: Telnet shell backend initialized[0m
[1;32muart:~$ [m[8D[J[00:00:01.439,000] [0m<inf> main_app: Start main app (build: Sep 12 2026 21:56:16) version 8[0m
[1;32muart:~$ [m[8D[J[00:00:01.440,000] [0m<inf> main_app: PSRAM @0x701aa890: write/read 1024 words OK[0m
[1;32muart:~$ [m[8D[J[00:00:01.771,000] [0m<inf> settings_registry: 0 keys registered, 0 rejected[0m
[1;32muart:~$ [m[8D[J[00:00:01.771,000] [0m<inf> io: Start io init[0m
[1;32muart:~$ [m[8D[J[00:00:02.354,000] [0m<inf> eth_w5500: ETH_W5500: Link speed 100 Mb, full duplex[0m
[1;32muart:~$ [m[8D[J[00:00:03.335,000] [0m<inf> net_init: EEPROM MAC: 80:34:28:10:12:73[0m
[1;32muart:~$ [m[8D[J[00:00:03.336,000] [0m<inf> eth_w5500: ETH_W5500 MAC set to 80:34:28:10:12:73[0m
[1;32muart:~$ [m[8D[J[00:00:03.336,000] [0m<inf> net_init: Network interface up with MAC 80:34:28:10:12:73[0m
[1;32muart:~$ [m[8D[J[00:00:03.351,000] [0m<inf> matter: Net callback IPv6 got, start matter after 5 sec[0m
[1;32muart:~$ [m[8D[J[00:00:03.355,000] [0m<inf> io: Start io outputs task[0m
[1;32muart:~$ [m[8D[J[1;32muart:~$ [m[8D[J[1;32muart:~$ [m[8D[J[00:00:08.354,000] [0m<inf> matter: Net callback IPv6 got, start matter after 5 sec[0m
[1;32muart:~$ [m[8D[J[00:00:08.360,000] [0m<inf> matter: Init CHIP stack[0m
[1;32muart:~$ [m[8D[J[1;32muart:~$ [m[8D[J[1;32muart:~$ [m[8D[J[00:00:11.140,000] [0m<inf> chip: [SVR]Initializing session resumption storage...[0m
[1;32muart:~$ [m[8D[J[00:00:11.142,000] [0m<inf> chip: [SVR]Server initializing...[0m
[1;32muart:~$ [m[8D[J[00:00:11.142,000] [0m<dbg> chip.LogV: [FP]Initializing FabricTable from persistent storage[0m
[1;32muart:~$ [m[8D[J[00:00:11.904,000] [0m<inf> chip: [TS]Last Known Good Time: 2023-10-14T01:16:48[0m
[1;32muart:~$ [m[8D[J[1;32muart:~$ [m[8D[J[1;32muart:~$ [m[8D[J[00:00:13.354,000] [0m<inf> matter: Matter start work already submitted[0m
[1;32muart:~$ [m[8D[J[00:00:13.467,000] [0m<inf> chip: [DMG]AccessControl: initializing[0m
[1;32muart:~$ [m[8D[J[00:00:13.467,000] [0m<inf> chip: [DMG]Examples::AccessControlDelegate::Init[0m
[1;32muart:~$ [m[8D[J[00:00:13.468,000] [0m<inf> chip: [DMG]AccessControl: setting[0m
[1;32muart:~$ [m[8D[J[00:00:13.468,000] [0m<inf> chip: [DMG]DefaultAclStorage: initializing[0m
[1;32muart:~$ [m[8D[J[00:00:13.469,000] [0m<inf> chip: [DMG]DefaultAclStorage: 0 entries loaded[0m
[1;32muart:~$ [m[8D[J[00:00:13.470,000] [0m<inf> chip: [SVR]WARNING: mTestEventTriggerDelegate is null[0m
[1;32muart:~$ [m[8D[J[00:00:13.470,000] [0m<dbg> chip.LogV: [IN]UDP::Init bind&listen port=5540[0m
[1;32muart:~$ [m[8D[J[00:00:13.473,000] [0m<dbg> chip.LogV: [IN]UDP::Init bound to port=5540[0m
[1;32muart:~$ [m[8D[J[00:00:13.474,000] [0m<dbg> chip.LogV: [IN]TransportMgr initialized[0m
[1;32muart:~$ [m[8D[J[1;32muart:~$ [m[8D[J[1;32muart:~$ [m[8D[J[00:00:16.365,000] [1;33m<wrn> net_dhcpv4: DHCP server provided more DNS servers than can be saved[0m
[1;32muart:~$ [m[8D[J[00:00:16.379,000] [1;33m<wrn> net_dhcpv4: DHCP server provided more DNS servers than can be saved[0m
[1;32muart:~$ [m[8D[J[00:00:16.381,000] [0m<inf> net_dhcpv4: Received: 192.168.88.14[0m
[1;32muart:~$ [m[8D[J[00:00:17.169,000] [0m<inf> chip: [ZCL]Using ZAP configuration...[0m
[1;32muart:~$ [m[8D[J[1;32muart:~$ [m[8D[J[1;32muart:~$ [m[8D[J[00:00:21.885,000] [0m<dbg> chip.LogV: [DMG]Failed to read stored attribute (1, 0x0000_0006, 0x0000_0000: a0[0m
[1;32muart:~$ [m[8D[J[00:00:22.661,000] [0m<dbg> chip.LogV: [DMG]Failed to read stored attribute (1, 0x0000_0006, 0x0000_4003: a0[0m
[1;32muart:~$ [m[8D[J[1;32muart:~$ [m[8D[J[1;32muart:~$ [m[8D[J[00:00:23.470,000] [0m<dbg> chip.LogV: [DMG]Failed to read stored attribute (2, 0x0000_0006, 0x0000_0000: a0[0m
[1;32muart:~$ [m[8D[J[00:00:24.247,000] [0m<dbg> chip.LogV: [DMG]Failed to read stored attribute (2, 0x0000_0006, 0x0000_4003: a0[0m
[1;32muart:~$ [m[8D[J[1;32muart:~$ [m[8D[J[1;32muart:~$ [m[8D[J[00:00:25.060,000] [0m<dbg> chip.LogV: [DMG]Failed to read stored attribute (3, 0x0000_0006, 0x0000_0000: a0[0m
[1;32muart:~$ [m[8D[J[00:00:25.838,000] [0m<dbg> chip.LogV: [DMG]Failed to read stored attribute (3, 0x0000_0006, 0x0000_4003: a0[0m
[1;32muart:~$ [m[8D[J[1;32muart:~$ [m[8D[J[1;32muart:~$ [m[8D[J[00:00:26.650,000] [0m<dbg> chip.LogV: [DMG]Failed to read stored attribute (4, 0x0000_0006, 0x0000_0000: a0[0m
[1;32muart:~$ [m[8D[J[00:00:27.427,000] [0m<dbg> chip.LogV: [DMG]Failed to read stored attribute (4, 0x0000_0006, 0x0000_4003: a0[0m
[1;32muart:~$ [m[8D[J[00:00:27.432,000] [0m<dbg> chip.LogV: [DL]Boot reason: 1[0m
[1;32muart:~$ [m[8D[J[00:00:27.435,000] [0m<inf> chip: [ZCL]Boot reason: 1[0m
[1;32muart:~$ [m[8D[J[00:00:27.436,000] [0m<inf> chip: [ZCL]Endpoint 1 On/off already set to new value[0m
[1;32muart:~$ [m[8D[J[00:00:27.438,000] [0m<inf> chip: [ZCL]Boot reason: 1[0m
[1;32muart:~$ [m[8D[J[00:00:27.439,000] [0m<inf> chip: [ZCL]Endpoint 2 On/off already set to new value[0m
[1;32muart:~$ [m[8D[J[00:00:27.441,000] [0m<inf> chip: [ZCL]Boot reason: 1[0m
[1;32muart:~$ [m[8D[J[00:00:27.442,000] [0m<inf> chip: [ZCL]Endpoint 3 On/off already set to new value[0m
[1;32muart:~$ [m[8D[J[00:00:27.444,000] [0m<inf> chip: [ZCL]Boot reason: 1[0m
[1;32muart:~$ [m[8D[J[00:00:27.482,000] [0m<inf> chip: [ZCL]Endpoint 4 On/off already set to new value[0m
[1;32muart:~$ [m[8D[J[1;32muart:~$ [m[8D[J[1;32muart:~$ [m[8D[J[00:00:27.582,000] [0m<dbg> chip.LogV: [EVL]LogEvent event number: 0x00000000001C0000 priority: 2, endpoint id:  0x0 cluster id: 0x0000_0033 event id: 0x3 Sys timestamp: 0x0000000000004034[0m
[1;32muart:~$ [m[8D[J[1;32muart:~$ [m[8D[J[00:00:29.164,000] [0m<inf> chip: [DMG]AccessControlCluster: initializing[0m
[1;32muart:~$ [m[8D[J[00:00:29.166,000] [0m<inf> chip: [DIS]Updating services using commissioning mode 0[0m
[1;32muart:~$ [m[8D[J[00:00:29.167,000] [1;31m<err> chip: [DIS]DNS-SD advertising not available. DNS-SD init disabled.[0m
[1;32muart:~$ [m[8D[J[00:00:29.167,000] [1;31m<err> chip: [DIS]Failed to initialize advertiser: 2d[0m
[1;32muart:~$ [m[8D[J[00:00:29.168,000] [1;31m<err> chip: [DIS]DNS-SD advertising not available. Removing services failed.[0m
[1;32muart:~$ [m[8D[J[00:00:29.168,000] [1;31m<err> chip: [DIS]Failed to remove advertised services: 2d[0m
[1;32muart:~$ [m[8D[J[00:00:29.169,000] [1;31m<err> chip: [DIS]DNS-SD advertising not available. Finalizing service update failed.[0m
[1;32muart:~$ [m[8D[J[00:00:29.169,000] [1;31m<err> chip: [DIS]Failed to finalize service update: 2d[0m
[1;32muart:~$ [m[8D[J[00:00:29.170,000] [0m<inf> chip: [IN]CASE Server enabling CASE session setups[0m
[1;32muart:~$ [m[8D[J[00:00:29.171,000] [0m<dbg> chip.LogV: [IN]SecureSession[0x70001540]: Allocated Type:2 LSID:16784[0m
[1;32muart:~$ [m[8D[J[00:00:29.201,000] [0m<dbg> chip.LogV: [SC]Allocated SecureSession (0x70001540) - waiting for Sigma1 msg[0m
[1;32muart:~$ [m[8D[J[00:00:29.205,000] [0m<inf> chip: [SVR]Joining Multicast groups[0m
[1;32muart:~$ [m[8D[J[00:00:29.218,000] [0m<dbg> chip.LogV: [ZCL]Emitting StartUp event[0m
[1;32muart:~$ [m[8D[J[00:00:29.259,000] [0m<dbg> chip.LogV: [EVL]LogEvent event number: 0x00000000001C0001 priority: 2, endpoint id:  0x0 cluster id: 0x0000_0028 event id: 0x0 Sys timestamp: 0x000000000000469D[0m
[1;32muart:~$ [m[8D[J[00:00:29.268,000] [0m<inf> chip: [SVR]Server initialization complete[0m
[1;32muart:~$ [m[8D[J[00:00:29.273,000] [0m<inf> chip: [SVR]Server Listening...[0m
[1;32muart:~$ [m[8D[J[00:00:29.279,000] [0m<inf> matter: Matter stack initialized[0m
[1;32muart:~$ [m[8D[J[00:00:29.284,000] [0m<inf> matter: Matter event loop started[0m
[1;32muart:~$ [m[8D[J[00:00:29.285,000] [0m<inf> matter_event_loop: Init io_to_matter_stream[0m
[1;32muart:~$ [m[8D[J[00:00:29.289,000] [0m<inf> matter_event_loop: Start io_to_matter_stream[0m
[1;32muart:~$ [m[8D[J[00:00:29.293,000] [0m<inf> chip: [DL]CHIP task running[0m
[1;32muart:~$ [m[8D[J[1;32muart:~$ [m[8D[J[1;32muart:~$ [mkernel uptime
Uptime: 39355 ms
[1;32muart:~$ [mnet iface
Hostname: zephyr000000000000
Default interface: 1


Interface eth0 (0x20002c90) (Ethernet) [1]
===================================
Link addr : 80:34:28:10:12:73
MTU       : 1500
Flags     : AUTO_START,IPv4,IPv6
Device    : ETH_W5500 (0x20de594)
Status    : oper=UP, admin=UP, carrier=ON
Ethernet capabilities supported:
	10 Mbits
	100 Mbits
Ethernet PHY device: ETH_W5500_phy (0x20de5b4)
Ethernet link speed: 100 Mbits full-duplex
IPv6 unicast addresses (max 2):
	fe80::8234:28ff:fe10:1273 autoconf preferred infinite
	fd27:e0cb:e5e8:8374:8234:28ff:fe10:1273 autoconf preferred
IPv6 multicast addresses (max 3):
	ff02::1
	ff02::1:ff10:1273
IPv6 prefixes (max 2):
	fd27:e0cb:e5e8:8374::/64
IPv6 hop limit           : 64
IPv6 base reachable time : 30000
IPv6 reachable time      : 35122
IPv6 retransmit timer    : 0
DHCPv6 state             : disabled
IPv4 unicast addresses (max 1):
	192.168.88.14/255.255.255.0 DHCP preferred
IPv4 multicast addresses (max 1):
	<none>
IPv4 gateway : 192.168.88.1
DHCPv4 lease time : 600
DHCPv4 renew time : 300
DHCPv4 server     : 192.168.88.1
DHCPv4 requested  : 192.168.88.14
DHCPv4 state      : bound
DHCPv4 attempts   : 1
DHCPv4 state      : bound

Interface wlan0 (0x20002dc8) (WiFi) [2]
===============================
[1;32mInterface is down.
[m[1;32muart:~$ [mwifi scan

Num  | SSID                             (len) | Chan (Band)   | RSSI | Security             | BSSID             | MFP     
1    | Vivacom_FiberNet-769F            22    | 11   (2.4GHz) | -56  | WPA2-PSK             | 4E:D6:29:45:76:A8 | Disable 
2    | k2                               3     | 2    (2.4GHz) | -59  | WPA3-SAE-HNP         | D4:01:C3:A0:60:28 | Disable 
3    | A1_50C7                          8     | 6    (2.4GHz) | -63  | WPA2-PSK             | 58:F9:87:21:50:D0 | Disable 
4    | Vivacom_FiberNet-A36C            22    | 8    (2.4GHz) | -66  | WPA2-PSK             | E6:90:2A:DB:A3:74 | Disable 
Scan request done
Scan requested
[1;32muart:~$ [mdevmem 0x42020014
Using data width 32
Read value 0x120
[1;32muart:~$ [mdevmem 0x42020814
Using data width 32
Read value 0xf1
[1;32muart:~$ [mdevmem 0x42020814
Using data width 32
Read value 0xf1
[1;32muart:~$ [m[8D[J[00:00:51.822,000] [0m<inf> REST_API_relays_state: GET /api/relays/state[0m
[1;32muart:~$ [m[8D[J[00:00:51.823,000] [0m<dbg> REST_API_relays_state.relays_state_handler: GET /api/relays/state: {"relay1": false, "relay2": false, "relay3": false, "relay4": false }[0m
[1;32muart:~$ [m[8D[J[00:00:51.830,000] [0m<inf> REST_API_relays_state: GET /api/relays/state[0m
[1;32muart:~$ [m[8D[J[00:00:51.830,000] [0m<dbg> REST_API_relays_state.relays_state_handler: GET /api/relays/state: {"relay1": false, "relay2": false, "relay3": false, "relay4": false }[0m
[1;32muart:~$ [m[8D[J[1;32muart:~$ [m[8D[J[1;32muart:~$ [mdevmem 0x42020414
Using data width 32
Read value 0x1104
[1;32muart:~$ [mI: Detected ESP-PSRAM64H (ID D 5D 46 A0 2F)
I: PSRAM initialised in QPI mode, 8192 KB
*** Using Zephyr OS build v4.4.0-12983-gb6a5e6e8aa90 ***
I: Starting bootloader
I: ICACHE alias: 0x02000000 -> 0x90000000 (4MB)
I: 0x90000000..0x9000001F:
I: 3d b8 f3 96 0 0 0 0 0 4 0 0 38 53 11 0
I: 0 0 0 0 0 0 0 0 0 0 0 0 0 0 0 0
I: Alias[0x02000000..0x0200001F]:
I: 3d b8 f3 96 0 0 0 0 0 4 0 0 38 53 11 0
I: 0 0 0 0 0 0 0 0 0 0 0 0 0 0 0 0
I: PSRAM 0x70000000..0x7000001F:
I: 38 f1 f 2 30 bb 1 70 98 d9 f 2 fc c 0 70
I: fc d8 f 2 80 d9 f 2 0 0 0 0 1c 7d 10 2
I: PSRAM write/read: PASS
I: Primary image: magic=good, swap_type=0x4, copy_done=0x1, image_ok=0x1
I: Scratch: magic=bad, swap_type=0x1, copy_done=0x2, image_ok=0x2
I: Boot source: none
I: Image index: 0, Swap type: none
I: Bootloader chainload address offset: 0x0
I: Image version: v0.0.0
I: Jumping to the first image slot
[m
[1;32muart:~$ [m[8D[J[00:00:00.842,000] [0m<inf> esp_hosted_mcu_core: coprocessor priv event 34[0m
[1;32muart:~$ [m[8D[J[00:00:00.846,000] [0m<inf> esp_hosted_mcu_core: coprocessor firmware v3.0.6[0m
[1;32muart:~$ [m[8D[J[00:00:00.846,000] [1;31m<err> mb85rsxx: invalid device ID: 04 7F 03 02[0m
[1;32muart:~$ [m[8D[J[00:00:00.846,000] [1;31m<err> mb85rsxx: Failed to initialize device, RDID check failed (err -5)[0m
[1;32muart:~$ [m[8D[J[00:00:00.846,000] [0m<inf> eth_w5500: ETH_W5500: interrupt mode[0m
[1;32muart:~$ [m[8D[J[00:00:00.854,000] [0m<inf> eth_w5500: W5500 Initialized[0m
[1;32muart:~$ [m[8D[J[00:00:00.855,000] [0m<inf> spi_nor: SPI_FLASH: SFDP v 1.0 AP ff with 1 PH[0m
[1;32muart:~$ [m[8D[J[00:00:00.855,000] [0m<inf> spi_nor: PH0: ff00 rev 1.0: 9 DW @ 80[0m
[1;32muart:~$ [m[8D[J[00:00:00.855,000] [0m<inf> spi_nor: SPI_FLASH: 16 MiBy flash[0m
[1;32muart:~$ [m[8D[J[00:00:01.356,000] [1;31m<err> net_ethernet: Invalid MAC address for iface 1 (0x20002c90)[0m
[1;32muart:~$ [m[8D[J[00:00:01.356,000] [0m<inf> littlefs: LittleFS version 2.11, disk version 2.1[0m
[1;32muart:~$ [m[8D[J[00:00:01.357,000] [0m<inf> littlefs: FS at SPI_FLASH:0xa00000 is 1280 0x1000-byte blocks with 1024 cycle[0m
[1;32muart:~$ [m[8D[J[00:00:01.357,000] [0m<inf> littlefs: partition sizes: rd 256 ; pr 256 ; ca 2048 ; la 256[0m
[1;32muart:~$ [m[8D[J*** Booting Zephyr OS build v4.4.0-12983-gb6a5e6e8aa90 ***
[1;32muart:~$ [m[8D[J[00:00:01.442,000] [0m<inf> shell_telnet: Telnet shell backend initialized[0m
[1;32muart:~$ [m[8D[J[00:00:01.443,000] [0m<inf> main_app: Start main app (build: Sep 12 2026 21:56:16) version 8[0m
[1;32muart:~$ [m[8D[J[00:00:01.444,000] [0m<inf> main_app: PSRAM @0x701aa890: write/read 1024 words OK[0m
[1;32muart:~$ [m[8D[J[00:00:01.785,000] [0m<inf> settings_registry: 0 keys registered, 0 rejected[0m
[1;32muart:~$ [m[8D[J[00:00:01.785,000] [0m<inf> io: Start io init[0m
[1;32muart:~$ [m[8D[J[00:00:02.855,000] [0m<inf> eth_w5500: ETH_W5500: Link speed 100 Mb, full duplex[0m
[1;32muart:~$ [m[8D[J[00:00:03.406,000] [0m<inf> net_init: EEPROM MAC: 80:34:28:10:12:73[0m
[1;32muart:~$ [m[8D[J[00:00:03.406,000] [0m<inf> eth_w5500: ETH_W5500 MAC set to 80:34:28:10:12:73[0m
[1;32muart:~$ [m[8D[J[00:00:03.406,000] [0m<inf> net_init: Network interface up with MAC 80:34:28:10:12:73[0m
[1;32muart:~$ [m[8D[J[00:00:03.421,000] [0m<inf> matter: Net callback IPv6 got, start matter after 5 sec[0m
[1;32muart:~$ [m[8D[J[00:00:03.425,000] [0m<inf> io: Start io outputs task[0m
[1;32muart:~$ [m[8D[J[1;32muart:~$ [m[8D[J[1;32muart:~$ [m[8D[J[00:00:08.424,000] [0m<inf> matter: Net callback IPv6 got, start matter after 5 sec[0m
[1;32muart:~$ [m[8D[J[00:00:08.429,000] [0m<inf> matter: Init CHIP stack[0m
[1;32muart:~$ [m[8D[J[1;32muart:~$ [m[8D[J[1;32muart:~$ [m[8D[J[00:00:11.278,000] [0m<inf> chip: [SVR]Initializing session resumption storage...[0m
[1;32muart:~$ [m[8D[J[00:00:11.280,000] [0m<inf> chip: [SVR]Server initializing...[0m
[1;32muart:~$ [m[8D[J[00:00:11.281,000] [0m<dbg> chip.LogV: [FP]Initializing FabricTable from persistent storage[0m
[1;32muart:~$ [m[8D[J[00:00:11.435,000] [1;33m<wrn> net_dhcpv4: DHCP server provided more DNS servers than can be saved[0m
[1;32muart:~$ [m[8D[J[00:00:11.449,000] [1;33m<wrn> net_dhcpv4: DHCP server provided more DNS servers than can be saved[0m
[1;32muart:~$ [m[8D[J[00:00:11.450,000] [0m<inf> net_dhcpv4: Received: 192.168.88.14[0m
[1;32muart:~$ [m[8D[J[00:00:15.975,000] [0m<inf> matter: Matter start work already submitted[0m
[1;32muart:~$ [m[8D[J[1;32muart:~$ [m[8D[J[1;32muart:~$ [m[8D[J[00:00:16.047,000] [0m<inf> chip: [TS]Last Known Good Time: 2023-10-14T01:16:48[0m
[1;32muart:~$ [m[8D[J[1;32muart:~$ [m[8D[J[00:00:17.679,000] [0m<inf> chip: [DMG]AccessControl: initializing[0m
[1;32muart:~$ [m[8D[J[00:00:17.680,000] [0m<inf> chip: [DMG]Examples::AccessControlDelegate::Init[0m
[1;32muart:~$ [m[8D[J[00:00:17.681,000] [0m<inf> chip: [DMG]AccessControl: setting[0m
[1;32muart:~$ [m[8D[J[00:00:17.681,000] [0m<inf> chip: [DMG]DefaultAclStorage: initializing[0m
[1;32muart:~$ [m[8D[J[00:00:17.682,000] [0m<inf> chip: [DMG]DefaultAclStorage: 0 entries loaded[0m
[1;32muart:~$ [m[8D[J[00:00:17.682,000] [0m<inf> chip: [SVR]WARNING: mTestEventTriggerDelegate is null[0m
[1;32muart:~$ [m[8D[J[00:00:17.683,000] [0m<dbg> chip.LogV: [IN]UDP::Init bind&listen port=5540[0m
[1;32muart:~$ [m[8D[J[00:00:17.686,000] [0m<dbg> chip.LogV: [IN]UDP::Init bound to port=5540[0m
[1;32muart:~$ [m[8D[J[00:00:17.686,000] [0m<dbg> chip.LogV: [IN]TransportMgr initialized[0m
[1;32muart:~$ [m[8D[J[1;32muart:~$ [m[8D[J[1;32muart:~$ [m[8D[J[00:00:22.580,000] [0m<inf> chip: [ZCL]Using ZAP configuration...[0m
[1;32muart:~$ [m[8D[J[00:00:22.643,000] [0m<dbg> chip.LogV: [DMG]Failed to read stored attribute (1, 0x0000_0006, 0x0000_0000: a0[0m
[1;32muart:~$ [m[8D[J[00:00:22.705,000] [0m<dbg> chip.LogV: [DMG]Failed to read stored attribute (1, 0x0000_0006, 0x0000_4003: a0[0m
[1;32muart:~$ [m[8D[J[00:00:22.766,000] [0m<dbg> chip.LogV: [DMG]Failed to read stored attribute (2, 0x0000_0006, 0x0000_0000: a0[0m
[1;32muart:~$ [m[8D[J[00:00:22.828,000] [0m<dbg> chip.LogV: [DMG]Failed to read stored attribute (2, 0x0000_0006, 0x0000_4003: a0[0m
[1;32muart:~$ [m[8D[J[00:00:22.890,000] [0m<dbg> chip.LogV: [DMG]Failed to read stored attribute (3, 0x0000_0006, 0x0000_0000: a0[0m
[1;32muart:~$ [m[8D[J[00:00:22.951,000] [0m<dbg> chip.LogV: [DMG]Failed to read stored attribute (3, 0x0000_0006, 0x0000_4003: a0[0m
[1;32muart:~$ [m[8D[J[00:00:23.013,000] [0m<dbg> chip.LogV: [DMG]Failed to read stored attribute (4, 0x0000_0006, 0x0000_0000: a0[0m
[1;32muart:~$ [m[8D[J[00:00:23.074,000] [0m<dbg> chip.LogV: [DMG]Failed to read stored attribute (4, 0x0000_0006, 0x0000_4003: a0[0m
[1;32muart:~$ [m[8D[J[00:00:23.080,000] [0m<dbg> chip.LogV: [DL]Boot reason: 1[0m
[1;32muart:~$ [m[8D[J[00:00:23.147,000] [0m<inf> chip: [ZCL]Boot reason: 1[0m
[1;32muart:~$ [m[8D[J[00:00:23.156,000] [0m<inf> chip: [ZCL]Endpoint 1 On/off already set to new value[0m
[1;32muart:~$ [m[8D[J[1;32muart:~$ [m[8D[J[1;32muart:~$ [m[8D[J[00:00:23.188,000] [0m<inf> chip: [ZCL]Boot reason: 1[0m
[1;32muart:~$ [m[8D[J[00:00:23.193,000] [0m<inf> chip: [ZCL]Endpoint 2 On/off already set to new value[0m
[1;32muart:~$ [m[8D[J[00:00:23.216,000] [0m<inf> chip: [ZCL]Boot reason: 1[0m
[1;32muart:~$ [m[8D[J[00:00:23.222,000] [0m<inf> chip: [ZCL]Endpoint 3 On/off already set to new value[0m
[1;32muart:~$ [m[8D[J[00:00:23.246,000] [0m<inf> chip: [ZCL]Boot reason: 1[0m
[1;32muart:~$ [m[8D[J[00:00:23.247,000] [0m<inf> chip: [ZCL]Endpoint 4 On/off already set to new value[0m
[1;32muart:~$ [m[8D[J[00:00:23.259,000] [0m<dbg> chip.LogV: [EVL]LogEvent event number: 0x00000000001D0000 priority: 2, endpoint id:  0x0 cluster id: 0x0000_0033 event id: 0x3 Sys timestamp: 0x0000000000002EC8[0m
[1;32muart:~$ [m[8D[J[00:00:23.384,000] [0m<inf> chip: [DMG]AccessControlCluster: initializing[0m
[1;32muart:~$ [m[8D[J[00:00:23.386,000] [0m<inf> chip: [DIS]Updating services using commissioning mode 0[0m
[1;32muart:~$ [m[8D[J[00:00:23.386,000] [1;31m<err> chip: [DIS]DNS-SD advertising not available. DNS-SD init disabled.[0m
[1;32muart:~$ [m[8D[J[00:00:23.422,000] [1;31m<err> chip: [DIS]Failed to initialize advertiser: 2d[0m
[1;32muart:~$ [m[8D[J[00:00:23.426,000] [1;31m<err> chip: [DIS]DNS-SD advertising not available. Removing services failed.[0m
[1;32muart:~$ [m[8D[J[00:00:23.435,000] [1;31m<err> chip: [DIS]Failed to remove advertised services: 2d[0m
[1;32muart:~$ [m[8D[J[00:00:23.441,000] [1;31m<err> chip: [DIS]DNS-SD advertising not available. Finalizing service update failed.[0m
[1;32muart:~$ [m[8D[J[00:00:23.445,000] [1;31m<err> chip: [DIS]Failed to finalize service update: 2d[0m
[1;32muart:~$ [m[8D[J[00:00:23.449,000] [0m<inf> chip: [IN]CASE Server enabling CASE session setups[0m
[1;32muart:~$ [m[8D[J[00:00:23.464,000] [0m<dbg> chip.LogV: [IN]SecureSession[0x70001540]: Allocated Type:2 LSID:29853[0m
[1;32muart:~$ [m[8D[J[00:00:23.469,000] [0m<dbg> chip.LogV: [SC]Allocated SecureSession (0x70001540) - waiting for Sigma1 msg[0m
[1;32muart:~$ [m[8D[J[00:00:23.482,000] [0m<inf> chip: [SVR]Joining Multicast groups[0m
[1;32muart:~$ [m[8D[J[00:00:23.493,000] [0m<dbg> chip.LogV: [ZCL]Emitting StartUp event[0m
[1;32muart:~$ [m[8D[J[00:00:23.529,000] [0m<dbg> chip.LogV: [EVL]LogEvent event number: 0x00000000001D0001 priority: 2, endpoint id:  0x0 cluster id: 0x0000_0028 event id: 0x0 Sys timestamp: 0x0000000000002FB5[0m
[1;32muart:~$ [m[8D[J[00:00:23.532,000] [0m<inf> chip: [SVR]Server initialization complete[0m
[1;32muart:~$ [m[8D[J[00:00:23.543,000] [0m<inf> chip: [SVR]Server Listening...[0m
[1;32muart:~$ [m[8D[J[00:00:23.544,000] [0m<inf> matter: Matter stack initialized[0m
[1;32muart:~$ [m[8D[J[00:00:23.557,000] [0m<inf> matter: Matter event loop started[0m
[1;32muart:~$ [m[8D[J[00:00:23.558,000] [0m<inf> matter_event_loop: Init io_to_matter_stream[0m
[1;32muart:~$ [m[8D[J[00:00:23.561,000] [0m<inf> matter_event_loop: Start io_to_matter_stream[0m
[1;32muart:~$ [m[8D[J[00:00:23.570,000] [0m<inf> chip: [DL]CHIP task running[0m
[1;32muart:~$ [m[8D[J[1;32muart:~$ [m[8D[J[1;32muart:~$ [mkernel uptime
Uptime: 39356 ms
[1;32muart:~$ [mnet iface
Hostname: zephyr000000000000
Default interface: 1


Interface eth0 (0x20002c90) (Ethernet) [1]
===================================
Link addr : 80:34:28:10:12:73
MTU       : 1500
Flags     : AUTO_START,IPv4,IPv6
Device    : ETH_W5500 (0x20de594)
Status    : oper=UP, admin=UP, carrier=ON
Ethernet capabilities supported:
	10 Mbits
	100 Mbits
Ethernet PHY device: ETH_W5500_phy (0x20de5b4)
Ethernet link speed: 100 Mbits full-duplex
IPv6 unicast addresses (max 2):
	fe80::8234:28ff:fe10:1273 autoconf preferred infinite
	fd27:e0cb:e5e8:8374:8234:28ff:fe10:1273 autoconf preferred
IPv6 multicast addresses (max 3):
	ff02::1
	ff02::1:ff10:1273
IPv6 prefixes (max 2):
	fd27:e0cb:e5e8:8374::/64
IPv6 hop limit           : 64
IPv6 base reachable time : 30000
IPv6 reachable time      : 43960
IPv6 retransmit timer    : 0
DHCPv6 state             : disabled
IPv4 unicast addresses (max 1):
	192.168.88.14/255.255.255.0 DHCP preferred
IPv4 multicast addresses (max 1):
	<none>
IPv4 gateway : 192.168.88.1
DHCPv4 lease time : 600
DHCPv4 renew time : 300
DHCPv4 server     : 192.168.88.1
DHCPv4 requested  : 192.168.88.14
DHCPv4 state      : bound
DHCPv4 attempts   : 1
DHCPv4 state      : bound

Interface wlan0 (0x20002dc8) (WiFi) [2]
===============================
[1;32mInterface is down.
[m[1;32muart:~$ [mwifi scan

Num  | SSID                             (len) | Chan (Band)   | RSSI | Security             | BSSID             | MFP     
1    | Vivacom_FiberNet-769F            22    | 11   (2.4GHz) | -59  | WPA2-PSK             | 4E:D6:29:45:76:A8 | Disable 
2    | k2                               3     | 2    (2.4GHz) | -61  | WPA3-SAE-HNP         | D4:01:C3:A0:60:28 | Disable 
3    | A1_50C7                          8     | 6    (2.4GHz) | -67  | WPA2-PSK             | 58:F9:87:21:50:D0 | Disable 
4    | Vivacom_FiberNet-A36C            22    | 8    (2.4GHz) | -67  | WPA2-PSK             | E6:90:2A:DB:A3:74 | Disable 
Scan request done
Scan requested
[1;32muart:~$ [mdevmem 0x42020014
Using data width 32
Read value 0x120
[1;32muart:~$ [mdevmem 0x42020814
Using data width 32
Read value 0xf1
[1;32muart:~$ [mdevmem 0x42020814
Using data width 32
Read value 0xf1
[1;32muart:~$ [m[8D[J[00:00:48.337,000] [0m<inf> REST_API_relays_state: GET /api/relays/state[0m
[1;32muart:~$ [m[8D[J[00:00:48.338,000] [0m<dbg> REST_API_relays_state.relays_state_handler: GET /api/relays/state: {"relay1": false, "relay2": false, "relay3": false, "relay4": false }[0m
[1;32muart:~$ [m[8D[J[00:00:48.345,000] [0m<inf> REST_API_relays_state: GET /api/relays/state[0m
[1;32muart:~$ [m[8D[J[00:00:48.345,000] [0m<dbg> REST_API_relays_state.relays_state_handler: GET /api/relays/state: {"relay1": false, "relay2": false, "relay3": false, "relay4": false }[0m
[1;32muart:~$ [m[8D[J[1;32muart:~$ [m[8D[J[1;32muart:~$ [mdevmem 0x42020414
Using data width 32
Read value 0x1104
[1;32muart:~$ [mI: Detected ESP-PSRAM64H (ID D 5D 46 A0 2F)
I: PSRAM initialised in QPI mode, 8192 KB
*** Using Zephyr OS build v4.4.0-12983-gb6a5e6e8aa90 ***
I: Starting bootloader
I: ICACHE alias: 0x02000000 -> 0x90000000 (4MB)
I: 0x90000000..0x9000001F:
I: 3d b8 f3 96 0 0 0 0 0 4 0 0 38 53 11 0
I: 0 0 0 0 0 0 0 0 0 0 0 0 0 0 0 0
I: Alias[0x02000000..0x0200001F]:
I: 3d b8 f3 96 0 0 0 0 0 4 0 0 38 53 11 0
I: 0 0 0 0 0 0 0 0 0 0 0 0 0 0 0 0
I: PSRAM 0x70000000..0x7000001F:
I: 38 f1 f 2 30 bb 1 70 98 d9 f 2 fc c 0 70
I: fc d8 f 2 80 d9 f 2 0 0 0 0 1c 7d 10 2
I: PSRAM write/read: PASS
I: Primary image: magic=good, swap_type=0x4, copy_done=0x1, image_ok=0x1
I: Scratch: magic=bad, swap_type=0x1, copy_done=0x2, image_ok=0x2
I: Boot source: none
I: Image index: 0, Swap type: none
I: Bootloader chainload address offset: 0x0
I: Image version: v0.0.0
I: Jumping to the first image slot
[m
[1;32muart:~$ [m[8D[J[00:00:00.842,000] [0m<inf> esp_hosted_mcu_core: coprocessor priv event 34[0m
[1;32muart:~$ [m[8D[J[00:00:00.846,000] [0m<inf> esp_hosted_mcu_core: coprocessor firmware v3.0.6[0m
[1;32muart:~$ [m[8D[J[00:00:00.846,000] [1;31m<err> mb85rsxx: invalid device ID: 04 7F 03 02[0m
[1;32muart:~$ [m[8D[J[00:00:00.846,000] [1;31m<err> mb85rsxx: Failed to initialize device, RDID check failed (err -5)[0m
[1;32muart:~$ [m[8D[J[00:00:00.846,000] [0m<inf> eth_w5500: ETH_W5500: interrupt mode[0m
[1;32muart:~$ [m[8D[J[00:00:00.854,000] [0m<inf> eth_w5500: W5500 Initialized[0m
[1;32muart:~$ [m[8D[J[00:00:00.855,000] [0m<inf> spi_nor: SPI_FLASH: SFDP v 1.0 AP ff with 1 PH[0m
[1;32muart:~$ [m[8D[J[00:00:00.855,000] [0m<inf> spi_nor: PH0: ff00 rev 1.0: 9 DW @ 80[0m
[1;32muart:~$ [m[8D[J[00:00:00.855,000] [0m<inf> spi_nor: SPI_FLASH: 16 MiBy flash[0m
[1;32muart:~$ [m[8D[J[00:00:01.351,000] [1;31m<err> net_ethernet: Invalid MAC address for iface 1 (0x20002c90)[0m
[1;32muart:~$ [m[8D[J[00:00:01.351,000] [0m<inf> littlefs: LittleFS version 2.11, disk version 2.1[0m
[1;32muart:~$ [m[8D[J[00:00:01.352,000] [0m<inf> littlefs: FS at SPI_FLASH:0xa00000 is 1280 0x1000-byte blocks with 1024 cycle[0m
[1;32muart:~$ [m[8D[J[00:00:01.353,000] [0m<inf> littlefs: partition sizes: rd 256 ; pr 256 ; ca 2048 ; la 256[0m
[1;32muart:~$ [m[8D[J*** Booting Zephyr OS build v4.4.0-12983-gb6a5e6e8aa90 ***
[1;32muart:~$ [m[8D[J[00:00:01.420,000] [0m<inf> shell_telnet: Telnet shell backend initialized[0m
[1;32muart:~$ [m[8D[J[00:00:01.421,000] [0m<inf> main_app: Start main app (build: Sep 12 2026 21:56:16) version 8[0m
[1;32muart:~$ [m[8D[J[00:00:01.421,000] [0m<inf> main_app: PSRAM @0x701aa890: write/read 1024 words OK[0m
[1;32muart:~$ [m[8D[J[00:00:01.444,000] [0m<inf> settings_registry: 0 keys registered, 0 rejected[0m
[1;32muart:~$ [m[8D[J[00:00:01.444,000] [0m<inf> io: Start io init[0m
[1;32muart:~$ [m[8D[J[00:00:01.562,000] [0m<inf> net_init: EEPROM MAC: 80:34:28:10:12:73[0m
[1;32muart:~$ [m[8D[J[00:00:01.563,000] [0m<inf> eth_w5500: ETH_W5500 MAC set to 80:34:28:10:12:73[0m
[1;32muart:~$ [m[8D[J[00:00:01.563,000] [0m<inf> net_init: Network interface up with MAC 80:34:28:10:12:73[0m
[1;32muart:~$ [m[8D[J[00:00:01.569,000] [0m<inf> io: Start io outputs task[0m
[1;32muart:~$ [m[8D[J[1;32muart:~$ [m[8D[J[1;32muart:~$ [m[8D[J[00:00:03.851,000] [0m<inf> eth_w5500: ETH_W5500: Link speed 100 Mb, full duplex[0m
[1;32muart:~$ [m[8D[J[00:00:03.869,000] [0m<inf> matter: Net callback IPv6 got, start matter after 5 sec[0m
[1;32muart:~$ [m[8D[J[00:00:03.879,000] [1;33m<wrn> net_dhcpv4: DHCP server provided more DNS servers than can be saved[0m
[1;32muart:~$ [m[8D[J[00:00:03.894,000] [1;33m<wrn> net_dhcpv4: DHCP server provided more DNS servers than can be saved[0m
[1;32muart:~$ [m[8D[J[00:00:03.895,000] [0m<inf> net_dhcpv4: Received: 192.168.88.14[0m
[1;32muart:~$ [m[8D[J[1;32muart:~$ [m[8D[J[1;32muart:~$ [m[8D[J[00:00:08.874,000] [0m<inf> matter: Net callback IPv6 got, start matter after 5 sec[0m
[1;32muart:~$ [m[8D[J[00:00:08.874,000] [0m<inf> matter: Init CHIP stack[0m
[1;32muart:~$ [m[8D[J[00:00:09.131,000] [0m<inf> chip: [SVR]Initializing session resumption storage...[0m
[1;32muart:~$ [m[8D[J[00:00:09.133,000] [0m<inf> chip: [SVR]Server initializing...[0m
[1;32muart:~$ [m[8D[J[00:00:09.133,000] [0m<dbg> chip.LogV: [FP]Initializing FabricTable from persistent storage[0m
[1;32muart:~$ [m[8D[J[00:00:09.239,000] [0m<inf> chip: [TS]Last Known Good Time: 2023-10-14T01:16:48[0m
[1;32muart:~$ [m[8D[J[00:00:09.435,000] [0m<inf> chip: [DMG]AccessControl: initializing[0m
[1;32muart:~$ [m[8D[J[00:00:09.436,000] [0m<inf> chip: [DMG]Examples::AccessControlDelegate::Init[0m
[1;32muart:~$ [m[8D[J[00:00:09.436,000] [0m<inf> chip: [DMG]AccessControl: setting[0m
[1;32muart:~$ [m[8D[J[00:00:09.437,000] [0m<inf> chip: [DMG]DefaultAclStorage: initializing[0m
[1;32muart:~$ [m[8D[J[00:00:09.470,000] [0m<inf> chip: [DMG]DefaultAclStorage: 0 entries loaded[0m
[1;32muart:~$ [m[8D[J[00:00:09.479,000] [0m<inf> chip: [SVR]WARNING: mTestEventTriggerDelegate is null[0m
[1;32muart:~$ [m[8D[J[00:00:09.489,000] [0m<dbg> chip.LogV: [IN]UDP::Init bind&listen port=5540[0m
[1;32muart:~$ [m[8D[J[1;32muart:~$ [m[8D[J[1;32muart:~$ [m[8D[J[00:00:09.531,000] [0m<dbg> chip.LogV: [IN]UDP::Init bound to port=5540[0m
[1;32muart:~$ [m[8D[J[00:00:09.535,000] [0m<dbg> chip.LogV: [IN]TransportMgr initialized[0m
[1;32muart:~$ [m[8D[J[00:00:10.286,000] [0m<inf> chip: [ZCL]Using ZAP configuration...[0m
[1;32muart:~$ [m[8D[J[00:00:10.399,000] [0m<dbg> chip.LogV: [DMG]Failed to read stored attribute (1, 0x0000_0006, 0x0000_0000: a0[0m
[1;32muart:~$ [m[8D[J[00:00:10.503,000] [0m<dbg> chip.LogV: [DMG]Failed to read stored attribute (1, 0x0000_0006, 0x0000_4003: a0[0m
[1;32muart:~$ [m[8D[J[1;32muart:~$ [m[8D[J[1;32muart:~$ [m[8D[J[00:00:10.674,000] [0m<dbg> chip.LogV: [DMG]Failed to read stored attribute (2, 0x0000_0006, 0x0000_0000: a0[0m
[1;32muart:~$ [m[8D[J[00:00:10.778,000] [0m<dbg> chip.LogV: [DMG]Failed to read stored attribute (2, 0x0000_0006, 0x0000_4003: a0[0m
[1;32muart:~$ [m[8D[J[00:00:10.883,000] [0m<dbg> chip.LogV: [DMG]Failed to read stored attribute (3, 0x0000_0006, 0x0000_0000: a0[0m
[1;32muart:~$ [m[8D[J[00:00:10.986,000] [0m<dbg> chip.LogV: [DMG]Failed to read stored attribute (3, 0x0000_0006, 0x0000_4003: a0[0m
[1;32muart:~$ [m[8D[J[00:00:11.090,000] [0m<dbg> chip.LogV: [DMG]Failed to read stored attribute (4, 0x0000_0006, 0x0000_0000: a0[0m
[1;32muart:~$ [m[8D[J[00:00:11.194,000] [0m<dbg> chip.LogV: [DMG]Failed to read stored attribute (4, 0x0000_0006, 0x0000_4003: a0[0m
[1;32muart:~$ [m[8D[J[00:00:11.199,000] [0m<dbg> chip.LogV: [DL]Boot reason: 1[0m
[1;32muart:~$ [m[8D[J[00:00:11.203,000] [0m<inf> chip: [ZCL]Boot reason: 1[0m
[1;32muart:~$ [m[8D[J[00:00:11.203,000] [0m<inf> chip: [ZCL]Endpoint 1 On/off already set to new value[0m
[1;32muart:~$ [m[8D[J[00:00:11.205,000] [0m<inf> chip: [ZCL]Boot reason: 1[0m
[1;32muart:~$ [m[8D[J[00:00:11.230,000] [0m<inf> chip: [ZCL]Endpoint 2 On/off already set to new value[0m
[1;32muart:~$ [m[8D[J[00:00:11.264,000] [0m<inf> chip: [ZCL]Boot reason: 1[0m
[1;32muart:~$ [m[8D[J[00:00:11.277,000] [0m<inf> chip: [ZCL]Endpoint 3 On/off already set to new value[0m
[1;32muart:~$ [m[8D[J[1;32muart:~$ [m[8D[J[1;32muart:~$ [m[8D[J[00:00:11.309,000] [0m<inf> chip: [ZCL]Boot reason: 1[0m
[1;32muart:~$ [m[8D[J[00:00:11.316,000] [0m<inf> chip: [ZCL]Endpoint 4 On/off already set to new value[0m
[1;32muart:~$ [m[8D[J[00:00:11.383,000] [0m<dbg> chip.LogV: [EVL]LogEvent event number: 0x00000000001E0000 priority: 2, endpoint id:  0x0 cluster id: 0x0000_0033 event id: 0x3 Sys timestamp: 0x00000000000008C7[0m
[1;32muart:~$ [m[8D[J[00:00:11.589,000] [0m<inf> chip: [DMG]AccessControlCluster: initializing[0m
[1;32muart:~$ [m[8D[J[00:00:11.591,000] [0m<inf> chip: [DIS]Updating services using commissioning mode 0[0m
[1;32muart:~$ [m[8D[J[00:00:11.592,000] [1;31m<err> chip: [DIS]DNS-SD advertising not available. DNS-SD init disabled.[0m
[1;32muart:~$ [m[8D[J[00:00:11.593,000] [1;31m<err> chip: [DIS]Failed to initialize advertiser: 2d[0m
[1;32muart:~$ [m[8D[J[00:00:11.593,000] [1;31m<err> chip: [DIS]DNS-SD advertising not available. Removing services failed.[0m
[1;32muart:~$ [m[8D[J[00:00:11.594,000] [1;31m<err> chip: [DIS]Failed to remove advertised services: 2d[0m
[1;32muart:~$ [m[8D[J[00:00:11.594,000] [1;31m<err> chip: [DIS]DNS-SD advertising not available. Finalizing service update failed.[0m
[1;32muart:~$ [m[8D[J[00:00:11.625,000] [1;31m<err> chip: [DIS]Failed to finalize service update: 2d[0m
[1;32muart:~$ [m[8D[J[00:00:11.629,000] [0m<inf> chip: [IN]CASE Server enabling CASE session setups[0m
[1;32muart:~$ [m[8D[J[00:00:11.647,000] [0m<dbg> chip.LogV: [IN]SecureSession[0x70001540]: Allocated Type:2 LSID:29077[0m
[1;32muart:~$ [m[8D[J[00:00:11.655,000] [0m<dbg> chip.LogV: [SC]Allocated SecureSession (0x70001540) - waiting for Sigma1 msg[0m
[1;32muart:~$ [m[8D[J[00:00:11.659,000] [0m<inf> chip: [SVR]Joining Multicast groups[0m
[1;32muart:~$ [m[8D[J[00:00:11.669,000] [0m<dbg> chip.LogV: [ZCL]Emitting StartUp event[0m
[1;32muart:~$ [m[8D[J[00:00:11.709,000] [0m<dbg> chip.LogV: [EVL]LogEvent event number: 0x00000000001E0001 priority: 2, endpoint id:  0x0 cluster id: 0x0000_0028 event id: 0x0 Sys timestamp: 0x00000000000009E9[0m
[1;32muart:~$ [m[8D[J[00:00:11.713,000] [0m<inf> chip: [SVR]Server initialization complete[0m
[1;32muart:~$ [m[8D[J[00:00:11.723,000] [0m<inf> chip: [SVR]Server Listening...[0m
[1;32muart:~$ [m[8D[J[00:00:11.724,000] [0m<inf> matter: Matter stack initialized[0m
[1;32muart:~$ [m[8D[J[00:00:11.737,000] [0m<inf> matter: Matter event loop started[0m
[1;32muart:~$ [m[8D[J[00:00:11.738,000] [0m<inf> matter_event_loop: Init io_to_matter_stream[0m
[1;32muart:~$ [m[8D[J[00:00:11.742,000] [0m<inf> matter_event_loop: Start io_to_matter_stream[0m
[1;32muart:~$ [m[8D[J[00:00:11.747,000] [0m<inf> chip: [DL]CHIP task running[0m
[1;32muart:~$ [m[8D[J[1;32muart:~$ [m[8D[J[1;32muart:~$ [m[8D[J[00:00:13.874,000] [0m<inf> matter: Matter start work already submitted[0m
[1;32muart:~$ [m[8D[J[1;32muart:~$ [mkernel uptime
Uptime: 39358 ms
[1;32muart:~$ [mnet iface
Hostname: zephyr000000000000
Default interface: 1


Interface eth0 (0x20002c90) (Ethernet) [1]
===================================
Link addr : 80:34:28:10:12:73
MTU       : 1500
Flags     : AUTO_START,IPv4,IPv6
Device    : ETH_W5500 (0x20de594)
Status    : oper=UP, admin=UP, carrier=ON
Ethernet capabilities supported:
	10 Mbits
	100 Mbits
Ethernet PHY device: ETH_W5500_phy (0x20de5b4)
Ethernet link speed: 100 Mbits full-duplex
IPv6 unicast addresses (max 2):
	fe80::8234:28ff:fe10:1273 autoconf preferred infinite
	fd27:e0cb:e5e8:8374:8234:28ff:fe10:1273 autoconf preferred
IPv6 multicast addresses (max 3):
	ff02::1
	ff02::1:ff10:1273
IPv6 prefixes (max 2):
	fd27:e0cb:e5e8:8374::/64
IPv6 hop limit           : 64
IPv6 base reachable time : 30000
IPv6 reachable time      : 32909
IPv6 retransmit timer    : 0
DHCPv6 state             : disabled
IPv4 unicast addresses (max 1):
	192.168.88.14/255.255.255.0 DHCP preferred
IPv4 multicast addresses (max 1):
	<none>
IPv4 gateway : 192.168.88.1
DHCPv4 lease time : 600
DHCPv4 renew time : 300
DHCPv4 server     : 192.168.88.1
DHCPv4 requested  : 192.168.88.14
DHCPv4 state      : bound
DHCPv4 attempts   : 1
DHCPv4 state      : bound

Interface wlan0 (0x20002dc8) (WiFi) [2]
===============================
[1;32mInterface is down.
[m[1;32muart:~$ [mwifi scan

Num  | SSID                             (len) | Chan (Band)   | RSSI | Security             | BSSID             | MFP     
1    | Vivacom_FiberNet-769F            22    | 11   (2.4GHz) | -57  | WPA2-PSK             | 4E:D6:29:45:76:A8 | Disable 
2    | k2                               3     | 2    (2.4GHz) | -58  | WPA3-SAE-HNP         | D4:01:C3:A0:60:28 | Disable 
3    | A1_50C7                          8     | 6    (2.4GHz) | -63  | WPA2-PSK             | 58:F9:87:21:50:D0 | Disable 
4    | Vivacom_FiberNet-A36C            22    | 8    (2.4GHz) | -68  | WPA2-PSK             | E6:90:2A:DB:A3:74 | Disable 
Scan request done
Scan requested
[1;32muart:~$ [mdevmem 0x42020014
Using data width 32
Read value 0x120
[1;32muart:~$ [mdevmem 0x42020814
Using data width 32
Read value 0xf1
[1;32muart:~$ [mdevmem 0x42020814
Using data width 32
Read value 0xf1
[1;32muart:~$ [m[8D[J[00:00:48.597,000] [0m<inf> REST_API_relays_state: GET /api/relays/state[0m
[1;32muart:~$ [m[8D[J[00:00:48.597,000] [0m<dbg> REST_API_relays_state.relays_state_handler: GET /api/relays/state: {"relay1": false, "relay2": false, "relay3": false, "relay4": false }[0m
[1;32muart:~$ [m[8D[J[00:00:48.604,000] [0m<inf> REST_API_relays_state: GET /api/relays/state[0m
[1;32muart:~$ [m[8D[J[00:00:48.605,000] [0m<dbg> REST_API_relays_state.relays_state_handler: GET /api/relays/state: {"relay1": false, "relay2": false, "relay3": false, "relay4": false }[0m
[1;32muart:~$ [m[8D[J[1;32muart:~$ [mdevmem 0x42020414
Using data width 32
Read value 0x1104
[1;32muart:~$ [m