# 2026-09-14 12:42-13:13, board B, image 307671438124ad29f4500fe2680a35dc192b86e42bc53bf9eb4cff82b53201f6.
# Owner's manual acceptance run through the web UI with wifi-cp-merged.bin (750cb58e...). Upload + verify through the web succeeded;
# install job_0000005c hung the STM32 in entering_bootloader (no console output after 00:32:31.5, ping lost). J-Link reset at ~13:13.
## watch.json (first watcher, until its crash on IncompleteRead at 13:08)
{
 "steps": [
  {
   "t": 0.42,
   "step": "http up",
   "seconds": 0.1
  },
  {
   "t": 2.43,
   "step": "login",
   "ms": 2014
  },
  {
   "t": 2.54,
   "step": "coprocessor/status",
   "ms": 109,
   "state": "failed",
   "uart_mode": "console",
   "transport_ready": false,
   "firmware_version": null,
   "generation": 120,
   "last_update": null
  },
  {
   "t": 3.04,
   "step": "w5500 receive-state events",
   "new": 15,
   "total": 15,
   "last_uptime_ms": "52281"
  },
  {
   "t": 5.13,
   "step": "coprocessor/status",
   "ms": 89,
   "state": "failed",
   "uart_mode": "console",
   "transport_ready": false,
   "firmware_version": null,
   "generation": 125,
   "last_update": null
  },
  {
   "t": 7.72,
   "step": "coprocessor/status",
   "ms": 89,
   "state": "failed",
   "uart_mode": "console",
   "transport_ready": false,
   "firmware_version": null,
   "generation": 129,
   "last_update": null
  },
  {
   "t": 10.3,
   "step": "coprocessor/status",
   "ms": 89,
   "state": "failed",
   "uart_mode": "console",
   "transport_ready": false,
   "firmware_version": null,
   "generation": 134,
   "last_update": null
  },
  {
   "t": 13.89,
   "step": "coprocessor/status",
   "ms": 1096,
   "state": "failed",
   "uart_mode": "console",
   "transport_ready": false,
   "firmware_version": null,
   "generation": 140,
   "last_update": null
  },
  {
   "t": 16.48,
   "step": "coprocessor/status",
   "ms": 89,
   "state": "failed",
   "uart_mode": "console",
   "transport_ready": false,
   "firmware_version": null,
   "generation": 144,
   "last_update": null
  },
  {
   "t": 16.99,
   "step": "w5500 receive-state events",
   "new": 2,
   "total": 17,
   "last_uptime_ms": "87269"
  },
  {
   "t": 19.08,
   "step": "coprocessor/status",
   "ms": 89,
   "state": "failed",
   "uart_mode": "console",
   "transport_ready": false,
   "firmware_version": null,
   "generation": 149,
   "last_update": null
  },
  {
   "t": 21.83,
   "step": "coprocessor/status",
   "ms": 237,
   "state": "failed",
   "uart_mode": "console",
   "transport_ready": false,
   "firmware_version": null,
   "generation": 153,
   "last_update": null
  },
  {
   "t": 25.46,
   "step": "coprocessor/status",
   "ms": 1088,
   "state": "failed",
   "uart_mode": "console",
   "transport_ready": false,
   "firmware_version": null,
   "generation": 159,
   "last_update": null
  },
  {
   "t": 25.98,
   "step": "w5500 receive-state events",
   "new": 1,
   "total": 18,
   "last_uptime_ms": "95864"
  },
  {
   "t": 28.08,
   "step": "coprocessor/status",
   "ms": 90,
   "state": "failed",
   "uart_mode": "console",
   "transport_ready": false,
   "firmware_version": null,
   "generation": 163,
   "last_update": null
  },
  {
   "t": 28.62,
   "step": "w5500 receive-state events",
   "new": 2,
   "total": 20,
   "last_uptime_ms": "98840"
  },
  {
   "t": 30.71,
   "step": "coprocessor/status",
   "ms": 90,
   "state": "failed",
   "uart_mode": "console",
   "transport_ready": false,
   "firmware_version": null,
   "generation": 168,
   "last_update": null
  },
  {
   "t": 33.45,
   "step": "coprocessor/status",
   "ms": 205,
   "state": "failed",
   "uart_mode": "console",
   "transport_ready": false,
   "firmware_version": null,
   "generation": 172,
   "last_update": null
  },
  {
   "t": 37.11,
   "step": "coprocessor/status",
   "ms": 1091,
   "state": "failed",
   "uart_mode": "console",
   "transport_ready": false,
   "firmware_version": null,
   "generation": 178,
   "last_update": null
  },
  {
   "t": 37.65,
   "step": "w5500 receive-state events",
   "new": 1,
   "total": 21,
   "last_uptime_ms": "107509"
  },
  {
   "t": 39.74,
   "step": "coprocessor/status",
   "ms": 90,
   "state": "failed",
   "uart_mode": "console",
   "transport_ready": false,
   "firmware_version": null,
   "generation": 182,
   "last_update": null
  },
  {
   "t": 40.33,
   "step": "w5500 receive-state events",
   "new": 1,
   "total": 22,
   "last_uptime_ms": "110277"
  },
  {
   "t": 42.42,
   "step": "coprocessor/status",
   "ms": 89,
   "state": "failed",
   "uart_mode": "console",
   "transport_ready": false,
   "firmware_version": null,
   "generation": 187,
   "last_update": null
  },
  {
   "t": 45.09,
   "step": "coprocessor/status",
   "ms": 89,
   "state": "failed",
   "uart_mode": "console",
   "transport_ready": false,
   "firmware_version": null,
   "generation": 191,
   "last_update": null
  },
  {
   "t": 48.75,
   "step": "coprocessor/status",
   "ms": 1089,
   "state": "failed",
   "uart_mode": "console",
   "transport_ready": false,
   "firmware_version": null,
   "generation": 197,
   "last_update": null
  },
  {
   "t": 51.41,
   "step": "coprocessor/status",
   "ms": 90,
   "state": "failed",
   "uart_mode": "console",
   "transport_ready": false,
   "firmware_version": null,
   "generation": 201,
   "last_update": null
  },
  {
   "t": 52.0,
   "step": "w5500 receive-state events",
   "new": 2,
   "total": 24,
   "last_uptime_ms": "122127"
  },
  {
   "t": 54.1,
   "step": "coprocessor/status",
   "ms": 89,
   "state": "failed",
   "uart_mode": "console",
   "transport_ready": false,
   "firmware_version": null,
   "generation": 205,
   "last_update": null
  },
  {
   "t": 56.78,
   "step": "coprocessor/status",
   "ms": 90,
   "state": "failed",
   "uart_mode": "console",
   "transport_ready": false,
   "firmware_version": null,
   "generation": 210,
   "last_update": null
  },
  {
   "t": 59.57,
   "step": "coprocessor/status",
   "ms": 198,
   "state": "failed",
   "uart_mode": "console",
   "transport_ready": false,
   "firmware_version": null,
   "generation": 214,
   "last_update": null
  },
  {
   "t": 63.26,
   "step": "coprocessor/status",
   "ms": 1093,
   "state": "failed",
   "uart_mode": "console",
   "transport_ready": false,
   "firmware_version": null,
   "generation": 220,
   "last_update": null
  },
  {
   "t": 63.86,
   "step": "w5500 receive-state events",
   "new": 1,
   "total": 25,
   "last_uptime_ms": "133634"
  },
  {
   "t": 65.96,
   "step": "coprocessor/status",
   "ms": 88,
   "state": "failed",
   "uart_mode": "console",
   "transport_ready": false,
   "firmware_version": null,
   "generation": 224,
   "last_update": null
  },
  {
   "t": 66.57,
   "step": "w5500 receive-state events",
   "new": 1,
   "total": 26,
   "last_uptime_ms": "136434"
  },
  {
   "t": 68.66,
   "step": "coprocessor/status",
   "ms": 89,
   "state": "failed",
   "uart_mode": "console",
   "transport_ready": false,
   "firmware_version": null,
   "generation": 228,
   "last_update": null
  },
  {
   "t": 71.37,
   "step": "coprocessor/status",
   "ms": 89,
   "state": "failed",
   "uart_mode": "console",
   "transport_ready": false,
   "firmware_version": null,
   "generation": 232,
   "last_update": null
  },
  {
   "t": 75.08,
   "step": "coprocessor/status",
   "ms": 1089,
   "state": "failed",
   "uart_mode": "console",
   "transport_ready": false,
   "firmware_version": null,
   "generation": 238,
   "last_update": null
  },
  {
   "t": 75.74,
   "step": "w5500 receive-state events",
   "new": 4,
   "total": 30,
   "last_uptime_ms": "145325"
  },
  {
   "t": 77.84,
   "step": "coprocessor/status",
   "ms": 90,
   "state": "failed",
   "uart_mode": "console",
   "transport_ready": false,
   "firmware_version": null,
   "generation": 243,
   "last_update": null
  },
  {
   "t": 78.51,
   "step": "w5500 receive-state events",
   "new": 1,
   "total": 31,
   "last_uptime_ms": "148253"
  },
  {
   "t": 80.6,
   "step": "coprocessor/status",
   "ms": 90,
   "state": "failed",
   "uart_mode": "console",
   "transport_ready": false,
   "firmware_version": null,
   "generation": 247,
   "last_update": null
  },
  {
   "t": 83.36,
   "step": "coprocessor/status",
   "ms": 87,
   "state": "failed",
   "uart_mode": "console",
   "transport_ready": false,
   "firmware_version": null,
   "generation": 251,
   "last_update": null
  },
  {
   "t": 86.12,
   "step": "coprocessor/status",
   "ms": 88,
   "state": "failed",
   "uart_mode": "console",
   "transport_ready": false,
   "firmware_version": null,
   "generation": 255,
   "last_update": null
  },
  {
   "t": 86.83,
   "step": "w5500 receive-state events",
   "new": 2,
   "total": 33,
   "last_uptime_ms": "156806"
  },
  {
   "t": 88.93,
   "step": "coprocessor/status",
   "ms": 99,
   "state": "failed",
   "uart_mode": "console",
   "transport_ready": false,
   "firmware_version": null,
   "generation": 259,
   "last_update": null
  },
  {
   "t": 89.66,
   "step": "w5500 receive-state events",
   "new": 1,
   "total": 34,
   "last_uptime_ms": "159792"
  },
  {
   "t": 91.75,
   "step": "coprocessor/status",
   "ms": 89,
   "state": "failed",
   "uart_mode": "console",
   "transport_ready": false,
   "firmware_version": null,
   "generation": 264,
   "last_update": null
  },
  {
   "t": 94.56,
   "step": "coprocessor/status",
   "ms": 88,
   "state": "failed",
   "uart_mode": "console",
   "transport_ready": false,
   "firmware_version": null,
   "generation": 269,
   "last_update": null
  },
  {
   "t": 97.36,
   "step": "coprocessor/status",
   "ms": 90,
   "state": "failed",
   "uart_mode": "console",
   "transport_ready": false,
   "firmware_version": null,
   "generation": 274,
   "last_update": null
  },
  {
   "t": 98.11,
   "step": "w5500 receive-state events",
   "new": 3,
   "total": 37,
   "last_uptime_ms": "168467"
  },
  {
   "t": 100.21,
   "step": "coprocessor/status",
   "ms": 88,
   "state": "failed",
   "uart_mode": "console",
   "transport_ready": false,
   "firmware_version": null,
   "generation": 278,
   "last_update": null
  },
  {
   "t": 104.06,
   "step": "coprocessor/status",
   "ms": 1089,
   "state": "failed",
   "uart_mode": "console",
   "transport_ready": false,
   "firmware_version": null,
   "generation": 284,
   "last_update": null
  },
  {
   "t": 106.91,
   "step": "coprocessor/status",
   "ms": 87,
   "state": "failed",
   "uart_mode": "console",
   "transport_ready": false,
   "firmware_version": null,
   "generation": 289,
   "last_update": null
  },
  {
   "t": 107.7,
   "step": "w5500 receive-state events",
   "new": 3,
   "total": 40,
   "last_uptime_ms": "180004"
  },
  {
   "t": 109.79,
   "step": "coprocessor/status",
   "ms": 90,
   "state": "failed",
   "uart_mode": "console",
   "transport_ready": false,
   "firmware_version": null,
   "generation": 294,
   "last_update": null
  },
  {
   "t": 112.67,
   "step": "coprocessor/status",
   "ms": 90,
   "state": "failed",
   "uart_mode": "console",
   "transport_ready": false,
   "firmware_version": null,
   "generation": 299,
   "last_update": null
  },
  {
   "t": 115.56,
   "step": "coprocessor/status",
   "ms": 89,
   "state": "failed",
   "uart_mode": "console",
   "transport_ready": false,
   "firmware_version": null,
   "generation": 304,
   "last_update": null
  },
  {
   "t": 118.45,
   "step": "coprocessor/status",
   "ms": 90,
   "state": "failed",
   "uart_mode": "console",
   "transport_ready": false,
   "firmware_version": null,
   "generation": 309,
   "last_update": null
  },
  {
   "t": 121.34,
   "step": "coprocessor/status",
   "ms": 90,
   "state": "failed",
   "uart_mode": "console",
   "transport_ready": false,
   "firmware_version": null,
   "generation": 314,
   "last_update": null
  },
  {
   "t": 124.24,
   "step": "coprocessor/status",
   "ms": 96,
   "state": "failed",
   "uart_mode": "console",
   "transport_ready": false,
   "firmware_version": null,
   "generation": 319,
   "last_update": null
  },
  {
   "t": 127.12,
   "step": "coprocessor/status",
   "ms": 89,
   "state": "failed",
   "uart_mode": "console",
   "transport_ready": false,
   "firmware_version": null,
   "generation": 324,
   "last_update": null
  },
  {
   "t": 130.0,
   "step": "coprocessor/status",
   "ms": 88,
   "state": "failed",
   "uart_mode": "console",
   "transport_ready": false,
   "firmware_version": null,
   "generation": 329,
   "last_update": null
  },
  {
   "t": 130.84,
   "step": "w5500 receive-state events",
   "new": 3,
   "total": 43,
   "last_uptime_ms": "203321"
  },
  {
   "t": 132.93,
   "step": "coprocessor/status",
   "ms": 88,
   "state": "failed",
   "uart_mode": "console",
   "transport_ready": false,
   "firmware_version": null,
   "generation": 333,
   "last_update": null
  },
  {
   "t": 133.79,
   "step": "w5500 receive-state events",
   "new": 2,
   "total": 45,
   "last_uptime_ms": "206188"
  },
  {
   "t": 135.88,
   "step": "coprocessor/status",
   "ms": 94,
   "state": "failed",
   "uart_mode": "console",
   "transport_ready": false,
   "firmware_version": null,
   "generation": 337,
   "last_update": null
  },
  {
   "t": 138.84,
   "step": "coprocessor/status",
   "ms": 90,
   "state": "failed",
   "uart_mode": "console",
   "transport_ready": false,
   "firmware_version": null,
   "generation": 342,
   "last_update": null
  },
  {
   "t": 139.7,
   "step": "w5500 receive-state events",
   "new": 1,
   "total": 46,
   "last_uptime_ms": "209115"
  },
  {
   "t": 141.79,
   "step": "coprocessor/status",
   "ms": 89,
   "state": "failed",
   "uart_mode": "console",
   "transport_ready": false,
   "firmware_version": null,
   "generation": 347,
   "last_update": null
  },
  {
   "t": 144.78,
   "step": "coprocessor/status",
   "ms": 88,
   "state": "failed",
   "uart_mode": "console",
   "transport_ready": false,
   "firmware_version": null,
   "generation": 351,
   "last_update": null
  },
  {
   "t": 145.67,
   "step": "w5500 receive-state events",
   "new": 2,
   "total": 48,
   "last_uptime_ms": "217769"
  },
  {
   "t": 147.76,
   "step": "coprocessor/status",
   "ms": 90,
   "state": "failed",
   "uart_mode": "console",
   "transport_ready": false,
   "firmware_version": null,
   "generation": 355,
   "last_update": null
  },
  {
   "t": 150.76,
   "step": "coprocessor/status",
   "ms": 90,
   "state": "failed",
   "uart_mode": "console",
   "transport_ready": false,
   "firmware_version": null,
   "generation": 359,
   "last_update": null
  },
  {
   "t": 153.74,
   "step": "coprocessor/status",
   "ms": 87,
   "state": "failed",
   "uart_mode": "console",
   "transport_ready": false,
   "firmware_version": null,
   "generation": 362,
   "last_update": null
  },
  {
   "t": 156.73,
   "step": "coprocessor/status",
   "ms": 90,
   "state": "failed",
   "uart_mode": "console",
   "transport_ready": false,
   "firmware_version": null,
   "generation": 366,
   "last_update": null
  },
  {
   "t": 159.71,
   "step": "coprocessor/status",
   "ms": 90,
   "state": "failed",
   "uart_mode": "console",
   "transport_ready": false,
   "firmware_version": null,
   "generation": 370,
   "last_update": null
  },
  {
   "t": 162.7,
   "step": "coprocessor/status",
   "ms": 90,
   "state": "failed",
   "uart_mode": "console",
   "transport_ready": false,
   "firmware_version": null,
   "generation": 374,
   "last_update": null
  },
  {
   "t": 165.7,
   "step": "coprocessor/status",
   "ms": 89,
   "state": "failed",
   "uart_mode": "console",
   "transport_ready": false,
   "firmware_version": null,
   "generation": 378,
   "last_update": null
  },
  {
   "t": 168.69,
   "step": "coprocessor/status",
   "ms": 89,
   "state": "failed",
   "uart_mode": "console",
   "transport_ready": false,
   "firmware_version": null,
   "generation": 382,
   "last_update": null
  },
  {
   "t": 171.68,
   "step": "coprocessor/status",
   "ms": 90,
   "state": "failed",
   "uart_mode": "console",
   "transport_ready": false,
   "firmware_version": null,
   "generation": 386,
   "last_update": null
  },
  {
   "t": 174.66,
   "step": "coprocessor/status",
   "ms": 87,
   "state": "failed",
   "uart_mode": "console",
   "transport_ready": false,
   "firmware_version": null,
   "generation": 390,
   "last_update": null
  },
  {
   "t": 177.65,
   "step": "coprocessor/status",
   "ms": 90,
   "state": "failed",
   "uart_mode": "console",
   "transport_ready": false,
   "firmware_version": null,
   "generation": 394,
   "last_update": null
  },
  {
   "t": 180.63,
   "step": "coprocessor/status",
   "ms": 90,
   "state": "failed",
   "uart_mode": "console",
   "transport_ready": false,
   "firmware_version": null,
   "generation": 398,
   "last_update": null
  },
  {
   "t": 183.6,
   "step": "coprocessor/status",
   "ms": 89,
   "state": "failed",
   "uart_mode": "console",
   "transport_ready": false,
   "firmware_version": null,
   "generation": 401,
   "last_update": null
  },
  {
   "t": 186.59,
   "step": "coprocessor/status",
   "ms": 88,
   "state": "failed",
   "uart_mode": "console",
   "transport_ready": false,
   "firmware_version": null,
   "generation": 405,
   "last_update": null
  },
  {
   "t": 190.58,
   "step": "coprocessor/status",
   "ms": 1089,
   "state": "failed",
   "uart_mode": "console",
   "transport_ready": false,
   "firmware_version": null,
   "generation": 411,
   "last_update": null
  },
  {
   "t": 193.57,
   "step": "coprocessor/status",
   "ms": 90,
   "state": "failed",
   "uart_mode": "console",
   "transport_ready": false,
   "firmware_version": null,
   "generation": 415,
   "last_update": null
  },
  {
   "t": 194.52,
   "step": "w5500 receive-state events",
   "new": 4,
   "total": 52,
   "last_uptime_ms": "264369"
  },
  {
   "t": 196.61,
   "step": "coprocessor/status",
   "ms": 87,
   "state": "failed",
   "uart_mode": "console",
   "transport_ready": false,
   "firmware_version": null,
   "generation": 419,
   "last_update": null
  },
  {
   "t": 199.66,
   "step": "coprocessor/status",
   "ms": 90,
   "state": "failed",
   "uart_mode": "console",
   "transport_ready": false,
   "firmware_version": null,
   "generation": 424,
   "last_update": null
  },
  {
   "t": 202.69,
   "step": "coprocessor/status",
   "ms": 89,
   "state": "failed",
   "uart_mode": "console",
   "transport_ready": false,
   "firmware_version": null,
   "generation": 429,
   "last_update": null
  },
  {
   "t": 205.74,
   "step": "coprocessor/status",
   "ms": 89,
   "state": "failed",
   "uart_mode": "console",
   "transport_ready": false,
   "firmware_version": null,
   "generation": 433,
   "last_update": null
  },
  {
   "t": 208.78,
   "step": "coprocessor/status",
   "ms": 90,
   "state": "failed",
   "uart_mode": "console",
   "transport_ready": false,
   "firmware_version": null,
   "generation": 437,
   "last_update": null
  },
  {
   "t": 211.82,
   "step": "coprocessor/status",
   "ms": 87,
   "state": "failed",
   "uart_mode": "console",
   "transport_ready": false,
   "firmware_version": null,
   "generation": 440,
   "last_update": null
  },
  {
   "t": 214.85,
   "step": "coprocessor/status",
   "ms": 89,
   "state": "failed",
   "uart_mode": "console",
   "transport_ready": false,
   "firmware_version": null,
   "generation": 444,
   "last_update": null
  },
  {
   "t": 217.89,
   "step": "coprocessor/status",
   "ms": 89,
   "state": "failed",
   "uart_mode": "console",
   "transport_ready": false,
   "firmware_version": null,
   "generation": 448,
   "last_update": null
  },
  {
   "t": 220.94,
   "step": "coprocessor/status",
   "ms": 90,
   "state": "failed",
   "uart_mode": "console",
   "transport_ready": false,
   "firmware_version": null,
   "generation": 452,
   "last_update": null
  },
  {
   "t": 223.98,
   "step": "coprocessor/status",
   "ms": 90,
   "state": "failed",
   "uart_mode": "console",
   "transport_ready": false,
   "firmware_version": null,
   "generation": 456,
   "last_update": null
  },
  {
   "t": 227.09,
   "step": "coprocessor/status",
   "ms": 96,
   "state": "failed",
   "uart_mode": "console",
   "transport_ready": false,
   "firmware_version": null,
   "generation": 460,
   "last_update": null
  },
  {
   "t": 230.15,
   "step": "coprocessor/status",
   "ms": 88,
   "state": "failed",
   "uart_mode": "console",
   "transport_ready": false,
   "firmware_version": null,
   "generation": 464,
   "last_update": null
  },
  {
   "t": 234.16,
   "step": "coprocessor/status",
   "ms": 1062,
   "state": "failed",
   "uart_mode": "console",
   "transport_ready": false,
   "firmware_version": null,
   "generation": 470,
   "last_update": null
  },
  {
   "t": 237.2,
   "step": "coprocessor/status",
   "ms": 90,
   "state": "failed",
   "uart_mode": "console",
   "transport_ready": false,
   "firmware_version": null,
   "generation": 474,
   "last_update": null
  },
  {
   "t": 238.15,
   "step": "w5500 receive-state events",
   "new": 1,
   "total": 53,
   "last_uptime_ms": "307381"
  },
  {
   "t": 240.24,
   "step": "coprocessor/status",
   "ms": 86,
   "state": "failed",
   "uart_mode": "console",
   "transport_ready": false,
   "firmware_version": null,
   "generation": 477,
   "last_update": null
  },
  {
   "t": 241.23,
   "step": "w5500 receive-state events",
   "new": 2,
   "total": 55,
   "last_uptime_ms": "313352"
  },
  {
   "t": 243.33,
   "step": "coprocessor/status",
   "ms": 90,
   "state": "failed",
   "uart_mode": "console",
   "transport_ready": false,
   "firmware_version": null,
   "generation": 482,
   "last_update": null
  },
  {
   "t": 246.41,
   "step": "coprocessor/status",
   "ms": 90,
   "state": "failed",
   "uart_mode": "console",
   "transport_ready": false,
   "firmware_version": null,
   "generation": 486,
   "last_update": null
  },
  {
   "t": 249.47,
   "step": "coprocessor/status",
   "ms": 90,
   "state": "failed",
   "uart_mode": "console",
   "transport_ready": false,
   "firmware_version": null,
   "generation": 490,
   "last_update": null
  },
  {
   "t": 252.56,
   "step": "coprocessor/status",
   "ms": 93,
   "state": "failed",
   "uart_mode": "console",
   "transport_ready": false,
   "firmware_version": null,
   "generation": 494,
   "last_update": null
  },
  {
   "t": 255.62,
   "step": "coprocessor/status",
   "ms": 90,
   "state": "failed",
   "uart_mode": "console",
   "transport_ready": false,
   "firmware_version": null,
   "generation": 498,
   "last_update": null
  },
  {
   "t": 258.7,
   "step": "coprocessor/status",
   "ms": 90,
   "state": "failed",
   "uart_mode": "console",
   "transport_ready": false,
   "firmware_version": null,
   "generation": 502,
   "last_update": null
  },
  {
   "t": 261.78,
   "step": "coprocessor/status",
   "ms": 89,
   "state": "failed",
   "uart_mode": "console",
   "transport_ready": false,
   "firmware_version": null,
   "generation": 506,
   "last_update": null
  },
  {
   "t": 264.86,
   "step": "coprocessor/status",
   "ms": 90,
   "state": "failed",
   "uart_mode": "console",
   "transport_ready": false,
   "firmware_version": null,
   "generation": 510,
   "last_update": null
  },
  {
   "t": 267.95,
   "step": "coprocessor/status",
   "ms": 100,
   "state": "failed",
   "uart_mode": "console",
   "transport_ready": false,
   "firmware_version": null,
   "generation": 514,
   "last_update": null
  },
  {
   "t": 271.59,
   "step": "coprocessor/status",
   "ms": 638,
   "state": "failed",
   "uart_mode": "console",
   "transport_ready": false,
   "firmware_version": null,
   "generation": 519,
   "last_update": null
  },
  {
   "t": 274.7,
   "step": "coprocessor/status",
   "ms": 88,
   "state": "failed",
   "uart_mode": "console",
   "transport_ready": false,
   "firmware_version": null,
   "generation": 524,
   "last_update": null
  },
  {
   "t": 277.8,
   "step": "coprocessor/status",
   "ms": 90,
   "state": "failed",
   "uart_mode": "console",
   "transport_ready": false,
   "firmware_version": null,
   "generation": 528,
   "last_update": null
  },
  {
   "t": 280.87,
   "step": "coprocessor/status",
   "ms": 86,
   "state": "failed",
   "uart_mode": "console",
   "transport_ready": false,
   "firmware_version": null,
   "generation": 532,
   "last_update": null
  },
  {
   "t": 283.95,
   "step": "coprocessor/status",
   "ms": 96,
   "state": "failed",
   "uart_mode": "console",
   "transport_ready": false,
   "firmware_version": null,
   "generation": 537,
   "last_update": null
  },
  {
   "t": 287.04,
   "step": "coprocessor/status",
   "ms": 98,
   "state": "failed",
   "uart_mode": "console",
   "transport_ready": false,
   "firmware_version": null,
   "generation": 542,
   "last_update": null
  },
  {
   "t": 290.12,
   "step": "coprocessor/status",
   "ms": 89,
   "state": "failed",
   "uart_mode": "console",
   "transport_ready": false,
   "firmware_version": null,
   "generation": 546,
   "last_update": null
  },
  {
   "t": 293.19,
   "step": "coprocessor/status",
   "ms": 88,
   "state": "failed",
   "uart_mode": "console",
   "transport_ready": false,
   "firmware_version": null,
   "generation": 549,
   "last_update": null
  },
  {
   "t": 296.26,
   "step": "coprocessor/status",
   "ms": 90,
   "state": "failed",
   "uart_mode": "console",
   "transport_ready": false,
   "firmware_version": null,
   "generation": 553,
   "last_update": null
  },
  {
   "t": 299.33,
   "step": "coprocessor/status",
   "ms": 90,
   "state": "failed",
   "uart_mode": "console",
   "transport_ready": false,
   "firmware_version": null,
   "generation": 557,
   "last_update": null
  },
  {
   "t": 302.41,
   "step": "coprocessor/status",
   "ms": 90,
   "state": "failed",
   "uart_mode": "console",
   "transport_ready": false,
   "firmware_version": null,
   "generation": 561,
   "last_update": null
  },
  {
   "t": 305.5,
   "step": "coprocessor/status",
   "ms": 90,
   "state": "failed",
   "uart_mode": "console",
   "transport_ready": false,
   "firmware_version": null,
   "generation": 564,
   "last_update": null
  },
  {
   "t": 308.59,
   "step": "coprocessor/status",
   "ms": 90,
   "state": "failed",
   "uart_mode": "console",
   "transport_ready": false,
   "firmware_version": null,
   "generation": 568,
   "last_update": null
  },
  {
   "t": 312.27,
   "step": "coprocessor/status",
   "ms": 695,
   "state": "failed",
   "uart_mode": "console",
   "transport_ready": false,
   "firmware_version": null,
   "generation": 573,
   "last_update": null
  },
  {
   "t": 315.38,
   "step": "coprocessor/status",
   "ms": 89,
   "state": "failed",
   "uart_mode": "console",
   "transport_ready": false,
   "firmware_version": null,
   "generation": 578,
   "last_update": null
  },
  {
   "t": 318.47,
   "step": "coprocessor/status",
   "ms": 88,
   "state": "failed",
   "uart_mode": "console",
   "transport_ready": false,
   "firmware_version": null,
   "generation": 582,
   "last_update": null
  },
  {
   "t": 321.54,
   "step": "coprocessor/status",
   "ms": 90,
   "state": "failed",
   "uart_mode": "console",
   "transport_ready": false,
   "firmware_version": null,
   "generation": 586,
   "last_update": null
  },
  {
   "t": 324.63,
   "step": "coprocessor/status",
   "ms": 89,
   "state": "failed",
   "uart_mode": "console",
   "transport_ready": false,
   "firmware_version": null,
   "generation": 591,
   "last_update": null
  },
  {
   "t": 327.71,
   "step": "coprocessor/status",
   "ms": 90,
   "state": "failed",
   "uart_mode": "console",
   "transport_ready": false,
   "firmware_version": null,
   "generation": 596,
   "last_update": null
  },
  {
   "t": 330.79,
   "step": "coprocessor/status",
   "ms": 89,
   "state": "failed",
   "uart_mode": "console",
   "transport_ready": false,
   "firmware_version": null,
   "generation": 600,
   "last_update": null
  },
  {
   "t": 333.87,
   "step": "coprocessor/status",
   "ms": 88,
   "state": "failed",
   "uart_mode": "console",
   "transport_ready": false,
   "firmware_version": null,
   "generation": 603,
   "last_update": null
  },
  {
   "t": 336.97,
   "step": "coprocessor/status",
   "ms": 90,
   "state": "failed",
   "uart_mode": "console",
   "transport_ready": false,
   "firmware_version": null,
   "generation": 607,
   "last_update": null
  },
  {
   "t": 340.05,
   "step": "coprocessor/status",
   "ms": 90,
   "state": "failed",
   "uart_mode": "console",
   "transport_ready": false,
   "firmware_version": null,
   "generation": 611,
   "last_update": null
  },
  {
   "t": 343.13,
   "step": "coprocessor/status",
   "ms": 90,
   "state": "failed",
   "uart_mode": "console",
   "transport_ready": false,
   "firmware_version": null,
   "generation": 615,
   "last_update": null
  },
  {
   "t": 346.21,
   "step": "coprocessor/status",
   "ms": 90,
   "state": "failed",
   "uart_mode": "console",
   "transport_ready": false,
   "firmware_version": null,
   "generation": 619,
   "last_update": null
  },
  {
   "t": 349.28,
   "step": "coprocessor/status",
   "ms": 90,
   "state": "failed",
   "uart_mode": "console",
   "transport_ready": false,
   "firmware_version": null,
   "generation": 623,
   "last_update": null
  },
  {
   "t": 352.96,
   "step": "coprocessor/status",
   "ms": 692,
   "state": "failed",
   "uart_mode": "console",
   "transport_ready": false,
   "firmware_version": null,
   "generation": 628,
   "last_update": null
  },
  {
   "t": 356.07,
   "step": "coprocessor/status",
   "ms": 90,
   "state": "failed",
   "uart_mode": "console",
   "transport_ready": false,
   "firmware_version": null,
   "generation": 633,
   "last_update": null
  },
  {
   "t": 359.17,
   "step": "coprocessor/status",
   "ms": 90,
   "state": "failed",
   "uart_mode": "console",
   "transport_ready": false,
   "firmware_version": null,
   "generation": 637,
   "last_update": null
  },
  {
   "t": 362.24,
   "step": "coprocessor/status",
   "ms": 87,
   "state": "failed",
   "uart_mode": "console",
   "transport_ready": false,
   "firmware_version": null,
   "generation": 641,
   "last_update": null
  },
  {
   "t": 365.32,
   "step": "coprocessor/status",
   "ms": 90,
   "state": "failed",
   "uart_mode": "console",
   "transport_ready": false,
   "firmware_version": null,
   "generation": 646,
   "last_update": null
  },
  {
   "t": 368.41,
   "step": "coprocessor/status",
   "ms": 88,
   "state": "failed",
   "uart_mode": "console",
   "transport_ready": false,
   "firmware_version": null,
   "generation": 651,
   "last_update": null
  },
  {
   "t": 371.48,
   "step": "coprocessor/status",
   "ms": 89,
   "state": "failed",
   "uart_mode": "console",
   "transport_ready": false,
   "firmware_version": null,
   "generation": 655,
   "last_update": null
  },
  {
   "t": 374.55,
   "step": "coprocessor/status",
   "ms": 88,
   "state": "failed",
   "uart_mode": "console",
   "transport_ready": false,
   "firmware_version": null,
   "generation": 658,
   "last_update": null
  },
  {
   "t": 377.62,
   "step": "coprocessor/status",
   "ms": 90,
   "state": "failed",
   "uart_mode": "console",
   "transport_ready": false,
   "firmware_version": null,
   "generation": 662,
   "last_update": null
  },
  {
   "t": 380.71,
   "step": "coprocessor/status",
   "ms": 90,
   "state": "failed",
   "uart_mode": "console",
   "transport_ready": false,
   "firmware_version": null,
   "generation": 666,
   "last_update": null
  },
  {
   "t": 383.78,
   "step": "coprocessor/status",
   "ms": 90,
   "state": "failed",
   "uart_mode": "console",
   "transport_ready": false,
   "firmware_version": null,
   "generation": 670,
   "last_update": null
  },
  {
   "t": 386.88,
   "step": "coprocessor/status",
   "ms": 89,
   "state": "failed",
   "uart_mode": "console",
   "transport_ready": false,
   "firmware_version": null,
   "generation": 674,
   "last_update": null
  },
  {
   "t": 389.96,
   "step": "coprocessor/status",
   "ms": 99,
   "state": "failed",
   "uart_mode": "console",
   "transport_ready": false,
   "firmware_version": null,
   "generation": 678,
   "last_update": null
  },
  {
   "t": 393.04,
   "step": "coprocessor/status",
   "ms": 90,
   "state": "failed",
   "uart_mode": "console",
   "transport_ready": false,
   "firmware_version": null,
   "generation": 682,
   "last_update": null
  },
  {
   "t": 397.11,
   "step": "coprocessor/status",
   "ms": 1087,
   "state": "failed",
   "uart_mode": "console",
   "transport_ready": false,
   "firmware_version": null,
   "generation": 688,
   "last_update": null
  },
  {
   "t": 400.19,
   "step": "coprocessor/status",
   "ms": 90,
   "state": "failed",
   "uart_mode": "console",
   "transport_ready": false,
   "firmware_version": null,
   "generation": 693,
   "last_update": null
  },
  {
   "t": 403.27,
   "step": "coprocessor/status",
   "ms": 88,
   "state": "failed",
   "uart_mode": "console",
   "transport_ready": false,
   "firmware_version": null,
   "generation": 698,
   "last_update": null
  },
  {
   "t": 406.35,
   "step": "coprocessor/status",
   "ms": 90,
   "state": "failed",
   "uart_mode": "console",
   "transport_ready": false,
   "firmware_version": null,
   "generation": 702,
   "last_update": null
  },
  {
   "t": 409.43,
   "step": "coprocessor/status",
   "ms": 88,
   "state": "failed",
   "uart_mode": "console",
   "transport_ready": false,
   "firmware_version": null,
   "generation": 705,
   "last_update": null
  },
  {
   "t": 412.51,
   "step": "coprocessor/status",
   "ms": 90,
   "state": "failed",
   "uart_mode": "console",
   "transport_ready": false,
   "firmware_version": null,
   "generation": 709,
   "last_update": null
  },
  {
   "t": 415.6,
   "step": "coprocessor/status",
   "ms": 90,
   "state": "failed",
   "uart_mode": "console",
   "transport_ready": false,
   "firmware_version": null,
   "generation": 713,
   "last_update": null
  },
  {
   "t": 418.67,
   "step": "coprocessor/status",
   "ms": 90,
   "state": "failed",
   "uart_mode": "console",
   "transport_ready": false,
   "firmware_version": null,
   "generation": 717,
   "last_update": null
  },
  {
   "t": 421.76,
   "step": "coprocessor/status",
   "ms": 90,
   "state": "failed",
   "uart_mode": "console",
   "transport_ready": false,
   "firmware_version": null,
   "generation": 721,
   "last_update": null
  },
  {
   "t": 424.84,
   "step": "coprocessor/status",
   "ms": 90,
   "state": "failed",
   "uart_mode": "console",
   "transport_ready": false,
   "firmware_version": null,
   "generation": 725,
   "last_update": null
  },
  {
   "t": 428.5,
   "step": "coprocessor/status",
   "ms": 660,
   "state": "failed",
   "uart_mode": "console",
   "transport_ready": false,
   "firmware_version": null,
   "generation": 730,
   "last_update": null
  },
  {
   "t": 431.62,
   "step": "coprocessor/status",
   "ms": 88,
   "state": "failed",
   "uart_mode": "console",
   "transport_ready": false,
   "firmware_version": null,
   "generation": 735,
   "last_update": null
  },
  {
   "t": 434.71,
   "step": "coprocessor/status",
   "ms": 89,
   "state": "failed",
   "uart_mode": "console",
   "transport_ready": false,
   "firmware_version": null,
   "generation": 739,
   "last_update": null
  },
  {
   "t": 437.79,
   "step": "coprocessor/status",
   "ms": 88,
   "state": "failed",
   "uart_mode": "console",
   "transport_ready": false,
   "firmware_version": null,
   "generation": 743,
   "last_update": null
  },
  {
   "t": 440.88,
   "step": "coprocessor/status",
   "ms": 88,
   "state": "failed",
   "uart_mode": "console",
   "transport_ready": false,
   "firmware_version": null,
   "generation": 748,
   "last_update": null
  },
  {
   "t": 443.98,
   "step": "coprocessor/status",
   "ms": 95,
   "state": "failed",
   "uart_mode": "console",
   "transport_ready": false,
   "firmware_version": null,
   "generation": 753,
   "last_update": null
  },
  {
   "t": 447.06,
   "step": "coprocessor/status",
   "ms": 88,
   "state": "failed",
   "uart_mode": "console",
   "transport_ready": false,
   "firmware_version": null,
   "generation": 757,
   "last_update": null
  },
  {
   "t": 450.14,
   "step": "coprocessor/status",
   "ms": 87,
   "state": "failed",
   "uart_mode": "console",
   "transport_ready": false,
   "firmware_version": null,
   "generation": 760,
   "last_update": null
  },
  {
   "t": 453.22,
   "step": "coprocessor/status",
   "ms": 89,
   "state": "failed",
   "uart_mode": "console",
   "transport_ready": false,
   "firmware_version": null,
   "generation": 764,
   "last_update": null
  },
  {
   "t": 456.32,
   "step": "coprocessor/status",
   "ms": 89,
   "state": "failed",
   "uart_mode": "console",
   "transport_ready": false,
   "firmware_version": null,
   "generation": 768,
   "last_update": null
  },
  {
   "t": 459.4,
   "step": "coprocessor/status",
   "ms": 90,
   "state": "failed",
   "uart_mode": "console",
   "transport_ready": false,
   "firmware_version": null,
   "generation": 772,
   "last_update": null
  },
  {
   "t": 462.49,
   "step": "coprocessor/status",
   "ms": 90,
   "state": "failed",
   "uart_mode": "console",
   "transport_ready": false,
   "firmware_version": null,
   "generation": 776,
   "last_update": null
  },
  {
   "t": 465.57,
   "step": "coprocessor/status",
   "ms": 88,
   "state": "failed",
   "uart_mode": "console",
   "transport_ready": false,
   "firmware_version": null,
   "generation": 780,
   "last_update": null
  },
  {
   "t": 469.68,
   "step": "coprocessor/status",
   "ms": 1089,
   "state": "failed",
   "uart_mode": "console",
   "transport_ready": false,
   "firmware_version": null,
   "generation": 785,
   "last_update": null
  },
  {
   "t": 472.78,
   "step": "coprocessor/status",
   "ms": 97,
   "state": "failed",
   "uart_mode": "console",
   "transport_ready": false,
   "firmware_version": null,
   "generation": 790,
   "last_update": null
  },
  {
   "t": 473.77,
   "step": "w5500 receive-state events",
   "new": 4,
   "total": 59,
   "last_uptime_ms": "325231"
  },
  {
   "t": 475.87,
   "step": "coprocessor/status",
   "ms": 90,
   "state": "failed",
   "uart_mode": "console",
   "transport_ready": false,
   "firmware_version": null,
   "generation": 795,
   "last_update": null
  },
  {
   "t": 478.99,
   "step": "coprocessor/status",
   "ms": 88,
   "state": "failed",
   "uart_mode": "console",
   "transport_ready": false,
   "firmware_version": null,
   "generation": 799,
   "last_update": null
  },
  {
   "t": 479.92,
   "step": "w5500 receive-state events",
   "new": 3,
   "total": 62,
   "last_uptime_ms": "345641"
  },
  {
   "t": 482.01,
   "step": "coprocessor/status",
   "ms": 88,
   "state": "failed",
   "uart_mode": "console",
   "transport_ready": false,
   "firmware_version": null,
   "generation": 803,
   "last_update": null
  },
  {
   "t": 482.95,
   "step": "w5500 receive-state events",
   "new": 2,
   "total": 64,
   "last_uptime_ms": "348352"
  },
  {
   "t": 485.04,
   "step": "coprocessor/status",
   "ms": 88,
   "state": "failed",
   "uart_mode": "console",
   "transport_ready": false,
   "firmware_version": null,
   "generation": 806,
   "last_update": null
  },
  {
   "t": 485.98,
   "step": "w5500 receive-state events",
   "new": 2,
   "total": 66,
   "last_uptime_ms": "354290"
  },
  {
   "t": 488.08,
   "step": "coprocessor/status",
   "ms": 90,
   "state": "failed",
   "uart_mode": "console",
   "transport_ready": false,
   "firmware_version": null,
   "generation": 810,
   "last_update": null
  },
  {
   "t": 491.11,
   "step": "coprocessor/status",
   "ms": 91,
   "state": "failed",
   "uart_mode": "console",
   "transport_ready": false,
   "firmware_version": null,
   "generation": 813,
   "last_update": null
  },
  {
   "t": 494.17,
   "step": "coprocessor/status",
   "ms": 90,
   "state": "failed",
   "uart_mode": "console",
   "transport_ready": false,
   "firmware_version": null,
   "generation": 817,
   "last_update": null
  },
  {
   "t": 497.2,
   "step": "coprocessor/status",
   "ms": 90,
   "state": "failed",
   "uart_mode": "console",
   "transport_ready": false,
   "firmware_version": null,
   "generation": 821,
   "last_update": null
  },
  {
   "t": 500.24,
   "step": "coprocessor/status",
   "ms": 91,
   "state": "failed",
   "uart_mode": "console",
   "transport_ready": false,
   "firmware_version": null,
   "generation": 825,
   "last_update": null
  },
  {
   "t": 505.26,
   "step": "coprocessor/status",
   "ms": 2083,
   "state": "failed",
   "uart_mode": "console",
   "transport_ready": false,
   "firmware_version": null,
   "generation": 826,
   "last_update": null
  },
  {
   "t": 508.49,
   "step": "coprocessor/status",
   "ms": 92,
   "state": "failed",
   "uart_mode": "console",
   "transport_ready": false,
   "firmware_version": null,
   "generation": 829,
   "last_update": null
  },
  {
   "t": 511.52,
   "step": "coprocessor/status",
   "ms": 90,
   "state": "failed",
   "uart_mode": "console",
   "transport_ready": false,
   "firmware_version": null,
   "generation": 833,
   "last_update": null
  },
  {
   "t": 514.56,
   "step": "coprocessor/status",
   "ms": 91,
   "state": "failed",
   "uart_mode": "console",
   "transport_ready": false,
   "firmware_version": null,
   "generation": 837,
   "last_update": null
  },
  {
   "t": 520.02,
   "step": "coprocessor/status",
   "ms": 92,
   "state": "failed",
   "uart_mode": "console",
   "transport_ready": false,
   "firmware_version": null,
   "generation": 845,
   "last_update": null
  },
  {
   "t": 523.04,
   "step": "coprocessor/status",
   "ms": 91,
   "state": "failed",
   "uart_mode": "console",
   "transport_ready": false,
   "firmware_version": null,
   "generation": 849,
   "last_update": null
  },
  {
   "t": 526.21,
   "step": "coprocessor/status",
   "ms": 227,
   "state": "failed",
   "uart_mode": "console",
   "transport_ready": false,
   "firmware_version": null,
   "generation": 851,
   "last_update": null
  },
  {
   "t": 530.02,
   "step": "coprocessor/status",
   "ms": 805,
   "state": "failed",
   "uart_mode": "console",
   "transport_ready": false,
   "firmware_version": null,
   "generation": 853,
   "last_update": null
  },
  {
   "t": 535.71,
   "step": "coprocessor/status",
   "ms": 295,
   "state": "failed",
   "uart_mode": "console",
   "transport_ready": false,
   "firmware_version": null,
   "generation": 855,
   "last_update": null
  },
  {
   "t": 545.18,
   "step": "coprocessor/status",
   "ms": 127,
   "state": "failed",
   "uart_mode": "console",
   "transport_ready": false,
   "firmware_version": null,
   "generation": 859,
   "last_update": null
  },
  {
   "t": 548.84,
   "step": "coprocessor/status",
   "ms": 89,
   "state": "failed",
   "uart_mode": "console",
   "transport_ready": false,
   "firmware_version": null,
   "generation": 862,
   "last_update": null
  },
  {
   "t": 549.86,
   "step": "w5500 receive-state events",
   "new": 5,
   "total": 71,
   "last_uptime_ms": "386268"
  },
  {
   "t": 551.95,
   "step": "coprocessor/status",
   "ms": 90,
   "state": "failed",
   "uart_mode": "console",
   "transport_ready": false,
   "firmware_version": null,
   "generation": 866,
   "last_update": null
  },
  {
   "t": 555.0,
   "step": "coprocessor/status",
   "ms": 90,
   "state": "failed",
   "uart_mode": "console",
   "transport_ready": false,
   "firmware_version": null,
   "generation": 870,
   "last_update": null
  },
  {
   "t": 558.19,
   "step": "coprocessor/status",
   "ms": 167,
   "state": "failed",
   "uart_mode": "console",
   "transport_ready": false,
   "firmware_version": null,
   "generation": 874,
   "last_update": null
  },
  {
   "t": 561.23,
   "step": "coprocessor/status",
   "ms": 91,
   "state": "failed",
   "uart_mode": "console",
   "transport_ready": false,
   "firmware_version": null,
   "generation": 877,
   "last_update": null
  },
  {
   "t": 564.29,
   "step": "coprocessor/status",
   "ms": 102,
   "state": "failed",
   "uart_mode": "console",
   "transport_ready": false,
   "firmware_version": null,
   "generation": 881,
   "last_update": null
  },
  {
   "t": 568.4,
   "step": "coprocessor/status",
   "ms": 1090,
   "state": "failed",
   "uart_mode": "console",
   "transport_ready": false,
   "firmware_version": null,
   "generation": 887,
   "last_update": null
  },
  {
   "t": 571.56,
   "step": "coprocessor/status",
   "ms": 143,
   "state": "failed",
   "uart_mode": "console",
   "transport_ready": false,
   "firmware_version": null,
   "generation": 891,
   "last_update": null
  },
  {
   "t": 572.53,
   "step": "w5500 receive-state events",
   "new": 4,
   "total": 75,
   "last_uptime_ms": "426763"
  },
  {
   "t": 574.63,
   "step": "coprocessor/status",
   "ms": 92,
   "state": "failed",
   "uart_mode": "console",
   "transport_ready": false,
   "firmware_version": null,
   "generation": 896,
   "last_update": null
  },
  {
   "t": 575.57,
   "step": "w5500 receive-state events",
   "new": 4,
   "total": 79,
   "last_uptime_ms": "470324"
  },
  {
   "t": 577.66,
   "step": "coprocessor/status",
   "ms": 90,
   "state": "failed",
   "uart_mode": "console",
   "transport_ready": false,
   "firmware_version": null,
   "generation": 901,
   "last_update": null
  },
  {
   "t": 578.6,
   "step": "w5500 receive-state events",
   "new": 1,
   "total": 80,
   "last_uptime_ms": "470525"
  },
  {
   "t": 580.7,
   "step": "coprocessor/status",
   "ms": 89,
   "state": "failed",
   "uart_mode": "console",
   "transport_ready": false,
   "firmware_version": null,
   "generation": 905,
   "last_update": null
  },
  {
   "t": 581.75,
   "step": "w5500 receive-state events",
   "new": 2,
   "total": 82,
   "last_uptime_ms": "476198"
  },
  {
   "t": 583.85,
   "step": "coprocessor/status",
   "ms": 90,
   "state": "failed",
   "uart_mode": "console",
   "transport_ready": false,
   "firmware_version": null,
   "generation": 908,
   "last_update": null
  },
  {
   "t": 584.78,
   "step": "w5500 receive-state events",
   "new": 3,
   "total": 85,
   "last_uptime_ms": "502345"
  },
  {
   "t": 586.87,
   "step": "coprocessor/status",
   "ms": 91,
   "state": "failed",
   "uart_mode": "console",
   "transport_ready": false,
   "firmware_version": null,
   "generation": 912,
   "last_update": null
  },
  {
   "t": 590.11,
   "step": "coprocessor/status",
   "ms": 153,
   "state": "failed",
   "uart_mode": "console",
   "transport_ready": false,
   "firmware_version": null,
   "generation": 916,
   "last_update": null
  },
  {
   "t": 593.16,
   "step": "coprocessor/status",
   "ms": 89,
   "state": "failed",
   "uart_mode": "console",
   "transport_ready": false,
   "firmware_version": null,
   "generation": 919,
   "last_update": null
  },
  {
   "t": 596.19,
   "step": "coprocessor/status",
   "ms": 92,
   "state": "failed",
   "uart_mode": "console",
   "transport_ready": false,
   "firmware_version": null,
   "generation": 923,
   "last_update": null
  },
  {
   "t": 600.35,
   "step": "coprocessor/status",
   "ms": 1090,
   "state": "failed",
   "uart_mode": "console",
   "transport_ready": false,
   "firmware_version": null,
   "generation": 928,
   "last_update": null
  },
  {
   "t": 603.47,
   "step": "coprocessor/status",
   "ms": 105,
   "state": "failed",
   "uart_mode": "console",
   "transport_ready": false,
   "firmware_version": null,
   "generation": 932,
   "last_update": null
  },
  {
   "t": 604.48,
   "step": "w5500 receive-state events",
   "new": 7,
   "total": 92,
   "last_uptime_ms": "514028"
  },
  {
   "t": 606.58,
   "step": "coprocessor/status",
   "ms": 91,
   "state": "failed",
   "uart_mode": "console",
   "transport_ready": false,
   "firmware_version": null,
   "generation": 937,
   "last_update": null
  },
  {
   "t": 607.51,
   "step": "w5500 receive-state events",
   "new": 3,
   "total": 95,
   "last_uptime_ms": "519985"
  },
  {
   "t": 609.61,
   "step": "coprocessor/status",
   "ms": 89,
   "state": "failed",
   "uart_mode": "console",
   "transport_ready": false,
   "firmware_version": null,
   "generation": 942,
   "last_update": null
  },
  {
   "t": 610.61,
   "step": "w5500 receive-state events",
   "new": 3,
   "total": 98,
   "last_uptime_ms": "522864"
  },
  {
   "t": 612.72,
   "step": "coprocessor/status",
   "ms": 101,
   "state": "failed",
   "uart_mode": "console",
   "transport_ready": false,
   "firmware_version": null,
   "generation": 946,
   "last_update": null
  },
  {
   "t": 613.72,
   "step": "w5500 receive-state events",
   "new": 2,
   "total": 100,
   "last_uptime_ms": "543096"
  },
  {
   "t": 615.81,
   "step": "coprocessor/status",
   "ms": 86,
   "state": "failed",
   "uart_mode": "console",
   "transport_ready": false,
   "firmware_version": null,
   "generation": 949,
   "last_update": null
  },
  {
   "t": 616.76,
   "step": "w5500 receive-state events",
   "new": 3,
   "total": 103,
   "last_uptime_ms": "545999"
  },
  {
   "t": 618.93,
   "step": "coprocessor/status",
   "ms": 162,
   "state": "failed",
   "uart_mode": "console",
   "transport_ready": false,
   "firmware_version": null,
   "generation": 953,
   "last_update": null
  },
  {
   "t": 622.07,
   "step": "coprocessor/status",
   "ms": 91,
   "state": "failed",
   "uart_mode": "console",
   "transport_ready": false,
   "firmware_version": null,
   "generation": 957,
   "last_update": null
  },
  {
   "t": 625.13,
   "step": "coprocessor/status",
   "ms": 89,
   "state": "failed",
   "uart_mode": "console",
   "transport_ready": false,
   "firmware_version": null,
   "generation": 961,
   "last_update": null
  },
  {
   "t": 628.29,
   "step": "coprocessor/status",
   "ms": 153,
   "state": "failed",
   "uart_mode": "console",
   "transport_ready": false,
   "firmware_version": null,
   "generation": 965,
   "last_update": null
  },
  {
   "t": 631.99,
   "step": "coprocessor/status",
   "ms": 658,
   "state": "failed",
   "uart_mode": "console",
   "transport_ready": false,
   "firmware_version": null,
   "generation": 970,
   "last_update": null
  },
  {
   "t": 635.18,
   "step": "coprocessor/status",
   "ms": 153,
   "state": "failed",
   "uart_mode": "console",
   "transport_ready": false,
   "firmware_version": null,
   "generation": 975,
   "last_update": null
  },
  {
   "t": 636.27,
   "step": "w5500 receive-state events",
   "new": 3,
   "total": 106,
   "last_uptime_ms": "551724"
  },
  {
   "t": 638.36,
   "step": "coprocessor/status",
   "ms": 88,
   "state": "failed",
   "uart_mode": "console",
   "transport_ready": false,
   "firmware_version": null,
   "generation": 979,
   "last_update": null
  },
  {
   "t": 639.31,
   "step": "w5500 receive-state events",
   "new": 2,
   "total": 108,
   "last_uptime_ms": "554705"
  },
  {
   "t": 641.4,
   "step": "coprocessor/status",
   "ms": 89,
   "state": "failed",
   "uart_mode": "console",
   "transport_ready": false,
   "firmware_version": null,
   "generation": 983,
   "last_update": null
  },
  {
   "t": 642.43,
   "step": "w5500 receive-state events",
   "new": 5,
   "total": 113,
   "last_uptime_ms": "618735"
  },
  {
   "t": 644.58,
   "step": "coprocessor/status",
   "ms": 153,
   "state": "failed",
   "uart_mode": "console",
   "transport_ready": false,
   "firmware_version": null,
   "generation": 988,
   "last_update": null
  },
  {
   "t": 647.64,
   "step": "coprocessor/status",
   "ms": 91,
   "state": "failed",
   "uart_mode": "console",
   "transport_ready": false,
   "firmware_version": null,
   "generation": 992,
   "last_update": null
  },
  {
   "t": 650.68,
   "step": "coprocessor/status",
   "ms": 87,
   "state": "failed",
   "uart_mode": "console",
   "transport_ready": false,
   "firmware_version": null,
   "generation": 996,
   "last_update": null
  },
  {
   "t": 651.64,
   "step": "w5500 receive-state events",
   "new": 4,
   "total": 117,
   "last_uptime_ms": "641622"
  },
  {
   "t": 653.73,
   "step": "coprocessor/status",
   "ms": 90,
   "state": "failed",
   "uart_mode": "console",
   "transport_ready": false,
   "firmware_version": null,
   "generation": 1000,
   "last_update": null
  },
  {
   "t": 656.89,
   "step": "coprocessor/status",
   "ms": 153,
   "state": "failed",
   "uart_mode": "console",
   "transport_ready": false,
   "firmware_version": null,
   "generation": 1004,
   "last_update": null
  },
  {
   "t": 659.94,
   "step": "coprocessor/status",
   "ms": 91,
   "state": "failed",
   "uart_mode": "console",
   "transport_ready": false,
   "firmware_version": null,
   "generation": 1008,
   "last_update": null
  },
  {
   "t": 662.98,
   "step": "coprocessor/status",
   "ms": 89,
   "state": "failed",
   "uart_mode": "console",
   "transport_ready": false,
   "firmware_version": null,
   "generation": 1011,
   "last_update": null
  },
  {
   "t": 666.13,
   "step": "coprocessor/status",
   "ms": 90,
   "state": "failed",
   "uart_mode": "console",
   "transport_ready": false,
   "firmware_version": null,
   "generation": 1015,
   "last_update": null
  },
  {
   "t": 670.18,
   "step": "coprocessor/status",
   "ms": 1105,
   "state": "failed",
   "uart_mode": "console",
   "transport_ready": false,
   "firmware_version": null,
   "generation": 1021,
   "last_update": null
  },
  {
   "t": 673.36,
   "step": "coprocessor/status",
   "ms": 89,
   "state": "failed",
   "uart_mode": "console",
   "transport_ready": false,
   "firmware_version": null,
   "generation": 1026,
   "last_update": null
  },
  {
   "t": 674.3,
   "step": "w5500 receive-state events",
   "new": 4,
   "total": 121,
   "last_uptime_ms": "645135"
  },
  {
   "t": 676.39,
   "step": "coprocessor/status",
   "ms": 89,
   "state": "failed",
   "uart_mode": "console",
   "transport_ready": false,
   "firmware_version": null,
   "generation": 1031,
   "last_update": null
  },
  {
   "t": 677.33,
   "step": "w5500 receive-state events",
   "new": 5,
   "total": 126,
   "last_uptime_ms": "653586"
  },
  {
   "t": 679.43,
   "step": "coprocessor/status",
   "ms": 88,
   "state": "failed",
   "uart_mode": "console",
   "transport_ready": false,
   "firmware_version": null,
   "generation": 1036,
   "last_update": null
  },
  {
   "t": 680.43,
   "step": "w5500 receive-state events",
   "new": 3,
   "total": 129,
   "last_uptime_ms": "656413"
  },
  {
   "t": 682.53,
   "step": "coprocessor/status",
   "ms": 101,
   "state": "failed",
   "uart_mode": "console",
   "transport_ready": false,
   "firmware_version": null,
   "generation": 1040,
   "last_update": null
  },
  {
   "t": 683.55,
   "step": "w5500 receive-state events",
   "new": 2,
   "total": 131,
   "last_uptime_ms": "673589"
  },
  {
   "t": 685.64,
   "step": "coprocessor/status",
   "ms": 91,
   "state": "failed",
   "uart_mode": "console",
   "transport_ready": false,
   "firmware_version": null,
   "generation": 1044,
   "last_update": null
  },
  {
   "t": 688.68,
   "step": "coprocessor/status",
   "ms": 91,
   "state": "failed",
   "uart_mode": "console",
   "transport_ready": false,
   "firmware_version": null,
   "generation": 1048,
   "last_update": null
  },
  {
   "t": 691.85,
   "step": "coprocessor/status",
   "ms": 91,
   "state": "failed",
   "uart_mode": "console",
   "transport_ready": false,
   "firmware_version": null,
   "generation": 1052,
   "last_update": null
  },
  {
   "t": 694.89,
   "step": "coprocessor/status",
   "ms": 89,
   "state": "failed",
   "uart_mode": "console",
   "transport_ready": false,
   "firmware_version": null,
   "generation": 1056,
   "last_update": null
  },
  {
   "t": 698.05,
   "step": "coprocessor/status",
   "ms": 153,
   "state": "failed",
   "uart_mode": "console",
   "transport_ready": false,
   "firmware_version": null,
   "generation": 1060,
   "last_update": null
  },
  {
   "t": 701.74,
   "step": "coprocessor/status",
   "ms": 712,
   "state": "failed",
   "uart_mode": "console",
   "transport_ready": false,
   "firmware_version": null,
   "generation": 1065,
   "last_update": null
  },
  {
   "t": 707.92,
   "step": "coprocessor/status",
   "ms": 3087,
   "state": "failed",
   "uart_mode": "console",
   "transport_ready": false,
   "firmware_version": null,
   "generation": 1068,
   "last_update": null
  },
  {
   "t": 709.55,
   "step": "w5500 receive-state events",
   "new": 3,
   "total": 134,
   "last_uptime_ms": "674193"
  },
  {
   "t": 711.65,
   "step": "coprocessor/status",
   "ms": 97,
   "state": "failed",
   "uart_mode": "console",
   "transport_ready": false,
   "firmware_version": null,
   "generation": 1070,
   "last_update": null
  },
  {
   "t": 713.02,
   "step": "w5500 receive-state events",
   "new": 4,
   "total": 138,
   "last_uptime_ms": "679489"
  },
  {
   "t": 715.13,
   "step": "coprocessor/status",
   "ms": 102,
   "state": "failed",
   "uart_mode": "console",
   "transport_ready": false,
   "firmware_version": null,
   "generation": 1071,
   "last_update": null
  },
  {
   "t": 718.52,
   "step": "coprocessor/status",
   "ms": 154,
   "state": "failed",
   "uart_mode": "console",
   "transport_ready": false,
   "firmware_version": null,
   "generation": 1074,
   "last_update": null
  },
  {
   "t": 721.93,
   "step": "coprocessor/status",
   "ms": 101,
   "state": "failed",
   "uart_mode": "console",
   "transport_ready": false,
   "firmware_version": null,
   "generation": 1075,
   "last_update": null
  },
  {
   "t": 725.28,
   "step": "coprocessor/status",
   "ms": 117,
   "state": "failed",
   "uart_mode": "console",
   "transport_ready": false,
   "firmware_version": null,
   "generation": 1076,
   "last_update": null
  },
  {
   "t": 732.13,
   "step": "coprocessor/status",
   "ms": 204,
   "state": "failed",
   "uart_mode": "console",
   "transport_ready": false,
   "firmware_version": null,
   "generation": 1077,
   "last_update": null
  },
  {
   "t": 733.38,
   "step": "w5500 receive-state events",
   "new": 6,
   "total": 144,
   "last_uptime_ms": "685533"
  },
  {
   "t": 735.49,
   "step": "coprocessor/status",
   "ms": 106,
   "state": "failed",
   "uart_mode": "console",
   "transport_ready": false,
   "firmware_version": null,
   "generation": 1079,
   "last_update": null
  },
  {
   "t": 742.89,
   "step": "coprocessor/status",
   "ms": 102,
   "state": "failed",
   "uart_mode": "console",
   "transport_ready": false,
   "firmware_version": null,
   "generation": 1080,
   "last_update": null
  },
  {
   "t": 744.13,
   "step": "w5500 receive-state events",
   "new": 3,
   "total": 147,
   "last_uptime_ms": "688397"
  },
  {
   "t": 746.26,
   "step": "coprocessor/status",
   "ms": 124,
   "state": "failed",
   "uart_mode": "console",
   "transport_ready": false,
   "firmware_version": null,
   "generation": 1082,
   "last_update": null
  },
  {
   "t": 747.64,
   "step": "w5500 receive-state events",
   "new": 3,
   "total": 150,
   "last_uptime_ms": "705858"
  },
  {
   "t": 754.76,
   "step": "coprocessor/status",
   "ms": 1089,
   "state": "failed",
   "uart_mode": "console",
   "transport_ready": false,
   "firmware_version": null,
   "generation": 1083,
   "last_update": null
  },
  {
   "t": 761.65,
   "step": "coprocessor/status",
   "ms": 173,
   "state": "failed",
   "uart_mode": "console",
   "transport_ready": false,
   "firmware_version": null,
   "generation": 1085,
   "last_update": null
  },
  {
   "t": 763.03,
   "step": "w5500 receive-state events",
   "new": 3,
   "total": 153,
   "last_uptime_ms": "711745"
  },
  {
   "t": 765.62,
   "step": "coprocessor/status",
   "ms": 586,
   "state": "failed",
   "uart_mode": "console",
   "transport_ready": false,
   "firmware_version": null,
   "generation": 1086,
   "last_update": null
  },
  {
   "t": 769.1,
   "step": "coprocessor/status",
   "ms": 147,
   "state": "failed",
   "uart_mode": "console",
   "transport_ready": false,
   "firmware_version": null,
   "generation": 1087,
   "last_update": null
  },
  {
   "t": 772.39,
   "step": "coprocessor/status",
   "ms": 90,
   "state": "failed",
   "uart_mode": "console",
   "transport_ready": false,
   "firmware_version": null,
   "generation": 1089,
   "last_update": null
  },
  {
   "t": 773.77,
   "step": "w5500 receive-state events",
   "new": 2,
   "total": 155,
   "last_uptime_ms": "714304"
  },
  {
   "t": 776.35,
   "step": "coprocessor/status",
   "ms": 580,
   "state": "failed",
   "uart_mode": "console",
   "transport_ready": false,
   "firmware_version": null,
   "generation": 1091,
   "last_update": null
  },
  {
   "t": 780.24,
   "step": "coprocessor/status",
   "ms": 562,
   "state": "failed",
   "uart_mode": "console",
   "transport_ready": false,
   "firmware_version": null,
   "generation": 1093,
   "last_update": null
  },
  {
   "t": 783.99,
   "step": "coprocessor/status",
   "ms": 555,
   "state": "failed",
   "uart_mode": "console",
   "transport_ready": false,
   "firmware_version": null,
   "generation": 1095,
   "last_update": null
  },
  {
   "t": 785.34,
   "step": "w5500 receive-state events",
   "new": 3,
   "total": 158,
   "last_uptime_ms": "714908"
  },
  {
   "t": 787.44,
   "step": "coprocessor/status",
   "ms": 101,
   "state": "failed",
   "uart_mode": "console",
   "transport_ready": false,
   "firmware_version": null,
   "generation": 1097,
   "last_update": null
  },
  {
   "t": 791.09,
   "step": "coprocessor/status",
   "ms": 419,
   "state": "failed",
   "uart_mode": "console",
   "transport_ready": false,
   "firmware_version": null,
   "generation": 1098,
   "last_update": null
  },
  {
   "t": 794.97,
   "step": "coprocessor/status",
   "ms": 111,
   "state": "failed",
   "uart_mode": "console",
   "transport_ready": false,
   "firmware_version": null,
   "generation": 1099,
   "last_update": null
  },
  {
   "t": 799.59,
   "step": "w5500 receive-state events",
   "new": 1,
   "total": 159,
   "last_uptime_ms": "723027"
  },
  {
   "t": 801.7,
   "step": "coprocessor/status",
   "ms": 102,
   "state": "failed",
   "uart_mode": "console",
   "transport_ready": false,
   "firmware_version": null,
   "generation": 1100,
   "last_update": null
  },
  {
   "t": 802.94,
   "step": "w5500 receive-state events",
   "new": 6,
   "total": 165,
   "last_uptime_ms": "743799"
  },
  {
   "t": 805.1,
   "step": "coprocessor/status",
   "ms": 153,
   "state": "failed",
   "uart_mode": "console",
   "transport_ready": false,
   "firmware_version": null,
   "generation": 1102,
   "last_update": null
  },
  {
   "t": 812.49,
   "step": "coprocessor/status",
   "ms": 89,
   "state": "failed",
   "uart_mode": "console",
   "transport_ready": false,
   "firmware_version": null,
   "generation": 1103,
   "last_update": null
  },
  {
   "t": 813.58,
   "step": "w5500 receive-state events",
   "new": 3,
   "total": 168,
   "last_uptime_ms": "746913"
  },
  {
   "t": 819.18,
   "step": "coprocessor/status",
   "ms": 153,
   "state": "failed",
   "uart_mode": "console",
   "transport_ready": false,
   "firmware_version": null,
   "generation": 1107,
   "last_update": null
  },
  {
   "t": 820.32,
   "step": "w5500 receive-state events",
   "new": 3,
   "total": 171,
   "last_uptime_ms": "749641"
  },
  {
   "t": 822.42,
   "step": "coprocessor/status",
   "ms": 91,
   "state": "failed",
   "uart_mode": "console",
   "transport_ready": false,
   "firmware_version": null,
   "generation": 1108,
   "last_update": null
  },
  {
   "t": 825.8,
   "step": "coprocessor/status",
   "ms": 167,
   "state": "failed",
   "uart_mode": "console",
   "transport_ready": false,
   "firmware_version": null,
   "generation": 1109,
   "last_update": null
  },
  {
   "t": 830.18,
   "step": "coprocessor/status",
   "ms": 1091,
   "state": "failed",
   "uart_mode": "console",
   "transport_ready": false,
   "firmware_version": null,
   "generation": 1112,
   "last_update": null
  },
  {
   "t": 831.5,
   "step": "w5500 receive-state events",
   "new": 2,
   "total": 173,
   "last_uptime_ms": "752460"
  },
  {
   "t": 833.6,
   "step": "coprocessor/status",
   "ms": 102,
   "state": "failed",
   "uart_mode": "console",
   "transport_ready": false,
   "firmware_version": null,
   "generation": 1113,
   "last_update": null
  },
  {
   "t": 837.23,
   "step": "coprocessor/status",
   "ms": 185,
   "state": "failed",
   "uart_mode": "console",
   "transport_ready": false,
   "firmware_version": null,
   "generation": 1114,
   "last_update": null
  },
  {
   "t": 840.52,
   "step": "coprocessor/status",
   "ms": 90,
   "state": "failed",
   "uart_mode": "console",
   "transport_ready": false,
   "firmware_version": null,
   "generation": 1117,
   "last_update": null
  },
  {
   "t": 847.79,
   "step": "coprocessor/status",
   "ms": 459,
   "state": "failed",
   "uart_mode": "console",
   "transport_ready": false,
   "firmware_version": null,
   "generation": 1118,
   "last_update": null
  },
  {
   "t": 849.34,
   "step": "w5500 receive-state events",
   "new": 6,
   "total": 179,
   "last_uptime_ms": "775764"
  },
  {
   "t": 851.44,
   "step": "coprocessor/status",
   "ms": 91,
   "state": "failed",
   "uart_mode": "console",
   "transport_ready": false,
   "firmware_version": null,
   "generation": 1120,
   "last_update": null
  },
  {
   "t": 854.99,
   "step": "coprocessor/status",
   "ms": 213,
   "state": "failed",
   "uart_mode": "console",
   "transport_ready": false,
   "firmware_version": null,
   "generation": 1121,
   "last_update": null
  },
  {
   "t": 859.26,
   "step": "coprocessor/status",
   "ms": 1118,
   "state": "failed",
   "uart_mode": "console",
   "transport_ready": false,
   "firmware_version": null,
   "generation": 1123,
   "last_update": null
  },
  {
   "t": 862.69,
   "step": "coprocessor/status",
   "ms": 188,
   "state": "failed",
   "uart_mode": "console",
   "transport_ready": false,
   "firmware_version": null,
   "generation": 1124,
   "last_update": null
  },
  {
   "t": 864.51,
   "step": "w5500 receive-state events",
   "new": 4,
   "total": 183,
   "last_uptime_ms": "778855"
  },
  {
   "t": 866.61,
   "step": "coprocessor/status",
   "ms": 90,
   "state": "failed",
   "uart_mode": "console",
   "transport_ready": false,
   "firmware_version": null,
   "generation": 1125,
   "last_update": null
  },
  {
   "t": 871.28,
   "step": "coprocessor/status",
   "ms": 1389,
   "state": "failed",
   "uart_mode": "console",
   "transport_ready": false,
   "firmware_version": null,
   "generation": 1127,
   "last_update": null
  },
  {
   "t": 872.54,
   "step": "w5500 receive-state events",
   "new": 2,
   "total": 185,
   "last_uptime_ms": "798836"
  },
  {
   "t": 874.71,
   "step": "coprocessor/status",
   "ms": 168,
   "state": "failed",
   "uart_mode": "console",
   "transport_ready": false,
   "firmware_version": null,
   "generation": 1128,
   "last_update": null
  },
  {
   "t": 886.15,
   "step": "coprocessor/status",
   "ms": 108,
   "state": "failed",
   "uart_mode": "console",
   "transport_ready": false,
   "firmware_version": null,
   "generation": 1129,
   "last_update": null
  },
  {
   "t": 887.39,
   "step": "w5500 receive-state events",
   "new": 3,
   "total": 188,
   "last_uptime_ms": "801691"
  },
  {
   "t": 889.48,
   "step": "coprocessor/status",
   "ms": 91,
   "state": "failed",
   "uart_mode": "console",
   "transport_ready": false,
   "firmware_version": null,
   "generation": 1130,
   "last_update": null
  },
  {
   "t": 890.57,
   "step": "w5500 receive-state events",
   "new": 1,
   "total": 189,
   "last_uptime_ms": "801892"
  },
  {
   "t": 892.72,
   "step": "coprocessor/status",
   "ms": 145,
   "state": "failed",
   "uart_mode": "console",
   "transport_ready": false,
   "firmware_version": null,
   "generation": 1131,
   "last_update": null
  },
  {
   "t": 893.91,
   "step": "w5500 receive-state events",
   "new": 1,
   "total": 190,
   "last_uptime_ms": "813172"
  },
  {
   "t": 897.49,
   "step": "coprocessor/status",
   "ms": 1574,
   "state": "failed",
   "uart_mode": "console",
   "transport_ready": false,
   "firmware_version": null,
   "generation": 1134,
   "last_update": null
  },
  {
   "t": 899.01,
   "step": "w5500 receive-state events",
   "new": 1,
   "total": 191,
   "last_uptime_ms": "813373"
  },
  {
   "t": 901.1,
   "step": "coprocessor/status",
   "ms": 91,
   "state": "failed",
   "uart_mode": "console",
   "transport_ready": false,
   "firmware_version": null,
   "generation": 1136,
   "last_update": null
  },
  {
   "t": 902.43,
   "step": "w5500 receive-state events",
   "new": 3,
   "total": 194,
   "last_uptime_ms": "819132"
  },
  {
   "t": 908.47,
   "step": "coprocessor/status",
   "ms": 136,
   "state": "failed",
   "uart_mode": "console",
   "transport_ready": false,
   "firmware_version": null,
   "generation": 1138,
   "last_update": null
  },
  {
   "t": 909.71,
   "step": "w5500 receive-state events",
   "new": 3,
   "total": 197,
   "last_uptime_ms": "827943"
  },
  {
   "t": 911.92,
   "step": "coprocessor/status",
   "ms": 204,
   "state": "failed",
   "uart_mode": "console",
   "transport_ready": false,
   "firmware_version": null,
   "generation": 1140,
   "last_update": null
  },
  {
   "t": 913.18,
   "step": "w5500 receive-state events",
   "new": 2,
   "total": 199,
   "last_uptime_ms": "842292"
  },
  {
   "t": 918.91,
   "step": "coprocessor/status",
   "ms": 269,
   "state": "failed",
   "uart_mode": "console",
   "transport_ready": false,
   "firmware_version": null,
   "generation": 1141,
   "last_update": null
  },
  {
   "t": 922.36,
   "step": "coprocessor/status",
   "ms": 285,
   "state": "failed",
   "uart_mode": "console",
   "transport_ready": false,
   "firmware_version": null,
   "generation": 1142,
   "last_update": null
  },
  {
   "t": 925.82,
   "step": "coprocessor/status",
   "ms": 202,
   "state": "failed",
   "uart_mode": "console",
   "transport_ready": false,
   "firmware_version": null,
   "generation": 1144,
   "last_update": null
  },
  {
   "t": 927.68,
   "step": "w5500 receive-state events",
   "new": 4,
   "total": 203,
   "last_uptime_ms": "854129"
  },
  {
   "t": 929.77,
   "step": "coprocessor/status",
   "ms": 91,
   "state": "failed",
   "uart_mode": "console",
   "transport_ready": false,
   "firmware_version": null,
   "generation": 1146,
   "last_update": null
  },
  {
   "t": 937.5,
   "step": "coprocessor/status",
   "ms": 1104,
   "state": "failed",
   "uart_mode": "console",
   "transport_ready": false,
   "firmware_version": null,
   "generation": 1147,
   "last_update": null
  },
  {
   "t": 940.91,
   "step": "coprocessor/status",
   "ms": 87,
   "state": "failed",
   "uart_mode": "console",
   "transport_ready": false,
   "firmware_version": null,
   "generation": 1149,
   "last_update": null
  },
  {
   "t": 942.14,
   "step": "w5500 receive-state events",
   "new": 4,
   "total": 207,
   "last_uptime_ms": "871091"
  },
  {
   "t": 948.59,
   "step": "coprocessor/status",
   "ms": 521,
   "state": "failed",
   "uart_mode": "console",
   "transport_ready": false,
   "firmware_version": null,
   "generation": 1150,
   "last_update": null
  },
  {
   "t": 949.88,
   "step": "w5500 receive-state events",
   "new": 1,
   "total": 208,
   "last_uptime_ms": "871292"
  },
  {
   "t": 951.99,
   "step": "coprocessor/status",
   "ms": 100,
   "state": "failed",
   "uart_mode": "console",
   "transport_ready": false,
   "firmware_version": null,
   "generation": 1151,
   "last_update": null
  },
  {
   "t": 953.24,
   "step": "w5500 receive-state events",
   "new": 1,
   "total": 209,
   "last_uptime_ms": "871493"
  },
  {
   "t": 962.11,
   "step": "coprocessor/status",
   "ms": 106,
   "state": "failed",
   "uart_mode": "console",
   "transport_ready": false,
   "firmware_version": null,
   "generation": 1154,
   "last_update": null
  },
  {
   "t": 963.47,
   "step": "w5500 receive-state events",
   "new": 4,
   "total": 213,
   "last_uptime_ms": "883132"
  },
  {
   "t": 965.93,
   "step": "coprocessor/status",
   "ms": 454,
   "state": "failed",
   "uart_mode": "console",
   "transport_ready": false,
   "firmware_version": null,
   "generation": 1155,
   "last_update": null
  },
  {
   "t": 967.17,
   "step": "w5500 receive-state events",
   "new": 2,
   "total": 215,
   "last_uptime_ms": "885950"
  },
  {
   "t": 969.37,
   "step": "coprocessor/status",
   "ms": 195,
   "state": "failed",
   "uart_mode": "console",
   "transport_ready": false,
   "firmware_version": null,
   "generation": 1158,
   "last_update": null
  },
  {
   "t": 970.59,
   "step": "w5500 receive-state events",
   "new": 3,
   "total": 218,
   "last_uptime_ms": "903576"
  },
  {
   "t": 976.05,
   "step": "coprocessor/status",
   "ms": 102,
   "state": "failed",
   "uart_mode": "console",
   "transport_ready": false,
   "firmware_version": null,
   "generation": 1160,
   "last_update": null
  },
  {
   "t": 977.38,
   "step": "w5500 receive-state events",
   "new": 4,
   "total": 222,
   "last_uptime_ms": "920611"
  },
  {
   "t": 979.47,
   "step": "coprocessor/status",
   "ms": 91,
   "state": "failed",
   "uart_mode": "console",
   "transport_ready": false,
   "firmware_version": null,
   "generation": 1162,
   "last_update": null
  },
  {
   "t": 983.43,
   "step": "coprocessor/status",
   "ms": 579,
   "state": "failed",
   "uart_mode": "console",
   "transport_ready": false,
   "firmware_version": null,
   "generation": 1164,
   "last_update": null
  },
  {
   "t": 987.23,
   "step": "coprocessor/status",
   "ms": 90,
   "state": "failed",
   "uart_mode": "console",
   "transport_ready": false,
   "firmware_version": null,
   "generation": 1165,
   "last_update": null
  },
  {
   "t": 988.56,
   "step": "w5500 receive-state events",
   "new": 1,
   "total": 223,
   "last_uptime_ms": "920812"
  },
  {
   "t": 990.66,
   "step": "coprocessor/status",
   "ms": 102,
   "state": "failed",
   "uart_mode": "console",
   "transport_ready": false,
   "firmware_version": null,
   "generation": 1166,
   "last_update": null
  },
  {
   "t": 991.87,
   "step": "w5500 receive-state events",
   "new": 1,
   "total": 224,
   "last_uptime_ms": "921013"
  },
  {
   "t": 998.42,
   "step": "coprocessor/status",
   "ms": 1102,
   "state": "failed",
   "uart_mode": "console",
   "transport_ready": false,
   "firmware_version": null,
   "generation": 1167,
   "last_update": null
  },
  {
   "t": 999.77,
   "step": "w5500 receive-state events",
   "new": 1,
   "total": 225,
   "last_uptime_ms": "932205"
  },
  {
   "t": 1001.95,
   "step": "coprocessor/status",
   "ms": 185,
   "state": "failed",
   "uart_mode": "console",
   "transport_ready": false,
   "firmware_version": null,
   "generation": 1170,
   "last_update": null
  },
  {
   "t": 1003.27,
   "step": "w5500 receive-state events",
   "new": 3,
   "total": 228,
   "last_uptime_ms": "935385"
  },
  {
   "t": 1005.42,
   "step": "coprocessor/status",
   "ms": 149,
   "state": "failed",
   "uart_mode": "console",
   "transport_ready": false,
   "firmware_version": null,
   "generation": 1172,
   "last_update": null
  },
  {
   "t": 1009.55,
   "step": "coprocessor/status",
   "ms": 871,
   "state": "failed",
   "uart_mode": "console",
   "transport_ready": false,
   "firmware_version": null,
   "generation": 1174,
   "last_update": null
  },
  {
   "t": 1013.29,
   "step": "coprocessor/status",
   "ms": 447,
   "state": "failed",
   "uart_mode": "console",
   "transport_ready": false,
   "firmware_version": null,
   "generation": 1175,
   "last_update": null
  },
  {
   "t": 1014.91,
   "step": "w5500 receive-state events",
   "new": 1,
   "total": 229,
   "last_uptime_ms": "944037"
  },
  {
   "t": 1017.07,
   "step": "coprocessor/status",
   "ms": 151,
   "state": "failed",
   "uart_mode": "console",
   "transport_ready": false,
   "firmware_version": null,
   "generation": 1176,
   "last_update": null
  },
  {
   "t": 1018.34,
   "step": "w5500 receive-state events",
   "new": 1,
   "total": 230,
   "last_uptime_ms": "944238"
  },
  {
   "t": 1024.82,
   "step": "coprocessor/status",
   "ms": 109,
   "state": "failed",
   "uart_mode": "console",
   "transport_ready": false,
   "firmware_version": null,
   "generation": 1178,
   "last_update": null
  },
  {
   "t": 1026.01,
   "step": "w5500 receive-state events",
   "new": 9,
   "total": 239,
   "last_uptime_ms": "970375"
  },
  {
   "t": 1038.98,
   "step": "coprocessor/status",
   "ms": 89,
   "state": "failed",
   "uart_mode": "console",
   "transport_ready": false,
   "firmware_version": null,
   "generation": 1179,
   "last_update": null
  },
  {
   "t": 1040.32,
   "step": "w5500 receive-state events",
   "new": 2,
   "total": 241,
   "last_uptime_ms": "978702"
  },
  {
   "t": 1045.93,
   "step": "coprocessor/status",
   "ms": 148,
   "state": "failed",
   "uart_mode": "console",
   "transport_ready": false,
   "firmware_version": null,
   "generation": 1181,
   "last_update": null
  },
  {
   "t": 1047.1,
   "step": "w5500 receive-state events",
   "new": 3,
   "total": 244,
   "last_uptime_ms": "984797"
  },
  {
   "t": 1049.21,
   "step": "coprocessor/status",
   "ms": 106,
   "state": "failed",
   "uart_mode": "console",
   "transport_ready": false,
   "firmware_version": null,
   "generation": 1182,
   "last_update": null
  },
  {
   "t": 1053.01,
   "step": "coprocessor/status",
   "ms": 445,
   "state": "failed",
   "uart_mode": "console",
   "transport_ready": false,
   "firmware_version": null,
   "generation": 1184,
   "last_update": null
  },
  {
   "t": 1056.97,
   "step": "coprocessor/status",
   "ms": 97,
   "state": "failed",
   "uart_mode": "console",
   "transport_ready": false,
   "firmware_version": null,
   "generation": 1185,
   "last_update": null
  },
  {
   "t": 1058.19,
   "step": "w5500 receive-state events",
   "new": 1,
   "total": 245,
   "last_uptime_ms": "996144"
  },
  {
   "t": 1060.3,
   "step": "coprocessor/status",
   "ms": 106,
   "state": "failed",
   "uart_mode": "console",
   "transport_ready": false,
   "firmware_version": null,
   "generation": 1186,
   "last_update": null
  },
  {
   "t": 1061.73,
   "step": "w5500 receive-state events",
   "new": 3,
   "total": 248,
   "last_uptime_ms": "999271"
  },
  {
   "t": 1063.84,
   "step": "coprocessor/status",
   "ms": 100,
   "state": "failed",
   "uart_mode": "console",
   "transport_ready": false,
   "firmware_version": null,
   "generation": 1188,
   "last_update": null
  },
  {
   "t": 1065.12,
   "step": "w5500 receive-state events",
   "new": 1,
   "total": 249,
   "last_uptime_ms": "1010605"
  },
  {
   "t": 1068.28,
   "step": "coprocessor/status",
   "ms": 1161,
   "state": "failed",
   "uart_mode": "console",
   "transport_ready": false,
   "firmware_version": null,
   "generation": 1189,
   "last_update": null
  },
  {
   "t": 1069.46,
   "step": "w5500 receive-state events",
   "new": 2,
   "total": 251,
   "last_uptime_ms": "1011007"
  },
  {
   "t": 1075.49,
   "step": "coprocessor/status",
   "ms": 566,
   "state": "failed",
   "uart_mode": "console",
   "transport_ready": false,
   "firmware_version": null,
   "generation": 1190,
   "last_update": null
  },
  {
   "t": 1077.1,
   "step": "w5500 receive-state events",
   "new": 3,
   "total": 254,
   "last_uptime_ms": "1013748"
  },
  {
   "t": 1079.2,
   "step": "coprocessor/status",
   "ms": 91,
   "state": "failed",
   "uart_mode": "console",
   "transport_ready": false,
   "firmware_version": null,
   "generation": 1191,
   "last_update": null
  },
  {
   "t": 1082.68,
   "step": "coprocessor/status",
   "ms": 160,
   "state": "failed",
   "uart_mode": "console",
   "transport_ready": false,
   "firmware_version": null,
   "generation": 1193,
   "last_update": null
  },
  {
   "t": 1086.0,
   "step": "coprocessor/status",
   "ms": 114,
   "state": "failed",
   "uart_mode": "console",
   "transport_ready": false,
   "firmware_version": null,
   "generation": 1195,
   "last_update": null
  },
  {
   "t": 1087.33,
   "step": "w5500 receive-state events",
   "new": 1,
   "total": 255,
   "last_uptime_ms": "1013949"
  },
  {
   "t": 1089.49,
   "step": "coprocessor/status",
   "ms": 153,
   "state": "failed",
   "uart_mode": "console",
   "transport_ready": false,
   "firmware_version": null,
   "generation": 1197,
   "last_update": null
  },
  {
   "t": 1090.76,
   "step": "w5500 receive-state events",
   "new": 1,
   "total": 256,
   "last_uptime_ms": "1022134"
  },
  {
   "t": 1097.32,
   "step": "coprocessor/status",
   "ms": 1105,
   "state": "failed",
   "uart_mode": "console",
   "transport_ready": false,
   "firmware_version": null,
   "generation": 1199,
   "last_update": null
  },
  {
   "t": 1100.68,
   "step": "coprocessor/status",
   "ms": 173,
   "state": "failed",
   "uart_mode": "console",
   "transport_ready": false,
   "firmware_version": null,
   "generation": 1201,
   "last_update": null
  },
  {
   "t": 1101.94,
   "step": "w5500 receive-state events",
   "new": 4,
   "total": 260,
   "last_uptime_ms": "1025560"
  },
  {
   "t": 1111.54,
   "step": "coprocessor/status",
   "ms": 171,
   "state": "failed",
   "uart_mode": "console",
   "transport_ready": false,
   "firmware_version": null,
   "generation": 1203,
   "last_update": null
  },
  {
   "t": 1112.9,
   "step": "w5500 receive-state events",
   "new": 2,
   "total": 262,
   "last_uptime_ms": "1039982"
  },
  {
   "t": 1121.64,
   "step": "coprocessor/status",
   "ms": 96,
   "state": "failed",
   "uart_mode": "console",
   "transport_ready": false,
   "firmware_version": null,
   "generation": 1205,
   "last_update": null
  },
  {
   "t": 1123.0,
   "step": "w5500 receive-state events",
   "new": 2,
   "total": 264,
   "last_uptime_ms": "1042857"
  },
  {
   "t": 1126.1,
   "step": "coprocessor/status",
   "ms": 1091,
   "state": "failed",
   "uart_mode": "console",
   "transport_ready": false,
   "firmware_version": null,
   "generation": 1209,
   "last_update": null
  },
  {
   "t": 1127.13,
   "step": "w5500 receive-state events",
   "new": 4,
   "total": 268,
   "last_uptime_ms": "1056959"
  },
  {
   "t": 1129.29,
   "step": "coprocessor/status",
   "ms": 154,
   "state": "failed",
   "uart_mode": "console",
   "transport_ready": false,
   "firmware_version": null,
   "generation": 1210,
   "last_update": null
  },
  {
   "t": 1132.74,
   "step": "coprocessor/status",
   "ms": 164,
   "state": "failed",
   "uart_mode": "console",
   "transport_ready": false,
   "firmware_version": null,
   "generation": 1212,
   "last_update": null
  },
  {
   "t": 1136.21,
   "step": "coprocessor/status",
   "ms": 102,
   "state": "failed",
   "uart_mode": "console",
   "transport_ready": false,
   "firmware_version": null,
   "generation": 1213,
   "last_update": null
  },
  {
   "t": 1139.62,
   "step": "coprocessor/status",
   "ms": 153,
   "state": "failed",
   "uart_mode": "console",
   "transport_ready": false,
   "firmware_version": null,
   "generation": 1215,
   "last_update": null
  },
  {
   "t": 1143.03,
   "step": "coprocessor/status",
   "ms": 112,
   "state": "failed",
   "uart_mode": "console",
   "transport_ready": false,
   "firmware_version": null,
   "generation": 1216,
   "last_update": null
  },
  {
   "t": 1146.55,
   "step": "coprocessor/status",
   "ms": 170,
   "state": "failed",
   "uart_mode": "console",
   "transport_ready": false,
   "firmware_version": null,
   "generation": 1217,
   "last_update": null
  },
  {
   "t": 1149.94,
   "step": "coprocessor/status",
   "ms": 149,
   "state": "failed",
   "uart_mode": "console",
   "transport_ready": false,
   "firmware_version": null,
   "generation": 1218,
   "last_update": null
  },
  {
   "t": 1151.17,
   "step": "w5500 receive-state events",
   "new": 1,
   "total": 269,
   "last_uptime_ms": "1057160"
  },
  {
   "t": 1157.27,
   "step": "coprocessor/status",
   "ms": 564,
   "state": "failed",
   "uart_mode": "console",
   "transport_ready": false,
   "firmware_version": null,
   "generation": 1219,
   "last_update": null
  },
  {
   "t": 1164.12,
   "step": "coprocessor/status",
   "ms": 101,
   "state": "failed",
   "uart_mode": "console",
   "transport_ready": false,
   "firmware_version": null,
   "generation": 1220,
   "last_update": null
  },
  {
   "t": 1165.59,
   "step": "w5500 receive-state events",
   "new": 1,
   "total": 270,
   "last_uptime_ms": "1057361"
  },
  {
   "t": 1167.71,
   "step": "coprocessor/status",
   "ms": 112,
   "state": "failed",
   "uart_mode": "console",
   "transport_ready": false,
   "firmware_version": null,
   "generation": 1222,
   "last_update": null
  },
  {
   "t": 1168.88,
   "step": "w5500 receive-state events",
   "new": 2,
   "total": 272,
   "last_uptime_ms": "1071793"
  },
  {
   "t": 1170.98,
   "step": "coprocessor/status",
   "ms": 95,
   "state": "failed",
   "uart_mode": "console",
   "transport_ready": false,
   "firmware_version": null,
   "generation": 1223,
   "last_update": null
  },
  {
   "t": 1182.35,
   "step": "coprocessor/status",
   "ms": 106,
   "state": "failed",
   "uart_mode": "console",
   "transport_ready": false,
   "firmware_version": null,
   "generation": 1224,
   "last_update": null
  },
  {
   "t": 1183.71,
   "step": "w5500 receive-state events",
   "new": 3,
   "total": 275,
   "last_uptime_ms": "1083237"
  },
  {
   "t": 1186.51,
   "step": "coprocessor/status",
   "ms": 788,
   "state": "failed",
   "uart_mode": "console",
   "transport_ready": false,
   "firmware_version": null,
   "generation": 1226,
   "last_update": null
  },
  {
   "t": 1187.88,
   "step": "w5500 receive-state events",
   "new": 1,
   "total": 276,
   "last_uptime_ms": "1083438"
  },
  {
   "t": 1190.05,
   "step": "coprocessor/status",
   "ms": 169,
   "state": "failed",
   "uart_mode": "console",
   "transport_ready": false,
   "firmware_version": null,
   "generation": 1227,
   "last_update": null
  },
  {
   "t": 1193.32,
   "step": "coprocessor/status",
   "ms": 91,
   "state": "failed",
   "uart_mode": "console",
   "transport_ready": false,
   "firmware_version": null,
   "generation": 1228,
   "last_update": null
  },
  {
   "t": 1194.65,
   "step": "w5500 receive-state events",
   "new": 1,
   "total": 277,
   "last_uptime_ms": "1085917"
  },
  {
   "t": 1200.36,
   "step": "coprocessor/status",
   "ms": 161,
   "state": "failed",
   "uart_mode": "console",
   "transport_ready": false,
   "firmware_version": null,
   "generation": 1229,
   "last_update": null
  },
  {
   "t": 1201.61,
   "step": "w5500 receive-state events",
   "new": 1,
   "total": 278,
   "last_uptime_ms": "1086118"
  },
  {
   "t": 1204.8,
   "step": "coprocessor/status",
   "ms": 1186,
   "state": "failed",
   "uart_mode": "console",
   "transport_ready": false,
   "firmware_version": null,
   "generation": 1232,
   "last_update": null
  },
  {
   "t": 1205.97,
   "step": "w5500 receive-state events",
   "new": 4,
   "total": 282,
   "last_uptime_ms": "1094826"
  },
  {
   "t": 1208.08,
   "step": "coprocessor/status",
   "ms": 102,
   "state": "failed",
   "uart_mode": "console",
   "transport_ready": false,
   "firmware_version": null,
   "generation": 1233,
   "last_update": null
  },
  {
   "t": 1209.52,
   "step": "w5500 receive-state events",
   "new": 4,
   "total": 286,
   "last_uptime_ms": "1097805"
  },
  {
   "t": 1215.11,
   "step": "coprocessor/status",
   "ms": 101,
   "state": "failed",
   "uart_mode": "console",
   "transport_ready": false,
   "firmware_version": null,
   "generation": 1234,
   "last_update": null
  },
  {
   "t": 1216.46,
   "step": "w5500 receive-state events",
   "new": 1,
   "total": 287,
   "last_uptime_ms": "1098007"
  },
  {
   "t": 1218.69,
   "step": "coprocessor/status",
   "ms": 222,
   "state": "failed",
   "uart_mode": "console",
   "transport_ready": false,
   "firmware_version": null,
   "generation": 1235,
   "last_update": null
  },
  {
   "t": 1225.6,
   "step": "coprocessor/status",
   "ms": 174,
   "state": "failed",
   "uart_mode": "console",
   "transport_ready": false,
   "firmware_version": null,
   "generation": 1237,
   "last_update": null
  },
  {
   "t": 1226.91,
   "step": "w5500 receive-state events",
   "new": 3,
   "total": 290,
   "last_uptime_ms": "1126662"
  },
  {
   "t": 1229.03,
   "step": "coprocessor/status",
   "ms": 116,
   "state": "failed",
   "uart_mode": "console",
   "transport_ready": false,
   "firmware_version": null,
   "generation": 1238,
   "last_update": null
  },
  {
   "t": 1230.2,
   "step": "w5500 receive-state events",
   "new": 1,
   "total": 291,
   "last_uptime_ms": "1126863"
  },
  {
   "t": 1233.07,
   "step": "coprocessor/status",
   "ms": 860,
   "state": "failed",
   "uart_mode": "console",
   "transport_ready": false,
   "firmware_version": null,
   "generation": 1240,
   "last_update": null
  },
  {
   "t": 1248.32,
   "step": "coprocessor/status",
   "ms": 106,
   "state": "failed",
   "uart_mode": "console",
   "transport_ready": false,
   "firmware_version": null,
   "generation": 1241,
   "last_update": null
  },
  {
   "t": 1249.68,
   "step": "w5500 receive-state events",
   "new": 1,
   "total": 292,
   "last_uptime_ms": "1127064"
  },
  {
   "t": 1251.94,
   "step": "coprocessor/status",
   "ms": 256,
   "state": "failed",
   "uart_mode": "console",
   "transport_ready": false,
   "firmware_version": null,
   "generation": 1243,
   "last_update": null
  },
  {
   "t": 1253.13,
   "step": "w5500 receive-state events",
   "new": 5,
   "total": 297,
   "last_uptime_ms": "1141612"
  },
  {
   "t": 1256.57,
   "step": "w5500 receive-state events",
   "new": 3,
   "total": 300,
   "last_uptime_ms": "1156031"
  },
  {
   "t": 1258.73,
   "step": "coprocessor/status",
   "ms": 153,
   "state": "failed",
   "uart_mode": "console",
   "transport_ready": false,
   "firmware_version": null,
   "generation": 1244,
   "last_update": null
  },
  {
   "t": 1259.97,
   "step": "w5500 receive-state events",
   "new": 3,
   "total": 303,
   "last_uptime_ms": "1170666"
  },
  {
   "t": 1265.6,
   "step": "coprocessor/status",
   "ms": 261,
   "state": "failed",
   "uart_mode": "console",
   "transport_ready": false,
   "firmware_version": null,
   "generation": 1245,
   "last_update": null
  },
  {
   "t": 1268.89,
   "step": "coprocessor/status",
   "ms": 102,
   "state": "failed",
   "uart_mode": "console",
   "transport_ready": false,
   "firmware_version": null,
   "generation": 1246,
   "last_update": null
  },
  {
   "t": 1270.22,
   "step": "w5500 receive-state events",
   "new": 1,
   "total": 304,
   "last_uptime_ms": "1173225"
  },
  {
   "t": 1272.4,
   "step": "coprocessor/status",
   "ms": 171,
   "state": "failed",
   "uart_mode": "console",
   "transport_ready": false,
   "firmware_version": null,
   "generation": 1248,
   "last_update": null
  },
  {
   "t": 1273.64,
   "step": "w5500 receive-state events",
   "new": 7,
   "total": 311,
   "last_uptime_ms": "1199296"
  },
  {
   "t": 1280.21,
   "step": "coprocessor/status",
   "ms": 1106,
   "state": "failed",
   "uart_mode": "console",
   "transport_ready": false,
   "firmware_version": null,
   "generation": 1250,
   "last_update": null
  },
  {
   "t": 1284.28,
   "step": "coprocessor/status",
   "ms": 714,
   "state": "failed",
   "uart_mode": "console",
   "transport_ready": false,
   "firmware_version": null,
   "generation": 1251,
   "last_update": null
  },
  {
   "t": 1285.53,
   "step": "w5500 receive-state events",
   "new": 3,
   "total": 314,
   "last_uptime_ms": "1222770"
  },
  {
   "t": 1291.28,
   "step": "coprocessor/status",
   "ms": 281,
   "state": "failed",
   "uart_mode": "console",
   "transport_ready": false,
   "firmware_version": null,
   "generation": 1252,
   "last_update": null
  },
  {
   "t": 1294.74,
   "step": "coprocessor/status",
   "ms": 159,
   "state": "failed",
   "uart_mode": "console",
   "transport_ready": false,
   "firmware_version": null,
   "generation": 1253,
   "last_update": null
  },
  {
   "t": 1296.01,
   "step": "w5500 receive-state events",
   "new": 1,
   "total": 315,
   "last_uptime_ms": "1234051"
  },
  {
   "t": 1298.19,
   "step": "coprocessor/status",
   "ms": 165,
   "state": "failed",
   "uart_mode": "console",
   "transport_ready": false,
   "firmware_version": null,
   "generation": 1255,
   "last_update": null
  },
  {
   "t": 1306.01,
   "step": "coprocessor/status",
   "ms": 1112,
   "state": "failed",
   "uart_mode": "console",
   "transport_ready": false,
   "firmware_version": null,
   "generation": 1257,
   "last_update": null
  },
  {
   "t": 1316.5,
   "step": "coprocessor/status",
   "ms": 661,
   "state": "failed",
   "uart_mode": "console",
   "transport_ready": false,
   "firmware_version": null,
   "generation": 1259,
   "last_update": null
  },
  {
   "t": 1317.75,
   "step": "w5500 receive-state events",
   "new": 11,
   "total": 326,
   "last_uptime_ms": "1263574"
  },
  {
   "t": 1320.93,
   "step": "coprocessor/status",
   "ms": 1169,
   "state": "failed",
   "uart_mode": "console",
   "transport_ready": false,
   "firmware_version": null,
   "generation": 1260,
   "last_update": null
  },
  {
   "t": 1322.15,
   "step": "w5500 receive-state events",
   "new": 1,
   "total": 327,
   "last_uptime_ms": "1266138"
  },
  {
   "t": 1324.27,
   "step": "coprocessor/status",
   "ms": 104,
   "state": "failed",
   "uart_mode": "console",
   "transport_ready": false,
   "firmware_version": null,
   "generation": 1261,
   "last_update": null
  },
  {
   "t": 1325.63,
   "step": "w5500 receive-state events",
   "new": 1,
   "total": 328,
   "last_uptime_ms": "1266339"
  },
  {
   "t": 1328.32,
   "step": "coprocessor/status",
   "ms": 678,
   "state": "failed",
   "uart_mode": "console",
   "transport_ready": false,
   "firmware_version": null,
   "generation": 1262,
   "last_update": null
  },
  {
   "t": 1329.58,
   "step": "w5500 receive-state events",
   "new": 1,
   "total": 329,
   "last_uptime_ms": "1277491"
  },
  {
   "t": 1335.04,
   "step": "coprocessor/status",
   "ms": 100,
   "state": "failed",
   "uart_mode": "console",
   "transport_ready": false,
   "firmware_version": null,
   "generation": 1264,
   "last_update": null
  },
  {
   "t": 1336.4,
   "step": "w5500 receive-state events",
   "new": 2,
   "total": 331,
   "last_uptime_ms": "1277893"
  },
  {
   "t": 1338.94,
   "step": "coprocessor/status",
   "ms": 531,
   "state": "failed",
   "uart_mode": "console",
   "transport_ready": false,
   "firmware_version": null,
   "generation": 1266,
   "last_update": null
  },
  {
   "t": 1340.28,
   "step": "w5500 receive-state events",
   "new": 6,
   "total": 337,
   "last_uptime_ms": "1306592"
  },
  {
   "t": 1346.32,
   "step": "coprocessor/status",
   "ms": 495,
   "state": "failed",
   "uart_mode": "console",
   "transport_ready": false,
   "firmware_version": null,
   "generation": 1268,
   "last_update": null
  },
  {
   "t": 1349.71,
   "step": "coprocessor/status",
   "ms": 99,
   "state": "failed",
   "uart_mode": "console",
   "transport_ready": false,
   "firmware_version": null,
   "generation": 1270,
   "last_update": null
  },
  {
   "t": 1351.4,
   "step": "w5500 receive-state events",
   "new": 3,
   "total": 340,
   "last_uptime_ms": "1312630"
  },
  {
   "t": 1357.1,
   "step": "coprocessor/status",
   "ms": 94,
   "state": "failed",
   "uart_mode": "console",
   "transport_ready": false,
   "firmware_version": null,
   "generation": 1271,
   "last_update": null
  },
  {
   "t": 1358.46,
   "step": "w5500 receive-state events",
   "new": 2,
   "total": 342,
   "last_uptime_ms": "1318167"
  },
  {
   "t": 1360.65,
   "step": "coprocessor/status",
   "ms": 185,
   "state": "failed",
   "uart_mode": "console",
   "transport_ready": false,
   "firmware_version": null,
   "generation": 1272,
   "last_update": null
  },
  {
   "t": 1367.58,
   "step": "coprocessor/status",
   "ms": 100,
   "state": "failed",
   "uart_mode": "console",
   "transport_ready": false,
   "firmware_version": null,
   "generation": 1274,
   "last_update": null
  },
  {
   "t": 1368.92,
   "step": "w5500 receive-state events",
   "new": 3,
   "total": 345,
   "last_uptime_ms": "1318770"
  },
  {
   "t": 1375.22,
   "step": "coprocessor/status",
   "ms": 833,
   "state": "failed",
   "uart_mode": "console",
   "transport_ready": false,
   "firmware_version": null,
   "generation": 1275,
   "last_update": null
  },
  {
   "t": 1376.46,
   "step": "w5500 receive-state events",
   "new": 3,
   "total": 348,
   "last_uptime_ms": "1321521"
  },
  {
   "t": 1382.01,
   "step": "coprocessor/status",
   "ms": 100,
   "state": "failed",
   "uart_mode": "console",
   "transport_ready": false,
   "firmware_version": null,
   "generation": 1277,
   "last_update": null
  },
  {
   "t": 1383.32,
   "step": "w5500 receive-state events",
   "new": 3,
   "total": 351,
   "last_uptime_ms": "1336019"
  },
  {
   "t": 1385.93,
   "step": "coprocessor/status",
   "ms": 600,
   "state": "failed",
   "uart_mode": "console",
   "transport_ready": false,
   "firmware_version": null,
   "generation": 1278,
   "last_update": null
  },
  {
   "t": 1387.33,
   "step": "w5500 receive-state events",
   "new": 1,
   "total": 352,
   "last_uptime_ms": "1336220"
  },
  {
   "t": 1392.96,
   "step": "coprocessor/status",
   "ms": 164,
   "state": "failed",
   "uart_mode": "console",
   "transport_ready": false,
   "firmware_version": null,
   "generation": 1279,
   "last_update": null
  },
  {
   "t": 1394.2,
   "step": "w5500 receive-state events",
   "new": 2,
   "total": 354,
   "last_uptime_ms": "1339057"
  },
  {
   "t": 1396.33,
   "step": "coprocessor/status",
   "ms": 112,
   "state": "failed",
   "uart_mode": "console",
   "transport_ready": false,
   "firmware_version": null,
   "generation": 1280,
   "last_update": null
  },
  {
   "t": 1397.57,
   "step": "w5500 receive-state events",
   "new": 1,
   "total": 355,
   "last_uptime_ms": "1341706"
  },
  {
   "t": 1403.16,
   "step": "coprocessor/status",
   "ms": 106,
   "state": "failed",
   "uart_mode": "console",
   "transport_ready": false,
   "firmware_version": null,
   "generation": 1281,
   "last_update": null
  },
  {
   "t": 1404.52,
   "step": "w5500 receive-state events",
   "new": 2,
   "total": 357,
   "last_uptime_ms": "1353235"
  },
  {
   "t": 1407.22,
   "step": "coprocessor/status",
   "ms": 703,
   "state": "failed",
   "uart_mode": "console",
   "transport_ready": false,
   "firmware_version": null,
   "generation": 1283,
   "last_update": null
  },
  {
   "t": 1413.94,
   "step": "coprocessor/status",
   "ms": 101,
   "state": "failed",
   "uart_mode": "console",
   "transport_ready": false,
   "firmware_version": null,
   "generation": 1284,
   "last_update": null
  },
  {
   "t": 1415.19,
   "step": "w5500 receive-state events",
   "new": 3,
   "total": 360,
   "last_uptime_ms": "1365101"
  },
  {
   "t": 1424.82,
   "step": "coprocessor/status",
   "ms": 726,
   "state": "failed",
   "uart_mode": "console",
   "transport_ready": false,
   "firmware_version": null,
   "generation": 1286,
   "last_update": null
  },
  {
   "t": 1426.06,
   "step": "w5500 receive-state events",
   "new": 7,
   "total": 367,
   "last_uptime_ms": "1382498"
  },
  {
   "t": 1431.63,
   "step": "coprocessor/status",
   "ms": 101,
   "state": "failed",
   "uart_mode": "console",
   "transport_ready": false,
   "firmware_version": null,
   "generation": 1287,
   "last_update": null
  },
  {
   "t": 1432.97,
   "step": "w5500 receive-state events",
   "new": 2,
   "total": 369,
   "last_uptime_ms": "1385212"
  },
  {
   "t": 1435.14,
   "step": "coprocessor/status",
   "ms": 170,
   "state": "failed",
   "uart_mode": "console",
   "transport_ready": false,
   "firmware_version": null,
   "generation": 1289,
   "last_update": null
  },
  {
   "t": 1436.51,
   "step": "w5500 receive-state events",
   "new": 5,
   "total": 374,
   "last_uptime_ms": "1394269"
  },
  {
   "t": 1442.96,
   "step": "coprocessor/status",
   "ms": 104,
   "state": "failed",
   "uart_mode": "console",
   "transport_ready": false,
   "firmware_version": null,
   "generation": 1291,
   "last_update": null
  },
  {
   "t": 1444.31,
   "step": "w5500 receive-state events",
   "new": 2,
   "total": 376,
   "last_uptime_ms": "1405896"
  },
  {
   "t": 1446.49,
   "step": "coprocessor/status",
   "ms": 170,
   "state": "failed",
   "uart_mode": "console",
   "transport_ready": false,
   "firmware_version": null,
   "generation": 1292,
   "last_update": null
  },
  {
   "t": 1447.89,
   "step": "w5500 receive-state events",
   "new": 2,
   "total": 378,
   "last_uptime_ms": "1408640"
  },
  {
   "t": 1457.0,
   "step": "coprocessor/status",
   "ms": 247,
   "state": "failed",
   "uart_mode": "console",
   "transport_ready": false,
   "firmware_version": null,
   "generation": 1293,
   "last_update": null
  },
  {
   "t": 1460.4,
   "step": "coprocessor/status",
   "ms": 154,
   "state": "failed",
   "uart_mode": "console",
   "transport_ready": false,
   "firmware_version": null,
   "generation": 1294,
   "last_update": null
  },
  {
   "t": 1463.77,
   "step": "coprocessor/status",
   "ms": 98,
   "state": "failed",
   "uart_mode": "console",
   "transport_ready": false,
   "firmware_version": null,
   "generation": 1295,
   "last_update": null
  },
  {
   "t": 1471.7,
   "step": "coprocessor/status",
   "ms": 1102,
   "state": "failed",
   "uart_mode": "console",
   "transport_ready": false,
   "firmware_version": null,
   "generation": 1296,
   "last_update": null
  },
  {
   "t": 1473.04,
   "step": "w5500 receive-state events",
   "new": 2,
   "total": 380,
   "last_uptime_ms": "1411320"
  },
  {
   "t": 1478.7,
   "step": "coprocessor/status",
   "ms": 169,
   "state": "failed",
   "uart_mode": "console",
   "transport_ready": false,
   "firmware_version": null,
   "generation": 1298,
   "last_update": null
  },
  {
   "t": 1480.0,
   "step": "w5500 receive-state events",
   "new": 3,
   "total": 383,
   "last_uptime_ms": "1419919"
  },
  {
   "t": 1482.12,
   "step": "coprocessor/status",
   "ms": 115,
   "state": "failed",
   "uart_mode": "console",
   "transport_ready": false,
   "firmware_version": null,
   "generation": 1299,
   "last_update": null
  },
  {
   "t": 1483.36,
   "step": "w5500 receive-state events",
   "new": 4,
   "total": 387,
   "last_uptime_ms": "1423327"
  },
  {
   "t": 1486.52,
   "step": "coprocessor/status",
   "ms": 1161,
   "state": "failed",
   "uart_mode": "console",
   "transport_ready": false,
   "firmware_version": null,
   "generation": 1300,
   "last_update": null
  },
  {
   "t": 1487.75,
   "step": "w5500 receive-state events",
   "new": 1,
   "total": 388,
   "last_uptime_ms": "1437495"
  },
  {
   "t": 1500.5,
   "step": "coprocessor/status",
   "ms": 535,
   "state": "failed",
   "uart_mode": "console",
   "transport_ready": false,
   "firmware_version": null,
   "generation": 1301,
   "last_update": null
  },
  {
   "t": 1501.67,
   "step": "w5500 receive-state events",
   "new": 3,
   "total": 391,
   "last_uptime_ms": "1440394"
  },
  {
   "t": 1504.24,
   "step": "coprocessor/status",
   "ms": 564,
   "state": "failed",
   "uart_mode": "console",
   "transport_ready": false,
   "firmware_version": null,
   "generation": 1303,
   "last_update": null
  },
  {
   "t": 1505.6,
   "step": "w5500 receive-state events",
   "new": 6,
   "total": 397,
   "last_uptime_ms": "1454845"
  },
  {
   "t": 1511.15,
   "step": "coprocessor/status",
   "ms": 90,
   "state": "failed",
   "uart_mode": "console",
   "transport_ready": false,
   "firmware_version": null,
   "generation": 1305,
   "last_update": null
  },
  {
   "t": 1518.63,
   "step": "coprocessor/status",
   "ms": 407,
   "state": "failed",
   "uart_mode": "console",
   "transport_ready": false,
   "firmware_version": null,
   "generation": 1306,
   "last_update": null
  },
  {
   "t": 1519.96,
   "step": "w5500 receive-state events",
   "new": 3,
   "total": 400,
   "last_uptime_ms": "1466868"
  },
  {
   "t": 1525.6,
   "step": "coprocessor/status",
   "ms": 168,
   "state": "failed",
   "uart_mode": "console",
   "transport_ready": false,
   "firmware_version": null,
   "generation": 1307,
   "last_update": null
  },
  {
   "t": 1526.88,
   "step": "w5500 receive-state events",
   "new": 2,
   "total": 402,
   "last_uptime_ms": "1472694"
  },
  {
   "t": 1529.98,
   "step": "coprocessor/status",
   "ms": 1098,
   "state": "failed",
   "uart_mode": "console",
   "transport_ready": false,
   "firmware_version": null,
   "generation": 1308,
   "last_update": null
  },
  {
   "t": 1533.52,
   "step": "coprocessor/status",
   "ms": 87,
   "state": "failed",
   "uart_mode": "console",
   "transport_ready": false,
   "firmware_version": null,
   "generation": 1309,
   "last_update": null
  },
  {
   "t": 1534.83,
   "step": "w5500 receive-state events",
   "new": 3,
   "total": 405,
   "last_uptime_ms": "1484381"
  },
  {
   "t": 1540.52,
   "step": "coprocessor/status",
   "ms": 233,
   "state": "failed",
   "uart_mode": "console",
   "transport_ready": false,
   "firmware_version": null,
   "generation": 1311,
   "last_update": null
  },
  {
   "t": 1541.75,
   "step": "w5500 receive-state events",
   "new": 2,
   "total": 407,
   "last_uptime_ms": "1486954"
  },
  {
   "t": 1547.38,
   "step": "coprocessor/status",
   "ms": 100,
   "state": "failed",
   "uart_mode": "console",
   "transport_ready": false,
   "firmware_version": null,
   "generation": 1313,
   "last_update": null
  },
  {
   "t": 1548.65,
   "step": "w5500 receive-state events",
   "new": 2,
   "total": 409,
   "last_uptime_ms": "1487357"
  },
  {
   "t": 1554.05,
   "step": "coprocessor/status",
   "ms": 102,
   "state": "failed",
   "uart_mode": "console",
   "transport_ready": false,
   "firmware_version": null,
   "generation": 1314,
   "last_update": null
  },
  {
   "t": 1555.43,
   "step": "w5500 receive-state events",
   "new": 8,
   "total": 417,
   "last_uptime_ms": "1501753"
  },
  {
   "t": 1561.05,
   "step": "coprocessor/status",
   "ms": 159,
   "state": "failed",
   "uart_mode": "console",
   "transport_ready": false,
   "firmware_version": null,
   "generation": 1316,
   "last_update": null
  },
  {
   "t": 1568.11,
   "step": "coprocessor/status",
   "ms": 307,
   "state": "failed",
   "uart_mode": "console",
   "transport_ready": false,
   "firmware_version": null,
   "generation": 1317,
   "last_update": null
  },
  {
   "t": 1574.81,
   "step": "coprocessor/status",
   "ms": 177,
   "state": "failed",
   "uart_mode": "console",
   "transport_ready": false,
   "firmware_version": null,
   "generation": 1318,
   "last_update": null
  },
  {
   "t": 1576.09,
   "step": "w5500 receive-state events",
   "new": 2,
   "total": 419,
   "last_uptime_ms": "1504632"
  },
  {
   "t": 1579.22,
   "step": "coprocessor/status",
   "ms": 1127,
   "state": "failed",
   "uart_mode": "console",
   "transport_ready": false,
   "firmware_version": null,
   "generation": 1320,
   "last_update": null
  },
  {
   "t": 1586.03,
   "step": "coprocessor/status",
   "ms": 174,
   "state": "failed",
   "uart_mode": "console",
   "transport_ready": false,
   "firmware_version": null,
   "generation": 1322,
   "last_update": null
  },
  {
   "t": 1587.32,
   "step": "w5500 receive-state events",
   "new": 4,
   "total": 423,
   "last_uptime_ms": "1513519"
  },
  {
   "t": 1589.44,
   "step": "coprocessor/status",
   "ms": 115,
   "state": "failed",
   "uart_mode": "console",
   "transport_ready": false,
   "firmware_version": null,
   "generation": 1324,
   "last_update": null
  },
  {
   "t": 1597.28,
   "step": "coprocessor/status",
   "ms": 1104,
   "state": "failed",
   "uart_mode": "console",
   "transport_ready": false,
   "firmware_version": null,
   "generation": 1327,
   "last_update": null
  },
  {
   "t": 1600.55,
   "step": "coprocessor/status",
   "ms": 102,
   "state": "failed",
   "uart_mode": "console",
   "transport_ready": false,
   "firmware_version": null,
   "generation": 1328,
   "last_update": null
  },
  {
   "t": 1601.81,
   "step": "w5500 receive-state events",
   "new": 2,
   "total": 425,
   "last_uptime_ms": "1536769"
  },
  {
   "t": 1608.03,
   "step": "coprocessor/status",
   "ms": 749,
   "state": "failed",
   "uart_mode": "console",
   "transport_ready": false,
   "firmware_version": null,
   "generation": 1330,
   "last_update": null
  },
  {
   "t": 1615.08,
   "step": "coprocessor/status",
   "ms": 283,
   "state": "failed",
   "uart_mode": "console",
   "transport_ready": false,
   "firmware_version": null,
   "generation": 1331,
   "last_update": null
  },
  {
   "t": 1616.27,
   "step": "w5500 receive-state events",
   "new": 1,
   "total": 426,
   "last_uptime_ms": "1544910"
  },
  {
   "t": 1622.84,
   "step": "coprocessor/status",
   "ms": 1101,
   "state": "failed",
   "uart_mode": "console",
   "transport_ready": false,
   "firmware_version": null,
   "generation": 1333,
   "last_update": null
  },
  {
   "t": 1624.26,
   "step": "w5500 receive-state events",
   "new": 5,
   "total": 431,
   "last_uptime_ms": "1548149"
  },
  {
   "t": 1626.44,
   "step": "coprocessor/status",
   "ms": 170,
   "state": "failed",
   "uart_mode": "console",
   "transport_ready": false,
   "firmware_version": null,
   "generation": 1335,
   "last_update": null
  },
  {
   "t": 1627.72,
   "step": "w5500 receive-state events",
   "new": 5,
   "total": 436,
   "last_uptime_ms": "1560052"
  },
  {
   "t": 1633.42,
   "step": "coprocessor/status",
   "ms": 247,
   "state": "failed",
   "uart_mode": "console",
   "transport_ready": false,
   "firmware_version": null,
   "generation": 1337,
   "last_update": null
  },
  {
   "t": 1634.73,
   "step": "w5500 receive-state events",
   "new": 3,
   "total": 439,
   "last_uptime_ms": "1562868"
  }
 ],
 "image_sha256": "307671438124ad29f4500fe2680a35dc192b86e42bc53bf9eb4cff82b53201f6"
}
## watch.console.log
[+    0.42] ==== host: http up
[+    2.44] ==== host: login
[+    2.54] ==== host: coprocessor/status
[+    3.04] ==== host: w5500 receive-state events
[+    5.13] ==== host: coprocessor/status
[+    7.72] ==== host: coprocessor/status
[+   10.30] ==== host: coprocessor/status
[+   13.89] ==== host: coprocessor/status
[+   14.52] [8D[J[00:01:27.067,000] <err> eth_w5500: W5500 receive state inconsistent (header 65535, 65535 buffered): socket reopened
[+   14.52] uart:~$ [8D[Juart:~$ [8D[J[00:01:27.269,000] <err> eth_w5500: W5500 receive state inconsistent (header 65535, 65535 buffered): socket reopened
[+   16.48] ==== host: coprocessor/status
[+   16.99] ==== host: w5500 receive-state events
[+   19.08] ==== host: coprocessor/status
[+   21.83] ==== host: coprocessor/status
[+   22.72] uart:~$ [8D[Juart:~$ [8D[J[00:01:35.864,000] <err> eth_w5500: W5500 receive state inconsistent (header 65535, 65535 buffered): socket reopened
[+   25.46] ==== host: coprocessor/status
[+   25.98] ==== host: w5500 receive-state events
[+   26.13] uart:~$ [8D[Juart:~$ [8D[J[00:01:38.639,000] <err> eth_w5500: W5500 receive state inconsistent (header 65535, 65535 buffered): socket reopened
[+   26.13] uart:~$ [8D[Juart:~$ [8D[J[00:01:38.840,000] <err> eth_w5500: W5500 receive state inconsistent (header 65535, 65535 buffered): socket reopened
[+   28.08] ==== host: coprocessor/status
[+   28.62] ==== host: w5500 receive-state events
[+   30.71] ==== host: coprocessor/status
[+   33.45] ==== host: coprocessor/status
[+   34.31] uart:~$ [8D[Juart:~$ [8D[J[00:01:47.509,000] <err> eth_w5500: W5500 receive state inconsistent (header 65535, 65535 buffered): socket reopened
[+   37.11] ==== host: coprocessor/status
[+   37.65] ==== host: w5500 receive-state events
[+   37.81] uart:~$ [8D[Juart:~$ [8D[J[00:01:50.277,000] <err> eth_w5500: W5500 receive state inconsistent (header 65535, 65535 buffered): socket reopened
[+   39.74] ==== host: coprocessor/status
[+   40.33] ==== host: w5500 receive-state events
[+   42.42] ==== host: coprocessor/status
[+   45.09] ==== host: coprocessor/status
[+   48.75] ==== host: coprocessor/status
[+   49.49] uart:~$ [8D[Juart:~$ [8D[J[00:02:01.926,000] <err> eth_w5500: W5500 receive state inconsistent (header 65535, 65535 buffered): socket reopened
[+   49.49] uart:~$ [8D[Juart:~$ [8D[J[00:02:02.127,000] <err> eth_w5500: W5500 receive state inconsistent (header 65535, 65535 buffered): socket reopened
[+   51.41] ==== host: coprocessor/status
[+   52.00] ==== host: w5500 receive-state events
[+   54.10] ==== host: coprocessor/status
[+   56.78] ==== host: coprocessor/status
[+   59.57] ==== host: coprocessor/status
[+   60.44] uart:~$ [8D[Juart:~$ [8D[J[00:02:13.634,000] <err> eth_w5500: W5500 receive state inconsistent (header 65535, 65535 buffered): socket reopened
[+   63.27] ==== host: coprocessor/status
[+   63.86] ==== host: w5500 receive-state events
[+   64.07] uart:~$ [8D[Juart:~$ [8D[J[00:02:16.434,000] <err> eth_w5500: W5500 receive state inconsistent (header 65535, 65535 buffered): socket reopened
[+   65.96] ==== host: coprocessor/status
[+   66.57] ==== host: w5500 receive-state events
[+   68.66] ==== host: coprocessor/status
[+   71.37] ==== host: coprocessor/status
[+   72.13] uart:~$ [8D[Juart:~$ [8D[J[00:02:24.721,000] <err> eth_w5500: W5500 receive state inconsistent (header 65535, 65535 buffered): socket reopened
[+   72.13] uart:~$ [8D[Juart:~$ [8D[J[00:02:24.923,000] <err> eth_w5500: W5500 receive state inconsistent (header 65535, 65535 buffered): socket reopened
[+   72.24] uart:~$ [8D[Juart:~$ [8D[J[00:02:25.124,000] <err> eth_w5500: W5500 receive state inconsistent (header 65535, 65535 buffered): socket reopened
[+   72.24] uart:~$ [8D[Juart:~$ [8D[J[00:02:25.325,000] <err> eth_w5500: W5500 receive state inconsistent (header 65535, 65535 buffered): socket reopened
[+   75.08] ==== host: coprocessor/status
[+   75.74] ==== host: w5500 receive-state events
[+   75.87] uart:~$ [8D[Juart:~$ [8D[J[00:02:28.253,000] <err> eth_w5500: W5500 receive state inconsistent (header 65535, 65535 buffered): socket reopened
[+   77.84] ==== host: coprocessor/status
[+   78.51] ==== host: w5500 receive-state events
[+   80.60] ==== host: coprocessor/status
[+   83.36] ==== host: coprocessor/status
[+   84.24] uart:~$ [8D[Juart:~$ [8D[J[00:02:36.605,000] <err> eth_w5500: W5500 receive state inconsistent (header 65535, 65535 buffered): socket reopened
[+   84.24] uart:~$ [8D[Juart:~$ [8D[J[00:02:36.806,000] <err> eth_w5500: W5500 receive state inconsistent (header 65535, 65535 buffered): socket reopened
[+   86.12] ==== host: coprocessor/status
[+   86.83] ==== host: w5500 receive-state events
[+   87.04] uart:~$ [8D[Juart:~$ [8D[J[00:02:39.792,000] <err> eth_w5500: W5500 receive state inconsistent (header 65535, 65535 buffered): socket reopened
[+   88.93] ==== host: coprocessor/status
[+   89.66] ==== host: w5500 receive-state events
[+   91.75] ==== host: coprocessor/status
[+   94.56] ==== host: coprocessor/status
[+   95.42] uart:~$ [8D[Juart:~$ [8D[J[00:02:48.065,000] <err> eth_w5500: W5500 receive state inconsistent (header 65535, 65535 buffered): socket reopened
[+   95.42] uart:~$ [8D[Juart:~$ [8D[J[00:02:48.266,000] <err> eth_w5500: W5500 receive state inconsistent (header 65535, 65535 buffered): socket reopened
[+   95.52] uart:~$ [8D[Juart:~$ [8D[J[00:02:48.467,000] <err> eth_w5500: W5500 receive state inconsistent (header 65535, 65535 buffered): socket reopened
[+   97.36] ==== host: coprocessor/status
[+   98.11] ==== host: w5500 receive-state events
[+  100.21] ==== host: coprocessor/status
[+  104.06] ==== host: coprocessor/status
[+  105.01] uart:~$ [8D[Juart:~$ [8D[J[00:02:57.237,000] <err> eth_w5500: W5500 receive state inconsistent (header 65535, 65535 buffered): socket reopened
[+  106.56] uart:~$ [8D[Juart:~$ [8D[J[00:02:59.802,000] <err> eth_w5500: W5500 receive state inconsistent (header 65535, 65535 buffered): socket reopened
[+  106.67] uart:~$ [8D[Juart:~$ [8D[J[00:03:00.004,000] <err> eth_w5500: W5500 receive state inconsistent (header 65535, 65535 buffered): socket reopened
[+  106.91] ==== host: coprocessor/status
[+  107.70] ==== host: w5500 receive-state events
[+  109.79] ==== host: coprocessor/status
[+  112.67] ==== host: coprocessor/status
[+  115.56] ==== host: coprocessor/status
[+  118.45] ==== host: coprocessor/status
[+  121.34] ==== host: coprocessor/status
[+  124.24] ==== host: coprocessor/status
[+  127.12] ==== host: coprocessor/status
[+  129.71] uart:~$ [8D[Juart:~$ [8D[J[00:03:22.918,000] <err> eth_w5500: W5500 receive state inconsistent (header 65535, 65535 buffered): socket reopened
[+  129.71] uart:~$ [8D[Juart:~$ [8D[J[00:03:23.120,000] <err> eth_w5500: W5500 receive state inconsistent (header 65535, 65535 buffered): socket reopened
[+  129.82] uart:~$ [8D[Juart:~$ [8D[J[00:03:23.321,000] <err> eth_w5500: W5500 receive state inconsistent (header 65535, 65535 buffered): socket reopened
[+  130.00] ==== host: coprocessor/status
[+  130.84] ==== host: w5500 receive-state events
[+  132.82] uart:~$ [8D[Juart:~$ [8D[J[00:03:25.987,000] <err> eth_w5500: W5500 receive state inconsistent (header 65535, 65535 buffered): socket reopened
[+  132.82] uart:~$ [8D[Juart:~$ [8D[J[00:03:26.188,000] <err> eth_w5500: W5500 receive state inconsistent (header 65535, 65535 buffered): socket reopened
[+  132.93] ==== host: coprocessor/status
[+  133.79] ==== host: w5500 receive-state events
[+  135.88] ==== host: coprocessor/status
[+  136.96] uart:~$ [8D[Juart:~$ [8D[J[00:03:29.115,000] <err> eth_w5500: W5500 receive state inconsistent (header 65535, 65535 buffered): socket reopened
[+  138.84] ==== host: coprocessor/status
[+  139.70] ==== host: w5500 receive-state events
[+  141.79] ==== host: coprocessor/status
[+  144.41] uart:~$ [8D[Juart:~$ [8D[J[00:03:37.568,000] <err> eth_w5500: W5500 receive state inconsistent (header 65535, 65535 buffered): socket reopened
[+  144.41] uart:~$ [8D[Juart:~$ [8D[J[00:03:37.769,000] <err> eth_w5500: W5500 receive state inconsistent (header 65535, 65535 buffered): socket reopened
[+  144.78] ==== host: coprocessor/status
[+  145.67] ==== host: w5500 receive-state events
[+  147.76] ==== host: coprocessor/status
[+  150.76] ==== host: coprocessor/status
[+  153.74] ==== host: coprocessor/status
[+  156.73] ==== host: coprocessor/status
[+  159.71] ==== host: coprocessor/status
[+  162.70] ==== host: coprocessor/status
[+  165.70] ==== host: coprocessor/status
[+  168.69] ==== host: coprocessor/status
[+  171.68] ==== host: coprocessor/status
[+  174.66] ==== host: coprocessor/status
[+  177.65] ==== host: coprocessor/status
[+  180.63] ==== host: coprocessor/status
[+  183.60] ==== host: coprocessor/status
[+  186.59] ==== host: coprocessor/status
[+  190.58] ==== host: coprocessor/status
[+  191.66] uart:~$ [8D[Juart:~$ [8D[J[00:04:23.765,000] <err> eth_w5500: W5500 receive state inconsistent (header 65535, 65535 buffered): socket reopened
[+  191.66] uart:~$ [8D[Juart:~$ [8D[J[00:04:23.967,000] <err> eth_w5500: W5500 receive state inconsistent (header 65535, 65535 buffered): socket reopened
[+  191.66] uart:~$ [8D[Juart:~$ [8D[J[00:04:24.168,000] <err> eth_w5500: W5500 receive state inconsistent (header 65535, 65535 buffered): socket reopened
[+  191.77] uart:~$ [8D[Juart:~$ [8D[J[00:04:24.369,000] <err> eth_w5500: W5500 receive state inconsistent (header 65535, 65535 buffered): socket reopened
[+  193.57] ==== host: coprocessor/status
[+  194.52] ==== host: w5500 receive-state events
[+  196.61] ==== host: coprocessor/status
[+  199.66] ==== host: coprocessor/status
[+  202.69] ==== host: coprocessor/status
[+  205.74] ==== host: coprocessor/status
[+  208.78] ==== host: coprocessor/status
[+  211.82] ==== host: coprocessor/status
[+  214.85] ==== host: coprocessor/status
[+  217.89] ==== host: coprocessor/status
[+  220.95] ==== host: coprocessor/status
[+  223.98] ==== host: coprocessor/status
[+  227.09] ==== host: coprocessor/status
[+  230.15] ==== host: coprocessor/status
[+  234.16] ==== host: coprocessor/status
[+  235.25] uart:~$ [8D[Juart:~$ [8D[J[00:05:07.381,000] <err> eth_w5500: W5500 receive state inconsistent (header 65535, 65535 buffered): socket reopened
[+  237.20] ==== host: coprocessor/status
[+  238.15] ==== host: w5500 receive-state events
[+  239.91] uart:~$ [8D[Juart:~$ [8D[J[00:05:13.151,000] <err> eth_w5500: W5500 receive state inconsistent (header 65535, 65535 buffered): socket reopened
[+  240.02] uart:~$ [8D[Juart:~$ [8D[J[00:05:13.352,000] <err> eth_w5500: W5500 receive state inconsistent (header 65535, 65535 buffered): socket reopened
[+  240.02] uart:~$ [8D[Juart:~$ [8D[J[00:05:13.553,000] <err> eth_w5500: W5500 receive state inconsistent (header 65535, 65535 buffered): socket reopened
[+  240.02] uart:~$ [8D[Juart:~$ [8D[J[00:05:13.754,000] <err> eth_w5500: W5500 receive state inconsistent (header 65535, 65535 buffered): socket reopened
[+  240.24] ==== host: coprocessor/status
[+  241.23] ==== host: w5500 receive-state events
[+  243.33] ==== host: coprocessor/status
[+  246.41] ==== host: coprocessor/status
[+  249.47] ==== host: coprocessor/status
[+  251.81] uart:~$ [8D[Juart:~$ [8D[J[00:05:25.030,000] <err> eth_w5500: W5500 receive state inconsistent (header 65535, 65535 buffered): socket reopened
[+  251.81] uart:~$ [8D[Juart:~$ [8D[J[00:05:25.231,000] <err> eth_w5500: W5500 receive state inconsistent (header 65535, 65535 buffered): socket reopened
[+  252.56] ==== host: coprocessor/status
[+  255.62] ==== host: coprocessor/status
[+  258.70] ==== host: coprocessor/status
[+  261.78] ==== host: coprocessor/status
[+  264.86] ==== host: coprocessor/status
[+  267.95] ==== host: coprocessor/status
[+  271.59] ==== host: coprocessor/status
[+  272.74] uart:~$ [8D[Juart:~$ [8D[J[00:05:45.239,000] <err> eth_w5500: W5500 receive state inconsistent (header 65535, 65535 buffered): socket reopened
[+  272.85] uart:~$ [8D[Juart:~$ [8D[J[00:05:45.440,000] <err> eth_w5500: W5500 receive state inconsistent (header 65535, 65535 buffered): socket reopened
[+  272.85] uart:~$ [8D[Juart:~$ [8D[J[00:05:45.641,000] <err> eth_w5500: W5500 receive state inconsistent (header 65535, 65535 buffered): socket reopened
[+  274.70] ==== host: coprocessor/status
[+  275.82] uart:~$ [8D[Juart:~$ [8D[J[00:05:48.151,000] <err> eth_w5500: W5500 receive state inconsistent (header 65535, 65535 buffered): socket reopened
[+  275.93] uart:~$ [8D[Juart:~$ [8D[J[00:05:48.352,000] <err> eth_w5500: W5500 receive state inconsistent (header 65535, 65535 buffered): socket reopened
[+  275.93] uart:~$ [8D[Juart:~$ [8D[J[00:05:48.553,000] <err> eth_w5500: W5500 receive state inconsistent (header 65535, 65535 buffered): socket reopened
[+  277.80] ==== host: coprocessor/status
[+  280.87] ==== host: coprocessor/status
[+  282.00] uart:~$ [8D[Juart:~$ [8D[J[00:05:54.290,000] <err> eth_w5500: W5500 receive state inconsistent (header 65535, 65535 buffered): socket reopened
[+  283.95] ==== host: coprocessor/status
[+  286.72] uart:~$ [8D[Juart:~$ [8D[J[00:05:59.912,000] <err> eth_w5500: W5500 receive state inconsistent (header 65535, 65535 buffered): socket reopened
[+  286.72] uart:~$ [8D[Juart:~$ [8D[J[00:06:00.113,000] <err> eth_w5500: W5500 receive state inconsistent (header 65535, 65535 buffered): socket reopened
[+  287.04] ==== host: coprocessor/status
[+  290.12] ==== host: coprocessor/status
[+  293.19] ==== host: coprocessor/status
[+  296.26] ==== host: coprocessor/status
[+  299.33] ==== host: coprocessor/status
[+  302.41] ==== host: coprocessor/status
[+  305.50] ==== host: coprocessor/status
[+  308.59] ==== host: coprocessor/status
[+  312.27] ==== host: coprocessor/status
[+  313.44] uart:~$ [8D[Juart:~$ [8D[J[00:06:25.866,000] <err> eth_w5500: W5500 receive state inconsistent (header 65535, 65535 buffered): socket reopened
[+  313.44] uart:~$ [8D[Juart:~$ [8D[J[00:06:26.067,000] <err> eth_w5500: W5500 receive state inconsistent (header 65535, 65535 buffered): socket reopened
[+  313.55] uart:~$ [8D[Juart:~$ [8D[J[00:06:26.268,000] <err> eth_w5500: W5500 receive state inconsistent (header 65535, 65535 buffered): socket reopened
[+  315.38] ==== host: coprocessor/status
[+  316.55] uart:~$ [8D[Juart:~$ [8D[J[00:06:29.172,000] <err> eth_w5500: W5500 receive state inconsistent (header 65535, 65535 buffered): socket reopened
[+  318.47] ==== host: coprocessor/status
[+  319.64] uart:~$ [8D[Juart:~$ [8D[J[00:06:32.181,000] <err> eth_w5500: W5500 receive state inconsistent (header 65535, 65535 buffered): socket reopened
[+  321.54] ==== host: coprocessor/status
[+  324.63] ==== host: coprocessor/status
[+  327.71] ==== host: coprocessor/status
[+  330.79] ==== host: coprocessor/status
[+  333.87] ==== host: coprocessor/status
[+  336.97] ==== host: coprocessor/status
[+  340.05] ==== host: coprocessor/status
[+  343.13] ==== host: coprocessor/status
[+  346.21] ==== host: coprocessor/status
[+  349.28] ==== host: coprocessor/status
[+  352.96] ==== host: coprocessor/status
[+  354.14] uart:~$ [8D[Juart:~$ [8D[J[00:07:06.562,000] <err> eth_w5500: W5500 receive state inconsistent (header 65535, 65535 buffered): socket reopened
[+  354.14] uart:~$ [8D[Juart:~$ [8D[J[00:07:06.763,000] <err> eth_w5500: W5500 receive state inconsistent (header 65535, 65535 buffered): socket reopened
[+  354.14] uart:~$ [8D[Juart:~$ [8D[J[00:07:06.964,000] <err> eth_w5500: W5500 receive state inconsistent (header 65535, 65535 buffered): socket reopened
[+  356.07] ==== host: coprocessor/status
[+  359.17] ==== host: coprocessor/status
[+  362.24] ==== host: coprocessor/status
[+  365.32] ==== host: coprocessor/status
[+  368.21] uart:~$ [8D[Juart:~$ [8D[J[00:07:21.464,000] <err> eth_w5500: W5500 receive state inconsistent (header 65535, 65535 buffered): socket reopened
[+  368.32] uart:~$ [8D[Juart:~$ [8D[J[00:07:21.665,000] <err> eth_w5500: W5500 receive state inconsistent (header 65535, 65535 buffered): socket reopened
[+  368.41] ==== host: coprocessor/status
[+  371.48] ==== host: coprocessor/status
[+  374.55] ==== host: coprocessor/status
[+  377.62] ==== host: coprocessor/status
[+  380.71] ==== host: coprocessor/status
[+  383.78] ==== host: coprocessor/status
[+  386.88] ==== host: coprocessor/status
[+  389.96] ==== host: coprocessor/status
[+  393.04] ==== host: coprocessor/status
[+  397.11] ==== host: coprocessor/status
[+  398.26] uart:~$ [8D[Juart:~$ [8D[J[00:07:50.324,000] <err> eth_w5500: W5500 receive state inconsistent (header 65535, 65535 buffered): socket reopened
[+  398.26] uart:~$ [8D[Juart:~$ [8D[J[00:07:50.525,000] <err> eth_w5500: W5500 receive state inconsistent (header 65535, 65535 buffered): socket reopened
[+  398.37] uart:~$ [8D[Juart:~$ [8D[J[00:07:50.726,000] <err> eth_w5500: W5500 receive state inconsistent (header 65535, 65535 buffered): socket reopened
[+  400.19] ==== host: coprocessor/status
[+  403.00] uart:~$ [8D[Juart:~$ [8D[J[00:07:56.198,000] <err> eth_w5500: W5500 receive state inconsistent (header 65535, 65535 buffered): socket reopened
[+  403.00] uart:~$ [8D[Juart:~$ [8D[J[00:07:56.399,000] <err> eth_w5500: W5500 receive state inconsistent (header 65535, 65535 buffered): socket reopened
[+  403.27] ==== host: coprocessor/status
[+  406.35] ==== host: coprocessor/status
[+  409.43] ==== host: coprocessor/status
[+  412.51] ==== host: coprocessor/status
[+  415.60] ==== host: coprocessor/status
[+  418.67] ==== host: coprocessor/status
[+  421.76] ==== host: coprocessor/status
[+  424.84] ==== host: coprocessor/status
[+  428.50] ==== host: coprocessor/status
[+  429.66] uart:~$ [8D[Juart:~$ [8D[J[00:08:22.144,000] <err> eth_w5500: W5500 receive state inconsistent (header 65535, 65535 buffered): socket reopened
[+  429.77] uart:~$ [8D[Juart:~$ [8D[J[00:08:22.345,000] <err> eth_w5500: W5500 receive state inconsistent (header 65535, 65535 buffered): socket reopened
[+  429.77] uart:~$ [8D[Juart:~$ [8D[J[00:08:22.546,000] <err> eth_w5500: W5500 receive state inconsistent (header 65535, 65535 buffered): socket reopened
[+  431.62] ==== host: coprocessor/status
[+  432.75] uart:~$ [8D[Juart:~$ [8D[J[00:08:24.996,000] <err> eth_w5500: W5500 receive state inconsistent (header 65535, 65535 buffered): socket reopened
[+  432.75] uart:~$ [8D[Juart:~$ [8D[J[00:08:25.197,000] <err> eth_w5500: W5500 receive state inconsistent (header 65535, 65535 buffered): socket reopened
[+  432.85] uart:~$ [8D[Juart:~$ [8D[J[00:08:25.398,000] <err> eth_w5500: W5500 receive state inconsistent (header 65535, 65535 buffered): socket reopened
[+  432.85] uart:~$ [8D[Juart:~$ [8D[J[00:08:25.599,000] <err> eth_w5500: W5500 receive state inconsistent (header 65535, 65535 buffered): socket reopened
[+  434.71] ==== host: coprocessor/status
[+  437.79] ==== host: coprocessor/status
[+  440.56] uart:~$ [8D[Juart:~$ [8D[J[00:08:33.826,000] <err> eth_w5500: W5500 receive state inconsistent (header 65535, 65535 buffered): socket reopened
[+  440.66] uart:~$ [8D[Juart:~$ [8D[J[00:08:34.028,000] <err> eth_w5500: W5500 receive state inconsistent (header 65535, 65535 buffered): socket reopened
[+  440.66] uart:~$ [8D[Juart:~$ [8D[J[00:08:34.229,000] <err> eth_w5500: W5500 receive state inconsistent (header 65535, 65535 buffered): socket reopened
[+  440.88] ==== host: coprocessor/status
[+  443.84] uart:~$ [8D[Juart:~$ [8D[J[00:08:37.035,000] <err> eth_w5500: W5500 receive state inconsistent (header 65535, 65535 buffered): socket reopened
[+  443.98] ==== host: coprocessor/status
[+  446.72] uart:~$ [8D[Juart:~$ [8D[J[00:08:39.985,000] <err> eth_w5500: W5500 receive state inconsistent (header 65535, 65535 buffered): socket reopened
[+  447.06] ==== host: coprocessor/status
[+  449.29] uart:~$ [8D[Juart:~$ [8D[J[00:08:42.462,000] <err> eth_w5500: W5500 receive state inconsistent (header 65535, 65535 buffered): socket reopened
[+  449.29] uart:~$ [8D[Juart:~$ [8D[J[00:08:42.663,000] <err> eth_w5500: W5500 receive state inconsistent (header 65535, 65535 buffered): socket reopened
[+  449.29] uart:~$ [8D[Juart:~$ [8D[J[00:08:42.864,000] <err> eth_w5500: W5500 receive state inconsistent (header 65535, 65535 buffered): socket reopened
[+  450.14] ==== host: coprocessor/status
[+  453.22] ==== host: coprocessor/status
[+  456.32] ==== host: coprocessor/status
[+  459.40] ==== host: coprocessor/status
[+  462.49] ==== host: coprocessor/status
[+  465.57] ==== host: coprocessor/status
[+  469.68] ==== host: coprocessor/status
[+  470.83] uart:~$ [8D[Juart:~$ [8D[J[00:09:02.895,000] <err> eth_w5500: W5500 receive state inconsistent (header 65535, 65535 buffered): socket reopened
[+  470.83] uart:~$ [8D[Juart:~$ [8D[J[00:09:03.096,000] <err> eth_w5500: W5500 receive state inconsistent (header 65535, 65535 buffered): socket reopened
[+  470.83] uart:~$ [8D[Juart:~$ [8D[J[00:09:03.297,000] <err> eth_w5500: W5500 receive state inconsistent (header 65535, 65535 buffered): socket reopened
[+  472.53] uart:~$ [8D[Juart:~$ [8D[J[00:09:05.797,000] <err> eth_w5500: W5500 receive state inconsistent (header 65535, 65535 buffered): socket reopened
[+  472.64] uart:~$ [8D[Juart:~$ [8D[J[00:09:05.999,000] <err> eth_w5500: W5500 receive state inconsistent (header 65535, 65535 buffered): socket reopened
[+  472.64] uart:~$ [8D[Juart:~$ [8D[J[00:09:06.200,000] <err> eth_w5500: W5500 receive state inconsistent (header 65535, 65535 buffered): socket reopened
[+  472.78] ==== host: coprocessor/status
[+  473.77] ==== host: w5500 receive-state events
[+  475.87] ==== host: coprocessor/status
[+  478.26] uart:~$ [8D[Juart:~$ [8D[J[00:09:11.523,000] <err> eth_w5500: W5500 receive state inconsistent (header 65535, 65535 buffered): socket reopened
[+  478.26] uart:~$ [8D[Juart:~$ [8D[J[00:09:11.724,000] <err> eth_w5500: W5500 receive state inconsistent (header 65535, 65535 buffered): socket reopened
[+  478.37] uart:~$ [8D[Juart:~$ [8D[J[00:09:11.925,000] <err> eth_w5500: W5500 receive state inconsistent (header 65535, 65535 buffered): socket reopened
[+  478.99] ==== host: coprocessor/status
[+  479.92] ==== host: w5500 receive-state events
[+  481.44] uart:~$ [8D[Juart:~$ [8D[J[00:09:14.705,000] <err> eth_w5500: W5500 receive state inconsistent (header 65535, 65535 buffered): socket reopened
[+  481.55] uart:~$ [8D[Juart:~$ [8D[J[00:09:15.005,000] <err> eth_w5500: W5500 receive state inconsistent (header 65535, 65535 buffered): socket reopened
[+  482.01] ==== host: coprocessor/status
[+  482.95] ==== host: w5500 receive-state events
[+  484.31] uart:~$ [8D[Juart:~$ [8D[J[00:09:17.584,000] <err> eth_w5500: W5500 receive state inconsistent (header 65535, 65535 buffered): socket reopened
[+  484.41] uart:~$ [8D[Juart:~$ [8D[J[00:09:17.785,000] <err> eth_w5500: W5500 receive state inconsistent (header 65535, 65535 buffered): socket reopened
[+  485.04] ==== host: coprocessor/status
[+  485.98] ==== host: w5500 receive-state events
[+  488.08] ==== host: coprocessor/status
[+  491.11] ==== host: coprocessor/status
[+  494.17] ==== host: coprocessor/status
[+  497.20] ==== host: coprocessor/status
[+  500.24] ==== host: coprocessor/status
[+  505.26] ==== host: coprocessor/status
[+  508.49] ==== host: coprocessor/status
[+  511.52] ==== host: coprocessor/status
[+  514.56] ==== host: coprocessor/status
[+  520.02] ==== host: coprocessor/status
[+  523.04] ==== host: coprocessor/status
[+  526.21] ==== host: coprocessor/status
[+  530.02] ==== host: coprocessor/status
[+  535.71] ==== host: coprocessor/status
[+  545.18] ==== host: coprocessor/status
[+  547.10] uart:~$ [8D[Juart:~$ [8D[J[00:10:18.533,000] <err> eth_w5500: W5500 receive state inconsistent (header 65535, 65535 buffered): socket reopened
[+  547.30] uart:~$ [8D[Juart:~$ [8D[J[00:10:18.735,000] <err> eth_w5500: W5500 receive state inconsistent (header 65535, 65535 buffered): socket reopened
[+  547.41] uart:~$ [8D[Juart:~$ [8D[J[00:10:18.936,000] <err> eth_w5500: W5500 receive state inconsistent (header 65535, 65535 buffered): socket reopened
[+  547.41] uart:~$ [8D[Juart:~$ [8D[J[00:10:21.354,000] <err> eth_w5500: W5500 receive state inconsistent (header 65535, 65535 buffered): socket reopened
[+  548.55] uart:~$ [8D[Juart:~$ [8D[J[00:10:21.791,000] <err> eth_w5500: W5500 receive state inconsistent (header 65535, 65535 buffered): socket reopened
[+  548.84] ==== host: coprocessor/status
[+  549.86] ==== host: w5500 receive-state events
[+  551.95] ==== host: coprocessor/status
[+  555.00] ==== host: coprocessor/status
[+  558.19] ==== host: coprocessor/status
[+  561.23] ==== host: coprocessor/status
[+  564.29] ==== host: coprocessor/status
[+  568.40] ==== host: coprocessor/status
[+  569.65] uart:~$ [8D[Juart:~$ [8D[J[00:10:41.622,000] <err> eth_w5500: W5500 receive state inconsistent (header 65535, 65535 buffered): socket reopened
[+  569.65] uart:~$ [8D[Juart:~$ [8D[J[00:10:41.823,000] <err> eth_w5500: W5500 receive state inconsistent (header 65535, 65535 buffered): socket reopened
[+  569.65] uart:~$ [8D[Juart:~$ [8D[J[00:10:42.024,000] <err> eth_w5500: W5500 receive state inconsistent (header 65535, 65535 buffered): socket reopened
[+  569.65] uart:~$ [8D[Juart:~$ [8D[J[00:10:42.225,000] <err> eth_w5500: W5500 receive state inconsistent (header 65535, 65535 buffered): socket reopened
[+  571.56] ==== host: coprocessor/status
[+  572.53] ==== host: w5500 receive-state events
[+  572.75] uart:~$ [8D[Juart:~$ [8D[J[00:10:45.135,000] <err> eth_w5500: W5500 receive state inconsistent (header 65535, 65535 buffered): socket reopened
[+  574.40] uart:~$ [8D[Juart:~$ [8D[J[00:10:47.596,000] <err> eth_w5500: W5500 receive state inconsistent (header 65535, 65535 buffered): socket reopened
[+  574.40] uart:~$ [8D[Juart:~$ [8D[J[00:10:47.797,000] <err> eth_w5500: W5500 receive state inconsistent (header 65535, 65535 buffered): socket reopened
[+  574.40] uart:~$ [8D[Juart:~$ [8D[J[00:10:47.999,000] <err> eth_w5500: W5500 receive state inconsistent (header 65535, 65535 buffered): socket reopened
[+  574.63] ==== host: coprocessor/status
[+  575.57] ==== host: w5500 receive-state events
[+  577.49] uart:~$ [8D[Juart:~$ [8D[J[00:10:50.775,000] <err> eth_w5500: W5500 receive state inconsistent (header 65535, 65535 buffered): socket reopened
[+  577.66] ==== host: coprocessor/status
[+  578.60] ==== host: w5500 receive-state events
[+  580.39] uart:~$ [8D[Juart:~$ [8D[J[00:10:53.586,000] <err> eth_w5500: W5500 receive state inconsistent (header 65535, 65535 buffered): socket reopened
[+  580.39] uart:~$ [8D[Juart:~$ [8D[J[00:10:53.788,000] <err> eth_w5500: W5500 receive state inconsistent (header 65535, 65535 buffered): socket reopened
[+  580.70] ==== host: coprocessor/status
[+  581.75] ==== host: w5500 receive-state events
[+  582.96] uart:~$ [8D[Juart:~$ [8D[J[00:10:56.212,000] <err> eth_w5500: W5500 receive state inconsistent (header 65535, 65535 buffered): socket reopened
[+  582.96] uart:~$ [8D[Juart:~$ [8D[J[00:10:56.413,000] <err> eth_w5500: W5500 receive state inconsistent (header 65535, 65535 buffered): socket reopened
[+  583.07] uart:~$ [8D[Juart:~$ [8D[J[00:10:56.614,000] <err> eth_w5500: W5500 receive state inconsistent (header 65535, 65535 buffered): socket reopened
[+  583.85] ==== host: coprocessor/status
[+  584.78] ==== host: w5500 receive-state events
[+  586.87] ==== host: coprocessor/status
[+  590.11] ==== host: coprocessor/status
[+  593.16] ==== host: coprocessor/status
[+  596.19] ==== host: coprocessor/status
[+  600.35] ==== host: coprocessor/status
[+  601.56] uart:~$ [8D[Juart:~$ [8D[J[00:11:13.589,000] <err> eth_w5500: W5500 receive state inconsistent (header 65535, 65535 buffered): socket reopened
[+  601.56] uart:~$ [8D[Juart:~$ [8D[J[00:11:13.790,000] <err> eth_w5500: W5500 receive state inconsistent (header 65535, 65535 buffered): socket reopened
[+  601.56] uart:~$ [8D[Juart:~$ [8D[J[00:11:13.992,000] <err> eth_w5500: W5500 receive state inconsistent (header 65535, 65535 buffered): socket reopened
[+  601.66] uart:~$ [8D[Juart:~$ [8D[J[00:11:14.193,000] <err> eth_w5500: W5500 receive state inconsistent (header 65535, 65535 buffered): socket reopened
[+  603.32] uart:~$ [8D[Juart:~$ [8D[J[00:11:16.591,000] <err> eth_w5500: W5500 receive state inconsistent (header 65535, 65535 buffered): socket reopened
[+  603.42] uart:~$ [8D[Juart:~$ [8D[J[00:11:16.792,000] <err> eth_w5500: W5500 receive state inconsistent (header 65535, 65535 buffered): socket reopened
[+  603.42] uart:~$ [8D[Juart:~$ [8D[J[00:11:16.993,000] <err> eth_w5500: W5500 receive state inconsistent (header 65535, 65535 buffered): socket reopened
[+  603.47] ==== host: coprocessor/status
[+  604.48] ==== host: w5500 receive-state events
[+  606.20] uart:~$ [8D[Juart:~$ [8D[J[00:11:19.489,000] <err> eth_w5500: W5500 receive state inconsistent (header 65535, 65535 buffered): socket reopened
[+  606.31] uart:~$ [8D[Juart:~$ [8D[J[00:11:19.691,000] <err> eth_w5500: W5500 receive state inconsistent (header 65535, 65535 buffered): socket reopened
[+  606.31] uart:~$ [8D[Juart:~$ [8D[J[00:11:19.892,000] <err> eth_w5500: W5500 receive state inconsistent (header 65535, 65535 buffered): socket reopened
[+  606.58] ==== host: coprocessor/status
[+  607.51] ==== host: w5500 receive-state events
[+  609.10] uart:~$ [8D[Juart:~$ [8D[J[00:11:22.386,000] <err> eth_w5500: W5500 receive state inconsistent (header 65535, 65535 buffered): socket reopened
[+  609.21] uart:~$ [8D[Juart:~$ [8D[J[00:11:22.587,000] <err> eth_w5500: W5500 receive state inconsistent (header 65535, 65535 buffered): socket reopened
[+  609.21] uart:~$ [8D[Juart:~$ [8D[J[00:11:22.788,000] <err> eth_w5500: W5500 receive state inconsistent (header 65535, 65535 buffered): socket reopened
[+  609.61] ==== host: coprocessor/status
[+  610.61] ==== host: w5500 receive-state events
[+  612.30] uart:~$ [8D[Juart:~$ [8D[J[00:11:25.533,000] <err> eth_w5500: W5500 receive state inconsistent (header 65535, 65535 buffered): socket reopened
[+  612.30] uart:~$ [8D[Juart:~$ [8D[J[00:11:25.734,000] <err> eth_w5500: W5500 receive state inconsistent (header 65535, 65535 buffered): socket reopened
[+  612.72] ==== host: coprocessor/status
[+  613.72] ==== host: w5500 receive-state events
[+  614.99] uart:~$ [8D[Juart:~$ [8D[J[00:11:28.195,000] <err> eth_w5500: W5500 receive state inconsistent (header 65535, 65535 buffered): socket reopened
[+  614.99] uart:~$ [8D[Juart:~$ [8D[J[00:11:28.397,000] <err> eth_w5500: W5500 receive state inconsistent (header 65535, 65535 buffered): socket reopened
[+  615.10] uart:~$ [8D[Juart:~$ [8D[J[00:11:28.598,000] <err> eth_w5500: W5500 receive state inconsistent (header 65535, 65535 buffered): socket reopened
[+  615.81] ==== host: coprocessor/status
[+  616.76] ==== host: w5500 receive-state events
[+  618.93] ==== host: coprocessor/status
[+  622.07] ==== host: coprocessor/status
[+  625.13] ==== host: coprocessor/status
[+  628.29] ==== host: coprocessor/status
[+  631.99] ==== host: coprocessor/status
[+  633.21] uart:~$ [8D[Juart:~$ [8D[J[00:11:45.657,000] <err> eth_w5500: W5500 receive state inconsistent (header 65535, 65535 buffered): socket reopened
[+  633.21] uart:~$ [8D[Juart:~$ [8D[J[00:11:45.858,000] <err> eth_w5500: W5500 receive state inconsistent (header 65535, 65535 buffered): socket reopened
[+  633.31] uart:~$ [8D[Juart:~$ [8D[J[00:11:46.059,000] <err> eth_w5500: W5500 receive state inconsistent (header 65535, 65535 buffered): socket reopened
[+  635.18] ==== host: coprocessor/status
[+  636.27] ==== host: w5500 receive-state events
[+  638.27] uart:~$ [8D[Juart:~$ [8D[J[00:11:51.544,000] <err> eth_w5500: W5500 receive state inconsistent (header 65535, 65535 buffered): socket reopened
[+  638.27] uart:~$ [8D[Juart:~$ [8D[J[00:11:51.745,000] <err> eth_w5500: W5500 receive state inconsistent (header 65535, 65535 buffered): socket reopened
[+  638.36] ==== host: coprocessor/status
[+  639.31] ==== host: w5500 receive-state events
[+  639.63] uart:~$ [8D[Juart:~$ [8D[J[00:11:51.946,000] <err> eth_w5500: W5500 receive state inconsistent (header 65535, 65535 buffered): socket reopened
[+  641.06] uart:~$ [8D[Juart:~$ [8D[J[00:11:54.304,000] <err> eth_w5500: W5500 receive state inconsistent (header 65535, 65535 buffered): socket reopened
[+  641.06] uart:~$ [8D[Juart:~$ [8D[J[00:11:54.505,000] <err> eth_w5500: W5500 receive state inconsistent (header 65535, 65535 buffered): socket reopened
[+  641.06] uart:~$ [8D[Juart:~$ [8D[J[00:11:54.706,000] <err> eth_w5500: W5500 receive state inconsistent (header 65535, 65535 buffered): socket reopened
[+  641.17] uart:~$ [8D[Juart:~$ [8D[J[00:11:54.908,000] <err> eth_w5500: W5500 receive state inconsistent (header 65535, 65535 buffered): socket reopened
[+  641.40] ==== host: coprocessor/status
[+  642.43] ==== host: w5500 receive-state events
[+  644.58] ==== host: coprocessor/status
[+  647.64] ==== host: coprocessor/status
[+  649.77] uart:~$ [8D[Juart:~$ [8D[J[00:12:03.027,000] <err> eth_w5500: W5500 receive state inconsistent (header 65535, 65535 buffered): socket reopened
[+  649.77] uart:~$ [8D[Juart:~$ [8D[J[00:12:03.229,000] <err> eth_w5500: W5500 receive state inconsistent (header 65535, 65535 buffered): socket reopened
[+  649.87] uart:~$ [8D[Juart:~$ [8D[J[00:12:03.430,000] <err> eth_w5500: W5500 receive state inconsistent (header 65535, 65535 buffered): socket reopened
[+  649.87] uart:~$ [8D[Juart:~$ [8D[J[00:12:03.631,000] <err> eth_w5500: W5500 receive state inconsistent (header 65535, 65535 buffered): socket reopened
[+  650.68] ==== host: coprocessor/status
[+  651.64] ==== host: w5500 receive-state events
[+  653.73] ==== host: coprocessor/status
[+  656.89] ==== host: coprocessor/status
[+  659.94] ==== host: coprocessor/status
[+  662.98] ==== host: coprocessor/status
[+  666.13] ==== host: coprocessor/status
[+  670.18] ==== host: coprocessor/status
[+  671.48] uart:~$ [8D[Juart:~$ [8D[J[00:12:23.397,000] <err> eth_w5500: W5500 receive state inconsistent (header 65535, 65535 buffered): socket reopened
[+  671.48] uart:~$ [8D[Juart:~$ [8D[J[00:12:23.598,000] <err> eth_w5500: W5500 receive state inconsistent (header 65535, 65535 buffered): socket reopened
[+  671.48] uart:~$ [8D[Juart:~$ [8D[J[00:12:23.799,000] <err> eth_w5500: W5500 receive state inconsistent (header 65535, 65535 buffered): socket reopened
[+  671.48] uart:~$ [8D[Juart:~$ [8D[J[00:12:24.000,000] <err> eth_w5500: W5500 receive state inconsistent (header 65535, 65535 buffered): socket reopened
[+  673.36] ==== host: coprocessor/status
[+  674.30] ==== host: w5500 receive-state events
[+  674.47] uart:~$ [8D[Juart:~$ [8D[J[00:12:26.712,000] <err> eth_w5500: W5500 receive state inconsistent (header 65535, 65535 buffered): socket reopened
[+  674.47] uart:~$ [8D[Juart:~$ [8D[J[00:12:26.913,000] <err> eth_w5500: W5500 receive state inconsistent (header 65535, 65535 buffered): socket reopened
[+  676.03] uart:~$ [8D[Juart:~$ [8D[J[00:12:29.239,000] <err> eth_w5500: W5500 receive state inconsistent (header 65535, 65535 buffered): socket reopened
[+  676.03] uart:~$ [8D[Juart:~$ [8D[J[00:12:29.440,000] <err> eth_w5500: W5500 receive state inconsistent (header 65535, 65535 buffered): socket reopened
[+  676.03] uart:~$ [8D[Juart:~$ [8D[J[00:12:29.641,000] <err> eth_w5500: W5500 receive state inconsistent (header 65535, 65535 buffered): socket reopened
[+  676.39] ==== host: coprocessor/status
[+  677.33] ==== host: w5500 receive-state events
[+  679.02] uart:~$ [8D[Juart:~$ [8D[J[00:12:32.258,000] <err> eth_w5500: W5500 receive state inconsistent (header 65535, 65535 buffered): socket reopened
[+  679.02] uart:~$ [8D[Juart:~$ [8D[J[00:12:32.460,000] <err> eth_w5500: W5500 receive state inconsistent (header 65535, 65535 buffered): socket reopened
[+  679.02] uart:~$ [8D[Juart:~$ [8D[J[00:12:32.661,000] <err> eth_w5500: W5500 receive state inconsistent (header 65535, 65535 buffered): socket reopened
[+  679.43] ==== host: coprocessor/status
[+  680.43] ==== host: w5500 receive-state events
[+  682.09] uart:~$ [8D[Juart:~$ [8D[J[00:12:35.369,000] <err> eth_w5500: W5500 receive state inconsistent (header 65535, 65535 buffered): socket reopened
[+  682.09] uart:~$ [8D[Juart:~$ [8D[J[00:12:35.570,000] <err> eth_w5500: W5500 receive state inconsistent (header 65535, 65535 buffered): socket reopened
[+  682.53] ==== host: coprocessor/status
[+  683.55] ==== host: w5500 receive-state events
[+  685.64] ==== host: coprocessor/status
[+  688.68] ==== host: coprocessor/status
[+  691.85] ==== host: coprocessor/status
[+  694.89] ==== host: coprocessor/status
[+  698.05] ==== host: coprocessor/status
[+  701.74] ==== host: coprocessor/status
[+  703.07] uart:~$ [8D[Juart:~$ [8D[J[00:12:55.362,000] <err> eth_w5500: W5500 receive state inconsistent (header 65535, 65535 buffered): socket reopened
[+  703.07] uart:~$ [8D[Juart:~$ [8D[J[00:12:55.563,000] <err> eth_w5500: W5500 receive state inconsistent (header 65535, 65535 buffered): socket reopened
[+  703.07] uart:~$ [8D[Juart:~$ [8D[J[00:12:55.764,000] <err> eth_w5500: W5500 receive state inconsistent (header 65535, 65535 buffered): socket reopened
[+  707.92] ==== host: coprocessor/status
[+  709.55] ==== host: w5500 receive-state events
[+  710.50] uart:~$ [8D[Juart:~$ [8D[J[00:12:58.252,000] <err> eth_w5500: W5500 receive state inconsistent (header 65535, 65535 buffered): socket reopened
[+  710.71] uart:~$ [8D[Juart:~$ [8D[J[00:12:58.453,000] <err> eth_w5500: W5500 receive state inconsistent (header 65535, 65535 buffered): socket reopened
[+  710.71] uart:~$ [8D[Juart:~$ [8D[J[00:12:58.654,000] <err> eth_w5500: W5500 receive state inconsistent (header 65535, 65535 buffered): socket reopened
[+  711.12] uart:~$ [8D[Juart:~$ [8D[J[00:12:58.855,000] <err> eth_w5500: W5500 receive state inconsistent (header 65535, 65535 buffered): socket reopened
[+  711.32] uart:~$ [8D[Juart:~$ [8D[J[00:12:59.087,000] <err> fs: failed to unlink path (-2)
[+  711.32] uart:~$ [8D[Juart:~$ [8D[J[00:12:59.281,000] <err> fs: failed to unlink path (-2)
[+  711.65] ==== host: coprocessor/status
[+  713.02] ==== host: w5500 receive-state events
[+  714.22] uart:~$ [8D[Juart:~$ [8D[J[00:12:59.546,000] <err> fs: failed to unlink path (-2)
[+  715.05] uart:~$ [8D[Juart:~$ [8D[J[00:13:00.018,000] <err> fs: failed to unlink path (-2)
[+  715.13] ==== host: coprocessor/status
[+  717.23] uart:~$ [8D[Juart:~$ [8D[J[00:13:05.818,000] <err> fs: failed to unlink path (-2)
[+  718.52] ==== host: coprocessor/status
[+  720.86] uart:~$ [8D[Juart:~$ [8D[J[00:13:12.254,000] <err> fs: failed to unlink path (-2)
[+  721.93] ==== host: coprocessor/status
[+  725.28] ==== host: coprocessor/status
[+  731.08] uart:~$ [8D[Juart:~$ [8D[J[00:13:18.635,000] <err> eth_w5500: W5500 receive state inconsistent (header 65535, 65535 buffered): socket reopened
[+  731.08] uart:~$ [8D[Juart:~$ [8D[J[00:13:18.836,000] <err> eth_w5500: W5500 receive state inconsistent (header 65535, 65535 buffered): socket reopened
[+  731.18] uart:~$ [8D[Juart:~$ [8D[J[00:13:19.038,000] <err> eth_w5500: W5500 receive state inconsistent (header 65535, 65535 buffered): socket reopened
[+  731.18] uart:~$ [8D[Juart:~$ [8D[J[00:13:21.490,000] <err> eth_w5500: W5500 receive state inconsistent (header 65535, 65535 buffered): socket reopened
[+  731.18] uart:~$ [8D[Juart:~$ [8D[J[00:13:21.691,000] <err> eth_w5500: W5500 receive state inconsistent (header 65535, 65535 buffered): socket reopened
[+  731.18] uart:~$ [8D[Juart:~$ [8D[J[00:13:21.892,000] <err> eth_w5500: W5500 receive state inconsistent (header 65535, 65535 buffered): socket reopened
[+  731.28] uart:~$ [8D[Juart:~$ [8D[J[00:13:22.267,000] <err> fs: failed to unlink path (-2)
[+  732.13] ==== host: coprocessor/status
[+  733.38] ==== host: w5500 receive-state events
[+  735.49] ==== host: coprocessor/status
[+  741.81] uart:~$ [8D[Juart:~$ [8D[J[00:13:29.626,000] <err> fs: failed to unlink path (-2)
[+  741.81] uart:~$ [8D[Juart:~$ [8D[J[00:13:33.172,000] <err> eth_w5500: W5500 receive state inconsistent (header 65535, 65535 buffered): socket reopened
[+  741.91] uart:~$ [8D[Juart:~$ [8D[J[00:13:33.373,000] <err> eth_w5500: W5500 receive state inconsistent (header 65535, 65535 buffered): socket reopened
[+  741.91] uart:~$ [8D[Juart:~$ [8D[J[00:13:33.574,000] <err> eth_w5500: W5500 receive state inconsistent (header 65535, 65535 buffered): socket reopened
[+  742.89] ==== host: coprocessor/status
[+  744.13] ==== host: w5500 receive-state events
[+  745.93] uart:~$ [8D[Juart:~$ [8D[J[00:13:38.930,000] <err> eth_w5500: W5500 receive state inconsistent (header 65535, 65535 buffered): socket reopened
[+  746.13] uart:~$ [8D[Juart:~$ [8D[J[00:13:39.132,000] <err> eth_w5500: W5500 receive state inconsistent (header 65535, 65535 buffered): socket reopened
[+  746.26] ==== host: coprocessor/status
[+  747.64] ==== host: w5500 receive-state events
[+  753.26] uart:~$ [8D[Juart:~$ [8D[J[00:13:39.333,000] <err> eth_w5500: W5500 receive state inconsistent (header 65535, 65535 buffered): socket reopened
[+  754.76] ==== host: coprocessor/status
[+  760.50] uart:~$ [8D[Juart:~$ [8D[J[00:13:42.427,000] <err> fs: failed to unlink path (-2)
[+  760.91] uart:~$ [8D[Juart:~$ [8D[J[00:13:47.742,000] <err> eth_w5500: W5500 receive state inconsistent (header 65535, 65535 buffered): socket reopened
[+  761.11] uart:~$ [8D[Juart:~$ [8D[J[00:13:47.943,000] <err> eth_w5500: W5500 receive state inconsistent (header 65535, 65535 buffered): socket reopened
[+  761.21] uart:~$ [8D[Juart:~$ [8D[J[00:13:48.144,000] <err> eth_w5500: W5500 receive state inconsistent (header 65535, 65535 buffered): socket reopened
[+  761.65] ==== host: coprocessor/status
[+  763.03] ==== host: w5500 receive-state events
[+  764.61] uart:~$ [8D[Juart:~$ [8D[J[00:13:48.582,000] <err> fs: failed to unlink path (-2)
[+  764.61] uart:~$ [8D[Juart:~$ [8D[J[00:13:55.732,000] <err> fs: failed to unlink path (-2)
[+  765.62] ==== host: coprocessor/status
[+  769.10] ==== host: coprocessor/status
[+  770.71] uart:~$ [8D[Juart:~$ [8D[J[00:14:02.292,000] <err> eth_w5500: W5500 receive state inconsistent (header 65535, 65535 buffered): socket reopened
[+  772.39] ==== host: coprocessor/status
[+  773.77] ==== host: w5500 receive-state events
[+  775.48] uart:~$ [8D[Juart:~$ [8D[J[00:14:02.494,000] <err> eth_w5500: W5500 receive state inconsistent (header 65535, 65535 buffered): socket reopened
[+  775.48] uart:~$ [8D[Juart:~$ [8D[J[00:14:05.317,000] <err> fs: failed to unlink path (-2)
[+  776.35] ==== host: coprocessor/status
[+  780.24] ==== host: coprocessor/status
[+  782.91] uart:~$ [8D[Juart:~$ [8D[J[00:14:13.727,000] <err> eth_w5500: W5500 receive state inconsistent (header 65535, 65535 buffered): socket reopened
[+  782.91] uart:~$ [8D[Juart:~$ [8D[J[00:14:13.928,000] <err> eth_w5500: W5500 receive state inconsistent (header 65535, 65535 buffered): socket reopened
[+  783.01] uart:~$ [8D[Juart:~$ [8D[J[00:14:14.129,000] <err> eth_w5500: W5500 receive state inconsistent (header 65535, 65535 buffered): socket reopened
[+  783.01] uart:~$ [8D[Juart:~$ [8D[J[00:14:15.956,000] <err> fs: failed to unlink path (-2)
[+  783.99] ==== host: coprocessor/status
[+  785.34] ==== host: w5500 receive-state events
[+  787.44] ==== host: coprocessor/status
[+  790.26] uart:~$ [8D[Juart:~$ [8D[J[00:14:21.634,000] <err> fs: failed to unlink path (-2)
[+  791.09] ==== host: coprocessor/status
[+  794.97] ==== host: coprocessor/status
[+  796.65] uart:~$ [8D[Juart:~$ [8D[J[00:14:28.343,000] <err> eth_w5500: W5500 receive state inconsistent (header 65535, 65535 buffered): socket reopened
[+  799.59] ==== host: w5500 receive-state events
[+  800.58] uart:~$ [8D[Juart:~$ [8D[J[00:14:28.545,000] <err> eth_w5500: W5500 receive state inconsistent (header 65535, 65535 buffered): socket reopened
[+  800.58] uart:~$ [8D[Juart:~$ [8D[J[00:14:28.746,000] <err> eth_w5500: W5500 receive state inconsistent (header 65535, 65535 buffered): socket reopened
[+  800.68] uart:~$ [8D[Juart:~$ [8D[J[00:14:31.091,000] <err> eth_w5500: W5500 receive state inconsistent (header 65535, 65535 buffered): socket reopened
[+  800.68] uart:~$ [8D[Juart:~$ [8D[J[00:14:31.292,000] <err> eth_w5500: W5500 receive state inconsistent (header 65535, 65535 buffered): socket reopened
[+  800.68] uart:~$ [8D[Juart:~$ [8D[J[00:14:31.493,000] <err> eth_w5500: W5500 receive state inconsistent (header 65535, 65535 buffered): socket reopened
[+  800.68] uart:~$ [8D[Juart:~$ [8D[J[00:14:31.694,000] <err> eth_w5500: W5500 receive state inconsistent (header 65535, 65535 buffered): socket reopened
[+  800.79] uart:~$ [8D[Juart:~$ [8D[J[00:14:31.826,000] <err> fs: failed to unlink path (-2)
[+  801.70] ==== host: coprocessor/status
[+  802.94] ==== host: w5500 receive-state events
[+  805.10] ==== host: coprocessor/status
[+  812.35] uart:~$ [8D[Juart:~$ [8D[J[00:14:40.939,000] <err> fs: failed to unlink path (-2)
[+  812.46] uart:~$ [8D[Juart:~$ [8D[J[00:14:42.730,000] <err> eth_w5500: W5500 receive state inconsistent (header 65535, 65535 buffered): socket reopened
[+  812.46] uart:~$ [8D[Juart:~$ [8D[J[00:14:42.931,000] <err> eth_w5500: W5500 receive state inconsistent (header 65535, 65535 buffered): socket reopened
[+  812.46] uart:~$ [8D[Juart:~$ [8D[J[00:14:43.132,000] <err> eth_w5500: W5500 receive state inconsistent (header 65535, 65535 buffered): socket reopened
[+  812.49] ==== host: coprocessor/status
[+  813.58] ==== host: w5500 receive-state events
[+  817.52] uart:~$ [8D[Juart:~$ [8D[J[00:14:45.749,000] <err> eth_w5500: W5500 receive state inconsistent (header 65535, 65535 buffered): socket reopened
[+  817.83] uart:~$ [8D[Juart:~$ [8D[J[00:14:45.950,000] <err> eth_w5500: W5500 receive state inconsistent (header 65535, 65535 buffered): socket reopened
[+  817.83] uart:~$ [8D[Juart:~$ [8D[J[00:14:46.151,000] <err> eth_w5500: W5500 receive state inconsistent (header 65535, 65535 buffered): socket reopened
[+  818.96] uart:~$ [8D[Juart:~$ [8D[J[00:14:52.296,000] <err> fs: failed to unlink path (-2)
[+  819.18] ==== host: coprocessor/status
[+  820.32] ==== host: w5500 receive-state events
[+  822.42] ==== host: coprocessor/status
[+  825.80] ==== host: coprocessor/status
[+  827.35] uart:~$ [8D[Juart:~$ [8D[J[00:14:58.921,000] <err> fs: failed to unlink path (-2)
[+  830.15] uart:~$ [8D[Juart:~$ [8D[J[00:15:03.375,000] <err> eth_w5500: W5500 receive state inconsistent (header 65535, 65535 buffered): socket reopened
[+  830.18] ==== host: coprocessor/status
[+  831.50] ==== host: w5500 receive-state events
[+  831.60] uart:~$ [8D[Juart:~$ [8D[J[00:15:03.576,000] <err> eth_w5500: W5500 receive state inconsistent (header 65535, 65535 buffered): socket reopened
[+  833.61] ==== host: coprocessor/status
[+  835.52] uart:~$ [8D[Juart:~$ [8D[J[00:15:06.647,000] <err> fs: failed to unlink path (-2)
[+  837.23] ==== host: coprocessor/status
[+  840.52] ==== host: coprocessor/status
[+  846.78] uart:~$ [8D[Juart:~$ [8D[J[00:15:14.403,000] <err> fs: failed to unlink path (-2)
[+  846.88] uart:~$ [8D[Juart:~$ [8D[J[00:15:17.799,000] <err> eth_w5500: W5500 receive state inconsistent (header 65535, 65535 buffered): socket reopened
[+  846.88] uart:~$ [8D[Juart:~$ [8D[J[00:15:18.000,000] <err> eth_w5500: W5500 receive state inconsistent (header 65535, 65535 buffered): socket reopened
[+  846.88] uart:~$ [8D[Juart:~$ [8D[J[00:15:20.410,000] <err> eth_w5500: W5500 receive state inconsistent (header 65535, 65535 buffered): socket reopened
[+  846.88] uart:~$ [8D[Juart:~$ [8D[J[00:15:20.611,000] <err> eth_w5500: W5500 receive state inconsistent (header 65535, 65535 buffered): socket reopened
[+  846.99] uart:~$ [8D[Juart:~$ [8D[J[00:15:20.812,000] <err> eth_w5500: W5500 receive state inconsistent (header 65535, 65535 buffered): socket reopened
[+  846.99] uart:~$ [8D[Juart:~$ [8D[J[00:15:21.013,000] <err> eth_w5500: W5500 receive state inconsistent (header 65535, 65535 buffered): socket reopened
[+  847.79] ==== host: coprocessor/status
[+  849.34] ==== host: w5500 receive-state events
[+  851.44] ==== host: coprocessor/status
[+  854.99] ==== host: coprocessor/status
[+  857.61] uart:~$ [8D[Juart:~$ [8D[J[00:15:27.267,000] <err> fs: failed to unlink path (-2)
[+  859.26] ==== host: coprocessor/status
[+  862.14] uart:~$ [8D[Juart:~$ [8D[J[00:15:32.205,000] <err> eth_w5500: W5500 receive state inconsistent (header 65535, 65535 buffered): socket reopened
[+  862.14] uart:~$ [8D[Juart:~$ [8D[J[00:15:32.406,000] <err> eth_w5500: W5500 receive state inconsistent (header 65535, 65535 buffered): socket reopened
[+  862.14] uart:~$ [8D[Juart:~$ [8D[J[00:15:32.607,000] <err> eth_w5500: W5500 receive state inconsistent (header 65535, 65535 buffered): socket reopened
[+  862.14] uart:~$ [8D[Juart:~$ [8D[J[00:15:33.193,000] <err> fs: failed to unlink path (-2)
[+  862.14] uart:~$ [8D[Juart:~$ [8D[J[00:15:35.385,000] <err> eth_w5500: W5500 receive state inconsistent (header 65535, 65535 buffered): socket reopened
[+  862.69] ==== host: coprocessor/status
[+  864.51] ==== host: w5500 receive-state events
[+  866.61] ==== host: coprocessor/status
[+  870.31] uart:~$ [8D[Juart:~$ [8D[J[00:15:42.853,000] <err> fs: failed to unlink path (-2)
[+  870.31] uart:~$ [8D[Juart:~$ [8D[J[00:15:44.037,000] <err> eth_w5500: W5500 receive state inconsistent (header 65535, 65535 buffered): socket reopened
[+  870.31] uart:~$ [8D[Juart:~$ [8D[J[00:15:44.238,000] <err> eth_w5500: W5500 receive state inconsistent (header 65535, 65535 buffered): socket reopened
[+  871.28] ==== host: coprocessor/status
[+  872.54] ==== host: w5500 receive-state events
[+  874.71] ==== host: coprocessor/status
[+  885.82] uart:~$ [8D[Juart:~$ [8D[J[00:15:50.760,000] <err> fs: failed to unlink path (-2)
[+  885.82] uart:~$ [8D[Juart:~$ [8D[J[00:15:52.415,000] <err> eth_w5500: W5500 receive state inconsistent (header 65535, 65535 buffered): socket reopened
[+  886.02] uart:~$ [8D[Juart:~$ [8D[J[00:15:52.616,000] <err> eth_w5500: W5500 receive state inconsistent (header 65535, 65535 buffered): socket reopened
[+  886.15] ==== host: coprocessor/status
[+  887.39] ==== host: w5500 receive-state events
[+  887.45] uart:~$ [8D[Juart:~$ [8D[J[00:15:52.817,000] <err> eth_w5500: W5500 receive state inconsistent (header 65535, 65535 buffered): socket reopened
[+  889.48] ==== host: coprocessor/status
[+  890.57] ==== host: w5500 receive-state events
[+  891.48] uart:~$ [8D[Juart:~$ [8D[J[00:15:55.364,000] <err> eth_w5500: W5500 receive state inconsistent (header 65535, 65535 buffered): socket reopened
[+  892.52] uart:~$ [8D[Juart:~$ [8D[J[00:15:55.565,000] <err> eth_w5500: W5500 receive state inconsistent (header 65535, 65535 buffered): socket reopened
[+  892.72] ==== host: coprocessor/status
[+  893.91] ==== host: w5500 receive-state events
[+  894.39] uart:~$ [8D[Juart:~$ [8D[J[00:15:55.766,000] <err> eth_w5500: W5500 receive state inconsistent (header 65535, 65535 buffered): socket reopened
[+  894.71] uart:~$ [8D[Juart:~$ [8D[J[00:16:02.374,000] <err> fs: failed to unlink path (-2)
[+  896.88] uart:~$ [8D[Juart:~$ [8D[J[00:16:09.279,000] <err> fs: failed to unlink path (-2)
[+  897.49] ==== host: coprocessor/status
[+  899.01] ==== host: w5500 receive-state events
[+  900.71] uart:~$ [8D[Juart:~$ [8D[J[00:16:09.972,000] <err> eth_w5500: W5500 receive state inconsistent (header 65535, 65535 buffered): socket reopened
[+  900.71] uart:~$ [8D[Juart:~$ [8D[J[00:16:10.173,000] <err> eth_w5500: W5500 receive state inconsistent (header 65535, 65535 buffered): socket reopened
[+  901.02] uart:~$ [8D[Juart:~$ [8D[J[00:16:10.375,000] <err> eth_w5500: W5500 receive state inconsistent (header 65535, 65535 buffered): socket reopened
[+  901.10] ==== host: coprocessor/status
[+  902.43] ==== host: w5500 receive-state events
[+  906.70] uart:~$ [8D[Juart:~$ [8D[J[00:16:17.278,000] <err> fs: failed to unlink path (-2)
[+  906.70] uart:~$ [8D[Juart:~$ [8D[J[00:16:18.501,000] <err> eth_w5500: W5500 receive state inconsistent (header 65535, 65535 buffered): socket reopened
[+  906.80] uart:~$ [8D[Juart:~$ [8D[J[00:16:18.702,000] <err> eth_w5500: W5500 receive state inconsistent (header 65535, 65535 buffered): socket reopened
[+  906.80] uart:~$ [8D[Juart:~$ [8D[J[00:16:18.903,000] <err> eth_w5500: W5500 receive state inconsistent (header 65535, 65535 buffered): socket reopened
[+  908.47] ==== host: coprocessor/status
[+  909.71] ==== host: w5500 receive-state events
[+  911.36] uart:~$ [8D[Juart:~$ [8D[J[00:16:24.596,000] <err> eth_w5500: W5500 receive state inconsistent (header 65535, 65535 buffered): socket reopened
[+  911.57] uart:~$ [8D[Juart:~$ [8D[J[00:16:24.797,000] <err> eth_w5500: W5500 receive state inconsistent (header 65535, 65535 buffered): socket reopened
[+  911.92] ==== host: coprocessor/status
[+  913.18] ==== host: w5500 receive-state events
[+  917.78] uart:~$ [8D[Juart:~$ [8D[J[00:16:27.592,000] <err> fs: failed to unlink path (-2)
[+  918.91] ==== host: coprocessor/status
[+  922.36] ==== host: coprocessor/status
[+  923.98] uart:~$ [8D[Juart:~$ [8D[J[00:16:36.144,000] <err> eth_w5500: W5500 receive state inconsistent (header 65535, 65535 buffered): socket reopened
[+  925.54] uart:~$ [8D[Juart:~$ [8D[J[00:16:36.346,000] <err> eth_w5500: W5500 receive state inconsistent (header 65535, 65535 buffered): socket reopened
[+  925.54] uart:~$ [8D[Juart:~$ [8D[J[00:16:38.578,000] <err> fs: failed to unlink path (-2)
[+  925.64] uart:~$ [8D[Juart:~$ [8D[J[00:16:39.069,000] <err> eth_w5500: W5500 receive state inconsistent (header 65535, 65535 buffered): socket reopened
[+  925.64] uart:~$ [8D[Juart:~$ [8D[J[00:16:39.271,000] <err> eth_w5500: W5500 receive state inconsistent (header 65535, 65535 buffered): socket reopened
[+  925.82] ==== host: coprocessor/status
[+  927.68] ==== host: w5500 receive-state events
[+  929.77] ==== host: coprocessor/status
[+  934.65] uart:~$ [8D[Juart:~$ [8D[J[00:16:45.953,000] <err> fs: failed to unlink path (-2)
[+  937.50] ==== host: coprocessor/status
[+  940.13] uart:~$ [8D[Juart:~$ [8D[J[00:16:50.605,000] <err> eth_w5500: W5500 receive state inconsistent (header 65535, 65535 buffered): socket reopened
[+  940.44] uart:~$ [8D[Juart:~$ [8D[J[00:16:50.806,000] <err> eth_w5500: W5500 receive state inconsistent (header 65535, 65535 buffered): socket reopened
[+  940.65] uart:~$ [8D[Juart:~$ [8D[J[00:16:51.007,000] <err> eth_w5500: W5500 receive state inconsistent (header 65535, 65535 buffered): socket reopened
[+  940.65] uart:~$ [8D[Juart:~$ [8D[J[00:16:53.345,000] <err> eth_w5500: W5500 receive state inconsistent (header 65535, 65535 buffered): socket reopened
[+  940.91] ==== host: coprocessor/status
[+  942.14] ==== host: w5500 receive-state events
[+  947.80] uart:~$ [8D[Juart:~$ [8D[J[00:16:53.546,000] <err> eth_w5500: W5500 receive state inconsistent (header 65535, 65535 buffered): socket reopened
[+  948.59] ==== host: coprocessor/status
[+  949.88] ==== host: w5500 receive-state events
[+  950.49] uart:~$ [8D[Juart:~$ [8D[J[00:16:53.748,000] <err> eth_w5500: W5500 receive state inconsistent (header 65535, 65535 buffered): socket reopened
[+  951.99] ==== host: coprocessor/status
[+  953.24] ==== host: w5500 receive-state events
[+  960.64] uart:~$ [8D[Juart:~$ [8D[J[00:16:53.949,000] <err> eth_w5500: W5500 receive state inconsistent (header 65535, 65535 buffered): socket reopened
[+  960.84] uart:~$ [8D[Juart:~$ [8D[J[00:16:56.685,000] <err> fs: failed to unlink path (-2)
[+  960.84] uart:~$ [8D[Juart:~$ [8D[J[00:17:02.134,000] <err> eth_w5500: W5500 receive state inconsistent (header 65535, 65535 buffered): socket reopened
[+  961.04] uart:~$ [8D[Juart:~$ [8D[J[00:17:02.336,000] <err> eth_w5500: W5500 receive state inconsistent (header 65535, 65535 buffered): socket reopened
[+  961.15] uart:~$ [8D[Juart:~$ [8D[J[00:17:02.537,000] <err> eth_w5500: W5500 receive state inconsistent (header 65535, 65535 buffered): socket reopened
[+  961.66] uart:~$ [8D[Juart:~$ [8D[J[00:17:05.098,000] <err> fs: failed to unlink path (-2)
[+  962.11] ==== host: coprocessor/status
[+  963.47] ==== host: w5500 receive-state events
[+  963.84] uart:~$ [8D[Juart:~$ [8D[J[00:17:05.359,000] <err> eth_w5500: W5500 receive state inconsistent (header 65535, 65535 buffered): socket reopened
[+  963.84] uart:~$ [8D[Juart:~$ [8D[J[00:17:05.560,000] <err> eth_w5500: W5500 receive state inconsistent (header 65535, 65535 buffered): socket reopened
[+  963.84] uart:~$ [8D[Juart:~$ [8D[J[00:17:15.685,000] <err> fs: failed to unlink path (-2)
[+  965.93] ==== host: coprocessor/status
[+  967.17] ==== host: w5500 receive-state events
[+  968.18] uart:~$ [8D[Juart:~$ [8D[J[00:17:19.780,000] <err> eth_w5500: W5500 receive state inconsistent (header 65535, 65535 buffered): socket reopened
[+  968.18] uart:~$ [8D[Juart:~$ [8D[J[00:17:19.982,000] <err> eth_w5500: W5500 receive state inconsistent (header 65535, 65535 buffered): socket reopened
[+  969.21] uart:~$ [8D[Juart:~$ [8D[J[00:17:22.656,000] <err> eth_w5500: W5500 receive state inconsistent (header 65535, 65535 buffered): socket reopened
[+  969.37] ==== host: coprocessor/status
[+  970.59] ==== host: w5500 receive-state events
[+  974.27] uart:~$ [8D[Juart:~$ [8D[J[00:17:22.857,000] <err> eth_w5500: W5500 receive state inconsistent (header 65535, 65535 buffered): socket reopened
[+  974.27] uart:~$ [8D[Juart:~$ [8D[J[00:17:25.283,000] <err> fs: failed to unlink path (-2)
[+  974.38] uart:~$ [8D[Juart:~$ [8D[J[00:17:25.483,000] <err> eth_w5500: W5500 receive state inconsistent (header 65535, 65535 buffered): socket reopened
[+  974.38] uart:~$ [8D[Juart:~$ [8D[J[00:17:25.685,000] <err> eth_w5500: W5500 receive state inconsistent (header 65535, 65535 buffered): socket reopened
[+  974.38] uart:~$ [8D[Juart:~$ [8D[J[00:17:25.886,000] <err> eth_w5500: W5500 receive state inconsistent (header 65535, 65535 buffered): socket reopened
[+  976.05] ==== host: coprocessor/status
[+  977.38] ==== host: w5500 receive-state events
[+  979.47] ==== host: coprocessor/status
[+  982.52] uart:~$ [8D[Juart:~$ [8D[J[00:17:35.322,000] <err> fs: failed to unlink path (-2)
[+  983.43] ==== host: coprocessor/status
[+  987.05] uart:~$ [8D[Juart:~$ [8D[J[00:17:36.959,000] <err> eth_w5500: W5500 receive state inconsistent (header 65535, 65535 buffered): socket reopened
[+  987.23] ==== host: coprocessor/status
[+  988.56] ==== host: w5500 receive-state events
[+  989.33] uart:~$ [8D[Juart:~$ [8D[J[00:17:37.160,000] <err> eth_w5500: W5500 receive state inconsistent (header 65535, 65535 buffered): socket reopened
[+  990.66] ==== host: coprocessor/status
[+  991.87] ==== host: w5500 receive-state events
[+  995.62] uart:~$ [8D[Juart:~$ [8D[J[00:17:37.361,000] <err> eth_w5500: W5500 receive state inconsistent (header 65535, 65535 buffered): socket reopened
[+  995.62] uart:~$ [8D[Juart:~$ [8D[J[00:17:43.848,000] <err> fs: failed to unlink path (-2)
[+  998.42] ==== host: coprocessor/status
[+  999.77] ==== host: w5500 receive-state events
[+ 1000.37] uart:~$ [8D[Juart:~$ [8D[J[00:17:51.592,000] <err> eth_w5500: W5500 receive state inconsistent (header 65535, 65535 buffered): socket reopened
[+ 1000.68] uart:~$ [8D[Juart:~$ [8D[J[00:17:51.793,000] <err> eth_w5500: W5500 receive state inconsistent (header 65535, 65535 buffered): socket reopened
[+ 1000.78] uart:~$ [8D[Juart:~$ [8D[J[00:17:51.994,000] <err> eth_w5500: W5500 receive state inconsistent (header 65535, 65535 buffered): socket reopened
[+ 1001.95] ==== host: coprocessor/status
[+ 1003.27] ==== host: w5500 receive-state events
[+ 1003.46] uart:~$ [8D[Juart:~$ [8D[J[00:17:55.349,000] <err> fs: failed to unlink path (-2)
[+ 1005.42] ==== host: coprocessor/status
[+ 1009.55] ==== host: coprocessor/status
[+ 1012.66] uart:~$ [8D[Juart:~$ [8D[J[00:18:02.840,000] <err> fs: failed to unlink path (-2)
[+ 1013.30] ==== host: coprocessor/status
[+ 1014.91] ==== host: w5500 receive-state events
[+ 1017.00] uart:~$ [8D[Juart:~$ [8D[J[00:18:03.035,000] <err> eth_w5500: W5500 receive state inconsistent (header 65535, 65535 buffered): socket reopened
[+ 1017.07] ==== host: coprocessor/status
[+ 1018.34] ==== host: w5500 receive-state events
[+ 1018.44] uart:~$ [8D[Juart:~$ [8D[J[00:18:03.237,000] <err> eth_w5500: W5500 receive state inconsistent (header 65535, 65535 buffered): socket reopened
[+ 1023.02] uart:~$ [8D[Juart:~$ [8D[J[00:18:03.438,000] <err> eth_w5500: W5500 receive state inconsistent (header 65535, 65535 buffered): socket reopened
[+ 1023.02] uart:~$ [8D[Juart:~$ [8D[J[00:18:05.917,000] <err> eth_w5500: W5500 receive state inconsistent (header 65535, 65535 buffered): socket reopened
[+ 1023.02] uart:~$ [8D[Juart:~$ [8D[J[00:18:06.118,000] <err> eth_w5500: W5500 receive state inconsistent (header 65535, 65535 buffered): socket reopened
[+ 1023.12] uart:~$ [8D[Juart:~$ [8D[J[00:18:06.319,000] <err> eth_w5500: W5500 receive state inconsistent (header 65535, 65535 buffered): socket reopened
[+ 1023.12] uart:~$ [8D[Juart:~$ [8D[J[00:18:06.520,000] <err> eth_w5500: W5500 receive state inconsistent (header 65535, 65535 buffered): socket reopened
[+ 1023.12] uart:~$ [8D[Juart:~$ [8D[J[00:18:13.408,000] <err> fs: failed to unlink path (-2)
[+ 1023.12] uart:~$ [8D[Juart:~$ [8D[J[00:18:14.625,000] <err> eth_w5500: W5500 receive state inconsistent (header 65535, 65535 buffered): socket reopened
[+ 1023.12] uart:~$ [8D[Juart:~$ [8D[J[00:18:14.826,000] <err> eth_w5500: W5500 receive state inconsistent (header 65535, 65535 buffered): socket reopened
[+ 1023.23] uart:~$ [8D[Juart:~$ [8D[J[00:18:15.027,000] <err> eth_w5500: W5500 receive state inconsistent (header 65535, 65535 buffered): socket reopened
[+ 1023.23] uart:~$ [8D[Juart:~$ [8D[J[00:18:15.228,000] <err> eth_w5500: W5500 receive state inconsistent (header 65535, 65535 buffered): socket reopened
[+ 1024.82] ==== host: coprocessor/status
[+ 1026.01] ==== host: w5500 receive-state events
[+ 1038.92] uart:~$ [8D[Juart:~$ [8D[J[00:18:17.604,000] <err> eth_w5500: W5500 receive state inconsistent (header 65535, 65535 buffered): socket reopened
[+ 1038.98] ==== host: coprocessor/status
[+ 1040.32] ==== host: w5500 receive-state events
[+ 1040.42] uart:~$ [8D[Juart:~$ [8D[J[00:18:17.805,000] <err> eth_w5500: W5500 receive state inconsistent (header 65535, 65535 buffered): socket reopened
[+ 1044.13] uart:~$ [8D[Juart:~$ [8D[J[00:18:18.007,000] <err> eth_w5500: W5500 receive state inconsistent (header 65535, 65535 buffered): socket reopened
[+ 1044.13] uart:~$ [8D[Juart:~$ [8D[J[00:18:24.522,000] <err> fs: failed to unlink path (-2)
[+ 1044.13] uart:~$ [8D[Juart:~$ [8D[J[00:18:35.225,000] <err> eth_w5500: W5500 receive state inconsistent (header 65535, 65535 buffered): socket reopened
[+ 1044.13] uart:~$ [8D[Juart:~$ [8D[J[00:18:35.426,000] <err> eth_w5500: W5500 receive state inconsistent (header 65535, 65535 buffered): socket reopened
[+ 1044.13] uart:~$ [8D[Juart:~$ [8D[J[00:18:35.797,000] <err> fs: failed to unlink path (-2)
[+ 1045.93] ==== host: coprocessor/status
[+ 1047.10] ==== host: w5500 receive-state events
[+ 1049.21] ==== host: coprocessor/status
[+ 1052.18] uart:~$ [8D[Juart:~$ [8D[J[00:18:43.397,000] <err> fs: failed to unlink path (-2)
[+ 1053.01] ==== host: coprocessor/status
[+ 1056.93] uart:~$ [8D[Juart:~$ [8D[J[00:18:46.662,000] <err> eth_w5500: W5500 receive state inconsistent (header 65535, 65535 buffered): socket reopened
[+ 1056.97] ==== host: coprocessor/status
[+ 1058.19] ==== host: w5500 receive-state events
[+ 1058.95] uart:~$ [8D[Juart:~$ [8D[J[00:18:46.863,000] <err> eth_w5500: W5500 receive state inconsistent (header 65535, 65535 buffered): socket reopened
[+ 1059.16] uart:~$ [8D[Juart:~$ [8D[J[00:18:47.064,000] <err> eth_w5500: W5500 receive state inconsistent (header 65535, 65535 buffered): socket reopened
[+ 1059.16] uart:~$ [8D[Juart:~$ [8D[J[00:18:49.764,000] <err> eth_w5500: W5500 receive state inconsistent (header 65535, 65535 buffered): socket reopened
[+ 1060.30] ==== host: coprocessor/status
[+ 1061.73] ==== host: w5500 receive-state events
[+ 1062.68] uart:~$ [8D[Juart:~$ [8D[J[00:18:49.966,000] <err> eth_w5500: W5500 receive state inconsistent (header 65535, 65535 buffered): socket reopened
[+ 1062.68] uart:~$ [8D[Juart:~$ [8D[J[00:18:53.832,000] <err> fs: failed to unlink path (-2)
[+ 1063.84] ==== host: coprocessor/status
[+ 1065.12] ==== host: w5500 receive-state events
[+ 1068.01] uart:~$ [8D[Juart:~$ [8D[J[00:19:01.210,000] <err> eth_w5500: W5500 receive state inconsistent (header 65535, 65535 buffered): socket reopened
[+ 1068.11] uart:~$ [8D[Juart:~$ [8D[J[00:19:01.411,000] <err> eth_w5500: W5500 receive state inconsistent (header 65535, 65535 buffered): socket reopened
[+ 1068.28] ==== host: coprocessor/status
[+ 1069.46] ==== host: w5500 receive-state events
[+ 1074.65] uart:~$ [8D[Juart:~$ [8D[J[00:19:01.612,000] <err> eth_w5500: W5500 receive state inconsistent (header 65535, 65535 buffered): socket reopened
[+ 1074.65] uart:~$ [8D[Juart:~$ [8D[J[00:19:04.141,000] <err> fs: failed to unlink path (-2)
[+ 1074.65] uart:~$ [8D[Juart:~$ [8D[J[00:19:04.360,000] <err> eth_w5500: W5500 receive state inconsistent (header 65535, 65535 buffered): socket reopened
[+ 1074.65] uart:~$ [8D[Juart:~$ [8D[J[00:19:04.561,000] <err> eth_w5500: W5500 receive state inconsistent (header 65535, 65535 buffered): socket reopened
[+ 1075.49] ==== host: coprocessor/status
[+ 1077.10] ==== host: w5500 receive-state events
[+ 1079.20] ==== host: coprocessor/status
[+ 1082.68] ==== host: coprocessor/status
[+ 1084.05] uart:~$ [8D[Juart:~$ [8D[J[00:19:15.694,000] <err> fs: failed to unlink path (-2)
[+ 1084.15] uart:~$ [8D[Juart:~$ [8D[J[00:19:16.031,000] <err> eth_w5500: W5500 receive state inconsistent (header 65535, 65535 buffered): socket reopened
[+ 1086.00] ==== host: coprocessor/status
[+ 1087.33] ==== host: w5500 receive-state events
[+ 1088.81] uart:~$ [8D[Juart:~$ [8D[J[00:19:18.779,000] <err> eth_w5500: W5500 receive state inconsistent (header 65535, 65535 buffered): socket reopened
[+ 1089.49] ==== host: coprocessor/status
[+ 1090.76] ==== host: w5500 receive-state events
[+ 1094.42] uart:~$ [8D[Juart:~$ [8D[J[00:19:25.478,000] <err> fs: failed to unlink path (-2)
[+ 1097.32] ==== host: coprocessor/status
[+ 1099.75] uart:~$ [8D[Juart:~$ [8D[J[00:19:30.464,000] <err> eth_w5500: W5500 receive state inconsistent (header 65535, 65535 buffered): socket reopened
[+ 1099.96] uart:~$ [8D[Juart:~$ [8D[J[00:19:30.666,000] <err> eth_w5500: W5500 receive state inconsistent (header 65535, 65535 buffered): socket reopened
[+ 1100.27] uart:~$ [8D[Juart:~$ [8D[J[00:19:33.225,000] <err> eth_w5500: W5500 receive state inconsistent (header 65535, 65535 buffered): socket reopened
[+ 1100.27] uart:~$ [8D[Juart:~$ [8D[J[00:19:33.427,000] <err> eth_w5500: W5500 receive state inconsistent (header 65535, 65535 buffered): socket reopened
[+ 1100.68] ==== host: coprocessor/status
[+ 1101.94] ==== host: w5500 receive-state events
[+ 1103.66] uart:~$ [8D[Juart:~$ [8D[J[00:19:34.816,000] <err> fs: failed to unlink path (-2)
[+ 1110.26] uart:~$ [8D[Juart:~$ [8D[J[00:19:41.952,000] <err> eth_w5500: W5500 receive state inconsistent (header 65535, 65535 buffered): socket reopened
[+ 1110.26] uart:~$ [8D[Juart:~$ [8D[J[00:19:42.154,000] <err> eth_w5500: W5500 receive state inconsistent (header 65535, 65535 buffered): socket reopened
[+ 1111.54] ==== host: coprocessor/status
[+ 1112.90] ==== host: w5500 receive-state events
[+ 1120.92] uart:~$ [8D[Juart:~$ [8D[J[00:19:44.974,000] <err> fs: failed to unlink path (-2)
[+ 1121.13] uart:~$ [8D[Juart:~$ [8D[J[00:19:47.812,000] <err> eth_w5500: W5500 receive state inconsistent (header 65535, 65535 buffered): socket reopened
[+ 1121.13] uart:~$ [8D[Juart:~$ [8D[J[00:19:48.013,000] <err> eth_w5500: W5500 receive state inconsistent (header 65535, 65535 buffered): socket reopened
[+ 1121.64] ==== host: coprocessor/status
[+ 1123.00] ==== host: w5500 receive-state events
[+ 1124.45] uart:~$ [8D[Juart:~$ [8D[J[00:19:55.913,000] <err> fs: failed to unlink path (-2)
[+ 1125.83] uart:~$ [8D[Juart:~$ [8D[J[00:19:59.095,000] <err> eth_w5500: W5500 receive state inconsistent (header 65535, 65535 buffered): socket reopened
[+ 1125.83] uart:~$ [8D[Juart:~$ [8D[J[00:19:59.296,000] <err> eth_w5500: W5500 receive state inconsistent (header 65535, 65535 buffered): socket reopened
[+ 1125.83] uart:~$ [8D[Juart:~$ [8D[J[00:19:59.497,000] <err> eth_w5500: W5500 receive state inconsistent (header 65535, 65535 buffered): socket reopened
[+ 1125.83] uart:~$ [8D[Juart:~$ [8D[J[00:19:59.698,000] <err> eth_w5500: W5500 receive state inconsistent (header 65535, 65535 buffered): socket reopened
[+ 1126.10] ==== host: coprocessor/status
[+ 1127.13] ==== host: w5500 receive-state events
[+ 1129.29] ==== host: coprocessor/status
[+ 1132.74] ==== host: coprocessor/status
[+ 1135.10] uart:~$ [8D[Juart:~$ [8D[J[00:20:06.473,000] <err> fs: failed to unlink path (-2)
[+ 1136.21] ==== host: coprocessor/status
[+ 1139.62] ==== host: coprocessor/status
[+ 1143.03] ==== host: coprocessor/status
[+ 1144.90] uart:~$ [8D[Juart:~$ [8D[J[00:20:16.004,000] <err> fs: failed to unlink path (-2)
[+ 1146.55] ==== host: coprocessor/status
[+ 1149.79] uart:~$ [8D[Juart:~$ [8D[J[00:20:22.770,000] <err> eth_w5500: W5500 receive state inconsistent (header 65535, 65535 buffered): socket reopened
[+ 1149.94] ==== host: coprocessor/status
[+ 1151.17] ==== host: w5500 receive-state events
[+ 1156.48] uart:~$ [8D[Juart:~$ [8D[J[00:20:26.239,000] <err> fs: failed to unlink path (-2)
[+ 1157.27] ==== host: coprocessor/status
[+ 1163.17] uart:~$ [8D[Juart:~$ [8D[J[00:20:34.051,000] <err> eth_w5500: W5500 receive state inconsistent (header 65535, 65535 buffered): socket reopened
[+ 1164.12] ==== host: coprocessor/status
[+ 1165.59] ==== host: w5500 receive-state events
[+ 1165.93] uart:~$ [8D[Juart:~$ [8D[J[00:20:34.253,000] <err> eth_w5500: W5500 receive state inconsistent (header 65535, 65535 buffered): socket reopened
[+ 1165.93] uart:~$ [8D[Juart:~$ [8D[J[00:20:34.454,000] <err> eth_w5500: W5500 receive state inconsistent (header 65535, 65535 buffered): socket reopened
[+ 1166.04] uart:~$ [8D[Juart:~$ [8D[J[00:20:37.808,000] <err> fs: failed to unlink path (-2)
[+ 1167.71] ==== host: coprocessor/status
[+ 1168.88] ==== host: w5500 receive-state events
[+ 1170.98] ==== host: coprocessor/status
[+ 1180.74] uart:~$ [8D[Juart:~$ [8D[J[00:20:46.964,000] <err> fs: failed to unlink path (-2)
[+ 1180.95] uart:~$ [8D[Juart:~$ [8D[J[00:20:48.516,000] <err> eth_w5500: W5500 receive state inconsistent (header 65535, 65535 buffered): socket reopened
[+ 1181.16] uart:~$ [8D[Juart:~$ [8D[J[00:20:48.717,000] <err> eth_w5500: W5500 receive state inconsistent (header 65535, 65535 buffered): socket reopened
[+ 1181.16] uart:~$ [8D[Juart:~$ [8D[J[00:20:48.919,000] <err> eth_w5500: W5500 receive state inconsistent (header 65535, 65535 buffered): socket reopened
[+ 1182.35] ==== host: coprocessor/status
[+ 1183.71] ==== host: w5500 receive-state events
[+ 1184.55] uart:~$ [8D[Juart:~$ [8D[J[00:20:51.822,000] <err> eth_w5500: W5500 receive state inconsistent (header 65535, 65535 buffered): socket reopened
[+ 1184.55] uart:~$ [8D[Juart:~$ [8D[J[00:20:55.865,000] <err> fs: failed to unlink path (-2)
[+ 1186.51] ==== host: coprocessor/status
[+ 1187.88] ==== host: w5500 receive-state events
[+ 1190.05] ==== host: coprocessor/status
[+ 1191.74] uart:~$ [8D[Juart:~$ [8D[J[00:21:00.101,000] <err> eth_w5500: W5500 receive state inconsistent (header 65535, 65535 buffered): socket reopened
[+ 1193.32] ==== host: coprocessor/status
[+ 1194.65] ==== host: w5500 receive-state events
[+ 1198.77] uart:~$ [8D[Juart:~$ [8D[J[00:21:00.302,000] <err> eth_w5500: W5500 receive state inconsistent (header 65535, 65535 buffered): socket reopened
[+ 1200.36] ==== host: coprocessor/status
[+ 1201.61] ==== host: w5500 receive-state events
[+ 1202.97] uart:~$ [8D[Juart:~$ [8D[J[00:21:00.503,000] <err> eth_w5500: W5500 receive state inconsistent (header 65535, 65535 buffered): socket reopened
[+ 1203.08] uart:~$ [8D[Juart:~$ [8D[J[00:21:03.373,000] <err> eth_w5500: W5500 receive state inconsistent (header 65535, 65535 buffered): socket reopened
[+ 1204.25] uart:~$ [8D[Juart:~$ [8D[J[00:21:03.574,000] <err> eth_w5500: W5500 receive state inconsistent (header 65535, 65535 buffered): socket reopened
[+ 1204.80] ==== host: coprocessor/status
[+ 1205.97] ==== host: w5500 receive-state events
[+ 1206.05] uart:~$ [8D[Juart:~$ [8D[J[00:21:06.138,000] <err> eth_w5500: W5500 receive state inconsistent (header 65535, 65535 buffered): socket reopened
[+ 1207.01] uart:~$ [8D[Juart:~$ [8D[J[00:21:06.339,000] <err> eth_w5500: W5500 receive state inconsistent (header 65535, 65535 buffered): socket reopened
[+ 1207.11] uart:~$ [8D[Juart:~$ [8D[J[00:21:07.163,000] <err> fs: failed to unlink path (-2)
[+ 1207.11] uart:~$ [8D[Juart:~$ [8D[J[00:21:17.491,000] <err> eth_w5500: W5500 receive state inconsistent (header 65535, 65535 buffered): socket reopened
[+ 1207.11] uart:~$ [8D[Juart:~$ [8D[J[00:21:17.692,000] <err> eth_w5500: W5500 receive state inconsistent (header 65535, 65535 buffered): socket reopened
[+ 1207.96] uart:~$ [8D[Juart:~$ [8D[J[00:21:17.893,000] <err> eth_w5500: W5500 receive state inconsistent (header 65535, 65535 buffered): socket reopened
[+ 1208.08] ==== host: coprocessor/status
[+ 1209.52] ==== host: w5500 receive-state events
[+ 1213.57] uart:~$ [8D[Juart:~$ [8D[J[00:21:18.094,000] <err> eth_w5500: W5500 receive state inconsistent (header 65535, 65535 buffered): socket reopened
[+ 1215.11] ==== host: coprocessor/status
[+ 1216.46] ==== host: w5500 receive-state events
[+ 1217.00] uart:~$ [8D[Juart:~$ [8D[J[00:21:18.752,000] <err> fs: failed to unlink path (-2)
[+ 1217.00] uart:~$ [8D[Juart:~$ [8D[J[00:21:28.341,000] <err> fs: failed to unlink path (-2)
[+ 1218.69] ==== host: coprocessor/status
[+ 1224.04] uart:~$ [8D[Juart:~$ [8D[J[00:21:34.928,000] <err> eth_w5500: W5500 receive state inconsistent (header 65535, 65535 buffered): socket reopened
[+ 1224.25] uart:~$ [8D[Juart:~$ [8D[J[00:21:35.129,000] <err> eth_w5500: W5500 receive state inconsistent (header 65535, 65535 buffered): socket reopened
[+ 1225.60] ==== host: coprocessor/status
[+ 1226.91] ==== host: w5500 receive-state events
[+ 1227.35] uart:~$ [8D[Juart:~$ [8D[J[00:21:35.331,000] <err> eth_w5500: W5500 receive state inconsistent (header 65535, 65535 buffered): socket reopened
[+ 1227.45] uart:~$ [8D[Juart:~$ [8D[J[00:21:35.532,000] <err> eth_w5500: W5500 receive state inconsistent (header 65535, 65535 buffered): socket reopened
[+ 1227.45] uart:~$ [8D[Juart:~$ [8D[J[00:21:38.853,000] <err> fs: failed to unlink path (-2)
[+ 1229.03] ==== host: coprocessor/status
[+ 1230.20] ==== host: w5500 receive-state events
[+ 1233.07] ==== host: coprocessor/status
[+ 1246.58] uart:~$ [8D[Juart:~$ [8D[J[00:21:46.592,000] <err> eth_w5500: W5500 receive state inconsistent (header 65535, 65535 buffered): socket reopened
[+ 1248.33] ==== host: coprocessor/status
[+ 1249.68] ==== host: w5500 receive-state events
[+ 1250.31] uart:~$ [8D[Juart:~$ [8D[J[00:21:46.793,000] <err> eth_w5500: W5500 receive state inconsistent (header 65535, 65535 buffered): socket reopened
[+ 1250.31] uart:~$ [8D[Juart:~$ [8D[J[00:21:46.994,000] <err> eth_w5500: W5500 receive state inconsistent (header 65535, 65535 buffered): socket reopened
[+ 1250.31] uart:~$ [8D[Juart:~$ [8D[J[00:21:49.281,000] <err> fs: failed to unlink path (-2)
[+ 1250.31] uart:~$ [8D[Juart:~$ [8D[J[00:21:52.630,000] <err> eth_w5500: W5500 receive state inconsistent (header 65535, 65535 buffered): socket reopened
[+ 1250.42] uart:~$ [8D[Juart:~$ [8D[J[00:21:52.831,000] <err> eth_w5500: W5500 receive state inconsistent (header 65535, 65535 buffered): socket reopened
[+ 1251.26] uart:~$ [8D[Juart:~$ [8D[J[00:21:58.167,000] <err> eth_w5500: W5500 receive state inconsistent (header 65535, 65535 buffered): socket reopened
[+ 1251.94] ==== host: coprocessor/status
[+ 1253.13] ==== host: w5500 receive-state events
[+ 1254.78] uart:~$ [8D[Juart:~$ [8D[J[00:21:58.368,000] <err> eth_w5500: W5500 receive state inconsistent (header 65535, 65535 buffered): socket reopened
[+ 1254.99] uart:~$ [8D[Juart:~$ [8D[J[00:21:58.569,000] <err> eth_w5500: W5500 receive state inconsistent (header 65535, 65535 buffered): socket reopened
[+ 1256.57] ==== host: w5500 receive-state events
[+ 1258.59] uart:~$ [8D[Juart:~$ [8D[J[00:21:58.770,000] <err> eth_w5500: W5500 receive state inconsistent (header 65535, 65535 buffered): socket reopened
[+ 1258.59] uart:~$ [8D[Juart:~$ [8D[J[00:22:01.118,000] <err> eth_w5500: W5500 receive state inconsistent (header 65535, 65535 buffered): socket reopened
[+ 1258.59] uart:~$ [8D[Juart:~$ [8D[J[00:22:01.320,000] <err> eth_w5500: W5500 receive state inconsistent (header 65535, 65535 buffered): socket reopened
[+ 1258.73] ==== host: coprocessor/status
[+ 1259.97] ==== host: w5500 receive-state events
[+ 1260.81] uart:~$ [8D[Juart:~$ [8D[J[00:22:01.521,000] <err> eth_w5500: W5500 receive state inconsistent (header 65535, 65535 buffered): socket reopened
[+ 1265.27] uart:~$ [8D[Juart:~$ [8D[J[00:22:01.997,000] <err> fs: failed to unlink path (-2)
[+ 1265.27] uart:~$ [8D[Juart:~$ [8D[J[00:22:11.406,000] <err> fs: failed to unlink path (-2)
[+ 1265.60] ==== host: coprocessor/status
[+ 1267.20] uart:~$ [8D[Juart:~$ [8D[J[00:22:15.617,000] <err> eth_w5500: W5500 receive state inconsistent (header 65535, 65535 buffered): socket reopened
[+ 1268.89] ==== host: coprocessor/status
[+ 1270.22] ==== host: w5500 receive-state events
[+ 1271.12] uart:~$ [8D[Juart:~$ [8D[J[00:22:15.818,000] <err> eth_w5500: W5500 receive state inconsistent (header 65535, 65535 buffered): socket reopened
[+ 1271.22] uart:~$ [8D[Juart:~$ [8D[J[00:22:16.019,000] <err> eth_w5500: W5500 receive state inconsistent (header 65535, 65535 buffered): socket reopened
[+ 1271.22] uart:~$ [8D[Juart:~$ [8D[J[00:22:16.220,000] <err> eth_w5500: W5500 receive state inconsistent (header 65535, 65535 buffered): socket reopened
[+ 1271.22] uart:~$ [8D[Juart:~$ [8D[J[00:22:18.855,000] <err> eth_w5500: W5500 receive state inconsistent (header 65535, 65535 buffered): socket reopened
[+ 1271.22] uart:~$ [8D[Juart:~$ [8D[J[00:22:19.057,000] <err> eth_w5500: W5500 receive state inconsistent (header 65535, 65535 buffered): socket reopened
[+ 1271.33] uart:~$ [8D[Juart:~$ [8D[J[00:22:21.706,000] <err> eth_w5500: W5500 receive state inconsistent (header 65535, 65535 buffered): socket reopened
[+ 1271.33] uart:~$ [8D[Juart:~$ [8D[J[00:22:21.907,000] <err> eth_w5500: W5500 receive state inconsistent (header 65535, 65535 buffered): socket reopened
[+ 1271.33] uart:~$ [8D[Juart:~$ [8D[J[00:22:22.313,000] <err> fs: failed to unlink path (-2)
[+ 1272.40] ==== host: coprocessor/status
[+ 1273.64] ==== host: w5500 receive-state events
[+ 1280.21] ==== host: coprocessor/status
[+ 1283.29] uart:~$ [8D[Juart:~$ [8D[J[00:22:32.589,000] <err> fs: failed to unlink path (-2)
[+ 1283.29] uart:~$ [8D[Juart:~$ [8D[J[00:22:33.235,000] <err> eth_w5500: W5500 receive state inconsistent (header 65535, 65535 buffered): socket reopened
[+ 1283.29] uart:~$ [8D[Juart:~$ [8D[J[00:22:33.436,000] <err> eth_w5500: W5500 receive state inconsistent (header 65535, 65535 buffered): socket reopened
[+ 1283.29] uart:~$ [8D[Juart:~$ [8D[J[00:22:33.637,000] <err> eth_w5500: W5500 receive state inconsistent (header 65535, 65535 buffered): socket reopened
[+ 1284.28] ==== host: coprocessor/status
[+ 1285.53] ==== host: w5500 receive-state events
[+ 1291.28] ==== host: coprocessor/status
[+ 1292.97] uart:~$ [8D[Juart:~$ [8D[J[00:22:44.348,000] <err> fs: failed to unlink path (-2)
[+ 1292.97] uart:~$ [8D[Juart:~$ [8D[J[00:22:45.101,000] <err> eth_w5500: W5500 receive state inconsistent (header 65535, 65535 buffered): socket reopened
[+ 1294.74] ==== host: coprocessor/status
[+ 1296.01] ==== host: w5500 receive-state events
[+ 1298.19] ==== host: coprocessor/status
[+ 1303.09] uart:~$ [8D[Juart:~$ [8D[J[00:22:54.269,000] <err> fs: failed to unlink path (-2)
[+ 1306.01] ==== host: coprocessor/status
[+ 1315.21] uart:~$ [8D[Juart:~$ [8D[J[00:22:59.190,000] <err> eth_w5500: W5500 receive state inconsistent (header 65535, 65535 buffered): socket reopened
[+ 1315.32] uart:~$ [8D[Juart:~$ [8D[J[00:22:59.392,000] <err> eth_w5500: W5500 receive state inconsistent (header 65535, 65535 buffered): socket reopened
[+ 1315.32] uart:~$ [8D[Juart:~$ [8D[J[00:22:59.593,000] <err> eth_w5500: W5500 receive state inconsistent (header 65535, 65535 buffered): socket reopened
[+ 1315.32] uart:~$ [8D[Juart:~$ [8D[J[00:22:59.794,000] <err> eth_w5500: W5500 receive state inconsistent (header 65535, 65535 buffered): socket reopened
[+ 1315.32] uart:~$ [8D[Juart:~$ [8D[J[00:23:02.096,000] <err> eth_w5500: W5500 receive state inconsistent (header 65535, 65535 buffered): socket reopened
[+ 1315.42] uart:~$ [8D[Juart:~$ [8D[J[00:23:02.297,000] <err> eth_w5500: W5500 receive state inconsistent (header 65535, 65535 buffered): socket reopened
[+ 1315.42] uart:~$ [8D[Juart:~$ [8D[J[00:23:02.498,000] <err> eth_w5500: W5500 receive state inconsistent (header 65535, 65535 buffered): socket reopened
[+ 1315.42] uart:~$ [8D[Juart:~$ [8D[J[00:23:02.700,000] <err> eth_w5500: W5500 receive state inconsistent (header 65535, 65535 buffered): socket reopened
[+ 1315.42] uart:~$ [8D[Juart:~$ [8D[J[00:23:05.212,000] <err> eth_w5500: W5500 receive state inconsistent (header 65535, 65535 buffered): socket reopened
[+ 1315.53] uart:~$ [8D[Juart:~$ [8D[J[00:23:05.413,000] <err> eth_w5500: W5500 receive state inconsistent (header 65535, 65535 buffered): socket reopened
[+ 1315.53] uart:~$ [8D[Juart:~$ [8D[J[00:23:05.615,000] <err> eth_w5500: W5500 receive state inconsistent (header 65535, 65535 buffered): socket reopened
[+ 1315.53] uart:~$ [8D[Juart:~$ [8D[J[00:23:06.508,000] <err> fs: failed to unlink path (-2)
[+ 1316.50] ==== host: coprocessor/status
[+ 1317.75] ==== host: w5500 receive-state events
[+ 1320.85] uart:~$ [8D[Juart:~$ [8D[J[00:23:13.867,000] <err> eth_w5500: W5500 receive state inconsistent (header 65535, 65535 buffered): socket reopened
[+ 1320.93] ==== host: coprocessor/status
[+ 1322.16] ==== host: w5500 receive-state events
[+ 1324.27] ==== host: coprocessor/status
[+ 1325.63] ==== host: w5500 receive-state events
[+ 1327.21] uart:~$ [8D[Juart:~$ [8D[J[00:23:14.068,000] <err> eth_w5500: W5500 receive state inconsistent (header 65535, 65535 buffered): socket reopened
[+ 1327.32] uart:~$ [8D[Juart:~$ [8D[J[00:23:14.269,000] <err> eth_w5500: W5500 receive state inconsistent (header 65535, 65535 buffered): socket reopened
[+ 1327.32] uart:~$ [8D[Juart:~$ [8D[J[00:23:17.562,000] <err> fs: failed to unlink path (-2)
[+ 1328.32] ==== host: coprocessor/status
[+ 1329.58] ==== host: w5500 receive-state events
[+ 1333.78] uart:~$ [8D[Juart:~$ [8D[J[00:23:25.695,000] <err> eth_w5500: W5500 receive state inconsistent (header 65535, 65535 buffered): socket reopened
[+ 1333.99] uart:~$ [8D[Juart:~$ [8D[J[00:23:25.896,000] <err> eth_w5500: W5500 receive state inconsistent (header 65535, 65535 buffered): socket reopened
[+ 1335.04] ==== host: coprocessor/status
[+ 1336.40] ==== host: w5500 receive-state events
[+ 1337.81] uart:~$ [8D[Juart:~$ [8D[J[00:23:28.438,000] <err> eth_w5500: W5500 receive state inconsistent (header 65535, 65535 buffered): socket reopened
[+ 1337.81] uart:~$ [8D[Juart:~$ [8D[J[00:23:28.640,000] <err> eth_w5500: W5500 receive state inconsistent (header 65535, 65535 buffered): socket reopened
[+ 1337.91] uart:~$ [8D[Juart:~$ [8D[J[00:23:28.841,000] <err> eth_w5500: W5500 receive state inconsistent (header 65535, 65535 buffered): socket reopened
[+ 1337.91] uart:~$ [8D[Juart:~$ [8D[J[00:23:29.242,000] <err> fs: failed to unlink path (-2)
[+ 1337.91] uart:~$ [8D[Juart:~$ [8D[J[00:23:31.320,000] <err> eth_w5500: W5500 receive state inconsistent (header 65535, 65535 buffered): socket reopened
[+ 1337.91] uart:~$ [8D[Juart:~$ [8D[J[00:23:31.521,000] <err> eth_w5500: W5500 receive state inconsistent (header 65535, 65535 buffered): socket reopened
[+ 1338.02] uart:~$ [8D[Juart:~$ [8D[J[00:23:31.723,000] <err> eth_w5500: W5500 receive state inconsistent (header 65535, 65535 buffered): socket reopened
[+ 1338.94] ==== host: coprocessor/status
[+ 1340.28] ==== host: w5500 receive-state events
[+ 1346.32] ==== host: coprocessor/status
[+ 1348.45] uart:~$ [8D[Juart:~$ [8D[J[00:23:39.317,000] <err> fs: failed to unlink path (-2)
[+ 1348.45] uart:~$ [8D[Juart:~$ [8D[J[00:23:39.919,000] <err> eth_w5500: W5500 receive state inconsistent (header 65535, 65535 buffered): socket reopened
[+ 1348.56] uart:~$ [8D[Juart:~$ [8D[J[00:23:40.120,000] <err> eth_w5500: W5500 receive state inconsistent (header 65535, 65535 buffered): socket reopened
[+ 1348.56] uart:~$ [8D[Juart:~$ [8D[J[00:23:40.321,000] <err> eth_w5500: W5500 receive state inconsistent (header 65535, 65535 buffered): socket reopened
[+ 1349.71] ==== host: coprocessor/status
[+ 1351.40] ==== host: w5500 receive-state events
[+ 1355.88] uart:~$ [8D[Juart:~$ [8D[J[00:23:43.126,000] <err> eth_w5500: W5500 receive state inconsistent (header 65535, 65535 buffered): socket reopened
[+ 1356.19] uart:~$ [8D[Juart:~$ [8D[J[00:23:43.327,000] <err> eth_w5500: W5500 receive state inconsistent (header 65535, 65535 buffered): socket reopened
[+ 1357.10] ==== host: coprocessor/status
[+ 1358.46] ==== host: w5500 receive-state events
[+ 1359.59] uart:~$ [8D[Juart:~$ [8D[J[00:23:50.861,000] <err> fs: failed to unlink path (-2)
[+ 1360.65] ==== host: coprocessor/status
[+ 1367.12] uart:~$ [8D[Juart:~$ [8D[J[00:23:57.495,000] <err> eth_w5500: W5500 receive state inconsistent (header 65535, 65535 buffered): socket reopened
[+ 1367.44] uart:~$ [8D[Juart:~$ [8D[J[00:23:57.697,000] <err> eth_w5500: W5500 receive state inconsistent (header 65535, 65535 buffered): socket reopened
[+ 1367.58] ==== host: coprocessor/status
[+ 1368.92] ==== host: w5500 receive-state events
[+ 1373.91] uart:~$ [8D[Juart:~$ [8D[J[00:23:57.898,000] <err> eth_w5500: W5500 receive state inconsistent (header 65535, 65535 buffered): socket reopened
[+ 1373.91] uart:~$ [8D[Juart:~$ [8D[J[00:24:00.394,000] <err> eth_w5500: W5500 receive state inconsistent (header 65535, 65535 buffered): socket reopened
[+ 1373.91] uart:~$ [8D[Juart:~$ [8D[J[00:24:00.595,000] <err> eth_w5500: W5500 receive state inconsistent (header 65535, 65535 buffered): socket reopened
[+ 1374.02] uart:~$ [8D[Juart:~$ [8D[J[00:24:00.796,000] <err> eth_w5500: W5500 receive state inconsistent (header 65535, 65535 buffered): socket reopened
[+ 1374.02] uart:~$ [8D[Juart:~$ [8D[J[00:24:03.681,000] <err> fs: failed to unlink path (-2)
[+ 1375.22] ==== host: coprocessor/status
[+ 1376.46] ==== host: w5500 receive-state events
[+ 1381.64] uart:~$ [8D[Juart:~$ [8D[J[00:24:11.973,000] <err> eth_w5500: W5500 receive state inconsistent (header 65535, 65535 buffered): socket reopened
[+ 1381.96] uart:~$ [8D[Juart:~$ [8D[J[00:24:12.174,000] <err> eth_w5500: W5500 receive state inconsistent (header 65535, 65535 buffered): socket reopened
[+ 1382.01] ==== host: coprocessor/status
[+ 1383.32] ==== host: w5500 receive-state events
[+ 1385.05] uart:~$ [8D[Juart:~$ [8D[J[00:24:12.375,000] <err> eth_w5500: W5500 receive state inconsistent (header 65535, 65535 buffered): socket reopened
[+ 1385.05] uart:~$ [8D[Juart:~$ [8D[J[00:24:14.845,000] <err> eth_w5500: W5500 receive state inconsistent (header 65535, 65535 buffered): socket reopened
[+ 1385.93] ==== host: coprocessor/status
[+ 1387.33] ==== host: w5500 receive-state events
[+ 1391.17] uart:~$ [8D[Juart:~$ [8D[J[00:24:15.046,000] <err> eth_w5500: W5500 receive state inconsistent (header 65535, 65535 buffered): socket reopened
[+ 1391.38] uart:~$ [8D[Juart:~$ [8D[J[00:24:15.247,000] <err> eth_w5500: W5500 receive state inconsistent (header 65535, 65535 buffered): socket reopened
[+ 1391.59] uart:~$ [8D[Juart:~$ [8D[J[00:24:18.074,000] <err> fs: failed to unlink path (-2)
[+ 1392.96] ==== host: coprocessor/status
[+ 1394.20] ==== host: w5500 receive-state events
[+ 1395.13] uart:~$ [8D[Juart:~$ [8D[J[00:24:26.259,000] <err> fs: failed to unlink path (-2)
[+ 1395.24] uart:~$ [8D[Juart:~$ [8D[J[00:24:26.868,000] <err> eth_w5500: W5500 receive state inconsistent (header 65535, 65535 buffered): socket reopened
[+ 1396.33] ==== host: coprocessor/status
[+ 1397.57] ==== host: w5500 receive-state events
[+ 1402.11] uart:~$ [8D[Juart:~$ [8D[J[00:24:32.492,000] <err> eth_w5500: W5500 receive state inconsistent (header 65535, 65535 buffered): socket reopened
[+ 1402.43] uart:~$ [8D[Juart:~$ [8D[J[00:24:32.694,000] <err> eth_w5500: W5500 receive state inconsistent (header 65535, 65535 buffered): socket reopened
[+ 1403.16] ==== host: coprocessor/status
[+ 1404.52] ==== host: w5500 receive-state events
[+ 1406.03] uart:~$ [8D[Juart:~$ [8D[J[00:24:37.274,000] <err> fs: failed to unlink path (-2)
[+ 1407.22] ==== host: coprocessor/status
[+ 1413.49] uart:~$ [8D[Juart:~$ [8D[J[00:24:43.978,000] <err> eth_w5500: W5500 receive state inconsistent (header 65535, 65535 buffered): socket reopened
[+ 1413.70] uart:~$ [8D[Juart:~$ [8D[J[00:24:44.179,000] <err> eth_w5500: W5500 receive state inconsistent (header 65535, 65535 buffered): socket reopened
[+ 1413.70] uart:~$ [8D[Juart:~$ [8D[J[00:24:44.381,000] <err> eth_w5500: W5500 receive state inconsistent (header 65535, 65535 buffered): socket reopened
[+ 1413.94] ==== host: coprocessor/status
[+ 1415.19] ==== host: w5500 receive-state events
[+ 1422.35] uart:~$ [8D[Juart:~$ [8D[J[00:24:46.753,000] <err> eth_w5500: W5500 receive state inconsistent (header 65535, 65535 buffered): socket reopened
[+ 1422.35] uart:~$ [8D[Juart:~$ [8D[J[00:24:46.954,000] <err> eth_w5500: W5500 receive state inconsistent (header 65535, 65535 buffered): socket reopened
[+ 1422.45] uart:~$ [8D[Juart:~$ [8D[J[00:24:47.155,000] <err> eth_w5500: W5500 receive state inconsistent (header 65535, 65535 buffered): socket reopened
[+ 1422.45] uart:~$ [8D[Juart:~$ [8D[J[00:24:47.357,000] <err> eth_w5500: W5500 receive state inconsistent (header 65535, 65535 buffered): socket reopened
[+ 1422.45] uart:~$ [8D[Juart:~$ [8D[J[00:24:49.760,000] <err> eth_w5500: W5500 receive state inconsistent (header 65535, 65535 buffered): socket reopened
[+ 1422.45] uart:~$ [8D[Juart:~$ [8D[J[00:24:49.961,000] <err> eth_w5500: W5500 receive state inconsistent (header 65535, 65535 buffered): socket reopened
[+ 1422.56] uart:~$ [8D[Juart:~$ [8D[J[00:24:50.162,000] <err> eth_w5500: W5500 receive state inconsistent (header 65535, 65535 buffered): socket reopened
[+ 1422.56] uart:~$ [8D[Juart:~$ [8D[J[00:24:51.063,000] <err> fs: failed to unlink path (-2)
[+ 1424.82] ==== host: coprocessor/status
[+ 1426.06] ==== host: w5500 receive-state events
[+ 1429.87] uart:~$ [8D[Juart:~$ [8D[J[00:24:58.402,000] <err> eth_w5500: W5500 receive state inconsistent (header 65535, 65535 buffered): socket reopened
[+ 1430.09] uart:~$ [8D[Juart:~$ [8D[J[00:24:58.604,000] <err> eth_w5500: W5500 receive state inconsistent (header 65535, 65535 buffered): socket reopened
[+ 1431.63] ==== host: coprocessor/status
[+ 1432.97] ==== host: w5500 receive-state events
[+ 1433.81] uart:~$ [8D[Juart:~$ [8D[J[00:24:58.805,000] <err> eth_w5500: W5500 receive state inconsistent (header 65535, 65535 buffered): socket reopened
[+ 1433.81] uart:~$ [8D[Juart:~$ [8D[J[00:25:01.552,000] <err> eth_w5500: W5500 receive state inconsistent (header 65535, 65535 buffered): socket reopened
[+ 1433.92] uart:~$ [8D[Juart:~$ [8D[J[00:25:01.753,000] <err> eth_w5500: W5500 receive state inconsistent (header 65535, 65535 buffered): socket reopened
[+ 1433.92] uart:~$ [8D[Juart:~$ [8D[J[00:25:04.431,000] <err> eth_w5500: W5500 receive state inconsistent (header 65535, 65535 buffered): socket reopened
[+ 1433.92] uart:~$ [8D[Juart:~$ [8D[J[00:25:04.632,000] <err> eth_w5500: W5500 receive state inconsistent (header 65535, 65535 buffered): socket reopened
[+ 1433.92] uart:~$ [8D[Juart:~$ [8D[J[00:25:05.679,000] <err> fs: failed to unlink path (-2)
[+ 1435.14] ==== host: coprocessor/status
[+ 1436.51] ==== host: w5500 receive-state events
[+ 1441.31] uart:~$ [8D[Juart:~$ [8D[J[00:25:12.915,000] <err> eth_w5500: W5500 receive state inconsistent (header 65535, 65535 buffered): socket reopened
[+ 1441.63] uart:~$ [8D[Juart:~$ [8D[J[00:25:13.117,000] <err> eth_w5500: W5500 receive state inconsistent (header 65535, 65535 buffered): socket reopened
[+ 1442.96] ==== host: coprocessor/status
[+ 1444.31] ==== host: w5500 receive-state events
[+ 1444.71] uart:~$ [8D[Juart:~$ [8D[J[00:25:13.318,000] <err> eth_w5500: W5500 receive state inconsistent (header 65535, 65535 buffered): socket reopened
[+ 1444.71] uart:~$ [8D[Juart:~$ [8D[J[00:25:13.519,000] <err> eth_w5500: W5500 receive state inconsistent (header 65535, 65535 buffered): socket reopened
[+ 1444.71] uart:~$ [8D[Juart:~$ [8D[J[00:25:16.230,000] <err> fs: failed to unlink path (-2)
[+ 1446.49] ==== host: coprocessor/status
[+ 1447.89] ==== host: w5500 receive-state events
[+ 1455.35] uart:~$ [8D[Juart:~$ [8D[J[00:25:26.641,000] <err> fs: failed to unlink path (-2)
[+ 1457.00] ==== host: coprocessor/status
[+ 1460.40] ==== host: coprocessor/status
[+ 1463.77] ==== host: coprocessor/status
[+ 1469.03] uart:~$ [8D[Juart:~$ [8D[J[00:25:36.568,000] <err> eth_w5500: W5500 receive state inconsistent (header 65535, 65535 buffered): socket reopened
[+ 1469.03] uart:~$ [8D[Juart:~$ [8D[J[00:25:36.769,000] <err> eth_w5500: W5500 receive state inconsistent (header 65535, 65535 buffered): socket reopened
[+ 1469.03] uart:~$ [8D[Juart:~$ [8D[J[00:25:37.422,000] <err> fs: failed to unlink path (-2)
[+ 1471.70] ==== host: coprocessor/status
[+ 1473.04] ==== host: w5500 receive-state events
[+ 1476.90] uart:~$ [8D[Juart:~$ [8D[J[00:25:44.910,000] <err> eth_w5500: W5500 receive state inconsistent (header 65535, 65535 buffered): socket reopened
[+ 1477.10] uart:~$ [8D[Juart:~$ [8D[J[00:25:45.111,000] <err> eth_w5500: W5500 receive state inconsistent (header 65535, 65535 buffered): socket reopened
[+ 1477.31] uart:~$ [8D[Juart:~$ [8D[J[00:25:45.313,000] <err> eth_w5500: W5500 receive state inconsistent (header 65535, 65535 buffered): socket reopened
[+ 1478.70] ==== host: coprocessor/status
[+ 1480.00] ==== host: w5500 receive-state events
[+ 1480.31] uart:~$ [8D[Juart:~$ [8D[J[00:25:45.514,000] <err> eth_w5500: W5500 receive state inconsistent (header 65535, 65535 buffered): socket reopened
[+ 1480.31] uart:~$ [8D[Juart:~$ [8D[J[00:25:47.948,000] <err> eth_w5500: W5500 receive state inconsistent (header 65535, 65535 buffered): socket reopened
[+ 1480.41] uart:~$ [8D[Juart:~$ [8D[J[00:25:48.149,000] <err> eth_w5500: W5500 receive state inconsistent (header 65535, 65535 buffered): socket reopened
[+ 1480.41] uart:~$ [8D[Juart:~$ [8D[J[00:25:48.350,000] <err> eth_w5500: W5500 receive state inconsistent (header 65535, 65535 buffered): socket reopened
[+ 1480.41] uart:~$ [8D[Juart:~$ [8D[J[00:25:51.915,000] <err> fs: failed to unlink path (-2)
[+ 1482.12] ==== host: coprocessor/status
[+ 1483.36] ==== host: w5500 receive-state events
[+ 1486.42] uart:~$ [8D[Juart:~$ [8D[J[00:25:59.449,000] <err> eth_w5500: W5500 receive state inconsistent (header 65535, 65535 buffered): socket reopened
[+ 1486.52] ==== host: coprocessor/status
[+ 1487.75] ==== host: w5500 receive-state events
[+ 1498.72] uart:~$ [8D[Juart:~$ [8D[J[00:25:59.650,000] <err> eth_w5500: W5500 receive state inconsistent (header 65535, 65535 buffered): socket reopened
[+ 1498.93] uart:~$ [8D[Juart:~$ [8D[J[00:25:59.851,000] <err> eth_w5500: W5500 receive state inconsistent (header 65535, 65535 buffered): socket reopened
[+ 1498.93] uart:~$ [8D[Juart:~$ [8D[J[00:26:00.052,000] <err> eth_w5500: W5500 receive state inconsistent (header 65535, 65535 buffered): socket reopened
[+ 1500.51] ==== host: coprocessor/status
[+ 1501.67] ==== host: w5500 receive-state events
[+ 1503.05] uart:~$ [8D[Juart:~$ [8D[J[00:26:02.466,000] <err> eth_w5500: W5500 receive state inconsistent (header 65535, 65535 buffered): socket reopened
[+ 1503.05] uart:~$ [8D[Juart:~$ [8D[J[00:26:02.667,000] <err> eth_w5500: W5500 receive state inconsistent (header 65535, 65535 buffered): socket reopened
[+ 1503.15] uart:~$ [8D[Juart:~$ [8D[J[00:26:02.868,000] <err> eth_w5500: W5500 receive state inconsistent (header 65535, 65535 buffered): socket reopened
[+ 1503.15] uart:~$ [8D[Juart:~$ [8D[J[00:26:03.262,000] <err> fs: failed to unlink path (-2)
[+ 1503.15] uart:~$ [8D[Juart:~$ [8D[J[00:26:13.635,000] <err> fs: failed to unlink path (-2)
[+ 1503.15] uart:~$ [8D[Juart:~$ [8D[J[00:26:14.029,000] <err> eth_w5500: W5500 receive state inconsistent (header 65535, 65535 buffered): socket reopened
[+ 1503.15] uart:~$ [8D[Juart:~$ [8D[J[00:26:14.230,000] <err> eth_w5500: W5500 receive state inconsistent (header 65535, 65535 buffered): socket reopened
[+ 1503.25] uart:~$ [8D[Juart:~$ [8D[J[00:26:14.431,000] <err> eth_w5500: W5500 receive state inconsistent (header 65535, 65535 buffered): socket reopened
[+ 1504.24] ==== host: coprocessor/status
[+ 1505.60] ==== host: w5500 receive-state events
[+ 1511.15] ==== host: coprocessor/status
[+ 1517.18] uart:~$ [8D[Juart:~$ [8D[J[00:26:25.002,000] <err> fs: failed to unlink path (-2)
[+ 1517.18] uart:~$ [8D[Juart:~$ [8D[J[00:26:28.593,000] <err> eth_w5500: W5500 receive state inconsistent (header 65535, 65535 buffered): socket reopened
[+ 1517.18] uart:~$ [8D[Juart:~$ [8D[J[00:26:28.794,000] <err> eth_w5500: W5500 receive state inconsistent (header 65535, 65535 buffered): socket reopened
[+ 1517.29] uart:~$ [8D[Juart:~$ [8D[J[00:26:28.995,000] <err> eth_w5500: W5500 receive state inconsistent (header 65535, 65535 buffered): socket reopened
[+ 1518.63] ==== host: coprocessor/status
[+ 1519.96] ==== host: w5500 receive-state events
[+ 1524.22] uart:~$ [8D[Juart:~$ [8D[J[00:26:31.729,000] <err> eth_w5500: W5500 receive state inconsistent (header 65535, 65535 buffered): socket reopened
[+ 1524.42] uart:~$ [8D[Juart:~$ [8D[J[00:26:31.930,000] <err> eth_w5500: W5500 receive state inconsistent (header 65535, 65535 buffered): socket reopened
[+ 1525.60] ==== host: coprocessor/status
[+ 1526.88] ==== host: w5500 receive-state events
[+ 1527.42] uart:~$ [8D[Juart:~$ [8D[J[00:26:39.247,000] <err> fs: failed to unlink path (-2)
[+ 1529.98] ==== host: coprocessor/status
[+ 1533.10] uart:~$ [8D[Juart:~$ [8D[J[00:26:43.197,000] <err> eth_w5500: W5500 receive state inconsistent (header 65535, 65535 buffered): socket reopened
[+ 1533.41] uart:~$ [8D[Juart:~$ [8D[J[00:26:43.399,000] <err> eth_w5500: W5500 receive state inconsistent (header 65535, 65535 buffered): socket reopened
[+ 1533.41] uart:~$ [8D[Juart:~$ [8D[J[00:26:43.600,000] <err> eth_w5500: W5500 receive state inconsistent (header 65535, 65535 buffered): socket reopened
[+ 1533.52] ==== host: coprocessor/status
[+ 1534.83] ==== host: w5500 receive-state events
[+ 1538.58] uart:~$ [8D[Juart:~$ [8D[J[00:26:46.338,000] <err> eth_w5500: W5500 receive state inconsistent (header 65535, 65535 buffered): socket reopened
[+ 1538.58] uart:~$ [8D[Juart:~$ [8D[J[00:26:46.539,000] <err> eth_w5500: W5500 receive state inconsistent (header 65535, 65535 buffered): socket reopened
[+ 1538.58] uart:~$ [8D[Juart:~$ [8D[J[00:26:49.947,000] <err> fs: failed to unlink path (-2)
[+ 1540.52] ==== host: coprocessor/status
[+ 1541.75] ==== host: w5500 receive-state events
[+ 1545.58] uart:~$ [8D[Juart:~$ [8D[J[00:26:57.851,000] <err> eth_w5500: W5500 receive state inconsistent (header 65535, 65535 buffered): socket reopened
[+ 1545.79] uart:~$ [8D[Juart:~$ [8D[J[00:26:58.052,000] <err> eth_w5500: W5500 receive state inconsistent (header 65535, 65535 buffered): socket reopened
[+ 1547.38] ==== host: coprocessor/status
[+ 1548.65] ==== host: w5500 receive-state events
[+ 1552.71] uart:~$ [8D[Juart:~$ [8D[J[00:27:00.491,000] <err> eth_w5500: W5500 receive state inconsistent (header 65535, 65535 buffered): socket reopened
[+ 1552.81] uart:~$ [8D[Juart:~$ [8D[J[00:27:00.692,000] <err> eth_w5500: W5500 receive state inconsistent (header 65535, 65535 buffered): socket reopened
[+ 1552.81] uart:~$ [8D[Juart:~$ [8D[J[00:27:00.893,000] <err> eth_w5500: W5500 receive state inconsistent (header 65535, 65535 buffered): socket reopened
[+ 1552.81] uart:~$ [8D[Juart:~$ [8D[J[00:27:01.094,000] <err> eth_w5500: W5500 receive state inconsistent (header 65535, 65535 buffered): socket reopened
[+ 1552.81] uart:~$ [8D[Juart:~$ [8D[J[00:27:03.156,000] <err> fs: failed to unlink path (-2)
[+ 1552.91] uart:~$ [8D[Juart:~$ [8D[J[00:27:03.411,000] <err> eth_w5500: W5500 receive state inconsistent (header 65535, 65535 buffered): socket reopened
[+ 1552.91] uart:~$ [8D[Juart:~$ [8D[J[00:27:03.612,000] <err> eth_w5500: W5500 receive state inconsistent (header 65535, 65535 buffered): socket reopened
[+ 1552.91] uart:~$ [8D[Juart:~$ [8D[J[00:27:03.813,000] <err> eth_w5500: W5500 receive state inconsistent (header 65535, 65535 buffered): socket reopened
[+ 1552.91] uart:~$ [8D[Juart:~$ [8D[J[00:27:04.014,000] <err> eth_w5500: W5500 receive state inconsistent (header 65535, 65535 buffered): socket reopened
[+ 1554.05] ==== host: coprocessor/status
[+ 1555.43] ==== host: w5500 receive-state events
[+ 1561.05] ==== host: coprocessor/status
[+ 1566.57] uart:~$ [8D[Juart:~$ [8D[J[00:27:14.716,000] <err> fs: failed to unlink path (-2)
[+ 1568.11] ==== host: coprocessor/status
[+ 1573.70] uart:~$ [8D[Juart:~$ [8D[J[00:27:21.322,000] <err> eth_w5500: W5500 receive state inconsistent (header 65535, 65535 buffered): socket reopened
[+ 1574.00] uart:~$ [8D[Juart:~$ [8D[J[00:27:24.204,000] <err> eth_w5500: W5500 receive state inconsistent (header 65535, 65535 buffered): socket reopened
[+ 1574.81] ==== host: coprocessor/status
[+ 1576.09] ==== host: w5500 receive-state events
[+ 1577.11] uart:~$ [8D[Juart:~$ [8D[J[00:27:28.826,000] <err> fs: failed to unlink path (-2)
[+ 1579.23] ==== host: coprocessor/status
[+ 1584.35] uart:~$ [8D[Juart:~$ [8D[J[00:27:32.502,000] <err> eth_w5500: W5500 receive state inconsistent (header 65535, 65535 buffered): socket reopened
[+ 1584.66] uart:~$ [8D[Juart:~$ [8D[J[00:27:32.703,000] <err> eth_w5500: W5500 receive state inconsistent (header 65535, 65535 buffered): socket reopened
[+ 1584.66] uart:~$ [8D[Juart:~$ [8D[J[00:27:32.904,000] <err> eth_w5500: W5500 receive state inconsistent (header 65535, 65535 buffered): socket reopened
[+ 1584.87] uart:~$ [8D[Juart:~$ [8D[J[00:27:33.106,000] <err> eth_w5500: W5500 receive state inconsistent (header 65535, 65535 buffered): socket reopened
[+ 1586.03] ==== host: coprocessor/status
[+ 1587.32] ==== host: w5500 receive-state events
[+ 1588.07] uart:~$ [8D[Juart:~$ [8D[J[00:27:39.551,000] <err> fs: failed to unlink path (-2)
[+ 1589.44] ==== host: coprocessor/status
[+ 1597.28] ==== host: coprocessor/status
[+ 1599.37] uart:~$ [8D[Juart:~$ [8D[J[00:27:50.270,000] <err> eth_w5500: W5500 receive state inconsistent (header 65535, 65535 buffered): socket reopened
[+ 1599.48] uart:~$ [8D[Juart:~$ [8D[J[00:27:50.563,000] <err> eth_w5500: W5500 receive state inconsistent (header 65535, 65535 buffered): socket reopened
[+ 1599.48] uart:~$ [8D[Juart:~$ [8D[J[00:27:50.653,000] <err> fs: failed to unlink path (-2)
[+ 1600.55] ==== host: coprocessor/status
[+ 1601.81] ==== host: w5500 receive-state events
[+ 1608.03] ==== host: coprocessor/status
[+ 1614.06] uart:~$ [8D[Juart:~$ [8D[J[00:28:01.343,000] <err> fs: failed to unlink path (-2)
[+ 1615.08] ==== host: coprocessor/status
[+ 1616.27] ==== host: w5500 receive-state events
[+ 1616.34] uart:~$ [8D[Juart:~$ [8D[J[00:28:01.665,000] <err> eth_w5500: W5500 receive state inconsistent (header 65535, 65535 buffered): socket reopened
[+ 1620.47] uart:~$ [8D[Juart:~$ [8D[J[00:28:01.866,000] <err> eth_w5500: W5500 receive state inconsistent (header 65535, 65535 buffered): socket reopened
[+ 1620.68] uart:~$ [8D[Juart:~$ [8D[J[00:28:02.067,000] <err> eth_w5500: W5500 receive state inconsistent (header 65535, 65535 buffered): socket reopened
[+ 1620.68] uart:~$ [8D[Juart:~$ [8D[J[00:28:04.803,000] <err> eth_w5500: W5500 receive state inconsistent (header 65535, 65535 buffered): socket reopened
[+ 1620.88] uart:~$ [8D[Juart:~$ [8D[J[00:28:05.004,000] <err> eth_w5500: W5500 receive state inconsistent (header 65535, 65535 buffered): socket reopened
[+ 1620.99] uart:~$ [8D[Juart:~$ [8D[J[00:28:07.741,000] <err> eth_w5500: W5500 receive state inconsistent (header 65535, 65535 buffered): socket reopened
[+ 1622.84] ==== host: coprocessor/status
[+ 1624.26] ==== host: w5500 receive-state events
[+ 1624.50] uart:~$ [8D[Juart:~$ [8D[J[00:28:07.943,000] <err> eth_w5500: W5500 receive state inconsistent (header 65535, 65535 buffered): socket reopened
[+ 1624.50] uart:~$ [8D[Juart:~$ [8D[J[00:28:15.611,000] <err> fs: failed to unlink path (-2)
[+ 1624.50] uart:~$ [8D[Juart:~$ [8D[J[00:28:16.136,000] <err> eth_w5500: W5500 receive state inconsistent (header 65535, 65535 buffered): socket reopened
[+ 1624.50] uart:~$ [8D[Juart:~$ [8D[J[00:28:16.337,000] <err> eth_w5500: W5500 receive state inconsistent (header 65535, 65535 buffered): socket reopened
[+ 1624.61] uart:~$ [8D[Juart:~$ [8D[J[00:28:16.538,000] <err> eth_w5500: W5500 receive state inconsistent (header 65535, 65535 buffered): socket reopened
[+ 1624.61] uart:~$ [8D[Juart:~$ [8D[J[00:28:16.739,000] <err> eth_w5500: W5500 receive state inconsistent (header 65535, 65535 buffered): socket reopened
[+ 1626.44] ==== host: coprocessor/status
[+ 1627.72] ==== host: w5500 receive-state events
[+ 1631.53] uart:~$ [8D[Juart:~$ [8D[J[00:28:19.175,000] <err> eth_w5500: W5500 receive state inconsistent (header 65535, 65535 buffered): socket reopened
[+ 1631.73] uart:~$ [8D[Juart:~$ [8D[J[00:28:19.376,000] <err> eth_w5500: W5500 receive state inconsistent (header 65535, 65535 buffered): socket reopened
[+ 1631.83] uart:~$ [8D[Juart:~$ [8D[J[00:28:19.577,000] <err> eth_w5500: W5500 receive state inconsistent (header 65535, 65535 buffered): socket reopened
[+ 1633.42] ==== host: coprocessor/status
[+ 1634.73] ==== host: w5500 receive-state events
## watch2.json (restarted watcher)
{
 "steps": [
  {
   "t": 0.44,
   "step": "http up",
   "seconds": 0.1
  },
  {
   "t": 2.58,
   "step": "login",
   "ms": 2146
  },
  {
   "t": 2.72,
   "step": "coprocessor/status",
   "ms": 134,
   "state": "failed",
   "uart_mode": "console",
   "transport_ready": false,
   "firmware_version": null,
   "generation": 1394,
   "last_update": null
  },
  {
   "t": 3.68,
   "step": "w5500 receive-state events",
   "new": 55,
   "total": 55,
   "last_uptime_ms": "1783885"
  },
  {
   "t": 5.77,
   "step": "coprocessor/status",
   "ms": 88,
   "state": "failed",
   "uart_mode": "console",
   "transport_ready": false,
   "firmware_version": null,
   "generation": 1398,
   "last_update": null
  },
  {
   "t": 6.72,
   "step": "w5500 receive-state events",
   "new": 3,
   "total": 58,
   "last_uptime_ms": "1795544"
  },
  {
   "t": 8.81,
   "step": "coprocessor/status",
   "ms": 88,
   "state": "failed",
   "uart_mode": "console",
   "transport_ready": false,
   "firmware_version": null,
   "generation": 1403,
   "last_update": null
  },
  {
   "t": 9.75,
   "step": "w5500 receive-state events",
   "new": 3,
   "total": 61,
   "last_uptime_ms": "1801303"
  },
  {
   "t": 11.84,
   "step": "coprocessor/status",
   "ms": 89,
   "state": "failed",
   "uart_mode": "console",
   "transport_ready": false,
   "firmware_version": null,
   "generation": 1408,
   "last_update": null
  },
  {
   "t": 16.41,
   "step": "w5500 receive-state events",
   "new": 3,
   "total": 64,
   "last_uptime_ms": "1818807"
  },
  {
   "t": 18.6,
   "step": "coprocessor/status",
   "ms": 181,
   "state": "updating",
   "uart_mode": "console",
   "transport_ready": false,
   "firmware_version": null,
   "generation": 1408,
   "last_update": null
  },
  {
   "t": 18.92,
   "step": "install job",
   "ms": 123,
   "id": "job_0000005c",
   "state": "running",
   "phase": "entering_bootloader",
   "progress": null,
   "cancellable": true,
   "error": null
  },
  {
   "t": 21.91,
   "step": "coprocessor/status",
   "ms": 70,
   "state": "updating",
   "uart_mode": "flashing",
   "transport_ready": false,
   "firmware_version": null,
   "generation": 1409,
   "last_update": null
  },
  {
   "t": 127.73,
   "step": "request failed",
   "path": "/logs/records?source=stm32&limit=100&contains=receive%20state%20inconsistent",
   "error": "TimeoutError('timed out')"
  },
  {
   "t": 139.74,
   "step": "request failed",
   "path": "/coprocessor/status",
   "error": "TimeoutError('timed out')"
  },
  {
   "t": 149.74,
   "step": "request failed",
   "path": "/system/status",
   "error": "TimeoutError('timed out')"
  },
  {
   "t": 159.74,
   "step": "request failed",
   "path": "/logs/records?source=stm32&limit=100&contains=receive%20state%20inconsistent",
   "error": "TimeoutError('timed out')"
  },
  {
   "t": 167.39,
   "step": "stopped by Ctrl-C"
  }
 ],
 "image_sha256": "307671438124ad29f4500fe2680a35dc192b86e42bc53bf9eb4cff82b53201f6"
}
## watch2.console.log
[+    0.44] ==== host: http up
[+    2.58] ==== host: login
[+    2.72] ==== host: coprocessor/status
[+    3.68] ==== host: w5500 receive-state events
[+    5.64] [8D[J[00:32:15.068,000] <err> eth_w5500: W5500 receive state inconsistent (header 65535, 65535 buffered): socket reopened
[+    5.74] uart:~$ [8D[Juart:~$ [8D[J[00:32:15.269,000] <err> eth_w5500: W5500 receive state inconsistent (header 65535, 65535 buffered): socket reopened
[+    5.74] uart:~$ [8D[Juart:~$ [8D[J[00:32:15.470,000] <err> eth_w5500: W5500 receive state inconsistent (header 65535, 65535 buffered): socket reopened
[+    5.77] ==== host: coprocessor/status
[+    6.72] ==== host: w5500 receive-state events
[+    8.63] uart:~$ [8D[Juart:~$ [8D[J[00:32:18.022,000] <err> eth_w5500: W5500 receive state inconsistent (header 65535, 65535 buffered): socket reopened
[+    8.63] uart:~$ [8D[Juart:~$ [8D[J[00:32:18.223,000] <err> eth_w5500: W5500 receive state inconsistent (header 65535, 65535 buffered): socket reopened
[+    8.73] uart:~$ [8D[Juart:~$ [8D[J[00:32:18.424,000] <err> eth_w5500: W5500 receive state inconsistent (header 65535, 65535 buffered): socket reopened
[+    8.81] ==== host: coprocessor/status
[+    9.75] ==== host: w5500 receive-state events
[+   11.32] uart:~$ [8D[Juart:~$ [8D[J[00:32:20.755,000] <err> eth_w5500: W5500 receive state inconsistent (header 65535, 65535 buffered): socket reopened
[+   11.43] uart:~$ [8D[Juart:~$ [8D[J[00:32:20.956,000] <err> eth_w5500: W5500 receive state inconsistent (header 65535, 65535 buffered): socket reopened
[+   11.43] uart:~$ [8D[Juart:~$ [8D[J[00:32:21.157,000] <err> eth_w5500: W5500 receive state inconsistent (header 65535, 65535 buffered): socket reopened
[+   11.84] ==== host: coprocessor/status
[+   16.41] ==== host: w5500 receive-state events
[+   18.60] ==== host: coprocessor/status
[+   18.92] ==== host: install job
[+   21.13] uart:~$ [8D[Juart:~$ [8D[J[00:32:28.233,000] <inf> coprocessor_updater: install job_0000005c: preflight
[+   21.24] uart:~$ [8D[Juart:~$ [8D[J[00:32:31.537,000] <inf> coprocessor_updater: install job_0000005c: entering_bootloader
[+   21.91] ==== host: coprocessor/status
[+  127.73] ==== host: request failed
[+  139.74] ==== host: request failed
[+  149.74] ==== host: request failed
[+  159.74] ==== host: request failed
[+  167.39] ==== host: stopped by Ctrl-C
